submission_id,set_id,rater,preference,preference_reason
SUB-OY8Biuxj01,inst-0376,P01,2,"Given the nature of an audiobook, adding subtitles by topic makes it easy to grasp the main content at a glance, and the vertical arrangement layout following the timeline is appropriate."
SUB-zZkKcB8npK,inst-0185,P01,6,"It reduces unnecessary vertical scrolling, and the key information is both detailed and intuitive, so the overall level of polish is higher."
SUB-gIiMwP-1EM,inst-0751,P01,5,The key information is easier to take in at a glance.
SUB-XFNZqc-v6t,inst-0811,P01,2,"It was nicely changed to a two-column structure suited to a PC layout, and the weight of the decision is effectively emphasized."
SUB-dcvD8eBalo,inst-0674,P01,6,"Time stamps and divider lines were added, improving visibility, and moving the person's name outside the speech bubble created more whitespace, raising the design polish as well."
SUB-hHejmp6BAX,inst-0748,P01,6,"The top area became more polished, like a single thumbnail, and readability improved a lot."
SUB-qPRi1XsJK3,inst-0766,P01,2,"What needs emphasis is clearly emphasized, and it's more aesthetically pleasing in design terms."
SUB-G0f0rwnLCP,inst-0262,P01,6,"It's intuitive what task the page is for, and enough information is provided down to the details a user might be curious about."
SUB-K08jUDkwWI,inst-0168,P01,6,The button area should be separated from the input field.
SUB-d6v0WR_yIo,inst-0274,P01,6,"Overall the text was reduced, improving readability, and the component arrangement is well organized, raising aesthetics and polish."
SUB-YIivig_F_D,inst-0137,P01,6,"A background color was added to the header area, key colors were used more variedly overall, and separating the title area from the sub-cards improved readability and polish."
SUB-oCf8a2B5oN,inst-0236,P01,6,"Minimized text and appropriate use of color emphasis make for an intuitive, clean screen."
SUB-NA1otdL4uA,inst-0251,P01,6,"Readability is higher with no information getting buried, and the screen composition is optimized for a PC environment with no wasted space."
SUB-TPmBqB0D-r,inst-0726,P01,6,"Not only does the current stage stand out immediately, you can also grasp the specific progress status in detail."
SUB-_b2yI2L0oS,inst-0127,P01,6,"Changing the header to a dark background gives the design an overall sense of stability, and the currently selected position moves to the very top where it's emphasized, so the information hierarchy is effectively organized."
SUB-EnXil0dYqy,inst-0637,P01,2,"The total carbohydrate amount is exposed intuitively at the very top, and the carb content of each ingredient is shown intuitively as a separate label, making it a more effective page for diabetes management."
SUB-dZS9FCv4zm,inst-0218,P01,5,"Along with the instruction, it nicely added features useful from the user's standpoint without going overboard."
SUB-T_vSliph3z,inst-0516,P01,2,"Without arbitrary modifications or deletions, it applied the instruction well with a mainstream UI."
SUB-OebKiNPhd-,inst-0744,P01,6,The top area is much cleaner and more intuitive.
SUB-grHtmlAeUz,inst-0026,P01,3,Design-wise the readability is higher.
SUB-PMxRC0fbFX,inst-0029,P01,2,"It faithfully reflected the instruction, and the flow is intuitive."
SUB-6ICPEwVLW8,inst-0596,P01,5,"Personal taste may differ, but in terms of aesthetics, and because by general design hierarchy the title's font size should be the largest, I rate B as slightly better."
SUB-Gecpgym2hX,inst-0653,P01,2,"Clean, highly readable screen composition with no superfluous information."
SUB-hAgcevlNPn,inst-0700,P01,6,"It nicely restructured into a two-column layout suited to the PC environment, and properly separated the most crucial information—price and membership-related content—into its own area on the right."
SUB-fcNihRh6Ov,inst-0557,P01,3,"B simply expanded horizontally without considering component proportions, so I judged A to be better."
SUB-HxILWVSuei,inst-0966,P01,1,A composition optimized for PC screens.
SUB-6MREN-MYEH,inst-0200,P01,2,Well adapted into a stable layout suited to a PC screen.
SUB-_aPSswgDlF,inst-0314,P01,2,"A layout well optimized for the PC screen, high level of polish, and the actions and user flow are intuitive too."
SUB-ppLkVpmTgU,inst-0371,P01,5,"The layout was changed nicely to suit the PC environment, and the information provided in the folder row became more varied."
SUB-AJcbEmyFpB,inst-0201,P01,6,A UI that sufficiently considers the user's flow and usability.
SUB-u9zxQT7VLU,inst-0187,P01,2,A clean UI that accurately reflects the request.
SUB-wzmEz6vrll,inst-0101,P01,2,"Higher aesthetics, and the button placement is intuitive."
SUB-_pblZBDgqN,inst-0937,P01,5,It faithfully reflects the request while also improving information priority and visual polish.
SUB-AktbdThB79,inst-0989,P01,3,A UI that suits the caregiving concept and has higher visual polish.
SUB-c2lRWjBqF3,inst-0176,P01,6,"The key date information and the checklist are clearly separated, so readability/visibility is higher."
SUB-xypcqu33cP,inst-0246,P01,2,"In terms of aesthetics and overall usability, it's more intuitive."
SUB-KzAiVDKbOS,inst-0143,P01,2,"Cleaner, with better visibility/readability."
SUB-V3xTJizuDf,inst-0203,P01,6,"It clearly reflects the request, and is a more intuitive UI overall."
SUB-f3VDwVXkXs,inst-0627,P01,2,"Both options faithfully reflect the request, but A applies the necessary improvements naturally while maintaining balance with the existing UI."
SUB-KK0DM_E1oz,inst-0776,P01,3,It reflects usability and flow better.
SUB-HGMHRFd95u,inst-0224,P01,2,"Converted to PC well without overdoing it, keeping the core experience of the existing mobile version."
SUB-iZKstMX1vt,inst-0492,P01,5,"The overall usage flow, and the reason for reviewing open tasks after grouping by account, are implemented more clearly."
SUB-yM86G34X0I,inst-0173,P01,5,A UI that reflects the request more faithfully and directly.
SUB-r39YEqCBeO,inst-0861,P01,4,"Not a big difference, but 'edit' is more natural than 'edit stay'."
SUB-Of-Ud-O2Ax,inst-0579,P01,5,"Not a big difference, but B's button style has better visibility."
SUB-sH7REFZytR,inst-0407,P01,2,"Information hierarchy, readability, and visibility are much higher."
SUB-V0PmrA2U3o,inst-0547,P01,5,"It shows recommended content first and places the filters afterward, giving higher visual attention and reflecting the request more directly."
SUB-QqFInHlnf7,inst-0891,P01,2,"It minimizes text on the screen and applies color inversion, optimizing it for the watch environment in terms of readability and visibility."
SUB-H-VXcaaUhB,inst-0422,P01,6,"It feels much more like a dashboard, so it's easier to grasp the financial status at a glance."
SUB-oblw40OvRi,inst-0435,P01,5,More natural and harmonious design-wise.
SUB-OqL4x0Zo4m,inst-0241,P01,5,It carried out the request more faithfully.
SUB-Q1uaLoJr4x,inst-0948,P01,5,It gives a stronger feel of a learning-focused editorial piece.
SUB-i-OnA0xNBG,inst-0685,P01,6,The button placement is more appropriate.
SUB-JSsZz_De1J,inst-0969,P01,3,It reflected the request appropriately without overdoing it.
SUB-wZ4LEr6PX7,inst-0737,P01,5,"You can see at a glance which folder should be selected first, so it's a more intuitive UI with higher usability."
SUB-grUtIsQ0tD,inst-0529,P01,5,"Through a more aggressive redesign, the fact that it's a team-level product comes across effectively."
SUB-zwabBvmauw,inst-0198,P01,3,"Reflects the request well and without issues, no downsides."
SUB-hPxidd_x8m,inst-0807,P01,5,It fits the work purpose well and usability looks better.
SUB-IW9Sfv3-Il,inst-0210,P01,5,"It's easy to grasp the information needed for departure at a glance, and it's more faithful to the purpose of being a work briefing screen."
SUB-3ibqW6ztur,inst-0591,P01,5,It better conveys the feel of professional workspace management.
SUB-TWCI9uxbQI,inst-0731,P01,5,The main message is emphasized more effectively.
SUB-ZWVKYu9PJK,inst-0884,P01,5,"The information provided is detailed, and the context and usage flow feel natural."
SUB-RjXE94LNoi,inst-0384,P01,6,The function of confirming and paying for the selected parking extension is implemented more clearly.
SUB-26oAE9sbFF,inst-0125,P01,5,A practical screen that intuitively shows what you need to prepare ahead of an assigned shift.
SUB-IS0noGQrOV,inst-0071,P01,5,"Title-like separators were added per date, improving readability and visibility, and overall aesthetics are better."
SUB-jtfOW1tIH6,inst-0015,P01,5,Placing the Stop list on the left and the current Stop content on the right looks good for usability.
SUB-8O9A7d46WW,inst-0828,P01,5,It improved the loading bar part more effectively.
SUB-zavnzCqQSB,inst-0860,P01,4,"In B it's good that the top-ranked item is emphasized, but it's a shame the number label sits inside the image area."
SUB-AlS0Tli75E,inst-0061,P01,5,Visibility and aesthetics are better.
SUB-raReh0s1ye,inst-0421,P01,3,"The overall screen composition, including the left menu, is more stable."
SUB-9XDvx2MMPH,inst-0900,P01,2,"Better in terms of information readability, overall layout, and aesthetics."
SUB-Hq0xLYY3Ae,inst-0257,P01,2,The emphasis is clear and it reflects the request effectively.
SUB-795VZJyZKr,inst-0995,P01,5,"It implemented the request more directly, and the total payment amount at the bottom is especially intuitive."
SUB-2CEAntvS8e,inst-0659,P01,3,It reflects the request accurately without unnecessary additions.
SUB-wpWFHT2n84,inst-0711,P01,5,It's better suited to the purpose of judging whether a place is visitable with a mobility aid.
SUB-pPOZ63Wgvb,inst-0022,P01,6,Aesthetics and visibility are better.
SUB-TlUnyJRtiO,inst-0833,P01,2,B over-applied the request and was modified inappropriately.
SUB-J9Yd-TKbQ6,inst-0007,P01,5,"It's now much easier to predict what the next step is, and overall aesthetics improved too."
SUB-uHAf8Ke8oc,inst-0980,P01,3,"It applied the request well without overdoing it, and is visually more aesthetic."
SUB--g8DysnSv6,inst-0984,P01,3,More aesthetic and the information is conveyed accurately.
SUB-cEExHmNFSC,inst-0548,P01,5,"The comparison between last week and this week is more intuitive, and the layout was better adapted to the horizontal orientation"
SUB-q0N-VrY1Vz,inst-0396,P01,3,B arbitrarily deleted key information.
SUB-nA3CXEU8k3,inst-0973,P01,3,"B has too much text for an intro screen, so readability suffers and the logo gets buried."
SUB-wUnwz6NUZt,inst-0672,P01,5,"Content about all the steps was added, making it easier to grasp progress and raising the level of polish."
SUB-DJCUJVHZ1L,inst-0457,P01,5,It reflects the request more clearly.
SUB-7BFlXcbtBk,inst-0149,P01,6,Higher aesthetics and intuitiveness.
SUB-FZMItg9dyI,inst-0522,P01,3,"The arrangement of the components is more stable, and the emphasis is applied appropriately so readability is higher."
SUB-IWAI7Zamt_,inst-0812,P01,2,"It improved the structure well to suit PC, and has higher readability and aesthetics."
SUB-kXhW7FFMrp,inst-0296,P01,3,Higher readability and aesthetics without risk of confusion.
SUB-Ft4C4lm5PA,inst-0873,P01,5,Higher readability.
SUB-OcNoQwBukh,inst-0428,P01,2,Visibility and aesthetics are better.
SUB-mXkB-ZvMHM,inst-0064,P01,3,A more intuitive screen with no downsides.
SUB-6Gss2LM08g,inst-0713,P01,2,"It reflected the request well without unnecessary changes, and the overall balance and aesthetics are better."
SUB-0otjV_DQDK,inst-0588,P01,2,It shows mutual followers more intuitively and effectively.
SUB-E3XP7EFQZG,inst-0391,P01,2,Much higher readability and aesthetics.
SUB-zvNPlAc8Vu,inst-0821,P01,5,It reflects the request more proactively and is more task-focused.
SUB-ghdib8d688,inst-0949,P01,2,"It reflected the request appropriately, and overall visibility and aesthetics are higher."
SUB-bMtcAIUvXB,inst-0129,P01,5,Higher readability and predictability.
SUB-yOV20Vlok1,inst-0883,P01,3,It reflects the request appropriately without excessive changes.
SUB-IdhY9TCGAZ,inst-0291,P01,5,It reflects the request more proactively and redesigns effectively.
SUB-Al11tx3fiQ,inst-0727,P01,5,Higher aesthetics and polish.
SUB-X5BNolm7k2,inst-0617,P01,5,"Both reflected all the requests well without omission, and there's no big difference."
SUB-IxtJzFtOJE,inst-0368,P01,5,Higher aesthetic quality.
SUB-egs3eJaH15,inst-0795,P01,3,Accurately reflected the request without unnecessary modifications.
SUB-Aw1SfHIz12,inst-0292,P01,3,"Better readability and visibility, and cleaner."
SUB-xJG5tQoIJU,inst-0642,P01,5,"Important information is emphasized at the top, and the overall flow is more appropriate."
SUB-_8ulfGn5_O,inst-0718,P01,3,"Both reflected the request well, but A is cleaner in terms of aesthetics."
SUB-uzEIcPqfdd,inst-0514,P01,3,"Higher aesthetic quality, and the components and information on the screen are efficiently and well organized."
SUB-xGJQn7H0vK,inst-0087,P01,4,Both applied the instruction well and there are no major drawbacks.
SUB-d4qYpmZLiY,inst-0643,P01,5,"Aesthetics are worse, but usability is better."
SUB-wOezb1klwr,inst-0892,P01,4,Both applied the instruction well; it's a matter of design taste.
SUB-zTiSfty73G,inst-0153,P01,5,"Applied the instruction more faithfully, and the screen has good overall visibility."
SUB-N9HrrUg5on,inst-0284,P01,5,"Visually the tone is more balanced, and information readability is higher."
SUB-EWLi2JTis1,inst-0331,P01,5,Optimized for the purpose and usability of a screen where sellers manage their listings
SUB-ulFc9PCAYX,inst-0480,P01,4,"B has advantages but equally has drawbacks, so the difference is negligible"
SUB-ZIqsxzKia8,inst-0556,P01,5,Usability is clearer
SUB-jds2fnJrPI,inst-0628,P01,3,More convenient usability
SUB-lfFxI-gn3O,inst-0572,P01,3,Better visibility and aesthetics
SUB-l5UF9DedeC,inst-0888,P01,5,Higher readability and aesthetics
SUB-GCeuHah3Vo,inst-0390,P01,2,"Color emphasis is used appropriately, so readability and aesthetics are higher"
SUB-wrK4mm2UFH,inst-0279,P01,4,"The difference is negligible, probably just a matter of taste"
SUB-rMlHuWHOJH,inst-0670,P01,3,B arbitrarily removed a key function
SUB-dBw4_DOSpL,inst-0784,P01,5,"It's more intuitively clear that it's an answer card, and the button placement is more natural"
SUB-76fWUITvXV,inst-0770,P01,5,A's placement of the detailed components is disappointing
SUB-UOaNWhbrcO,inst-0894,P01,3,"Not a big difference, but B has an issue with broken spacing"
SUB-YDL9vYJuw9,inst-0876,P01,5,The step-by-step guidance from planning to preparation is more intuitive
SUB-Zt5H35_eaG,inst-0762,P01,5,The affordance cues are stronger and readability and aesthetics are better
SUB-HsWWN4uUYV,inst-0434,P01,3,"The left menu + two-column content structure is stable and well-executed, with no major drawbacks overall"
SUB-Hz05tq-Hk8,inst-0351,P01,5,"The logo area is emphasized so the branding is more intuitive, and overall aesthetics and readability are higher"
SUB-mhR-Pr-xpu,inst-0290,P01,5,"In A the visibility of the change button is disappointing, and B's switch to a vertical timeline list UI is appropriate"
SUB-bCEFUSmTOS,inst-0350,P01,3,The screen layout was changed well to suit the landscape orientation
SUB-gk0rwjXZhA,inst-0495,P01,3,"Almost the same, but A is better in terms of aesthetics"
SUB-2tm1mF70d0,inst-0705,P01,5,"Designed as a screen optimized for the seller's on-site work, with higher aesthetics and readability"
SUB-nNXNqp4V7J,inst-0551,P01,4,"For 'very light,' A's background color is somewhat lighter, but the difference is negligible"
SUB-BSCCRTzKZv,inst-0304,P01,5,"In terms of aesthetics, the overall tone is cleaner and it captures the feel of a financial service well"
SUB-Txlf-CQPqc,inst-0121,P01,3,"Reflected the request without omissions, clean with no superfluous information, and highly readable"
SUB-3Z-cu4GhVI,inst-0508,P01,5,"It visually reinforces the requested item more clearly, giving higher visibility and readability."
SUB-znu_aXTBKr,inst-0837,P01,5,"Visibility is higher, and separately emphasizing the payment amount and exchange rate information better fits the purpose of use."
SUB-a-07bT18aC,inst-0802,P01,5,It looks slightly higher in visual aesthetics and completeness.
SUB-J8hzKy26Yw,inst-0006,P01,4,"Both are clean, high-quality screens and are similar."
SUB-2q8946Pvr4,inst-0437,P02,2,It reflected the request cleanly and appropriately.
SUB-aaDRmGWwuP,inst-0588,P02,1,"A is much cleaner and easier to take in, and the UX writing isn't confusing either."
SUB-HErMU7cBMw,inst-0299,P02,7,"Rather than merely substituting the existing screen, it precisely restructured things according to context, and it's cleanly organized in terms of overall readability, polish, and layout."
SUB-EnK-ld6q1l,inst-0647,P02,1,It reflected the request clearly and didn't add unnecessary elements.
SUB-3i9h2J7b6j,inst-0496,P02,2,"A shows the card number actually needed to confirm the payment card (4242) right inside the existing order info, making it easy to find the information. B duplicates the VISA graphic and text to emphasize the card info, and by also emphasizing the payment amount, owner, and date, the information hierarchy and screen structure look somewhat complicated."
SUB-tBxNRuALF1,inst-0176,P02,5,"A is cleaner and tidier in terms of layout and polish, but on a hospital appointment screen it's more important to show the date, time, and preparation instructions so they aren't missed, so I think B, with its better information hierarchy and readability, is slightly more suitable."
SUB-HKN7SyWGx5,inst-0899,P02,3,"Neither is outstanding. However, A groups the completion info, results, and next actions clearly by section, so you can quickly grasp the information structure, and the clickable elements are better distinguished. B is cleaner in alignment and fine details, but A looks a bit more intuitive in terms of overall information grouping and interaction cues."
SUB-l1noA9RUMM,inst-0483,P03,2,It reflects the changes more naturally while keeping the existing information and interaction method.
SUB-bfCKHZGjFm,inst-0244,P03,4,"B has a clearer information structure and better conveys the context of the store ordering screen; that said, A is visually more concise in some parts, so the difference isn't big."
SUB-OQSivLdtor,inst-0261,P03,6,The information hierarchy and visual polish are also higher. The flow of checking the request items and proceeding with verification is also more intuitive in B.
SUB-_e76BaAe1R,inst-0632,P03,6,"B structured the relationship between the email info and the change action more clearly, and the way the bottom tab is emphasized shows the requested shift in attention better, so overall polish is higher."
SUB-E1VaeblbwQ,inst-0338,P03,5,"Both carried out the request well, but B's preview area is better."
SUB-qaO2NEtoxx,inst-0223,P03,3,"It clearly shows the recommended items without excessively increasing the number of options, so in the empty state you can decide on the next action faster."
SUB-AASmw51V7F,inst-0052,P03,6,B separates selection and settings perfectly and suits a desktop environment; overall the information structure is more complete.
SUB-Irj5pC9bPm,inst-0427,P03,2,A keeps the context that email verification is needed before creating an account; B changes the meaning and deviates from the intent of the instruction.
SUB-uWKIJITI9L,inst-0508,P03,6,"Both applied the instruction well, but B is stronger in terms of driving action."
SUB-2vn3PVSWVu,inst-0429,P03,2,"Both applied the instruction, but A keeps the button as the top priority in the hierarchy."
SUB-U9RqpNxkU9,inst-0876,P03,6,"With B, especially U2's 'ordered flow' reads more immediately as a timeline, and the recommendation cards also look more clearly different from the original, so it's more accurate to the intent of the instruction."
SUB-1b_yGisQ7O,inst-0411,P03,5,"A feels more like it just swapped the order, whereas in B the rearranged order itself leads to functional separation and improved usability."
SUB-wvN2XQ5tHZ,inst-0584,P03,6,"A is fine too, but it changed even the top hero section significantly, whereas B maintains the original structure better while clearly improving only the two requested parts."
SUB-fJWVEoOXh-,inst-0946,P03,5,"Both are good, but B has better information hierarchy and readability."
SUB-ZRZpJ7dDwD,inst-0098,P03,3,The balance and whitespace centered on the main content feel more natural.
SUB-Wcn8n4s4cl,inst-0642,P03,3,Better in terms of information density and readability.
SUB-U3heQd_EhD,inst-0609,P03,5,It's better suited to the goal of deciding 'which location to go to today.'
SUB-sph7ZidSu-,inst-0874,P03,5,"The manual entry path and the scanner status guidance are clearer, so it's easier for the user to decide what to do next."
SUB-AIGPc85EFc,inst-0254,P03,5,It better satisfies the clarity of the payment terms and the ease of comparing plans.
SUB-O5YKhLfoeW,inst-0457,P03,6,It reduces the image area more efficiently than A and the information hierarchy is cleaner.
SUB-OCsaSuGfcZ,inst-0954,P03,2,"A shows the three steps in an identical structure, so the order and relationships feel more natural and stable."
SUB-WwvsCjRUb_,inst-0149,P03,2,"A reflects the request in a more restrained and consistent way, giving better information hierarchy and screen completeness, while B has a lot of supplementary information and emphasis elements, making it somewhat cluttered."
SUB-M0yyGdaTiN,inst-0433,P03,3,"B's screen is more concise, but the notice is pushed to the bottom, so it's weaker in terms of reflecting the request."
SUB-Kw0JSzLAev,inst-0775,P03,3,"B reflected the request, but the high density of the card layout is disappointing, and the colors are heavy too."
SUB-gThZVv9Cfz,inst-0471,P03,4,Neither managed to group by time; A's overall density is a bit more stable.
SUB-DT2a3cJwpt,inst-0699,P03,3,"B bundles download and notifications at the same hierarchy level, unnecessarily changing the existing core action structure."
SUB-aP14zQ6DDN,inst-0097,P03,3,A solved it a bit more cleanly.
SUB-FlpxR43MIK,inst-0958,P03,3,"A handled the desktop conversion and the three requests relatively concisely, whereas B expresses the features more clearly but the two-column structure and extra information are excessive, making the screen feel heavy."
SUB-33L-7CzWkC,inst-0321,P03,5,"A is tidier, but B even shows priority by deadline, so it's actually more efficient for handling inquiries."
SUB-FM3kH_Ey8i,inst-0044,P03,6,B separates rating and experience more clearly and also structures the information hierarchy and readability in a stable way.
SUB-2_8oHorpIr,inst-0922,P03,2,"A solved the request precisely with minimal changes, while B has good visibility but goes too far with unnecessary restructuring and heavy card treatments."
SUB-6LKRgCa6mq,inst-0339,P03,2,"A sticks more precisely to the scope of the request while stably maintaining the information hierarchy and feed density, so it's more polished."
SUB-mu16yHHyBt,inst-0640,P03,6,"B goes beyond simply changing the visual grouping and reorganizes the groups according to the nature of the information, giving it higher readability and structural completeness."
SUB-ChoZsroiuo,inst-0465,P03,2,"A keeps to the scope of the request more appropriately while stably maintaining the existing colors and information density, so the overall completeness is high."
SUB-vYxYQU6hDz,inst-0695,P03,2,"A clearly changes the list structure with monthly grouping and the top emphasis is clean, whereas B adds rankings, percentages, and progress bars, making the information density high and somewhat complex."
SUB-n5nrYQ9A-6,inst-0888,P03,3,"A is more concise and accurate to the request, but B's design itself is done well enough too."
SUB-H_WGJ1V5qg,inst-0353,P03,6,B maintains the existing visual consistency while also conveying the family co-management context more clearly.
SUB-tsq9G7Z7dG,inst-0205,P03,5,"B's use of color is also a bit heavy, but the internal alignment and space distribution within the featured card are more stable than A's."
SUB-vmMyZ7Uwcy,inst-0234,P03,7,"B uses horizontal space and arranges content more stably, and the color tone is softer, so the overall level of polish is higher."
SUB-aD9wtKSs4t,inst-0916,P03,4,"B exposes the season options directly, so operability is better. That said, A is the one more faithful to the request of 'only differing in color tone.'"
SUB-kNOFVhCqb5,inst-0027,P03,1,Built stably as a single flow.
SUB-B-8V3oOONY,inst-0844,P03,6,"Option B secures enough whitespace between the CTA and the secondary action, so operability is good and the overall layout is stable."
SUB-Le8sXuZ56F,inst-0195,P03,6,"B combines activity type and date, so you can find the record you want much more specifically."
SUB-faS0xM4ECF,inst-0759,P03,3,A is more stable relative to the request.
SUB-M5KkUs0-Im,inst-0867,P03,6,"It's organized into a top navigation and content-centered structure, so space usage, information hierarchy, and visual stability are all better."
SUB-37PCJL6Qdb,inst-0781,P03,5,B uses the horizontal space better.
SUB-_9iJ8uUx89,inst-0812,P03,5,"In B the course summary > full curriculum structure is a bit clearer, so it reads a little better on desktop."
SUB-CzIzmBzB0o,inst-0467,P03,5,"If not for the bottom whitespace, it's stable."
SUB-IDhISAnZdN,inst-0267,P03,5,"Option B uses the horizontal space more widely centered on the search results, so it's focused on the purpose of the request."
SUB-xOYxeMrQD3,inst-0918,P03,2,Clearer and more natural.
SUB-_JgqiXSHJy,inst-0714,P03,6,"Option B shows the list and the map both wide at the same time, so it's more efficient for browsing and comparing listings."
SUB-RxyKcrlO5a,inst-0535,P03,3,"Option A is concise, expressing the relationships with just indentation and connecting lines."
SUB-hAEoXAlhYX,inst-0841,P03,5,Nicely adapted to the running context.
SUB-km2JfPzHGH,inst-0447,P03,5,"Option B provides the hospital name, visit type, completion deadline, and even a CTA linked to the selected number of people, making the context of sending the questionnaire clearer."
SUB-NWnx_jrVkb,inst-0644,P03,4,"Different strengths, but at a similar level."
SUB-Lo-eJsL5Hz,inst-0108,P03,4,The completeness of the desktop conversion is similar.
SUB-4Rsba1PBuG,inst-0635,P03,5,"Option B shows the step order and current status more directly, satisfying the intent of the request a bit more clearly."
SUB-rOD4wptc9i,inst-0743,P03,5,"Option B separates the roles of the left and right areas more clearly and even explains the per-block reordering rules naturally, so the desktop structure is more complete."
SUB-tU-7Jxg3sR,inst-0968,P03,5,"Option B clearly separates the CTA from the result information, solving the composition problem of the row below the divider more directly and cleanly."
SUB-m0EmMv0K9R,inst-0489,P03,5,"B shows the style change of the storage panel more assertively, so it understands the intent of the request a bit better."
SUB-0i9xxLivV4,inst-0362,P03,5,It exposes the options strongly right up front while also actively using the full desktop width.
SUB-DinBuzoq3D,inst-0131,P03,3,"A adds the sort function concisely as a dropdown, satisfying the request while disrupting the existing screen's information hierarchy less."
SUB-qJUyr1wSFf,inst-0505,P03,6,"B reflects the requirements for the group title's size, color, and top/bottom spacing more clearly while also keeping the single centered list structure clean."
SUB-canjv81JZv,inst-0839,P03,6,"B clearly shows the per-group counts, the overall filter scope fixed, and the content area."
SUB-g2vRb4RVHg,inst-0914,P03,5,"A handles the request appropriately, but B is better in terms of purpose and context."
SUB-FaOV_K0Gfw,inst-0506,P03,6,Option B is more effective in space utilization and emphasis of key points.
SUB-m_-ZzxywIw,inst-0358,P03,7,Option B makes good use of the wide screen.
SUB-xhQz7XL3lb,inst-0721,P03,6,"Both satisfy the request, but option B's structure of entering the detailed reasons immediately upon selecting a category makes the step separation and interaction flow clearer."
SUB-iIGIPRxYeD,inst-0107,P03,6,"Both reflected the request well, but with B you can understand faster what gets restricted and what stays after blocking."
SUB-FeV701xAh6,inst-0639,P03,3,A has a more stable layout.
SUB-tanAiNWioZ,inst-0837,P03,6,"Supplier, invoice, and foreign currency payment info are structured more clearly."
SUB-KoyqbgTGKJ,inst-0634,P03,2,It makes what was requested clearer.
SUB-UNhJcyQ8mQ,inst-0430,P03,3,It uses the wide width while also naturally maintaining the original information flow.
SUB-pSgZyMAwyz,inst-0328,P03,3,B expands the wording unnecessarily.
SUB-cPTzhp2jya,inst-0288,P03,3,"It handles the delete function with an X inside the input field, keeping the Send button's position."
SUB-Fx21D8PEB1,inst-0117,P03,6,"In terms of how usable the report is, B is better."
SUB-4z99GdjQC4,inst-0469,P03,6,"Rather than a simple enlargement, it uses a two-column structure that takes advantage of the tablet's horizontal width, connecting selection and the next action more effectively."
SUB-m2hrrcovAa,inst-0610,P03,3,A stays faithful to the scope of the instruction while showing progress and amount information more concisely and intuitively.
SUB-4nGsrSP-us,inst-0361,P03,3,"A strikes a better balance between desktop expansion and added information, and the notification list is also easy to grasp quickly."
SUB-bjTjEk3Hty,inst-0230,P03,5,"B makes the sorting function's interactivity more apparent, but A maintains the existing course structure more faithfully."
SUB-afxX49LgX9,inst-0219,P03,6,"B shows the removal results step by step, making the purpose and safety of the confirmation screen clearer."
SUB-1gPPaoq_ES,inst-0078,P03,6,"B secures a larger calendar, making it easy to compare the number of events per day at a glance."
SUB-HNIjYRm8Ps,inst-0752,P03,6,"B shows the customer status and whether it's selected more clearly, and the hierarchy of the listing information is intuitive too."
SUB-g6VRC-a-Ok,inst-0182,P03,6,B is a bit clearer in its desktop structure and episode browsing approach.
SUB-7SGnslhiqo,inst-0302,P03,6,"B separates the end time out as its own piece of information, making it more accurate to the instruction."
SUB-v6qNYnK3C3,inst-0284,P03,3,Option A has a simpler structure and a more stable overall balance.
SUB-fZkFqPSq82,inst-0598,P03,5,"Option B explains the saving process and its meaning more concretely, applying the U2 instruction more faithfully."
SUB--X4UUX0Nan,inst-0218,P03,3,A is a bit simpler.
SUB-aDWtcBxjN1,inst-0795,P03,4,Both are similar.
SUB-Cuiw-3eACO,inst-0246,P03,3,"Variant A reflects the visual change to the reservation button more clearly, so overall it satisfies the request better."
SUB-cSVbLDdxVg,inst-0653,P03,5,B clearly changes what is seen first.
SUB-Gx3tXEzWqm,inst-0102,P03,6,B implements the request to show the content and the next step at the same time more directly than A.
SUB-q_Jl4XBDFX,inst-0163,P03,6,"Variant B lets you recognize the payment items and selection state faster, but variant A's scope of change is more appropriate."
SUB-WQSWQ-txJB,inst-0576,P03,3,Variant A is more faithful to the scope of the request and the overall deletion flow is simpler.
SUB-FmIkDMUZzs,inst-0815,P03,6,"In variant A only the color differs, whereas in variant B even the figure shapes differ, so each user's individuality is clearer."
SUB-o3mdddQfxo,inst-0296,P03,5,"Variant B shows the overall tour progress and the current step more clearly, making the flow easier to understand."
SUB-QijzvJmYGC,inst-0756,P03,5,"Both reflect the request well, but B highlights the 15% more intuitively and also shows the remaining calories, so it conveys information better."
SUB-gPyyqle3-5,inst-0993,P03,6,"A also reflects the request well, but B separates the numbers and labels more clearly, making information easier to scan."
SUB-xGXLkZiWA9,inst-0757,P03,3,A is more faithful to the scope of the request and is also visually organized more concisely.
SUB-WGOs8OuQRT,inst-0552,P03,3,A keeps the information size and readability more stable on a tablet screen while also staying faithful to the request.
SUB-nkMmfn19uV,inst-0479,P03,6,Variant B is clearer in how it expresses the order and in the color changes.
SUB-vPZmeBVak9,inst-0114,P03,5,Variant B shows the sequencing of steps and their descriptions more clearly.
SUB-KBY3GqoyLP,inst-0832,P03,6,"B structures the information hierarchy of refund eligibility and the cancellation deadline more clearly, so it better fits the purpose of the request."
SUB-hAaPVacrbE,inst-0596,P03,5,"B doesn't add a background area and only emphasizes the title, so it's more concise and the list-browsing flow is natural."
SUB-nyqNxwGlU2,inst-0978,P03,5,"A emphasizes the total amount more strongly, while B has a more natural flow that leads to the CTA after confirming the selection result."
SUB-QIdcV7djjv,inst-0809,P03,7,"B is better suited to an actual smartwatch screen than A, and the key information and controls can be recognized more quickly."
SUB-EnLPw6vtU-,inst-0547,P03,3,"A followed the request well; B has stronger emphasis but changed the sort options and toggle placement too, so the scope of change is broad."
SUB-pMOooDRAlv,inst-0747,P03,5,"B shows the journey connection and departure location more clearly, but due to the low text contrast and excessive pink background, the gap in polish with A isn't large."
SUB-TYukLW1mdw,inst-0864,P03,2,A has a clearer hierarchy.
SUB-wB6FRtGLPx,inst-0736,P03,3,A has an appropriate scope of change.
SUB-jAUM6DLJBs,inst-0403,P03,6,B has better color contrast.
SUB-NBJ9CN2i8Q,inst-0566,P03,2,A is stable since it didn't add time information.
SUB-xcSUkzpeAr,inst-0882,P03,2,"A handled only the request, concisely."
SUB-ki0afn9xY4,inst-0047,P03,6,B shows the distinction by status and the sorting options more clearly.
SUB-MAuziF7cXO,inst-0221,P03,6,"B distinguishes attachments more clearly, so the intent of the request comes through well."
SUB-1aHlpme14A,inst-0920,P03,3,A is more stable than B.
SUB-i2AR3sVYXR,inst-0172,P03,2,"A shows only the necessary information concisely, so the review flow and the screen's sense of stability are better."
SUB-dzOGpurVXP,inst-0033,P03,2,A shows enough of the necessary discount information while keeping the order summary more concise.
SUB-AF9LcS6Hbq,inst-0462,P03,2,A has better breathing room in the button area and a better sense of visual stability.
SUB-0PtykczueO,inst-0354,P03,2,A shows enough of the necessary content while the overall screen is more concise.
SUB-C9CmgoHRAU,inst-0586,P03,4,"A stays faithful to the scope of the request; B makes better use of desktop space and information is easier to check, but there are many additional changes."
SUB-a514UhXwUV,inst-0602,P03,1,A reflects the requested small Archive action more directly and the overall hierarchy is natural too.
SUB-c8FZCFrcIc,inst-0035,P03,6,"B emphasizes the copy area more clearly, and the seat status and permissions can also be grasped quickly."
SUB-776ar6XBiR,inst-0565,P03,6,B makes better use of the horizontal space and the emphasis on the rating panel is appropriate too.
SUB-q2SdWJq-DC,inst-0065,P03,4,"B has the better screen composition, but the activity order wasn't changed."
SUB-1wpQRWLRUG,inst-0749,P03,6,"B makes better use of the tablet's horizontal space, and comparing test centers is easier too."
SUB-Q4NaBefaC0,inst-0849,P03,6,B uses the tablet's horizontal space more efficiently.
SUB-B79SYeMd4q,inst-0625,P03,4,"A harmonizes well with the screen and B has excellent emphasis on the main point, so each has pros and cons."
SUB-uDN3l7Q3pq,inst-0432,P03,5,B is more suitable for the watch screen size and information density.
SUB-7_XMKz_NyZ,inst-0741,P03,6,B's date range selection method is more intuitive.
SUB-0sgykJdL-6,inst-0183,P04,6,"B is better. Placing Unwatched first means the next episode to watch is immediately visible, and condensing Watched lowers the information density so browsing is faster. In A, Watched is exposed first, which puts the priority of user actions backwards."
SUB-AcMFWz1jU9,inst-0318,P04,5,"B is a bit better. In A the top stepper and Remaining stages repeat the same information, whereas B lets you see the completed selections, the current editing stage, and the remaining stages in one flow, so the progress context is clear. That said, it redundantly emphasizes state with color, badges, and borders, making it visually busy, so the difference isn't big."
SUB-NEc8frvnVh,inst-0397,P04,5,"In A, Pause is large and the driver info isn't truncated, so operation and reading are stable. B clearly separates departure/duration/arrival times and designs the priority between message and call well, so the overall flow is better. However, because of the deleted information and the small timer button, the difference isn't big."
SUB-uGby5UPmCt,inst-0278,P04,4,"In A the search area is strongly emphasized and the touch target is large, so discoverability and operability are good, but the card alone stands out excessively and consistency with the surrounding UI is low. B blends more naturally with the whole screen but the priority of the search area and its affordance cues are weak. B is better for visual polish, A for immediacy and usability."
SUB-fxv5KOdN3Y,inst-0602,P04,6,"In A, Archive is full-width so it fails to honor the request for a small button, and the dashed border makes it look disabled. B provides a small outlined button along with an explanation of what archiving does, so the button hierarchy, affordance cues, and delete-prevention UX are clearer."
SUB-CkGyT1iUNm,inst-0337,P04,5,"A shows classroom suitability concisely as a checklist and the 'Recommend to teachers' wording is clear. B emphasizes Life Science / Grades 6-8 more strongly at the very top and systematically provides the basis for judgment through CLASSROOM FIT, so as a teacher-facing UI its information structure is more complete. That said, the grade information is repeated and A's Recommend button wording is more concise and clear."
SUB-1d2hcHR2lX,inst-0542,P04,3,"A's three-column structure is dense, but you can see all the schedule and repayment information on one screen and the card height is maintained. In B the group and issuer links are clearer, but as the offer detail card grows it hides information, reducing access to the key information."
SUB-X8Lgl1str0,inst-0014,P04,7,"B is clearly the better option. In A, the two-column cards cut off every video title, and the typeface clashes with the card style, giving a strongly dated and crude impression. B keeps the advantages of a vertical list while adding a chapter structure, securing both change and usability, and the spacing and alignment are far more stable. Both options have the problem of arbitrarily changing the meaning of Playlist, but B is far ahead in design polish and video-browsing UX."
SUB-vwI3KHPDa2,inst-0334,P04,6,"B is the better option. A has simple area separation and generous whitespace, but it only swapped the left/right position of Readiness and deleted the 7-day readiness and the update time. B has a bit more information, but the flow is clear from overall status to detailed areas to action guidance, and it preserves most of the existing key information. B is ahead both in how well it reflects the request and in the actual health-data browsing UX."
SUB-AMerg36gmG,inst-0488,P04,5,"A is concise with Best matches and 4 results and keeps the product arrows, but the change to the title structure is relatively passive. B shows both the recommendation criteria and the ranking, more actively supporting product selection. That said, the most polished actual implementation would combine B's title and ranking structure with A's product arrows."
SUB-IQSfED9_gc,inst-0920,P04,3,"B is more compact and has a stronger play action, but the circular crop and excessive button emphasis somewhat break the information balance of the episode cards."
SUB-jo1yDP8LTK,inst-0013,P04,4,"A has a simple structure and keeps the existing images so it's stable, but the sense of grouping is somewhat weak. B has better wording, categorization, and version hierarchy, but the box density and the replaced hero image offset that."
SUB-CX6Qz1Ep5S,inst-0282,P04,6,"It structurally separates the image area and naturally merges the sorting function into the list title, resolving all three requests with more polish. The image area still seems to need improvement."
SUB-3fqkwtntfL,inst-0154,P04,4,The two are similar.
SUB-KvInoHgdoe,inst-0806,P04,6,"It reorganizes the travel budget balance, spending status, and expense report flow into a single work structure, so the purpose of the screen is understood faster."
SUB-UOZ8ANdbqC,inst-0931,P04,2,"For the purpose of grouping related features to make comparison easy, A is more direct and also more polished."
SUB-rI3vgFcsrC,inst-0962,P04,6,"It connects more naturally with the original Following screen, and it implements the ""personal"" request convincingly with actual information."
SUB-scfAUM6rWQ,inst-0441,P04,3,"B has a stronger desktop-application structure and clearer affordances, but I judged the core request for this screen to be comparing plan benefits."
SUB-HvH4fTBk4I,inst-0534,P04,6,"It changes the card information structure and even the follow-up action flow, making it easy to review the saved result and then edit/complete. B is more polished in readability, space efficiency, and action hierarchy."
SUB-tHgovt908e,inst-0020,P04,5,B is more helpful for users to understand their current situation and the next step.
SUB-rF9qDtQOSp,inst-0276,P04,2,"A groups things into session stages while keeping the playback order. B makes it easy to find by body part, but the order gets mixed up and there's a lot of empty space, so A is more stable as a playlist screen."
SUB-3KmX74xsNh,inst-0304,P04,5,"A changed the amount area strongly, but the dark card dominates the screen excessively. B has a lower degree of change, but it uses the plum color only where needed, so the overall polish is more stable."
SUB-JjjxoOeeft,inst-0162,P04,6,"A reflected the request accurately and safely, while B added sequence numbers and a workout summary, making it look like a real workout planner. Changing the button's function is a shame, but B's UI is more polished."
SUB-webKcDaZaY,inst-0121,P04,3,"For quick checking on a tablet, A is a bit more concise and natural."
SUB-l5Bn0FQEKU,inst-0135,P04,6,"A is concise, focusing on the nutrition info for the current stage, while B lets you compare all pregnancy stages and nutritional changes. The one that conveys the stage-by-stage guidance—the core of the request—more clearly is B."
SUB-AHvQ88W89M,inst-0551,P04,4,Similar.
SUB-Cqkg2APX1Q,inst-0889,P04,2,"You can directly compare the original and the edited result at the same size and position, making it easy to judge the difference, and a separate preview doesn't cover the working area."
SUB-FH4GIXB_dl,inst-0578,P04,3,"It creates a featured area while still keeping the covers and comparison info for the remaining albums, striking a good balance between hierarchy and list browsing."
SUB-vPfSu5LQfy,inst-0706,P04,3,"Both reflected the request accurately, but A restrains the color emphasis so it reads more naturally as a single vertical story."
SUB-ufH_b3AxPA,inst-0858,P04,5,"Because of the truncated product names and the removal of the checkbox control, the difference isn't enough to say it's clearly better than A."
SUB-yq5102Ozcp,inst-0924,P04,4,Both are similar. It would be good to fix the duplicated information.
SUB-w9Rl9EWA0b,inst-0238,P04,3,"Contrast is lacking, but it maintains the list structure."
SUB-e3eXbKJ2-S,inst-0194,P04,3,The contrast and hierarchy of the primary action are also clearer.
SUB-gYo5xOOhhP,inst-0310,P04,5,"B better reflects the core of the request, checking detailed progress."
SUB-pdpCNCmRN_,inst-0074,P04,5,"It shows the amount first inside the ring and arranges the target date and the remaining figures in one column, so the flow is more natural — slightly better."
SUB-_Bk2Zf6W5E,inst-0133,P04,2,"With the drag handle, rounded top, and floating structure over the map, it changes the feel of the sheet while maintaining the existing app tone."
SUB-MCKpA4EZoe,inst-0687,P04,4,Neither option has high design quality.
SUB-gSKN_uaEkU,inst-0285,P04,3,"It provides enough progress info while making the screen less cluttered, so the hierarchy and balance are relatively better."
SUB-QnG0OueLXE,inst-0568,P04,5,"It creates hierarchy with individual buttons while keeping more of the video visible, so the layout and visibility are slightly better."
SUB-pw8gj1RD0t,inst-0401,P04,7,"It's slightly better since it composes the personalized eligibility notice, amount-focused hierarchy, and tidy list of additional benefits more consistently."
SUB-fcyfz1IL-b,inst-0175,P04,5,"The title/list hierarchy and the repeating rule for numbers are clearer, but the bottom CTA became weaker. In terms of list readability and structure, B is slightly better."
SUB-ifj93vZhn5,inst-0423,P04,3,"B uses the screen more widely with a 2-column card layout, but there are many filters and extra pieces of information, making the structure complex."
SUB-lmG45JDqSR,inst-0728,P04,2,"B lays out the purchase options at a glance, but the cards are narrow and the difference in screen density becomes large."
SUB-tZ3NQWpoVW,inst-0289,P04,3,"A emphasizes the subheadings more concisely and has lower screen density, so the overall balance is slightly better."
SUB-a0cTsvFnqX,inst-0682,P04,6,"B splits the lesson info and the cancellation result left and right, using the desktop space more effectively, and places the button within the related guidance, so the information flow is clear."
SUB-nBBRxbn1f6,inst-0417,P04,2,"A arranges the meal groups vertically so the food names and calories are easier to read, and the pale purple background also connects well with the existing accent color."
SUB-Go51BIugJB,inst-0734,P04,2,"A handles the settings guidance as a short supporting line and tidies the title group with minimal changes, so it feels more polished."
SUB-KDjrcO1YtO,inst-0599,P04,6,"B bundles the two related items into one group and separates out only the playback state, so the structure is more logical and concise."
SUB-Zsp5lMvpPo,inst-0648,P04,5,"B aligns the service information and ownership information left and right, using the desktop space in a more balanced way."
SUB-m-MPl2cg4U,inst-0707,P04,5,"B separates the learning records and reactors into clearer rows and chips, so the top information hierarchy and readability are slightly better."
SUB-tR5spHTGye,inst-0454,P04,4,"A reflects the request better, while B is superior in the polish of the actual booking screen, so overall they're similar."
SUB-bqbDXdywRn,inst-0053,P04,2,"With time-of-day filters and three levels of chip colors, it shows the filtering purpose and time status more clearly."
SUB-II2SJwmgyK,inst-0688,P04,5,"B emphasizes the account info and search bar more clearly and makes the mail types easy to distinguish as cards, so it reflects the request a bit more strongly."
SUB-Zwc6nBucw9,inst-0796,P04,5,"B bundles the expected date and progress rate into a single box, making it more concise than A, and the flow from the badge name to the share button is also stable. The icons are excessive."
SUB-nCpPMKBIa7,inst-0800,P04,5,"B keeps the top navigation and the board view, which feels more natural as a desktop workspace, and it also uses the screen width effectively."
SUB-ZvhvWcMSTQ,inst-0727,P04,5,"B uses a sidebar and a wide table-style list so it actually looks like a desktop workspace, and the information hierarchy and use of space are clear."
SUB-7W4SuKLKZK,inst-0138,P04,5,"B uses a full-width banner, wide accommodation cards, and a booking summary on the right, giving better readability and space utilization than A."
SUB-LJpGPkK50-,inst-0345,P04,5,"B groups the current tickets and priorities into clearer cards, and connects the queue-creation feature and the selection results well through button shapes and colors."
SUB-1LJxv0Xg7W,inst-0702,P04,3,"A uses a circular progress indicator with the large remaining time in the center, which feels more natural on a smartwatch screen, and it minimizes unnecessary information."
SUB-Ii2ipubQe_,inst-0279,P04,3,"A splits elapsed, total, and remaining time into three clear columns, making the information easier to understand."
SUB-_AS9HhsSKu,inst-0851,P04,2,A shows the episode title and playback length all in one small gray line while preserving the existing hierarchy and spacing.
SUB-HgR0nibcRB,inst-0844,P04,5,"B places the chips at the top without overlapping the image and shows the title before the photo, so the hierarchy and whitespace are more stable."
SUB-j_lDVeTG50,inst-0442,P04,2,"It keeps the badge above the title while compressing the information to fit the watch size, so the hierarchy and balance are clear."
SUB-8EM-hUeDKk,inst-0668,P05,4,"In both, the position of the Completed area is disappointing. And B does seem to have grouped the information in the added area (team member info, budget) better than A."
SUB-RLlR-l0uKw,inst-0208,P06,3,"A separates the areas for my address and the other party's address well, making it convenient to use."
SUB-W8PNcuJreU,inst-0096,P06,1,Well designed in line with information hierarchy and eye flow.
SUB-EYrsr86ifF,inst-0248,P06,2,"A is superior, implemented with high polish so that invitations can be sent immediately via an intuitive form structure with email input and role selection."
SUB-JyCKb7cxdT,inst-0132,P07,2,"In option B the remaining number of times is over-emphasized, so I think it changed into a worse UI."
SUB-XaU_YaXmA5,inst-0512,P07,7,"It handles the increase/decrease as a %, and I judge that B has a much better understanding of layout."
SUB-sr5peEVCqs,inst-0875,P07,3,"Option A isn't great either, but I picked it because I think its usability is better than B's."
SUB-sOzsEopmH2,inst-0186,P07,5,"It's not familiar, but in option B the final filtered value is much more visible, and the three items are far easier to recognize."
SUB-L27A8Q14GX,inst-0035,P07,1,"It accurately grasped the intent of the request and made the change, and overall the intent of this page reads well. The content is readable and the actions are clear, so I think A is much better."
SUB-zGDC0r73Yl,inst-0029,P07,4,"I think the request was unclear, and it probably was an impossible request no matter how it was applied.. (putting the whole team member row on a single line)"
SUB-H7T3iFFopw,inst-0513,P07,7,The information > action flow became much clearer.
SUB-iwMCoilxvF,inst-0081,P07,2,"Inadequate, but at least it didn't make unnecessary changes."
SUB-AkD8EHG3yS,inst-0955,P07,6,"There are parts that stray from the request, but overall it was changed to suit desktop."
SUB-I2YyBYxa0p,inst-0818,P07,7,Option B groups information better than option A.
SUB-ab9ssYKAgI,inst-0021,P07,6,It accurately reflected the request and the information is easy to grasp.
SUB-lP98UxoggI,inst-0376,P07,6,"If it's only about changing the 'composition method,' B seems to reflect the intent more accurately."
SUB-kYUgaI5Vfq,inst-0752,P07,7,"The listing information is easy to grasp, and the buyer list is easy to grasp too."
SUB-2nDV1EbBi1,inst-0849,P07,2,"Considering the amount and nature of the information, A feels more suitable for tablet."
SUB-FRB4qNDjg1,inst-0651,P08,2,"It seems to have maintained the style much better, and only appropriately changed the content within it."
SUB-_fmUt0sWFT,inst-0047,P08,2,The alignment approach and design consistency are better.
SUB-dZxvGnoI5C,inst-0216,P08,3,"If it's a desktop version, I'd expect A's layout to be a bit more appropriate."
SUB-3Tj8mHQxzt,inst-0964,P08,3,I don't like that B changed the coupon header design excessively.
SUB-qilwFqTI8j,inst-0802,P08,2,"A's criteria for dividing the steps are good, while B made a lot of design changes that weren't asked for."
SUB-amFo7nqX_9,inst-0708,P08,4,"Their approaches are somewhat different, but it's hard to say which is better."
SUB-3Zru-f9OHx,inst-0639,P08,2,"Design changes that weren't requested occurred, and the arrangement was modified a lot too."
SUB-Rpza2jvvUm,inst-0990,P08,1,B added far too many new elements that weren't intended.
SUB-05IGGcT_7-,inst-0518,P08,3,"The black card added in B stands out too much and doesn't fit, which is a shame."
SUB-QU2GftCH6h,inst-0940,P08,5,Changing the card design appropriately as the resolution changed seemed more suitable for tablet.
SUB-E8ov-7bW54,inst-0083,P08,6,The design of the modified part blends well with the other elements.
SUB-gsXRhD_qsT,inst-0936,P08,5,"It seems to reflect the request better, and I like that it divided things into phases so you can follow the exercise order well."
SUB-3kPlzhAV5u,inst-0952,P08,2,It changed things appropriately for a desktop screen and made the edits without greatly altering the content.
SUB-_YvmOuylU7,inst-0118,P08,4,"B's way of showing the original is disappointing, and A has useless text plus a missing slider, so they seem about the same."
SUB-pEME8H4-vk,inst-0522,P08,4,"Both variants reflect the target change, desktop conversion, and reorganization of the work info equally well."
SUB-9utuffbLoR,inst-0142,P08,2,"Both variants satisfy the request, but A applies only the necessary changes while preserving the existing structure and readability."
SUB-0-BJ2I4fY1,inst-0214,P08,6,"Both cases reflected the two requests well. B made changes beyond what was requested, but it looks more natural."
SUB-r0EEMAEwqv,inst-0416,P08,6,The month-switching button is reflected more clearly.
SUB-r6sKwxiGkh,inst-0950,P08,2,"B made far too many unrequested changes, and they don't fit well."
SUB-_kjNeuqq-_,inst-0996,P08,2,"A's design for changing ""Annual"" looks much better."
SUB-Qa90SaDGtf,inst-0354,P08,2,A faithfully reflects the request and the scope of unrequested changes is small.
SUB-mLJVQlXzg-,inst-0780,P08,4,"B reflected the request more clearly, but it also made a lot of changes that weren't requested."
SUB-04SIboIsS8,inst-0054,P08,2,"B reflected the request well, but the changes to composition and style go too far beyond the scope of the request."
SUB-qFnLZNU4j2,inst-0933,P08,6,"Both variants reflected the three requests well, but A goes too far."
SUB-OGBW_llFEo,inst-0369,P08,2,"A's profile has color, so it looks more vibrant."
SUB-PjdgEeoYKG,inst-0733,P08,2,"B reflected the request well, but there are far too many other changes."
SUB-BDTg31_Edy,inst-0490,P08,6,"B went beyond the scope of the request and changed the screen structure, but it seems like a good change."
SUB-bKHsHntL0T,inst-0960,P08,3,"B has too many changes, so the screen became somewhat cluttered."
SUB-Fc7SFZ-ysp,inst-0935,P09,2,"1. Considering that separating and managing expenses/income is the most basic user need in a budgeting service, A's category classification is more appropriate. Also, although B's category selection area has more information (the number of events per type), having to open and close a panel is an added burden, and the drawback is that you have to open the panel to see at a glance which categories exist, and it takes up a lot of space."
SUB-AvZwEXtwqW,inst-0399,P09,6,"Given that this is a travel service, rather than A, which separates message windows by chat, B seems more user-friendly since it gathers travel-related status such as information about that trip and each member's status within the group chat, and also has a button linking to the full trip page."
SUB-n-dQ4EhZqw,inst-0106,P10,6,"It changed excessively much relative to the content of the request, but even so, in terms of readability, aesthetics, and polish it feels better to look at."
SUB-bSHgSHZddJ,inst-0654,P11,7,"A merely added a report button on top of the instruction, whereas B analyzed the context requiring the report feature more on its own and even produced layout organization with a separate section and text cleanup."
SUB-8sSWL8xBbM,inst-0209,P11,4,"Both carried out all the requirements well, but A destroyed the button structure and B created an unnecessary card structure, so both are at a similar level of improvement."
SUB-D4Yl6FQ3gZ,inst-0425,P11,1,It reflected the request accurately and even changed the content to suit the purpose of cancelling a medical appointment.
SUB-UJBcmr8Nhu,inst-0677,P11,3,A follows the instruction well and shows better effect/efficiency with only simple additional changes.
SUB-Xel43Imm1U,inst-0326,P11,1,"Both reflected the request well, but B tends to fail somewhat at controlling the amount of information."
SUB-cW5N0cIkfw,inst-0034,P11,6,The design improvement improved data readability.
SUB-Fl9qzwp5oz,inst-0817,P11,4,"Both reflected the request honestly, and although there are some design changes, they aren't enough to have an impact."
SUB-z3W5anPuPR,inst-0324,P11,5,"B did a better job of reflecting the context that this could be used overall when preparing menu photos, and corrected the content and writing accordingly, but I don't see that as making a meaningful difference in usability."
SUB-cQhzlrmnYW,inst-0661,P11,7,"It carries out the instruction well, makes the card's visual hierarchy stand out, and even designs in the discount rate as a selling point."
SUB-qGhHWflpW9,inst-0678,P11,4,"The storage summary and the item layout format of the file list were altered slightly, but not in ways that greatly affect the design itself or the readability of the layout. Whether to move the navigation to a sidebar or just widen it can't be evaluated without context on the environment and resolution in which the tablet is used."
SUB-PhKT6_LWjR,inst-0396,P11,4,"Faithful to the requirements; there are design changes, but there's not much difference between the two."
SUB-XyAdiwoqOw,inst-0739,P11,4,Only the grouping criteria differ; both reflect the requirements to the same degree.
SUB-w3oeIn-HEy,inst-0428,P11,4,Both A and B are at a similar level.
SUB-Mri_CWeZ-B,inst-0666,P11,5,"B isn't better in terms of visual alignment, but it's better in that it solved the requirement in a better direction. That said, A's visual alignment is a bit more stable."
SUB-DKHx2m9yNX,inst-0296,P11,4,"You could say B is a bit better in usability, but without user data there isn't enough basis to judge it as better."
SUB-BjlsXy99hh,inst-0394,P11,2,Changed to a layout that's good for viewing the cue sheet on a wide tablet. The design of the additional cards fits the context and is also well placed with visual hierarchy in mind.
SUB-6wRIDPnjFP,inst-0307,P11,4,"A wins on card layout, B wins on the clustering of card detail info."
SUB-J9kpchd7fs,inst-0820,P11,1,"B is better for the other design improvements, but A wins in terms of strengthening the visibility of the title area, which is the core item of the request."
SUB-51riQRMIMM,inst-0472,P11,3,"Even though B improved the design to be more visually emphasized, in terms of applying the request, A's playback time display is a bit more concise and closer to the purpose."
SUB-b5_dEUzha1,inst-0690,P11,7,"A carried out the request accurately but didn't consider the desktop environment, and the visual separation is insufficient."
SUB-RKthLTN5UM,inst-0652,P11,1,A design that understood the messenger-style layout well and applied the modifications appropriately to the context.
SUB-9XOSnohobl,inst-0898,P11,7,The design stands out for restructuring the context so the field operations team can quickly check the information they need.
SUB--VIa_Whfwy,inst-0050,P11,1,Proof that even simple improvements can make the quality of a design deliverable different.
SUB-g-o15GskcN,inst-0738,P11,7,"The styling feels a bit excessive, but improving the information structure through design is the bigger and more important point."
SUB-oBxE9nvA55,inst-0295,P11,2,A implements the request accurately while understanding the context and applying improvements only within an appropriate scope.
SUB-EkYWmRCbfj,inst-0797,P11,4,"You could say the button's visibility was improved, but with the intent and context unclear, it's hard to judge whether changing the button's shape and wording is really the right change."
SUB-b_nn5ScdAp,inst-0049,P11,4,"Both A and B carried out the request well, but the results violate a lot of design principles."
SUB-JOcMLPFA3f,inst-0287,P11,5,"The graphics are plain, but it's the sounder judgment in terms of UI design."
SUB-I9JpxPFubG,inst-0222,P11,3,A stands out for carrying out the request well while restructuring the contextual organization of the content.
SUB-ux-AC6cdpH,inst-0564,P11,3,"B also carried out the request well, but the excessive changes are an eyesore."
SUB-BN1KcqaK6Q,inst-0945,P11,2,"It reflects the request accurately and doesn't make excessive changes, staying in context."
SUB-YXDxKi-DEc,inst-0268,P11,3,"It reflects the request accurately, using actionable UI where the list needs a filter role, while also using a chip form that doesn't clash with the buttons' hierarchy."
SUB-Zs1Pvi6Kke,inst-0697,P11,5,It designed additional mechanisms well to make booking easier.
SUB-zGGl614v0V,inst-0323,P11,3,"It implements the request accurately, without overusing design elements, and maintains consistency."
SUB-IP1gH_7gt6,inst-0799,P11,5,It faithfully reflects the request while also giving enough consideration to usability.
SUB-aVTGgOtQ_o,inst-0756,P11,4,"B carried out the request well, and implementing it as a pie chart is a good approach, but the text information was made unnecessarily long. A's compact text is a plus, but the bar graph is disappointing."
SUB-faQORl21GG,inst-0554,P11,4,"Both are designs that reflect the request well, and there's no meaningful difference between them."
SUB-sYbD0zS56G,inst-0720,P11,3,"The design of B's bottom sheet itself matches the requested style, but it over-interprets a simple card-expansion request as a modal transition, turning it into a completely different concept."
SUB-M2ukbs7-y7,inst-0150,P11,5,"A didn't change what appears first in the header; it just replaced what comes first in the order with a different UI. B clearly changed the information that appears first visually in the header to the upcoming payment amount, but other design improvements don't stand out."
SUB-Ix8fquEYRt,inst-0718,P11,3,"A has a higher rate of fulfilling the instruction; B is somewhat lacking in visually separating the guidance from the to-dos. That said, A's card structure does tend to make the layout feel cramped."
SUB-Hnb1skxYjF,inst-0048,P11,3,"A changed the top area to a light cream color, clearly reducing the heavy impression, and restructured the three Agenda items into a timeline of time, duration, and content. B still has a dark tone, and the start times disappeared, greatly reducing how well information is conveyed."
SUB-wSIjm7ODUe,inst-0899,P11,4,"Both outputs changed the mobile bottom navigation to a desktop structure and reorganized the completion card into a horizontal layout. A may be more suitable for a desktop layout, but the card's own layout is edited in B into content that's more helpful for learning."
SUB-suY9HtIujh,inst-0320,P11,3,"Judging purely on whether the request to separate the buttons was clearly carried out, A is the better result, but considering other design improvements B is also a plenty good draft. However, the color theme was misapplied during the button separation, so A can be seen as more faithful to the instruction."
SUB-iLXQ-wFOZ1,inst-0630,P11,6,"A's intent to emphasize Core as the popular plan is right, but pulling only Core out into a large separate payment card and reducing Fluent to a single line isn't commonly done on actual plan comparison screens. B keeps the same information structure and emphasizes Core with a badge and color, which is a more conventional and stable design."
SUB-wQ3-cFNBDs,inst-0231,P11,6,"A regrouped the existing information into step cards, but it's questionable whether presenting address and payment as completed confirmation steps is really necessary in a checkout context. B restructured the whole thing in the order the user needs to check before paying — total, items, shipping/payment, costs — and it flows naturally into the Place Order button, so it's better."
SUB-fi3aPkvqpI,inst-0129,P11,5,"A may be more conventional and safe stylistically, but B is the result that better achieves the purpose of this screen by showing the status message more clearly."
SUB-fGIgknMTfI,inst-0782,P11,4,"Both drafts carried out the overall instruction well, separating login methods into sections and placing the browse-without-login button nicely, but they somewhat fail as improvements since the overall layout gets complicated and some information goes missing."
SUB-szmnaeJJuZ,inst-0365,P11,4,"A groups by expiration date so coupons you need to use before they disappear show first, while B groups by service so it's easy to find the benefit you need. Without context on whether this screen is meant to push coupon use or to find a specific service, it's hard to say which is better, and both changed the credits area well as requested."
SUB-tkKdwAJ6gs,inst-0586,P11,5,"The overall layout is more suitable in A, but considering usability, B's content composition and UX are more suitable for sleep-related chat and information gathering."
SUB-udBa6_K5Fz,inst-0476,P11,5,"Both are highly polished in reflecting the instruction, but considering the watch layout, B is the more suitable change. Its style is also a color scheme suited to viewing on a watch device."
SUB-eJ-0HTDHzI,inst-0717,P11,2,"A leaves Restore all next to the Trash title as is and also moves each document's actions below the info, handling all three requests accurately. B uses checkboxes and ""Restore 2 selected,"" which feels more like a management tool, but it's closer to selective restore than restore-all, and the individual Restore buttons drop below the thumbnail, looking a bit awkward within the row"
SUB-jk9vFhJnDB,inst-0500,P11,5,"Both faithfully reflected the request itself, but in the process of restructuring the visual hierarchy, A made everything a weak hierarchy, whereas B created a better hierarchy by giving a bit more emphasis to the reason for the consultation visit."
SUB-WE5tbU4Qee,inst-0741,P11,5,"B shows the date range as tabs you can pick right away, so it's easier to operate, and the bar colors are also better differentiated by index."
SUB-dy0K4odRo0,inst-0613,P11,3,"A groups the minus and plus buttons in a deep brown, making the color difference from the original clearer."
SUB-0QCYY2iqa6,inst-0496,P11,5,"B gathers the payment card, amount, and payment date into the top ""Payment successful"" card, so the payment method is seen first."
SUB-4R8L83idP3,inst-0292,P11,3,"A shows the status and progress rate connected in the same green and keeps the existing progress bar, so you can read the current situation faster."
SUB-LPnJ2WKy4a,inst-0658,P11,2,A darkens only the top block to create weight while leaving the existing playback progress information as is.
SUB-qxyxc1gct6,inst-0709,P11,3,"A keeps the existing chat bubble structure so the conversation flow is a bit more natural, but both options have the big problem of moving and grouping utterances that were separate."
SUB-q20xk7eC1m,inst-0446,P11,5,"B keeps the chair image small and places the product card, save button, and Owner discussion right after one another, more clearly increasing the weight given to the conversation."
SUB-6QkormVJVh,inst-0460,P11,5,"B shows the image and caption first and then separates the author and date into a distinct provenance card, so the requested reading order is clearer."
SUB-yvTt1dctmL,inst-0280,P12,2,"It's disappointing that B added a dashboard that wasn't asked for. I think A translated the mobile header into desktop format well. That said, I do think it needs to be changed to a header more appropriate for a desktop environment. The cart composition seems better in B. The license info looks about the same in both."
SUB-zGuaNZDnC2,inst-0902,P12,5,"In A the button at the very bottom is disappointing. In B the design is well organized, with the changes and visibility handled without going overboard."
SUB-O8c4NoWpRh,inst-0136,P12,1,"Both A and B changed a lot of areas that weren't asked for, but A considered aesthetics well."
SUB-IydBmN6jev,inst-0344,P12,2,I think the elements emphasized due to the prompt were emphasized in a calm way that fits the Sleep concept.
SUB-06byInKP2L,inst-0873,P12,1,It applied only what was asked and appropriately adjusted the typographic hierarchy and reading order.
SUB-dd_GbA_MGf,inst-0079,P12,1,Recognized the prompt's intent very accurately.
SUB-7DfNi7tj9a,inst-0662,P12,4,Combining A's segmented control with B's header would probably be more perfect in terms of applying the intent.
SUB-g6gaYQhMS7,inst-0325,P13,4,"Both variants reflected the request well, and I think they even derived information that didn't exist, composing the overall screen and coming up with improvements."
SUB-oGk4iyoXLI,inst-0042,P13,5,I think B is the slightly better design in that it inferred there would be a chat list from the New conversation button and composed the layout accordingly.
SUB-uc18ffSQbA,inst-0133,P13,3,I think it was changed to an appropriate degree while maintaining the design style.
SUB-wSso7Uu_U8,inst-0221,P14,1,"I judge A, which at least doesn't break the broad framework of the original design's 'information hierarchy,' to be better than B."
SUB-b67U29xiBm,inst-0272,P14,3,"I think the one thing option A does slightly better than B is the progress bar color; otherwise, honestly I think both A and B made the information hierarchy more complex than necessary."
SUB-k4C9B-Obpj,inst-0463,P14,2,I think mockup A is the one with better fundamentals of UX/UI design.
SUB-pn07Afi7LW,inst-0147,P14,3,"Neither draft is that good, but I judge A to be better since at least the grouping is done appropriately."
SUB-z923F8PkLz,inst-0883,P14,4,I think both drafts are worse than the original.
SUB-ZOwC-g-3LP,inst-0973,P14,3,"If anything, I think A is more suitable as an intro screen."
SUB-nVP1BXbKvk,inst-0644,P14,3,"Neither is appropriate from a UX/UI standpoint, but I chose A since it has relatively fewer problems."
SUB-5BoZN5jsUW,inst-0812,P14,3,"Both are a bit lacking, but looking at the big picture, I think A gave more design stability by showing the left side menu layout."
SUB-wdQxdwCgq8,inst-0391,P14,4,"Both changed the key word of the headline, so I don't think either option is appropriate from a UX standpoint. So I answered ""similar"" for both, in a negative sense."
SUB-JZtt92LiuE,inst-0639,P14,2,"For this set, A is overwhelmingly better. A at least gave enough of a sense that it's a design for a watch, whereas B feels less like a watch design and more like a jumble of various data points."
SUB-Vkf0iTAGBO,inst-0993,P14,3,"From the standpoint of UX/UI fundamentals, design A is somewhat better."
SUB-bPaLge3WKF,inst-0385,P14,6,"For this set, I think B reflected the prompt far more delicately and appropriately than A."
SUB-uu4iyFMl6t,inst-0427,P14,3,I think design A is the one that at least has the UX/UI fundamentals in place.
SUB-uqCSMIJGMb,inst-0602,P14,2,"Design A is much better than design B. However, as already mentioned, design A still has parts that need fixing."
SUB-SU7E6-6eQg,inst-0918,P14,3,A is better than design B. But design A also seems to need wording changes.
SUB-UPUQgJz3sp,inst-0734,P14,2,A looks much cleaner and I think it has the UX/UI fundamentals well in place.
SUB-aQzP8x72fH,inst-0975,P14,5,I think B is the version that's more nicely refined from a UX/UI standpoint.
SUB-cOcMpjwK-8,inst-0252,P15,2,Only the components making up the screen changed; the overall design is maintained.
SUB-4auDsLh9cX,inst-0801,P16,4,"In terms of whitespace and design polish, A is better. As for layout composition, both look fine depending on the purpose of the service (A feels better for comparing classes, B feels better for a deep dive)."
SUB-p3Y0Noyr6U,inst-0879,P16,4,"B handled request 1 better, but it's hard to call it a good direction. The original is the best."
SUB-h8a7Bk1WN8,inst-0271,P16,1,It kept the design tone at least somewhat better.
SUB-MjF7jeiKpo,inst-0091,P16,6,"The design polish is lower, but since the request was mostly about behavior, B seems to have reflected that better."
SUB-Tpi6CCHNSb,inst-0170,P16,7,"In A, each piece of information has a similar hierarchy and design, so the affordances aren't clear. B organizes that well."
SUB-6mkwVCQa8V,inst-0985,P16,1,A reflects the request decently well.
SUB-9ekQQ52SIy,inst-0772,P16,4,Both have clear strengths and weaknesses.
SUB-FumrzjEK3S,inst-0503,P16,4,"It's true that B grasped the intent of the instruction better and revised more proactively, but both A and B have pros and cons"
SUB-fRnKu6QQ11,inst-0855,P16,6,"If the photo ratio isn't important, A is the one that applied the request literally, but in terms of layout B has better readability, intuitiveness, and design completeness."
SUB-Ee2l3VpdTW,inst-0970,P16,3,B's changes are too much relative to the request. Just refining A's badge design would probably be a better direction.
SUB-A8pXjxTbcP,inst-1000,P16,5,"The design completeness is lower, but B seems like the better direction to develop further."
SUB--LEDFog48c,inst-0317,P16,2,"Both are low in design completeness, but A seems to have a safer layout in the button area. B changed the button composition more radically, but it doesn't seem like an improvement in UX/UI."
SUB-zlgIrhxV7z,inst-0484,P16,3,"Neither is great, but since there are already tabs above and two stepping cues is way too much, I think A is a slightly better UI direction."
SUB-ZVW8NktyGp,inst-0633,P16,2,"A is better in terms of interaction cues and design. If just the marking button's details and function were touched up, A would be the better direction."
SUB-HhXfUGkA0T,inst-0571,P16,5,"Since this is grading, I question whether doing correct/missing for the whole page is the right approach. For finding a student, rather than searching by name, finding them in a list grouped by grading status seems better."
SUB-sINT1382JZ,inst-0978,P16,5,"In terms of information hierarchy and reading order, B feels like it has a more natural flow."
SUB-OLKL2MCHlM,inst-0700,P17,3,Does the eye flow smoothly?
SUB-djUC9WH93G,inst-0652,P17,3,"New suggestions that can be inferred from the context came out, so it seems better to revise based on this..? Though it would depend on the work context."
SUB-n5PoN_FQpJ,inst-0034,P17,5,"Putting in a chart seems to catch the eye and make it look more polished, though the details are lacking."
SUB-WdGigbx5CG,inst-0434,P18,3,"A seems visually tidier and to understand tablet usability well, but I think B strengthened the UX by adding functions nicely."
SUB-A54XsI-7GO,inst-0532,P18,1,"In overall aspects—screen consistency, usability, hierarchy, polish, understanding of the requirements—the A version feels overwhelmingly more complete."
SUB-sotAjXMcGj,inst-0804,P18,1,"I think A is the better version in that it considered good UX for the requested part and changed it accurately, and further proposed a better UX hierarchy."
SUB-jCF-THym1c,inst-0186,P18,2,"If a style change had been needed, B would be right, but the one that changed only exactly what was asked for (the requirement) based on the existing screen is the A version, I think."
SUB-s2oLePWmpQ,inst-0999,P18,7,"Compared to A, where the same information is duplicated and information is jumbled, B fulfills the requirement much more cleanly and concisely."
SUB-kYGx96XlwW,inst-0473,P18,1,"Overall it carried out all the requirements well, and it's visually more stable in terms of consistency and polish too."
SUB-7mC98PFTPO,inst-0409,P18,7,"It carries out exactly what was requested, and clusters the UI with higher polish without harming consistency."
SUB-jfuBV9WmzK,inst-0413,P18,4,"I think A is the one that accurately reflects the requested situation. On the other hand, B's version is also meaningful in that it offers a new perspective, and for parts like the content about a new species being discovered today, its interpretation actually seems more accurate."
SUB-MOcwgVOxT0,inst-0378,P18,3,"Both carried out the overall UI consistency and the instructions well, but I judge A to be more favorable in terms of content accuracy and the accuracy of adding the 'add recipient' button."
SUB-jpjHzz-aL4,inst-0519,P18,7,"You can feel that they thought about the necessary UX structure and UI form while turning the mobile content into a website. Above all, the information catches the eye better when read like the one on the right than when read on mobile."
SUB-m0N7dw37N-,inst-0587,P18,6,"Both carried out the same request, but with B you can feel that it understood this was a 'card' even though the user didn't ask, and thought about a UI approach that differentiates it from the message box."
SUB-iAVt66rSZ4,inst-0017,P18,1,"A seems to carry over mobile consistency better both visually and experientially, whereas B adds a completely different tool and incomprehensible chart highlighting and such, which hurts quality."
SUB-3HQVz6zFn2,inst-0531,P18,7,"A feels like it simply added a screen, while B feels like it interpreted the requirement and designed the UX and UI. Overall B's example is more polished."
SUB-v0uxoYMAbl,inst-0163,P18,6,"Unlike A, which doesn't seem to have accurately understood the requirement, I think B's UI is better since it understood exactly what was wanted and changed the headline, the selection area color, and even the tag UI."
SUB-2xadDm5nmt,inst-0903,P18,4,"Both A and B did carry out the request, but they add unnecessary elements (buttons, tags) which hurts quality."
SUB-aXzOzoFg_r,inst-0134,P18,7,"Unlike A, which changed nothing but the layout, B properly carried out the request and even analyzed the overall information hierarchy to restructure the screen."
SUB-Wi_J6uBchs,inst-0329,P18,3,"Both A and B fulfilled the requirement, but it's a shame the UX writing isn't consistent. However, unlike B, A didn't add redundant, unnecessary information, so I judge A to be better."
SUB-RT082eNwZ0,inst-0193,P18,6,"Unlike A, which carried out the request half-heartedly, B feels like a more helpful proposal since it designed the corresponding functionality to fit the purpose."
SUB-rl7FIYoOn7,inst-0494,P18,2,"In terms of both the content change and the color change, version A fulfills the requirement far better."
SUB-oxiUbaMSMD,inst-0438,P18,1,"A focused on the theme of a card-like desktop transfer panel in drawing the UI, the transfer speed is more noticeable, and the screen itself is more polished."
SUB-tElqk2-nRK,inst-0264,P18,3,"A handled the content somewhat conservatively, but from the perspective that controlling things outside the requirement also matters, A seems like the better, more usable version."
SUB-tZHystc5TC,inst-0443,P18,7,"Compared to A, which simply reflected the requirements, I give a higher score to B, which understood the context and took it further."
SUB-qynnkKYNDL,inst-0523,P18,5,"B understood the requirements better, but the unrequested style changes are a shame."
SUB-pHnLwPr1Kt,inst-0016,P18,4,"Since there was no definition given for the button style, you could say the two screens' drafts are similar in that they both carried out exactly what was requested."
SUB-_RFzXOlpSt,inst-0291,P18,4,"Both have excessive style changes beyond what was requested, so it would probably take more time to fix."
SUB-RHH4fDq1rf,inst-0872,P18,4,"Neither draft reflects the requirements appropriately, and style changes occurred, so there'd be a lot to fix."
SUB-VKo5rt_iwU,inst-0233,P18,1,"Unlike draft A, which understood the subjective text within the requirements and tried to reflect it as much as possible, draft B strays completely from the requirements and creates a whole new UI."
SUB-OVAdTcpnDx,inst-0618,P18,3,"Draft A, which built the requirements in line with the existing style, looks better, but it's a shame it added unnecessary duplicate text."
SUB-JYCsF-byZC,inst-0991,P18,3,"They're similar in that both understood the requirements and changed the font size and weight, but draft A looks better in that it moved the categories to the bottom and tidied up the hierarchy while trying to keep the existing style."
SUB-kZx2UfJk9a,inst-0803,P18,3,"Variant B missed all the requests and degraded quality by adding unnecessary effects, whereas A successfully carried out request #2."
SUB-Dd-WIheKQu,inst-0745,P18,4,"Both A and B understand mobile usability and, based on that, keep a consistent style, information and functionality while leveraging the strengths of a desktop app in the design. No unnecessary features."
SUB-uc1Av1xOCT,inst-0939,P18,1,"Unlike A, which just needs slight tweaks to its visual expression, B's expressions like ""-20 min"" could confuse users, and the use of unrequested colors undermines efficiency."
SUB-1OfohgqYdV,inst-0439,P18,1,"It carried out exactly the requested ""reduce the title size"" only, without mixing up the information hierarchy, keeping the other UI consistent with the original exactly."
SUB-GOzI1JO9qq,inst-0870,P18,3,"Both A and B are poor in that they adjusted the topmost information area and arbitrarily added a key color, but A's edit at least looks easier to fix."
SUB-8po0cP6vjN,inst-0479,P18,6,"Even though the request was vague, like ""redo the order of the lines above and below the title,"" it understood the context of the information and reclassified and rearranged it into title, subtitle, and additional info according to hierarchy."
SUB-sCUC1h3O_p,inst-0351,P18,3,Both variants were altered excessively beyond what was requested. I judged A better since it at least preserved the information.
SUB-Tr2-05_KoY,inst-0107,P18,7,"Both variants did what was asked, but I judged B better since it left the buttons—which were never asked to change—similar to the original while making the unavoidable whitespace and wording adjustments that came with adding the management content."
SUB-4aOyAbQH8P,inst-0084,P18,4,"B carried out the requirements better, but A seems to have a better grasp of UI aesthetics, color, and structure."
SUB-x8chDiU20A,inst-0398,P18,6,I judged variant B to be better since it understood the function well and placed appropriate UI with nuance for the situation.
SUB-C2FRfs7BS8,inst-0676,P18,7,"Unlike A, which simply carried out the requirement, I think B is the better variant in that it advanced the screen based on context."
SUB-ETw0atfNrk,inst-0414,P19,5,I think if B were tidied up just a bit more it could be an even better design.
SUB-FlsrNkjvI8,inst-0085,P19,6,"B, which understood the information structure in line with the context, feels better."
SUB-c8t9VhrOEC,inst-0424,P19,2,"They asked for the colors to be changed, so I think changing the colors is the right call."
SUB-XI8bEaQeo8,inst-0057,P19,2,"B feels like it over-interpreted the instruction and arbitrarily added a lot of stuff, so I don't like it."
SUB-1TV6e0_LbP,inst-0270,P19,1,"In B the title text is way too big, it added far too many elements the user didn't ask for, and it removed one room, which was a necessary element."
SUB-WTXvvzfQC5,inst-0178,P19,2,It seems to follow the mobile screen design and the user's request relatively faithfully.
SUB-Z2OiIfJBhq,inst-0827,P19,1,It was applied without deviating much from the user's request.
SUB-WqhGss-N4g,inst-0672,P19,2,"It takes what the user entered and uses it directly as a design element, which makes the consistency stand out."
SUB-E-qweCwlPC,inst-0974,P19,3,"It looks like a lot of elements are exposed, but that also made it seem easier for users to understand."
SUB-Vxop5onw2l,inst-0753,P19,7,A mockup that better reflects the character of a desktop.
SUB-zRbg0K4WNs,inst-0332,P19,2,"B's idea is good too, but since a polished product matters, I chose A."
SUB-FgSumF2YhV,inst-0740,P19,2,"B interpreted the user's request somewhat excessively and its button style is disappointing, so I chose A."
SUB-UxQiNFhmwT,inst-0622,P19,1,"It followed the specified conditions exactly, and the design is more organized."
SUB-TxQqxgmJ_n,inst-0896,P19,6,It looks like an example that makes better use of the desktop screen.
SUB-JkWRP2LXr0,inst-0691,P19,1,"It carried out the request clearly, and provides good information hierarchy and interaction cues."
SUB-SWadZqh11w,inst-0986,P19,2,It faithfully followed the user's request.
SUB-o8-YBz9tkW,inst-0988,P19,3,"I think retaining information is important, so I wanted to pick the one that satisfied the request without any information loss."
SUB-OnkpmBnIPY,inst-0093,P19,6,I chose the side that implemented it more accurately.
SUB-hI1yiCyXNf,inst-0951,P19,2,I chose the side that didn't stray too far from the user's request.
SUB-AlMahLtY37,inst-0036,P19,6,It satisfied the user's requirements well.
SUB-MPJXauuVoD,inst-0342,P19,2,It faithfully followed both requests.
SUB-JJI0bKPDYw,inst-0410,P19,2,B seems to have done a lot of work beyond the instructed scope.
SUB-qIGdjavC1O,inst-0760,P19,7,The card-and-tag combination makes it easy to grasp information quickly and it looks like a proper fitness app.
SUB-wqx7vV7S9H,inst-0541,P19,6,Implemented it concretely and convincingly.
SUB-UCIZpSWW2C,inst-0475,P19,6,Option B is finished with more polish.
SUB-xlb0JVo8RZ,inst-0925,P19,3,"B is more polished overall, but I chose A since it implemented the user's request better."
SUB-nXFlyuP-2W,inst-0088,P19,2,"It reflected all of the request clearly, and the top bar in particular stands out."
SUB-n0JMWVekh3,inst-0763,P19,2,It carried out the user's request within the precise scope.
SUB-pHgfLpmw3n,inst-0256,P19,6,It carried out the request faithfully to its context; the use of space was especially good.
SUB-BJ83Rv4Jre,inst-0987,P19,3,I chose A because B strayed far from the user's request.
SUB-848Xag6OZl,inst-0755,P19,3,"The two mockups are similar, but this one implemented the list order to match the filter."
SUB-LjE1NcRt9F,inst-0815,P19,5,It seems like the choice that matches the designer's intent of letting each person's individuality show.
SUB-AASe9GyFYD,inst-0273,P19,6,It looked more scalable.
SUB-kn0l3scVOS,inst-0444,P19,2,I chose the mockup that isn't confusing and feels stable.
SUB-DdkCop1jzA,inst-0204,P19,2,Because B failed to shift to the target user...
SUB-YyCIcu7nQY,inst-0581,P19,3,I chose it because it implemented exactly what was requested.
SUB-Tt45FV7QwU,inst-0638,P19,2,B looked more like an info card than a button.
SUB-LKaQjj-jyk,inst-0843,P19,6,It implemented the instruction to split the panels more clearly.
SUB-1x3zKuBu9b,inst-0656,P19,6,I liked that it even proposed a format optimized for the target.
SUB-4N75Nez8MF,inst-0255,P19,6,It looked better in terms of strengthening the button tone.
SUB-I4Hepzq5HQ,inst-0305,P19,4,It feels like neither A nor B fully followed the request properly.
SUB-Rkoq9u-pE1,inst-0834,P19,2,It implemented the tone and instructions well within the scope of the user's request.
SUB-VXQcALizqg,inst-0669,P19,5,"Variant B, where the lines are clearly visible and it was changed noticeably with a crisp, firm feel, looks a bit better."
SUB-9EV4L9JIUu,inst-0928,P19,1,"It reflected the request well, as the user intended."
SUB-iUMiegmH7U,inst-0719,P19,3,Variant B arbitrarily made up the original policy itself.
SUB-6kEt26RMqh,inst-0055,P19,5,It's nice that it was interpreted as an accordion so you don't have to dig through two places when looking for one topic.
SUB-eHf4-72IOv,inst-0180,P19,5,"Natural changes within the user's context, and the colors looked consistent"
SUB-lHy7hRjg6b,inst-0965,P19,6,"Given the nature of a warning, this form is more suitable for the user to notice and recognize without missing it"
SUB-jVi4UUgAED,inst-0239,P19,3,"B created additional new data concepts, so it felt like too much was changed"
SUB-CGW7WbMfiF,inst-0520,P19,6,Chose it because it's the design that most explicitly shows the change in target user
SUB-awwElwDjUQ,inst-0852,P19,5,It clearly implemented securing the header space and the purple emphasis
SUB--QAMu66MIE,inst-0510,P19,3,Stayed well within the scope of the request without straying too far
SUB-mqtPU2AxPa,inst-0443,P19,6,"The group categories and buttons are expressed in consistent language, making the information structure more practical."
SUB-meX26DFLnd,inst-0563,P19,2,It abandoned the popup format the user requested and invented data that wasn't in the original.
SUB-f57o4BacHf,inst-0011,P19,3,"A revised it from a conventional viewpoint; B feels a bit more creative, but I found it disappointing that hidden items can't be seen in B, so I chose A."
SUB-VKQ15rbQ4V,inst-0446,P19,5,I chose based on the structure that prioritizes the chair being visible while conversation comes first.
SUB-qMZhRKzY6n,inst-0494,P19,2,It converted things clearly and well in line with the user's request.
SUB-2ej7cCjDvr,inst-0709,P19,1,"B was hard to look at both in terms of layout length and polish, so I chose A."
SUB-d0AILbWNHR,inst-0989,P19,3,"Overall both drafts converted it well, but I chose A as it gives a warmer feeling design-wise."
SUB-c67kq6XCzM,inst-0197,P19,3,A looked better in terms of design tone and manner and polish.
SUB-VFqXGB_TgR,inst-0627,P19,2,"I chose A, which better preserved the feel of the original design."
SUB-7SN390HJjd,inst-0877,P19,6,"I chose B, which understood the watch context well."
SUB-ctiok5sGk_,inst-0746,P19,6,The arrangement considering the characteristics of a tablet device was good.
SUB-ONhS-r0B5D,inst-0651,P19,6,"It felt like a spoonful of design sensibility was added on top of the user's request, which I liked."
SUB-EDIbWft9Oz,inst-0879,P19,5,It seems to be the side that understood the user's request more clearly and improved on it.
SUB-DI-r1NGE0v,inst-0821,P19,4,"Both A and B reflect the user's request well, but A's design is a bit simpler; B is better at conveying status and information but the colors are a bit disappointing."
SUB-MlNuWOTPy-,inst-0002,P19,2,Decided on the variant that overall seems to have better polish.
SUB-6VjxFaWNPT,inst-0579,P19,4,"Both designs followed the user's request well, and the button shape seems to be purely personal preference."
SUB-JDy__IkEuF,inst-0407,P19,6,"Through color contrast and alignment, it was changed into a completely different impression, and I liked how the screen looks tidy."
SUB-XP9ZK7IyN4,inst-0595,P19,4,"I can't tell what's different between the two variants. Other than the arrow being added, there's no difference in either, so there's no point in comparing."
SUB-mEIjXK8wYT,inst-0904,P19,5,"I picked the side that implemented the change badge better, since that was the user's core request."
SUB-E_oT9jR_Tu,inst-0432,P19,2,"It followed the user's request well, and the form and alignment feel stable too."
SUB-6Mz12yxbVj,inst-0124,P19,5,"I get the feeling it carried out the user's request a bit less, but adding the message button etc. was useful, and I chose it because option A didn't look very tidy."
SUB-xrT0Xan6Zk,inst-0019,P19,6,"The offset, the date rollover, and even my local time display are all in one table, so you can read the converted result without misunderstanding — nice."
SUB-KMx3shszON,inst-0291,P19,3,"It followed the request to change the order of the list well, and the situation the screen is used in also feels more substantially transformed."
SUB-cQN5zNuSvo,inst-0491,P19,2,"The stay period, which should be seen first on a small screen, is laid out large on a single line, so the information focus is clear."
SUB-cc9qT2UIcD,inst-0684,P19,2,"The icon finishing is disappointing in both options, but I chose the one where the shape isn't broken and is drawn completely."
SUB-0kBfR58QOg,inst-0641,P19,6,"I chose option B, which moved the date section to the very top and precisely implemented the flow/structure the user requested."
SUB-5e58iwyre9,inst-0037,P19,6,I chose the one that carried out the user's request more clearly.
SUB-nCxPQxmcL6,inst-0421,P19,5,"Option A reflected the user request well, but its level of finish looked too poor, so I chose option B which looks more polished."
SUB-O7fts2_GUh,inst-0176,P19,3,"The functionality was better in option B, but I chose option A which looks a bit more stable design-wise."
SUB-LC9mDOIPTu,inst-0001,P19,5,"I picked option B, whose design looks more stable."
SUB-TE3nIXQi88,inst-0911,P19,6,"I chose option B, where the screen overall is more polished and was revised in a direction that's easier to perceive."
SUB-D982TV63-T,inst-0959,P19,2,"I chose option A, which modified the design conservatively while preserving the original hierarchy."
SUB-d5EARVenQG,inst-0033,P19,6,It implemented what each discount is and how much is applied in box form so it stands out more.
SUB-9o9znfk_oo,inst-0711,P19,5,"I chose B because I didn't perceive the button function as an important feature, but if the button function were important, I think I would have chosen A."
SUB-BJYoD4uAEA,inst-0314,P19,3,"I chose it because the step divisions are organized into one block with the list, and the overall flow feels comfortable."
SUB--Il_wMO3kj,inst-0438,P19,5,"It appeared to better have the function and form of a transfer management panel, complete with list, detail, and status tabs."
SUB-KGAaAb71Ec,inst-0237,P19,2,It seems to have accurately grasped the user's intent in the request.
SUB-xmOIOAQ2kL,inst-0772,P19,6,"With a classification and guidance attached to each item, it feels easy to grasp at a glance."
SUB-UP6NZ6yauj,inst-0515,P19,5,"It does seem to have read the user's request a bit excessively and differently, but overall the result seems to have turned out good."
SUB-q4EKuff_qI,inst-0242,P19,3,Expressing it as a label made it easier and simpler to read than a sentence.
SUB-8kWl1lHeV8,inst-0569,P19,3,Because there are many parts omitted that the user didn't ask for.
SUB-T6iTwjazW4,inst-0620,P19,2,It nicely revised the supplier and trade terms that are essential for confirming a wholesale order.
SUB-voCtAIyEue,inst-0328,P19,1,It seems to have understood the user's intent and context well and executed on it.
SUB-wE2gJ6l4Vg,inst-0944,P19,2,I chose option A because it fulfills the user's request well while also making good use of the map's characteristics and the whitespace.
SUB-_Pdlhh4Z2Z,inst-0293,P19,2,I chose it because it followed the user's request better.
SUB-mZZnaBLg59,inst-0043,P19,2,I chose the one that better preserved the original's character as a delete confirmation.
SUB-1lttZP8xBJ,inst-0218,P19,3,I chose the one that best preserved the original's tone and manner while adding accessibility information.
SUB-Ab1DVxOwOQ,inst-0182,P19,6,It carried out the user's request well and also provided good affordance cues.
SUB-J4IEFZWJZl,inst-0213,P19,5,"Because the separation of the two areas and the progress indication are clear, and it shows a tidier layout."
SUB-XHthOSfoH3,inst-0969,P19,2,"I chose the one that handled the request well, in line with the user's intent."
SUB-r8P3utq1GC,inst-0517,P20,5,"A has a well-established hierarchy, but it's a shame that it deleted some of the original's functionality while applying the change. B, on the other hand, shows both the date and the days remaining for the deadline notice, which looks redundant and is a shame, but since it didn't delete any functionality, I judge B to be better."
SUB-pNpNCA0Rga,inst-0363,P20,7,"Both A and B widened the step bar area and adjusted the desktop proportions, but B brings out the step bar's hierarchy better. A's looks more like a navigation role than a step bar. Also, when dividing sections by pairing two at a time, B improved it without damaging the original design."
SUB-X_c0LDcA5a,inst-0904,P20,1,It applied the request cleanly and without overdoing it — a design that raises usability with minimal changes.
SUB-lgm5uH_68u,inst-0126,P20,2,"A's design is more polished than B's. The style is a bit concerning due to the added feature, but the color style applies the original navy well, and the whitespace isn't much different from the original either."
SUB-aCsNK7w5Zm,inst-0081,P20,1,"I judged it an improved, no-frills design in that it's small so you can focus on the decision area, the action stands out, and the permission info is hinted at with ""Show"" text so it can be expanded."
SUB-NOZYhyl2iv,inst-0188,P20,1,The improvements to screen focus and workout summary/emphasis are grasped more concisely and intuitively than in B.
SUB-bOSrQuHiKV,inst-0177,P20,6,"B's hierarchy stands out more than A's, so B is more polished."
SUB-1EpudEBg1a,inst-0192,P20,1,"Settings should clearly show the configurable items and their selected values, but B uses two lines, which makes readability worse than A and the settings list hard to read. I chose A for better readability."
SUB-DZgSUn4b23,inst-0501,P20,1,I think A is the UI with a clear hierarchy and a well-organized design.
SUB-8VKUO5ocRn,inst-0794,P21,6,Maybe I'm just an old-timer drawn to old designs...? The original and A feel kind of too washed out and vague...
SUB-IKKtoSxE0M,inst-0031,P21,7,The difference was in the step indicator. Having you follow the steps as you scroll seems like the better choice.
SUB-BaBolnuUX1,inst-0784,P21,2,A is more inoffensive. It would likely harmonize better with the overall system.
SUB-lHu3nC6FrU,inst-0778,P21,4,A tendency to cram too much information into one screen. Lower-priority information needs to be hidden.
SUB-xQkcCohpy2,inst-0041,P21,2,A seems to reflect the user's intent better while maintaining the existing usage pattern.
SUB-Un2W--Niug,inst-0455,P21,5,"In B the room's status and which stage it's at are clearly visible, and it looks more extensible."
SUB-RLVkvCsx4z,inst-0865,P21,4,"Not a particularly improved design. If it were me, I'd go back and refine the prompt."
SUB-AMkKzNh9St,inst-0306,P21,6,"Operability matters here, and I think the cognitive load of operating it is much lower."
SUB-m7Qvjz34Hb,inst-0649,P21,3,"Staying within bounds, isn't this about the level of change one would want?"
SUB-Aiu_wBFFQm,inst-0360,P21,7,"A feels like it didn't want to change but had to, so it's being rebellious. B changed boldly. Much more my style."
SUB-wuPmVKBbbX,inst-0975,P21,3,It created a variation while maintaining the original's profile-centered recommendation experience and reading flow. B changes too much.
SUB-HbeA4aC1ks,inst-0905,P21,2,A not only reflected the request but also didn't dilute the meaning of the existing information and the CTA button.
SUB-UJ47U7mv-X,inst-0591,P21,4,"A became a bit simpler, but inviting team members isn't something that happens every time – it's occasional – so rather than simplicity, B provides more information, so I think they're comparable."
SUB-YIF8Le6ZLe,inst-0460,P21,4,"Both A and B tried to reflect the prompt, but the prompt itself is somewhat ambiguous."
SUB-evW0h9rZ2m,inst-0237,P22,1,"The layout is presented in a tidy form and the desired information was added, so I'm satisfied."
SUB-ZfCUP4mduG,inst-0207,P22,1,It seems to clearly reflect what was requested; it would be good if it reflected the literal interpretation of the sentence.
SUB-aRWxKzeFUJ,inst-0120,P22,1,It reflects exactly what was requested without making excessive modifications.
SUB-5vZcjdbBHp,inst-0722,P22,1,The pain point for unwanted changes seems very large.
SUB-7dhfXgUADE,inst-0839,P22,5,In terms of completeness B looks better. Both seem to have reflected the request well.
SUB-Z9nUCXpGQ-,inst-0859,P22,5,"It's hard to call either a proper implementation, but for ""then put a white pill button to the right of the blue security card notice text so you can start right away,"" B is a bit better."
SUB-SHZ8Gpp-7l,inst-0311,P22,3,"The completeness improved similarly in both, but I'm quite dissatisfied that the request wasn't properly reflected."
SUB-SKERhHWHR-,inst-0228,P22,7,"It was a drastic change, but the design feels improved, so I'm satisfied."
SUB-s8mESQYwye,inst-0069,P22,4,Both reflected the instruction. I don't really feel much difference in design.
SUB-XvzrfbunoM,inst-0067,P22,6,Design-wise B looks better; both seem to have applied the request.
SUB-x53wfWrZxM,inst-0575,P22,1,It's better to cleanly carry out only what was requested.
SUB-cAkd-sFqvr,inst-0836,P22,3,"The two screens have pros and cons to the point that a 1:1 comparison is difficult, but I think A did a better job of carrying out my instruction. B changed colors that weren't requested, so the screen's tone shifted way too much."
SUB-5D91bv9L0d,inst-0159,P22,1,"It's better to minimize unwanted changes in design, style, or added elements."
SUB-2L_iCvW4m1,inst-0148,P22,7,The overall design quality and completeness feel much better in B.
SUB-nkCyvk6dI0,inst-0359,P22,7,It clearly reflected the instruction and even improved it into a good screen.
SUB-8nxHlfRBG3,inst-0263,P22,1,I think A is overwhelmingly the one that cleanly reflected only what I requested.
SUB-R1IlIfmWLM,inst-0556,P22,1,"A might look more inconvenient since you have to press buttons multiple times, but it reflected exactly what I wanted. If B had used checkboxes I might have rated B highly from a UX standpoint, but it loses a lot of points for using radio buttons."
SUB-s1NJB2mFhf,inst-0863,P22,1,A is overwhelmingly the one that cleanly carried out what I requested.
SUB-gwN96u8ayO,inst-0166,P22,1,"Compared to B, A looks like a screen made with an understanding of a tablet PC screen. The layout and such also look improved."
SUB-7vOpr8L-mk,inst-0790,P22,3,"A is the one that applied the request exactly as asked, but I don't think B is bad design-wise either. If only one result weren't given, I'd probably want to see both."
SUB-LcbAwaOvow,inst-0094,P22,3,"Both were decent attempts, but option 1 gives a cleaner, more organized impression."
SUB-TRaEIsGlI2,inst-0073,P22,4,"Both are equally underwhelming. If you're using generative AI, image replacement seems like an essential feature too. If the image doesn't change, you can't change the overall impression."
SUB-Lp3GQhVtb4,inst-0211,P22,1,"Rather than changing unnecessary things or things I didn't ask for, doing the basic thing I asked for well seems better."
SUB-DiiD14TQbZ,inst-0140,P22,7,"B applied all the requests while also being far better in terms of design improvement, I think."
SUB-GK01VkkEhu,inst-0217,P22,1,It interpreted and implemented the request well using conventional design grammar.
SUB-zBWERVcHfS,inst-0963,P22,7,"The most important thing is carrying out what was requested, and it did that well; it appears to be an option that improved design and usability within the existing design framework."
SUB-6ETuvhVn6H,inst-0315,P22,6,B seems to be the one that both applied the request and did so cleanly design-wise.
SUB-Kn9_DPc3rQ,inst-0816,P22,1,"A's content seems more appropriate. This feels like the UW domain requiring expertise, so it might be good to offer several options and suggest a direction."
SUB-9eB8hbVOir,inst-0319,P22,1,"I like A's layout because it feels more airy; there was no request to add a background, etc., so it's a shame that unwanted changes appeared (B)."
SUB-tShy_9dv6R,inst-0758,P22,1,"Even if both basically fulfill the requirements, the one that does it well seems better."
SUB-A6NJ9tnI2I,inst-0499,P22,1,"It's better to reflect the instruction with a clean, tidy layout. Option B violates too many... basic design principles (layout, grid)."
SUB-17jCAog2sx,inst-0543,P22,5,It reflects the instruction while trying to do so with minimal design changes. Nothing looks visually distorted.
SUB-rp9JQtnLm_,inst-0400,P22,1,"Even if basic, implementing what I wanted cleanly is better."
SUB-ADxxhKT1pb,inst-0066,P22,1,A seems to have grasped the user's intent better and implemented the UI cleanly.
SUB-MNkmrUWfTF,inst-0474,P22,7,"B seems better in every respect, including reflecting the intent and design consistency."
SUB-PEHUjIHtRU,inst-0395,P22,7,"It understood the intent of the entered command and reflected the changes, and the screen feels improved."
SUB-2OvMphnjKD,inst-0892,P22,4,"Both understood and applied the intent to a similar degree, but it feels like the design improvements weren't really achieved."
SUB-_IhE_5N_b_,inst-0636,P22,7,Requirements applied / it seems like a result made with a good understanding of design grammar.
SUB-25mERv32uk,inst-0912,P22,1,"If I had to pick, A is better. Rather than producing a strange result, it seems better to stick to the basics."
SUB-94yVc4-xwt,inst-0370,P22,1,It reflects the intent and seems like a design-wise familiar screen.
SUB-k7BrPaiEJn,inst-0621,P22,7,"It reflected the request well, and by replacing text with icons, unnecessary text was reduced (replaced with icons), so the information hierarchy is tidier."
SUB-NKPtoTMhtq,inst-0284,P22,1,It reflected the user's request and did a better job on the design.
SUB-Hz-klCcfTd,inst-0981,P22,6,"If it weren't for the background, I think I would have picked A. The background feels like it completely failed to understand my request..."
SUB-kyYbrc3Yuc,inst-0788,P22,5,"Both are a bit disappointing, but still B seems better design-wise..."
SUB-MFJcOF2c0d,inst-0025,P22,7,"It understood and reflected the request well, and there's design improvement. A stable-feeling design."
SUB-oTAuJwxket,inst-0340,P22,6,"It understood and reflected the request well, and there's design improvement too. I especially like how the information at the top was rearranged."
SUB-6f3oitcK0p,inst-0426,P22,7,"There isn't much design improvement, but it understood the request and made the modifications suitable for tablet use. An honest, basic layout seems better than an awkward one."
SUB-6-Ky3l7jmF,inst-0374,P22,5,It understood and reflected the request well. It made the changes more proactively.
SUB-n8NAiSzbDY,inst-0440,P22,4,"It understood and reflected the request well. Both seem set up decently, and the only difference is the presence of the nav — the choice just depends on whether you prefer a left nav or a top nav, so performance-wise they feel similar."
SUB-rq0yTYFhnD,inst-0456,P22,1,A is far better at understanding and carrying out the request. B doesn't seem to have carried out the request properly.
SUB-Ped5Tdo4jd,inst-0023,P22,5,"Neither result is great, but B seems better than A. At least it centered things, which was the request."
SUB-PsMNLcUH1t,inst-0561,P22,3,"Both are similar, but A is preferable in terms of layout."
SUB-gUl3oFyUb7,inst-0910,P22,1,It understood the intent and only made improvements to the original content in terms of design/reflecting the intent.
SUB-sJ1pzKbL1r,inst-0350,P22,6,I think B is better in that it didn't just stretch things into a PC screen but appropriately rearranged the layout.
SUB-ZD6-rWMOZ3,inst-0869,P22,1,Color changes that weren't requested feel quite objectionable.
SUB-GvrepgtzAo,inst-0018,P22,1,It reflected the request precisely and produced a highly polished design result.
SUB-e1TcxZyJxk,inst-0604,P22,1,A seems to be the only one that understood and reflected the request.
SUB-m3QOE3oXRI,inst-0629,P22,1,Option A is the one that clearly reflected the request.
SUB-38yPC3I3DA,inst-0881,P22,6,B does seem to reflect the request better.
SUB-wd7DUxnzBb,inst-0283,P22,6,B gives a more organized impression. A clean UI seems better for preference.
SUB-6H4HB6mvsD,inst-0153,P22,7,The request was reflected and the design improved. The use of charts to show audience performance stands out more.
SUB-hZ2ma57wim,inst-0652,P22,7,"It understood and reflected the request well. If anything, it cleanly converted the original just for PC."
SUB-zFAjqos7vm,inst-0572,P22,2,"Design-wise, option A showed a far cleaner, more organized design than option B, and it feels like the better improvement."
SUB-pKgAynN3fP,inst-0225,P22,3,"Almost no design changes, only the content changed. Both are similar. Seems like a matter of preference. If I had to pick, A is better."
SUB-1I3oPMHAKA,inst-0295,P22,4,"Honestly the two are almost the same, so there's hardly any difference."
SUB-FVdsq21mhb,inst-0213,P22,6,It understood and applied the request. The design variation raised the level of polish. B feels like the design was improved.
SUB-SHwMrSqaw5,inst-0974,P22,5,"For the photo layout, I think B is more appropriate."
SUB-ElGhsjNJ1h,inst-0924,P22,4,"It understood and applied the request. The design wasn't changed much, only the content."
SUB-2Obg00hg4O,inst-0644,P22,2,Provides information in an organized form and understood and reflected the request well.
SUB-h4WlbV_raP,inst-0231,P22,5,"If I had to pick, B, but neither looks well-executed from a design standpoint."
SUB-zCF0D4E6db,inst-0906,P22,3,"If I had to pick, A, but the design is lacking in both."
SUB-bgOsMx4sQT,inst-0085,P22,3,"B is the better choice from a UX perspective, but the first one has more aesthetic stability, and since B's feature is really just an add-on, A seems better."
SUB-3ejh5eulwK,inst-0141,P22,3,"If anything, A seems to be the one that implemented the request cleanly and well."
SUB-y6JSNNMony,inst-0695,P22,6,Understood and reflected the request. Produced a clean result without making large design changes.
SUB-piVV9ln7Yp,inst-0801,P22,5,"Both are decent options, but option B's result seems a bit cleaner."
SUB-egjM4geOGf,inst-0437,P22,3,Seems to have pulled off a clean design without unnecessary changes.
SUB-0Ff2kJ-eVg,inst-0730,P22,3,Option A seems to have reflected the requirements more cleanly and clearly.
SUB-zbnLZYPXiV,inst-0817,P22,2,Reflected the request well while also maintaining design completeness.
SUB-Y--fgqL6WI,inst-0564,P22,6,Understood and reflected the requested content. Design improvement also occurred.
SUB-fTVLo8QIbV,inst-0199,P22,1,It's better that it clearly did only what was requested.
SUB-Ea8HrA9pdu,inst-0001,P22,2,Understood the intent and reflected it on the screen. Seems like a design-optimized result.
SUB-73UZ6z6BcX,inst-0877,P22,7,"Applied a dark theme, designing a screen that shows an understanding of watchOS."
SUB-B5g-cbvEqv,inst-0107,P22,2,Option A seems better for understanding the information.
SUB-7aZEb2PMQx,inst-0911,P22,2,"It's a shame that option B, even as it stretches to a PC screen, makes poorer use of the large screen."
SUB-P3Gg339lVn,inst-0528,P22,4,Both seem similarly like results I didn't want. Seems unavoidable since the request is ambiguous.
SUB-cI5yspmxo5,inst-0494,P22,1,Reflected the request.
SUB-YQVgdpvss7,inst-0491,P22,1,The fact that it applied watchOS's dark theme fundamentally means I can't help but give it a high score.
SUB-ecjWvkDYgM,inst-0443,P22,2,A looks cleaner. Understood and reflected the request well.
SUB-ocpzU3oBq5,inst-0019,P22,3,Understood the instruction and applied it well. The clean minimal design seems good.
SUB-4grgGSO0us,inst-0905,P22,1,It's very hard to understand why things that aren't information that belongs together were suddenly grouped together — that's a big deduction.
SUB-93xkFQM9WD,inst-0598,P22,7,Tidying up the font usage and layout raised the level of polish. The instruction was applied well.
SUB-VekOxRWn6q,inst-0852,P22,1,A seems to have applied the instruction while designing it cleanly and well.
SUB-JVY4l1xvsb,inst-0517,P22,1,It seems to have used design elements to make the screen clearer and easier to read.
SUB-N9xfiQYXLd,inst-0074,P22,2,I think A is better since it seems to propose a better layout a bit more proactively.
SUB-zu7KbX_nO6,inst-0569,P22,4,Seems to have understood and applied the instruction. Neither shows much design improvement.
SUB-xfPFOj923S,inst-0746,P22,6,Seems to have understood and applied the instruction. It made better use of the horizontal space than the previous example.
SUB-vZWT1ehfno,inst-0412,P22,7,"I'd like to give big points for understanding this content and designing it with a popup element. Seems like a better screen from a UX standpoint. A has better color sense, but I think B has clearer UX affordance."
SUB-k3hsHVqLHR,inst-0002,P22,2,"A, which carried over the legacy of the existing UI better while applying the change, looks better. That said, the landscape screen doesn't seem right (neither does, really...)."
SUB-BwGm7E-2nE,inst-0234,P22,2,A feels like the slightly cleaner UI design.
SUB-6FVlgR0y23,inst-0197,P22,6,Understood and applied the requested instruction well. It seems to have added a user-friendly feature.
SUB-lI-NS9FMiC,inst-0763,P22,6,Good that it organizes the information for delivery. It also seems to have applied all the instructions well.
SUB-ntgv0CVgvB,inst-0045,P22,1,"Even if the design is a bit awkward, it seems cleanly designed."
SUB-PE0NZfUlSK,inst-0641,P22,6,Understood the instruction and reflected it on the screen. The added part looks useful.
SUB-XCGDF0wD7H,inst-0299,P22,1,A seems cleaner and to have applied the instruction better.
SUB-xT30xJBUpl,inst-0535,P22,7,"Applied the instruction well. I think B applied the instruction better. In particular, it did a better job of expressing details like replies through UI rather than just changing content."
SUB-rUeKhCtA41,inst-0358,P22,6,It seems to show a higher level of understanding of PC screens.
SUB-rp8ofghCi6,inst-0721,P22,1,"B did apply the instruction, but the original looks easier to operate. The UX itself changed in a somewhat hard-to-understand way."
SUB-tQFRRkTCDI,inst-0388,P22,7,Applied the instruction. Design improvement happened along with it.
SUB-qKH6y7QgY1,inst-0647,P22,6,Appears to have applied the instruction. Changing the button color made the design clearer.
SUB-1Jsv1Tdnbe,inst-0267,P22,6,Changing the layout made navigation easier. It also applied the instruction well.
SUB-U8MySqUmK-,inst-0308,P22,1,Good that it achieved design improvement while maintaining the existing tone.
SUB-zJfYsHoHm3,inst-0157,P22,1,"Compared to B, A seems to have done the design more solidly and safely."
SUB-IQ1BR0vsuW,inst-0748,P22,1,"In B the buttons are designed oddly, hurting readability and intuitiveness. A seems like the more stable option."
SUB-U0Rvi0aTxR,inst-0302,P22,7,"Seems to have understood and applied the instruction well. In particular, it's good that the information was changed to a time rather than how many minutes are left."
SUB-js7yTOtLrL,inst-0765,P22,1,Seems much cleaner while clearly applying the instruction.
SUB-MjExsOPm1d,inst-0102,P22,7,"B, which used the landscape screen better, looks better."
SUB-7AJ9hcdMzb,inst-0043,P22,1,"A seems to have much clearer usability. B goes in like a component subordinate to the dashboard, which makes usability somewhat disappointing."
SUB-BpZhTw1ufo,inst-0576,P23,5,It went one step beyond the one-sided requested function and added a feature (individual selection).
SUB-dm_z4ImFMe,inst-0559,P23,7,"The addition per the request, and the hierarchy distinction, are perfect."
SUB-eELo9kOUMk,inst-0810,P23,2,"Light, and changed intuitively in line with the request."
SUB-i_NBn3HQ_2,inst-0032,P23,2,"In terms of pure aesthetics, A is better than B. But since the prompt itself is ambiguous, whether the result reflects it well can't be evaluated."
SUB-C1vd5PTESY,inst-0698,P23,2,"It was added well, and it's at least more intuitive to grasp than B."
SUB-jIzaLkrfuP,inst-0436,P24,6,"The title/draft information is well separated, which is good."
SUB-2Q-5WTVJQS,inst-0075,P24,3,"Both are poor, but at least in A the buttons look like buttons and the information looks like information."
SUB-9ASkYxB8e0,inst-0040,P24,5,"Whether it's praise or a problem, this seems like the mockup where the ""at a glance"" requirement is most visible. By applying subtle background colors, you can recognize the status of the information at a glance."
SUB-j_ZZWxW0Pd,inst-0004,P24,5,"A did split it left and right, but the content doesn't fill the width so the middle feels empty. It just widened things without using the space. B sets up layers with a side nav + summary cards + detail boxes, so it uses the width while achieving a density that's easy to scan."
SUB-DBOYbQ6A3Y,inst-0498,P24,5,"B wraps it in a ""group snapshot"" card, so it's clearly read as one chunk. For participation expectations, A is a sentence in a quote box that you have to read, whereas B uses two columns of a checklist, so you take it in at a glance."
SUB-wj_RhTWnBC,inst-0379,P24,1,B is overwhelmingly worse. A is the one that reflected the request nicely and with good sense.
SUB-Vj-gF5t7LS,inst-0777,P24,3,"In A the slider has room to breathe and you can see the result right next to you while editing. B is good for having a scene list, but laying the controls out horizontally at the bottom splits your gaze between the preview and the controls vertically, and it's a shame the slider got squeezed narrow."
SUB-Xz_2zg9jdg,inst-0515,P24,6,"[A] switched to a card grid, but fewer people fit on one screen and the shape differs from the recommendation list below, so the hierarchy is uneven. B keeps the list format while attaching the follow timing to each row and moving people who don't follow back to the top, preserving scanning density while substantially changing how things are shown."
SUB-yRVuQtqMOW,inst-0595,P24,4,"Both are basically just adding an arrow to the Complete terms link, so they're effectively the same. It's equally hard to say the path to opening the full text was strengthened, and there's almost no difference in the screens. There's no point on which to rank them, so they're similar."
SUB-Ys05JbauGf,inst-0521,P24,5,"For option information, A just appended the values onto a single line of description, whereas B lays out minimum, risk, and fees in a table, making item-by-item comparison much easier."
SUB-D6BM7zU1tA,inst-0486,P24,3,"B moved the card way down, so it definitely answers the request to change the position, but the top is too empty and feels bare, with the center of gravity pulled downward. A's movement is timid so the position change is weak, but the card's completeness and the underline cue on the cancel button are tidier. Considering fidelity to the request and finishing balance, A comes out slightly ahead."
SUB-FCRD4BMbpf,inst-0979,P24,3,"A keeps the original labels and button shapes and only changes the color, so it's faithful to the request; the one added supporting line is the only excess. B changed multiple forms—pill shapes, uppercase abbreviations, even circular icons—so it strays further beyond the scope of the request, and the amount of label information was reduced too. In terms of fidelity to the request, A is better."
SUB-dyiTn5LZ8V,inst-0593,P24,5,"Both put a join button in the footer, but B's large 'Join video call' makes joining much clearer and it also preserves the original readability. A did address the request, but it shrank the whole card so the text got smaller. So B seems slightly better."
SUB-BcLcecxPSE,inst-0488,P24,6,"B actually changed the product list title composition by adding a ranking title and numbering, whereas A only reflected the top bar style, missing one of the core requests. That said, it's a shame B also modified the product copy."
SUB-8Qrt232jnp,inst-0032,P24,5,"A shows a tidy change with a circular frame and is stable, whereas B makes the brand mark more clearly different with tilt and shadow, better expressing the intent of the request."
SUB-1i8a-Ib6Xx,inst-0913,P25,3,"Both followed the edit request well, but A feels a bit cleaner and more in line with the instruction."
SUB-eOUqbO8TgR,inst-0798,P25,6,B is better in that it tried to improve much more broadly on the parts of the request that weren't specified in detail.
SUB-lq2_Gwby5L,inst-0480,P25,5,"Both did the request to convert it for desktop well, but in terms of the screen transition request, I think B improved it more intuitively."
SUB-sLpdSINsmn,inst-0768,P25,1,I judged that A reflected the request while maintaining the visual order within the existing screen well.
SUB-2x3UkssC6C,inst-0406,P25,2,I judged that A understood the existing UI's rules better and updated the screen on top of that.
SUB-hXbfpAX1x-,inst-0856,P25,5,"For a request that looks simple but affects the whole screen, B is better in terms of layout and readability."
SUB-B0l8vxYRDc,inst-0259,P25,1,It preserved the clean impression of the original screen well and perfectly carried out all three requests
SUB-wyZ7Ohzil7,inst-0196,P25,1,"Not only was the request carried out, but the overall aesthetics of the UI were upgraded as well."
SUB-CInVVpxqVh,inst-0934,P25,1,A performed the task exactly as requested.
SUB-wANbIOwisg,inst-0756,P25,5,"For showing proportions, I think choosing a pie chart was more visible and effective."
SUB-mw2Xpe2zLi,inst-0989,P25,4,"Both designs actively incorporated the existing screen layout and changed it to an appropriate degree in line with the request, so I think they're similarly good."
SUB-f5FkJ5rhnI,inst-0593,P25,5,B is the one where the purpose of joining a meeting comes across more solidly
SUB-gIZIhG0c3J,inst-0784,P25,1,"It feels like it was developed within a predictable range, and the level of polish is higher too"
SUB-bohz3H6lSH,inst-0770,P25,1,"A is more polished in everything, from understanding the request to the resulting output"
SUB-iaQuqJ4zkG,inst-0025,P25,6,It shows well that the UI was improved by properly reflecting the instruction
SUB-6Vji5qtsrP,inst-0444,P25,5,"Both reflect the instruction well, but B made changes that fit the whole screen better"
SUB-8KFWU60_fi,inst-0015,P25,5,"Aesthetically A is better, but from a deeper UX perspective B is better."
SUB-ziPLYsRdsR,inst-0876,P25,6,"In B's case, it seems like thought also went into what role each element plays, which is good"
SUB-Vn_j7obJw9,inst-0179,P25,2,It raises the aesthetic polish over the original UI
SUB-zyciSx3Dkl,inst-0664,P25,5,"They're similar, but I think B is positive in that it switches to a view that shows the product images more actively, which was a shortcoming of the original UI."
SUB-uPg9sTjxn0,inst-0724,P25,3,A is generally decent.
SUB-NnIEEb4ul_,inst-0099,P25,1,"In terms of how perfectly the detailed instructions were carried out, I judge A to be far better."
SUB-uy15z0caYV,inst-0364,P25,4,"For an instruction that left a lot of room for subjective interpretation, both carried it out appropriately within an understandable range."
SUB-QuRu_hgTMA,inst-0600,P25,6,"In terms of how efficiently the space was used, B's card layout is more appropriate."
SUB-LNw7sJewLy,inst-0459,P26,1,"The hierarchy is clearly visible; it shows the differences while also showing the rest together, and within that, the slight change from the original colors means almost no strain on the eyes."
SUB-KpmVtj3wza,inst-0453,P26,6,"A is the one whose feel changed a lot, but its design quality is way too low. In B's case the feel changed in a calm way, so B seems better. Other than that, I think both executed the instruction itself well. It'd be good to use A's whitespace in B's design."
SUB-8QqoLUA8Fg,inst-0565,P26,6,"1. B has no meaningless whitespace (A arbitrarily adjusted the arrangement without calculation, creating meaningless whitespace, and doesn't look suitable for tablet). 2. Rather than differentiating by color itself (A's difference is too large), differentiating by Line/Fill looks cleaner; if it were to be shown by color difference, the color difference should be less. 3. The essential ""Write a review"" button is clearly visible."
SUB-sIQeYwKqqr,inst-0070,P26,3,"Both reflected U1 and U2 well. If I had to pick, B differentiated the items considering they're on the same line but have different attributes, but that doesn't play much of a role. B barely accomplishes U3."
SUB-Rmp0ma4dsF,inst-0773,P26,3,"A conveys the substitution/refund preference for out-of-stock items more cleanly, and that part isn't important enough information to warrant being boxed off. On top of that, because of this, A is better in terms of hierarchy, design tidiness, and cleanliness."
SUB-ax6pI9FIfD,inst-0887,P26,2,"Both reflected the requests intuitively, but in B, making every condition a box makes the overall layout feel heavy."
SUB-69f2xZ6n71,inst-0358,P26,6,"B implements the progress bar area better than A. In A, you can't tell what that bar means. Otherwise, both are well implemented with different designs depending on how horizontally wide the modal is."
SUB-ap7oi-3Rvb,inst-0572,P26,1,"First off, A looks like a finished UI while B looks like a wireframe, so it's not really something you can compare. Since polish is the most important thing at the first level."
SUB-9aOL9ftbga,inst-0655,P26,2,"Both handled the requests themselves well. The categorization design actually looks better in B, but content-wise the waiting people should have higher hierarchy, so A does better in terms of the classification system. Moreover, A looks more polished in terms of layout."
SUB-pBzHCoWZX9,inst-0908,P26,2,"Both reflected the requests well, but A's filter function blends into the existing design better, and for that amount of information a button-style approach seems more suitable."
SUB-OW73Geev9O,inst-0615,P26,2,"Both reflect the requests themselves. A proceeded while maintaining the existing design, with no design changes from excessive arbitrary interpretation (the layout tidiness is improved)."
SUB-PshqTpHzJu,inst-0641,P26,6,"By moving the event to the very top, the thing that should be categorized first is well positioned at the top. After that, A just changed the content within the existing structure rather than considering the content. B modified and rearranged the layout to fit the content."
SUB-txL4a91u2l,inst-0582,P26,5,"In A's case, every element is text, so there's little whitespace and readability suffers. In B's case, it looks like the screen after the design was applied was taken into account, so the elements overall look clean and tidy. Above all, readability is higher than A."
SUB-GdXhGMcIVl,inst-0686,P26,2,"Cleaner, and the balance between screens is right (B's button looks a bit excessive for that screen's UI)."
SUB-BYG_zzbhMU,inst-0514,P26,1,"It presents the two different kinds of information differently; it uses clearly different colors but lowers the saturation and raises the transparency (less contrast with the background) so it doesn't look out of place. A establishes hierarchy within the single screen first, then within each area, so the screen is balanced overall."
SUB-loMhnxIBDW,inst-0169,P26,7,"It analyzed the content hierarchy and restructured it to suit a smartwatch, and added new emojis so users can see things well visually on the small screen."
SUB-o9W88qEGsB,inst-0972,P26,2,"In B's case, the limited options are presented in a narrow, tall vertical form, so users might end up selecting the wrong option. On a small screen like a watch, it seems better to visually show only the most important information (the selected time)."
SUB-0jsoT3_o5v,inst-0464,P26,2,"1. It categorizes times by a standard that's easier for users to view (for the unavailable ones, they're already clearly marked as unavailable, so categorization doesn't seem very necessary), and grouping the reservation-related items on one side makes it easier to consider date and time together (in B's case they're split horizontally, so the range of screen the user has to take in feels larger)."
SUB-Vc0aXv_XAh,inst-0035,P26,5,"The purpose of the screen reads faster, and it became more suitable for scanning team member info"
SUB-Wtgvd_vQTo,inst-0366,P26,2,"Carried out all the requests; made it visible that it's a team deletion, you can tell what file type it is from the thumbnail, and for who deleted it, rather than just a name, it added an icon on the right to make it easier to recognize."
SUB-qU1JWBVOFP,inst-0822,P26,6,"For tablet optimization, B makes more active use of horizontal space with a wider monthly calendar and sufficient area allocated to the selected-date booking card, and expresses the patient/therapist relationship clearly"
SUB-FhogUwGQM9,inst-0921,P26,6,"It chose lower-saturation, more organized colors; both handle color use itself well."
SUB-HcoXVCBOw6,inst-0157,P26,1,It kept the existing design while adding new design elements; additions/changes were made appropriately in line with the requested prompt.
SUB-KT-a1ULw69,inst-0282,P26,5,"The information hierarchy of each card improved equally; the layout is a bit tidier, and it was redesigned according to the importance of the information/controls on the whole page."
SUB-4djeR6caqh,inst-0234,P26,5,"Both reflected it clearly and well, but B gives less of a warning-like feel."
SUB-FZswFgSjVG,inst-0949,P26,6,"It calculated the layout, reorganized the information hierarchy, and redesigned it to fit the tablet. It reflects ""it would be nice to know how full the chosen list is"" better in the design – the information is easy to take in. The U3 item, start a new list, is placed poorly in both."
SUB-mpY_Rm63tP,inst-0579,P26,1,"Both satisfy all the given conditions; in A's case it considered the surrounding design, took into account that this information is lower in importance than the others, and designed it for aesthetic unity (the existing design uses fill, with nothing divided by lines at all)."
SUB-i0ABlGcj-T,inst-0672,P26,6,"It was redesigned into a layout where the information is organized enough to be easily seen. Rather than just keeping the existing design and changing the arrangement (V-A), the step display was converted from horizontal to vertical to match the changed size/proportions, and the way that information is presented got better as a result."
SUB-ttWMDujI1T,inst-0396,P26,2,Both added a secondary color. They picked colors that fit while keeping the existing understated muted tone. In A's case the save button was inserted with some calculation -> each box is reasonably proportioned / B's button isn't calculated.
SUB-XnPOUrnCY2,inst-0002,P26,1,"The layout was well considered. While putting in a lot of information, given the characteristics of a large tablet screen, presenting the flow of time in a circular form rather than a line would probably be better. A has fewer shortcomings than B."
SUB-0DoVfBz1sH,inst-0695,P26,2,"It reflects the request better. The body text is similar in A and B. For the title, A changed the color so it stands out the most, while B is similar to before."
SUB-XU27tU9OPE,inst-0133,P26,7,"There are no clashes between design elements, and it accurately reflects the request for a different feel."
SUB-VCD4_EFvmo,inst-0974,P26,6,"For U, both reflected it well. However, for U2, A switched to a horizontal row form, which makes the overall layout look cramped and greatly shrinks the photo area. And for U3, searching by camera/name, B is better in terms of on-screen contextual connection + the UI approach."
SUB-lkubF8jS4M,inst-0727,P26,7,"A can't be said to have been designed at all, and that design can't be called a desktop page."
SUB-cNfhEE4PHC,inst-0730,P26,1,"It looks tidier and carries out the request well. Since there was no request to change the existing design style, A, which maintained the existing design well, handled the request better."
SUB-Nhsq07aSzE,inst-0365,P26,2,"A's coupon categorization design is clearer. B categorized via boxes, but the boxes are too faint and it's not clear what they're categorized by (the font needs to be completely different, or the color completely different – in the current design a change of position is needed; since it's inside the box now, the hierarchy looks similar to other information)."
SUB-GMbjB1CLW7,inst-0064,P26,6,It feels tidier and seems designed with good use of the existing colors. In A's case the button feels less like a finished button and more like a wireframe button.
SUB-zeCEWIjPCa,inst-0718,P26,2,"The layout is cleaner. Since the request was to split that information into two, it's appropriate for the area itself to be split into two. In B's case, designing each piece of information in a separate area makes accurate information delivery seem difficult."
SUB-U0fVrnK1CY,inst-0001,P26,1,"Purely from a design standpoint, B with its well-placed whitespace is better, but B didn't change it to the card format, which was the most important element."
SUB-9XAfroBeud,inst-0331,P26,6,"A presents most of the content as text with no other elements, which results in little whitespace and it reads as a UI whose layout isn't properly set up."
SUB-BJJsubM5eA,inst-0149,P26,6,"It reflects the request well. It carried out the request in a visually clear direction, and the layout itself isn't much different."
SUB-nfENZ71hnP,inst-0645,P26,3,"A seems to have designed it more cleanly while maintaining the existing design (in terms of carrying out the request, A conveys it clearly through icons and additional explanation)"
SUB-Ircs1ZrmHr,inst-0377,P26,7,"In terms of color choice, font size, and the hierarchy between each piece of information based on center alignment, and buttons people can recognize immediately without extra explanation — especially the way information is conveyed above the button — B is overwhelmingly better designed."
SUB-Y34axKLWWa,inst-0301,P26,2,"A proceeded with the existing design in mind. Especially for things like the coach info, it divided the hierarchy well through whitespace, font size, and weight, and it didn't use any third color that isn't on the page."
SUB-PhprIaSg7w,inst-0651,P26,4,"Both reflected the instruction itself well. A uses whitespace better and looks cleaner. That said, from the homework standpoint, splitting things by date like B does seems better."
SUB-LJ37yn2ppY,inst-0242,P26,4,"Both reflected the instruction itself. A applies a uniform three-way split so the hierarchy isn't visible, while B divides the hierarchy too much, making it look like there's a lot of information."
SUB-eRGuZduYIR,inst-0595,P26,4,No visible difference between the two.
SUB-HviV8ebfm6,inst-0535,P26,3,"For the reply area, B is a bit better in readability and the layout looks cleaner. That doesn't mean A did poorly, though. But for the author activity content, A designed it reflecting information hierarchy/content/length and the user's reading flow. B did not."
SUB-XfobIUi5nw,inst-0920,P26,3,"The actual amount of size reduction may be similar; in B's case it may look like the size was reduced more because it's cropped into a circle, but as a result that work makes the image look small in B and ultimately breaks the balance of that box area — the right side looks heavy."
SUB-e5y03vWVTw,inst-0295,P26,3,"Design-wise B is better. Neither A nor B reflected the amount part. In the inviter, A explicitly shows it by not changing the title, and by not deleting the left box below, so there's less concern about UX issues."
SUB-jQKutdiCx6,inst-0873,P26,3,"Both are well designed, but A's separation of main heading/subheading is clearer, so it's better in terms of content hierarchy and readability, and the changed point is placed on the left, which visually connects it to the content and makes it easy to read."
SUB-pwtbLx2MHK,inst-0643,P26,6,"The button position and size are made appropriately. For this kind of content, people need to get into the main part, and the overall content isn't information that needs to be constantly visible, so having it neatly organized at the top looks better than being fixed on the left. And B, which further breaks the per-member classification system down concretely by attribute below that, looks better."
SUB-MFlt_wZwpl,inst-0237,P26,3,A has design consistency and doesn't interfere with the existing elements. I see it as a more calculated design than B.
SUB-zY1_yhHQA4,inst-0522,P26,2,The content is more visible; it uses boxes to emphasize only what needs emphasis and makes the rest flat and informational; each piece of information is designed with an effective way of conveying it (B is uniform).
SUB-8Mn0dMeZUF,inst-0748,P26,1,It took the amount/structure of the content into account.
SUB-lUWgrcXun0,inst-0370,P26,6,"For the request to change the order in which the calorie total appears, B changed it clearly by moving it to the very top; it's hard to say A changed this at all."
SUB-VhjrQMAqpL,inst-0302,P26,7,"It reflected the request clearly, right down to the placement -> the layout doesn't feel cramped."
SUB-wCKDC2fkUT,inst-0763,P26,3,A is cleaner. And the information is also perceived as connected to the photo.
SUB-CJFYopjdEf,inst-0617,P26,3,"In A the information hierarchy is clearly visible and the layout looks tidy (color is filled in only where it needs to be, and the rest is left alone)."
SUB-VYjgdUyBJI,inst-0388,P26,4,"For the classification scheme, in A all three appear at the same hierarchy level / In B's case it came out more aesthetically pleasing, but the three don't all appear to be at the same hierarchy level."
SUB-t1kZ76OArL,inst-0704,P26,6,"For grouping by type, B applied it better than A."
SUB-OsUcAgWHPC,inst-0012,P26,4,"A organizes and tidies up the content, while B is a format that gives you the information by date"
SUB-6ZfUUQzYyM,inst-0636,P26,4,For this part the content is well reflected; the difference is basically that A made it vertical and B made it horizontal
SUB-d6FfUZ1MoW,inst-0998,P26,2,"In A, a sidebar is created for the relevant page. In B's case, it's done landing-page style and isn't designed appropriately for this page"
SUB-vLHl5-Q3nw,inst-0392,P26,2,"In A's case the numbering has a bit more weight to it, so the balance looks better"
SUB-cgsMIu7cPx,inst-0279,P26,5,"B reflects the content well and handles the hierarchy well, adjusting it with subtle changes in font"
SUB-uQT4NOz7aO,inst-0670,P26,2,"In A the screen was clearly changed to a program-oriented one, but in B the purpose of the page doesn't seem to have changed"
SUB-Azz8cNzg-k,inst-0124,P26,2,"Looks tidier — the messenger section is emphasized in the very center with additional content on both sides, so the information is well organized within one screen / For B on the right, it looks organized overall, but the layouts of each section aren't clearly distinguished"
SUB-GdGB1yX9i7,inst-0053,P26,3,"A maintains the overall design. The instruction asked about the button's color, not a change to the overall feel"
SUB-PxeFNOLy_q,inst-0025,P26,3,"Design-wise B is better done, but for the remaining time part A is more visible (I think it reflected the instruction better) + in A the goals/queue are laid out horizontally so you see them at once, whereas in B if the list gets long the queue can get cut off"
SUB-GBnykoT6aA,inst-0818,P26,5,"In A's case, dividing everything into box areas made the layout feel overly segmented, so B, which divides the content cleanly, is visually better."
SUB-btV-YIgTcq,inst-0354,P26,3,"In B's case, the episode-covering content doesn't wrap things as a whole but is split by time, which feels like it's presented in too much detail."
SUB-JN7T7IZ0ig,inst-0376,P26,2,"It keeps the existing design and, while maintaining it, changes the design from line to fill. In B's case, the request was applied in a format completely different from the existing layout, so design consistency is lost."
SUB-oBysRyplGP,inst-0021,P26,3,"The design quality is nearly identical, but the uploaded file name is more recognizable — being positioned next to the icon makes it visually easier to notice."
SUB-wCJkTY4vyn,inst-0955,P26,6,"In B's case, the sidebar goes black so the areas are divided overall, and the table format improves information delivery."
SUB-0wvhVVPLsn,inst-0230,P26,5,"With nearly similar design application, in B's case it clearly shows that it's a dropdown-style button when reflecting the UI."
SUB-xncWPla1fJ,inst-0432,P26,2,"In A's case, more arbitrary design elements were added, but in that process it ended up designed more suitably for a watch."
SUB-bMcCn9Vnl_,inst-0566,P26,5,It's more appropriate that the layout changed in line with the changed content in the body section.
SUB-PAg5Ry8WR7,inst-0884,P26,3,A maintains the existing design better and has an appropriate number of elements in the layout. -> I think it's better in terms of overall readability/completeness.
SUB-GxJFJhyX4S,inst-0780,P26,6,"A tends to try too hard to keep the existing version, so as the content changed, I think it falls short of saying the request was accurately and well reflected."
SUB-n-ZQ_v1Igd,inst-0752,P26,6,In A's case the header section isn't as clearly visible as B's -> the hierarchy reads better in B.
SUB-MQzCi7wo2-,inst-0729,P27,3,"A made the edits well in line with the context, but for the list view B's change seemed more appropriate, so I concluded it's slightly better."
SUB-qf6XWpCJLi,inst-0757,P27,5,"The expiration date was improved into a chip, improving readability etc."
SUB-ouHuUMW3TV,inst-0703,P27,1,Design A reflected the instruction precisely
SUB-ZryS9-EaG7,inst-0883,P27,6,"It implements the purpose of separation well, with no visibility issues."
SUB-goc1mJlfvj,inst-0704,P27,3,"For the price tab, B implemented it well according to hierarchy, but overall the application of the revisions and the composition are better in A."
SUB-yjad0hXI_F,inst-0247,P28,3,Only the request was appropriately reflected.
SUB-RnCd8jJ4d7,inst-0786,P28,2,It appropriately converted to a desktop version based on the original's intent.
SUB-VDYextSUHu,inst-0957,P28,1,"It understood and applied the structure commonly used in mail services well. B seems to have borrowed the wrong UI, one suited to history or records."
SUB-gk4mRKvMJw,inst-0893,P28,5,It seems to have thought a bit more deeply about the information appropriate for saving a recipe schedule.
SUB-HX-zubj-Yz,inst-0909,P28,5,"The detail and button areas look well grouped. The Copy button is placed far from the text in both A and B, which isn't good, but B at least spells out the full text 'Copy reference,' so it seems a bit clearer."
SUB-Vb1Xfn3vyt,inst-0885,P28,2,"Good understanding and application of the instruction. That said, the design needs a bit more tidying up."
SUB-RnRFjn3oP7,inst-0594,P28,1,"It only reflects the requested part, appropriately. It maintains the style."
SUB-ka4jnDZOOu,inst-0451,P28,6,"It adds the requested information while maintaining the original style. Compared to A, there seems to be no room for misinterpreting the information."
SUB-emlPsrU6NI,inst-0787,P28,7,It proposes a more fitting graph form while maintaining the original intent.
SUB-crlIpYTVi8,inst-0058,P28,1,"It seems to have understood the contribution to the increase by household member and each member's share well, and converted that into an appropriate type of graph."
SUB-y7cYP7iX_E,inst-0341,P28,3,It reflects the instruction better. It seems to have emphasized the options well while changing the flow.
SUB-WomJ7zVV2-,inst-0973,P28,3,A's hierarchy looks far more organized. The path into the product is clearer.
SUB-0lfQAvXlTe,inst-0212,P28,1,It was changed to a layout appropriate for desktop. The information hierarchy isn't skewed compared to the original.
SUB-_eC0hvuC96,inst-0062,P28,5,"The top information looks well grouped, and the style of the Places section at the bottom looks more consistent and cleaner."
SUB-DYEAw7Z1O_,inst-0372,P28,2,"Applied with an appropriate design in the center column. The button hierarchy and placement are set appropriately, which is good."
SUB-9SZZlMDfpY,inst-0847,P28,2,"You can compare right inside the plan selection card, and the overall arrangement is a bit more stable."
SUB-csG_XEPKaj,inst-0919,P28,1,It was modified appropriately while maintaining the original's style.
SUB-2MeisjzLU0,inst-0897,P28,4,"A is the one that maintained the original's information and feel well, but it's a shame the detailed layout looks broken. B is organized in a cleaner style, but the emphasis balance of information is lacking, so readability suffers."
SUB-4JTvXmvfQT,inst-0122,P28,6,The layout was appropriately changed for the watch. It applied the request without omitting any information.
SUB-UpVAUdUZyM,inst-0442,P28,1,It maintained the original style well and shows the screen's purpose clearly by emphasizing the Badge title. It uses sizing and button styles suited to the watch.
SUB-B5b6Yh313A,inst-0477,P28,6,"The distinction between what's done and what's to do is clearer, and the emphasis is well modulated so the overall completeness looks higher. The bottom button catches the eye better."
SUB-CJ3bG2-phA,inst-0713,P28,1,"It was a clear and simple request, and it understood and applied it properly. It seems useful in that it applied only what was requested, without going overboard."
SUB-HlBUq6bhUm,inst-0312,P28,3,It applied only the request while keeping the original style.
SUB-pVGTXTIu44,inst-0301,P28,4,"A applied it cleanly, keeping the original style well and changing only the requested part, but B's box layout, information structure, and button color change look more appropriate for the Cancel screen."
SUB-KiZBwP62so,inst-0431,P28,5,It probably depends on the requester's intent regarding how much they want to keep the original style. B's text readability looks a bit better.
SUB-C4E-djRKBO,inst-0502,P28,5,It reflected well the request to make the main card feel different.
SUB-vFzJx9Jt_y,inst-0577,P28,5,"A maintained the feel of the original well, but B better captured the feel of a recording UI"
SUB-z-__X6bLua,inst-0450,P28,2,"It kept the original style well, and devices to improve information readability (e.g. charts) were appropriately added"
SUB-N0RRiOeZmR,inst-0309,P28,2,"It kept the original style well, and I think A does a better job of modulating the emphasis of information"
SUB-_gF0KxSkVM,inst-0092,P28,1,"It kept the original style well, and the time selection UI is easy to understand"
SUB-QjToAq_Ju1,inst-0501,P28,1,It understood the instruction well and reflected it appropriately without going overboard. No excess.
SUB-dbjGFpNTV-,inst-0003,P28,2,"It kept the original style well. The information inside the items is arranged so it's easy to understand. It doesn't line up too many shadowed cards, so it looks less cramped."
SUB-oGZXUUPQXI,inst-0868,P28,1,"It feels more like a printed receipt, and the progress graph is well recognized in line with the information"
SUB-ZK8qWCRTj5,inst-0730,P28,2,"It kept the original style, and the consistency of information and style is good."
SUB-5ZiKP7ZSCn,inst-0144,P28,1,It reflects the instruction appropriately. The layout and use of whitespace also feel highly polished.
SUB-_HO9scvIS-,inst-0792,P28,2,It kept the original style well and added steps 1 and 2 in line with the intent. Using a unified UI makes it look cleaner.
SUB-4SHf0HJjFd,inst-0260,P28,1,"It kept the original style well, and the fee-related information looks nicely grouped."
SUB-Ock3vYH9L1,inst-0565,P28,6,"The readability of the summary panel improved, and it uses a layout that's easy to use on a tablet."
SUB-T_cZcyEaeo,inst-0430,P28,4,"Both converted it well for desktop, but it seems the changes were made without fully understanding the original intent. The level of detailed design polish is disappointing."
SUB-Rgwvw72svy,inst-0202,P28,4,"Both feel like a similar style with only the layout differing. The buttons are clear and not awkward in both, and overall the composition is decent."
SUB-XyPgIQtDpD,inst-0109,P29,3,This one is more appropriate.
SUB-MdvnfNS5pF,inst-0293,P29,6,"The hierarchy is clearly visible, and visibility and polish are improved."
SUB-aCkRGqnRgx,inst-0533,P29,5,B's information hierarchy is more appropriate.
SUB-J2QMCfUOGR,inst-0190,P29,2,The hierarchy is appropriate and visibility is high.
SUB-M5j5415roU,inst-0850,P29,2,It shows the information appropriately.
SUB-qTGwBHk0wA,inst-0941,P29,2,Much more intuitive.
SUB-tis4lqpO34,inst-0294,P29,3,An appropriate improvement.
SUB-S7G6rv7row,inst-0497,P29,3,It was a reasonable amount of change.
SUB-bS67EJ7YlW,inst-0608,P29,3,A more appropriate improvement.
SUB-s8ZnpK-_YT,inst-0155,P29,2,It carries out the request more clearly.
SUB-AoXXk2jG23,inst-0496,P29,6,Nicely improved.
SUB-YEokXmnsLj,inst-0243,P29,1,A very fitting improvement.
SUB-Vma98EqyKt,inst-0277,P29,2,An appropriate improvement.
SUB-X7MfRl9qr6,inst-0623,P29,6,It reflects the requirements well and usability is improved.
SUB-fVPLgABx0v,inst-0313,P29,6,A good improvement.
SUB-Y5m39FNVe3,inst-0386,P29,3,An appropriate improvement.
SUB-37UpBKZIeA,inst-0862,P29,1,A very good direction.
SUB-QZMIVr0lyW,inst-0667,P29,3,Reflects the requirements well.
SUB-8LTr69CKZq,inst-0832,P29,5,Reflects the requirements well.
SUB-EUnL01ZXlz,inst-0882,P29,3,It reflects the requirements better.
SUB-1DHiHmrAlH,inst-0769,P29,2,"It reflects the requirements well, but both have disappointing parts."
SUB-2xSWsUspwU,inst-0546,P29,4,"Rather than the two being similar, A doesn't fit the mobile environment well, and B requires judging via an additional screen."
SUB-V3y3WSIh7k,inst-0563,P29,3,Reflects the requirements well.
SUB-Jbjzx4b5YP,inst-0818,P29,5,The requirements are well reflected and the level of polish went up.
SUB-7-JHMJQ0lP,inst-0992,P29,6,"Usability, visibility, and completeness all improved."
SUB-JMgAAO254v,inst-0914,P29,4,Neither is the best improvement.
SUB-4CgEa5pMUS,inst-0819,P29,2,It reflects the requirements well and intuitively.
SUB-zJykiQzvdx,inst-0506,P29,4,Both variants reflected the requirements well and have good usability.
SUB-aW_nTdx8oz,inst-0076,P29,3,It's a better direction for improvement.
SUB-vRzMFQgKyw,inst-0567,P29,3,The requirements are well reflected.
SUB-U_-Q8VFnDl,inst-0242,P29,4,They provide a similar experience.
SUB-HfHms9_x4A,inst-0226,P29,2,What was requested is well reflected and improved.
SUB-wICXaORCew,inst-0215,P29,3,A more appropriate improvement.
SUB-snRHnffuia,inst-0227,P29,3,It reflects the requirements well in a simple way.
SUB-dazad5i42l,inst-0059,P29,3,The reflection of the requirements and the additional changes are appropriate.
SUB-Lf1VjdXBzG,inst-0613,P29,3,A is the slightly better direction.
SUB-DkL8KnsV5T,inst-0269,P29,3,A is the slightly better direction.
SUB-vNfagxklbZ,inst-0152,P29,5,B is more polished and reflects the requirements better.
SUB-3p1KoaErFF,inst-0846,P29,5,The improvement goes beyond what was requested.
SUB-50A07tQsJ4,inst-0513,P29,5,"The requested content is well reflected, and redesigning the hierarchy was appropriate."
SUB-uSJHT6-gRz,inst-0871,P29,6,It's a well-improved design.
SUB-EHTFy34fen,inst-0838,P29,5,Improved beyond the requirements.
SUB-vCybKQAyLg,inst-0297,P29,3,The requirements are well reflected and there are no unnecessary elements.
SUB-8LwQtRxQ_3,inst-0947,P29,3,It's a more suitable direction for improvement.
SUB-Q5M2-rFx-C,inst-0959,P29,3,The requirements are well reflected and the changes are appropriate.
SUB-NYCOanSb47,inst-0382,P29,2,Reflects the requirements well.
SUB--7e9LB3aq1,inst-0462,P29,2,The requirements are reflected better.
SUB-bxMUSJozcP,inst-0357,P29,4,Neither is very good
SUB-M62C4TYj6w,inst-0997,P29,4,Neither is an optimal improvement
SUB-LV_5cMg4o6,inst-0732,P29,3,A good direction
SUB-4nXjaDku-h,inst-0193,P29,6,Improvements were made in every respect.
SUB-e9ACa2PZsD,inst-0278,P29,3,It's a better direction.
SUB-27WwMH8g-c,inst-0034,P29,5,"Both were good improvements, but B was a somewhat better direction."
SUB-VCuFh2Uuvm,inst-0631,P29,4,Neither can be called good.
SUB-zh_YIVEJf5,inst-0008,P29,5,If only the line breaks in the main text had been better...
SUB-9pZWqUY9TX,inst-0169,P29,3,It reflects the requested content well.
SUB-mrrv65619l,inst-0429,P29,3,Style and level of polish are higher.
SUB-v6eyNsskHw,inst-0899,P29,5,It's an improvement more optimized for the desktop environment.
SUB-2BJU5m-WKY,inst-0581,P29,6,A good design that is better optimized.
SUB-J6NmhUjmKA,inst-0916,P29,2,An improvement in a more fitting direction.
SUB-NfWuoL5fu0,inst-0192,P29,3,The requirements are well reflected and it's an improvement in a more fitting direction.
SUB-uLWV8oXRqu,inst-0110,P29,3,It's an improvement in a somewhat better direction.
SUB-uT6ANskF-y,inst-0356,P29,5,It's an improvement in a somewhat better form.
SUB-D5LLxjpfGn,inst-0046,P29,2,A is the more correct direction of improvement.
SUB-vVFecOUXqN,inst-0485,P29,3,It's an improvement in a direction better suited to the mobile environment.
SUB-TkbKGwnRdo,inst-0100,P29,6,"It reflected the requirements well, in line with the desktop environment."
SUB-UYwsN8rPHi,inst-0115,P29,4,The requirements weren't fully applied. (It needs to reflect how full the graphic is over time.)
SUB-PAGQxszoKE,inst-0680,P29,3,It's an improvement in a somewhat more correct direction.
SUB-ogIkWu5xkH,inst-0123,P29,2,A's direction is an improvement that fits the requested content well.
SUB-wupVt0lpMg,inst-0161,P29,2,A is the improvement in the right direction.
SUB-brmYFbaC59,inst-0286,P29,3,Option A seems to fit the desktop environment better.
SUB-NJJpqH3BmW,inst-0470,P29,3,The requirements are reflected better.
SUB-tjqn1Z8S_W,inst-0504,P29,5,Better visibility.
SUB-Q2Kli3amXG,inst-0415,P29,3,"Neither is very good, but A is somewhat better."
SUB-xg5iwrYWZF,inst-0612,P29,5,It reflects the requirements well and really makes it different.
SUB-crbcOFzlXW,inst-0773,P29,3,It reflects the requirements more appropriately.
SUB-9S4qcElqwk,inst-0447,P29,3,It's an improvement in a better direction.
SUB-5gv6wA-MJ1,inst-0534,P29,2,A more appropriate direction for improvement.
SUB-YpyDofKhaJ,inst-0937,P29,2,Improved in a more fitting direction.
SUB-S4Oenbbu5n,inst-0655,P29,2,The requirements are well reflected.
SUB-VrKYsESZSZ,inst-0370,P29,5,It's an improvement in a better direction.
SUB-4gWfqkACiU,inst-0377,P29,5,Applied in a way that better fits the device environment
SUB-76gRMXXixO,inst-0225,P29,4,"Both drafts have pros and cons, so I chose the middle"
SUB-JnRJXIwfkt,inst-0032,P29,3,Seems like a better direction
SUB-55RCT4Ow1N,inst-0888,P29,3,Reflected the requirements well
SUB-PGUU_6Igeb,inst-0392,P29,3,An improvement in a more fitting direction
SUB-ZASn9EDv6e,inst-0390,P29,2,An improvement in a more suitable direction
SUB-5B3YoNS9AL,inst-0966,P29,3,An improvement that fits the requirements a bit better
SUB-40muxw-ZPJ,inst-0290,P29,4,Both... are not that good
SUB-G5UBSn9oJl,inst-0495,P29,3,An improvement in a more conventional direction
SUB-8Lf0Y580nM,inst-0551,P29,3,An improvement in a more fitting direction
SUB-gpsJPfExwW,inst-0135,P29,4,"Both reflected the requirements, but the style and layout aren't optimized"
SUB-M2FaC_6Z-p,inst-0304,P29,3,An improvement in a more fitting direction
SUB-TFWoWA1aMo,inst-0399,P29,2,A layout that suits the tablet environment better
SUB-K9_4kIpNa9,inst-0121,P29,3,An improvement in a more fitting direction
SUB-sW47aWNgZ5,inst-0809,P29,5,"It's an improvement in a better direction, but some parts feel unpolished"
SUB-jZzfCdzUfw,inst-0620,P29,4,It's hard to call either an improvement in a better direction
SUB-Ri2nH_f23a,inst-0508,P29,4,Neither is an improvement in a very good direction. The polish and style are poor
SUB-P3ZfTQnuh6,inst-0108,P29,2,"A more appropriate change for the desktop environment, and the additional modifications were also appropriate"
SUB-3hQPy4-rU_,inst-0583,P29,3,"The requested content is better reflected, improving visibility, usability, etc."
SUB-X_X_0HfEIb,inst-0552,P29,6,The layout suits the tablet environment well and the overall level of polish is high.
SUB-qpYcX-KhBy,inst-0630,P29,5,Good overall style and polish.
SUB-TB9yW4gsTV,inst-0131,P30,2,"It isn't highly polished in design terms, but I judged that clearly implementing the functionality itself matters more."
SUB--1aOe2L6fN,inst-0087,P30,6,B reflects the request clearly; it feels like it understood and applied what was being asked for.
SUB-Wa7Itw50YP,inst-0479,P30,5,"Less to my design taste, but... it feels like it understands the requirements a bit better."
SUB-tIfPG6GnAV,inst-0114,P30,4,"I don't really understand why all the colors were changed and why all the naming and content in the people list is different, but aesthetically the left one looks better, and in UX terms the right one looks better."
SUB-czqpseGUh_,inst-0596,P30,6,"Both reflected it well, but option B felt like it had higher design completeness by reflecting the overall mood."
SUB-wwCSF2oPJC,inst-0500,P30,5,"They look similar in terms of completeness, but in option B the minor wording and component placement felt improved from a UX standpoint."
SUB-Am4iI-npAq,inst-0462,P30,3,"Placing the buttons side by side might be fine, but since it's a supplementary function, placing it at the bottom feels more appropriate than on the right."
SUB-8c2wYyFBCR,inst-0230,P30,6,"Both reflected it the same way, but you can tell B put more thought into how to improve things."
SUB-WUbAq6HPSm,inst-0743,P30,5,There's a stronger sense of separation. You can see traces of an attempt to reflect the hierarchy between categories.
SUB-lSaBk4-pri,inst-0606,P30,6,"If it weren't a design meant to be used and were just a poster, I might have picked A... It's not that B's card colors or design itself are pretty, but overall it tends to consider usability more than A."
SUB-PgNXsjgno0,inst-0789,P31,4,Both are poor.
SUB-BHVJaQW8Wj,inst-0747,P32,2,"A is more suitable in terms of similarity to the original mobile view, responsive continuity, and component reusability."
SUB-7pDpBgJ2zW,inst-0592,P32,4,"Neither one sufficiently organized the hierarchy for conveying information, and the interpretation of the instruction and the direction in which it was applied don't feel clear either."
SUB-qylrW-RDe2,inst-0348,P32,6,"In terms of the direction for further improvement beyond this iteration, B shows clearer potential."
SUB-uF9a-BAAZv,inst-0349,P32,2,"It provides the balance, settlement amount, and default account information together, structured so the user can easily understand the settlement process and act. B improved the CTA-centered flow, but falls short in providing the information actually needed to carry out the settlement."
SUB-5GMy7GqDj1,inst-0487,P32,3,"If only the position of the time information were changed, A's design overall looks clean and easy to use."
SUB-RI_JP0gvbJ,inst-0265,P32,7,"B looks like a structure better suited to a responsive environment, and the element placement and proportions are stably composed, so the overall layout feels more polished."
SUB-h_mTg1HSBt,inst-0840,P32,6,"Even with an unclear instruction, it interpreted which information the user needs to check first and placed it at the top, improving usability."
SUB-3hUzTWtKeo,inst-0880,P32,1,Option A looks better in terms of how well the request is reflected and overall design completeness.
SUB-GXTSGcQD8A,inst-0977,P32,6,"Structurally, option B more clearly reflects the intent of the request to have the information read as two groups."
SUB-bxeers2_pY,inst-0346,P32,4,"There are differences in how the layout is arranged, but the functional and structural differences aren't large, so overall it seems to come down to preference."
SUB-3PbSgZwCOT,inst-0643,P32,1,"Option A has a structure that more easily accommodates various state changes, so it's more extensible, and the overall layout is also stably composed."
SUB-swms2SY0Wh,inst-0130,P32,2,"In converting the existing screen into a watch screen, it abbreviated words and omitted elements appropriately."
SUB-Gj2ZP10Hnx,inst-0657,P32,7,"B is overall more neatly organized, with good separation between elements and visual consistency, so its overall design quality looks higher."
SUB-3xnzm3tHoI,inst-0373,P33,1,"B has excessive unintended changes, whereas A feels like it cleanly reflected only what was requested."
SUB-nJkga-k4vr,inst-0298,P33,5,"A looks better aesthetically, but in terms of usability I think B makes it easier to select information."
SUB-tV_89XTvc-,inst-0545,P33,6,The request was well implemented with an appropriate UI.
SUB-sq3pU1rnUY,inst-0336,P33,2,B's screen arranges the information in a far more complicated way.
SUB-irmAiEUa3d,inst-0813,P33,2,"B's design result is more complicated and the distinction between pieces of information is harder, so I think A is better."
SUB-6zM-L1WQaJ,inst-0976,P33,1,"Because of B's information hierarchy problems, A is more appropriate."
SUB-fMJK8dZ1bM,inst-0573,P33,2,It feels like the requested content was reflected at an appropriate level without greatly affecting the existing design.
SUB-kNS-3B1-0x,inst-0139,P34,6,"1. It better matched the intent that the record info to be deleted should be clearly visible. 2. That said, for the arrangement itself, I think it would be more natural to keep it bundled as (title + body) sets like the original and widen the gap between the record info card and the red delete button, or place the record info card at the very top but keep it in card form without giving it a full background area."
SUB-BEe-xD3HTR,inst-0343,P34,2,A is better in that it used color contrast better and didn't add too many elements.
SUB-tyn16RHejf,inst-0915,P34,1,"It applied only what was requested, appropriately, and reads easily without fatigue thanks to the urgent / non-urgent grouping. Users would be able to focus only on urgent tasks."
SUB-Co5umJbBtz,inst-0793,P34,1,"A is much better in terms of readability, the designer's intent, and aesthetics."
SUB-RG5M1dTYju,inst-0555,P34,7,"The designer's intent is better reflected, and the information hierarchy and grouping are superior."
SUB-NQpEU0NEIE,inst-0206,P34,1,"It understood the designer's requested intent more accurately. The top menu is well balanced, and the category filter uses a filter type suited to the Help & Support function, so I judge it will be more usable than B."
SUB-sgiNl4_rNX,inst-0774,P34,1,"It changed only what was asked within the requested scope. B changed too much, which actually hurt readability and hierarchy."
SUB-dDBFLmwj2x,inst-0837,P34,6,"The added buttons, card composition, and visual color matched the intended function and improved usability. A was also a change in line with the intent, but in the end B looks more convenient and more polished."
SUB-U6EYE9P_vE,inst-0620,P35,5,"If just the invisible section of the card area is tidied up, readability is better when there's a lot of content. Feels well organized."
SUB-csZpvHZemP,inst-0385,P35,5,Only the style of the X button feels slightly different; the position of the add-to-list button and the overall balance are better in B.
SUB-2qBlx6Cq_S,inst-0528,P35,1,"In B, things that shouldn't have changed were changed."
SUB-uPUT7rKpDi,inst-0232,P35,7,"Readability is much better, and there are far fewer changes outside the requirements."
SUB-eY2ymU6Dsc,inst-0327,P35,1,"The color tone also fits the wildfire theme better, and fewer things that weren't requested were applied."
SUB-sGLUqWV0it,inst-0355,P35,5,"In A, a 'preserve original video' button that wasn't requested appeared."
SUB-K-WnOF61tU,inst-0864,P35,3,Both the code and the code button are clearly visible.
SUB-zi8Edc1rEe,inst-0128,P35,7,"In terms of overall screen composition, B has the layout you'd look for in a business-trip approval screen."
SUB-gPs6Aq3g97,inst-0111,P35,3,"The icon placed in the top right is more appropriate in A, and the area for the button that lets you start a question on the lecture screen is also more appropriate in A."
SUB-xTLzjR4aPO,inst-0725,P35,2,"The touch areas of the ""Resend"" and ""Cancel"" buttons."
SUB-5npGO20yh8,inst-0250,P35,3,"A looks complicated, but it has better usability when checking the monthly calendar. Work indications show not just color but also how many days, and the month/week view functions are still intact."
SUB-xLzs02WKcm,inst-0550,P35,3,"Since the requirements didn't say anything about placing additional information, looking purely at hierarchy, A establishes the hierarchy well using only the existing information."
SUB-dmakyKQVPd,inst-0616,P35,4,A screen mixing A's monthly calendar with B's schedule area would be good.
SUB-W_cgJEhI0x,inst-0024,P35,3,"It keeps the existing content, but content about the student was added so it reads like a teacher's screen. In B, the content structure changes too much."
SUB-MrPibeYuhn,inst-0704,P35,1,Option A keeps the advantages of the table structure while also reflecting the requirements well.
SUB-xzOokUB717,inst-0746,P35,6,"A just feels like the area was widened, but B is good because the layout arrangement and functions were modified to suit a tablet."
SUB-IpKWCIx90V,inst-0019,P35,6,It reflects the requirements while not harming the existing design quality.
SUB-tKLcoxqOxw,inst-0418,P35,5,B reflects the requirements well and fits the screen composition to the content.
SUB-4C853-lqfM,inst-0544,P35,3,It maintains the existing style well while reflecting the requirements.
SUB-BE4DAek1VE,inst-0971,P35,3,"Per the requirements, A is good since it only changed the color of the briefing cover."
SUB-WdW51r1UKL,inst-0290,P35,5,"Both are lacking in adding a shipping address change function, but B reflects requirement #1 a bit better."
SUB-EotG4lTh1t,inst-0983,P35,4,"A is better for things like layout composition and information hierarchy, while B is better for the additionally provided area."
SUB-Op2fdQ5T9k,inst-0352,P35,7,B is better both in how well it reflects the requirements and in screen layout.
SUB-tKZxnmAiBY,inst-0390,P35,5,"Both screens are somewhat complex, but option B groups things by file, making it easier to grasp the changes."
SUB-m2VoF6UWsc,inst-0762,P35,3,"Things that weren't requested weren't changed, and the details are a bit better."
SUB-1_pZa-BhpE,inst-0994,P35,7,Dividing the areas improves readability and establishes the information hierarchy well.
SUB-i2vS9iSZZa,inst-0202,P35,2,"Both reflect the requirements well, but A's layout and hierarchy are better."
SUB-e8WIQr3MzR,inst-0482,P35,1,"The requirements are well reflected, and the information is clearly visible."
SUB-E1SEuYjrg4,inst-0906,P35,4,"A has some parts that don't match the requirements, but the overall design quality is high. (Good readability thanks to the whitespace.)"
SUB-8jXpv7W7qw,inst-0540,P35,5,"A removed the cancel button, while B moved the selection screen to the next step. Neither is quite appropriate, but B is a bit better than A, which eliminated the function entirely."
SUB-eYw9sJPqW7,inst-0713,P35,3,A reflects the requirements well.
SUB-EEeh-xcuqM,inst-0074,P35,2,"The requirements are well reflected, and it has a structure suited to its purpose of use."
SUB-w5B3rirzWA,inst-0478,P35,3,"Both screens reflect the requirements well, but option A looks better when there are more products."
SUB-0saByhmWgr,inst-0047,P35,1,It maintains the style while reflecting the requirements well.
SUB-CYQdIaoeZ5,inst-0220,P35,3,"Both reflect the requirements well, but the placement of the adjustment buttons is better in A."
SUB-cuFin7lKsV,inst-0590,P35,3,"The overall layout is better in B, but a feature that wasn't requested was modified, so A reflects the requirements better."
SUB-TF0qWl1kCV,inst-0534,P35,2,"It keeps the existing screen style while reflecting the requirements well. In option B the style changed too much, and the emphasized area changed as well."
SUB-j63sChOq0Y,inst-0821,P35,4,"Both do reflect the requirements, but the layout composition isn't suitable for a desktop screen."
SUB--8O4Dr6yIg,inst-0529,P35,2,"Both reflect the requirements well, but option B lacks a feature for entering the number of seats."
SUB-JTjeAMruD4,inst-0656,P35,6,Option A has no cancel button.
SUB-yCUwcQB3Id,inst-0004,P35,6,It reflects the requirements well. It's easier to scan than option A.
SUB-lT-0rvdO2P,inst-0817,P35,2,It maintains the existing style while reflecting the requirements well.
SUB-oEhqd69Piu,inst-0085,P35,5,"The requirements are well reflected, and the additions that weren't requested are nice."
SUB-YJhau5Eu3B,inst-0407,P35,1,It keeps the hierarchy well and reflects the requirements well.
SUB--SO828OW5m,inst-0199,P35,3,"The composition in option B where the Next tier percentage is clearly visible is good too, but the overall level of polish is better in A."
SUB-2ICEUENqQj,inst-0045,P35,3,"The screen design is better in B, but since the interaction cues were changed, A — which kept the functionality as-is — is better."
SUB-ejzFbdSdFH,inst-0127,P35,3,It reflected the requirements well without deviating much from the existing style.
SUB-KoAXMTc2CD,inst-0267,P35,2,B maintains the style well and reflects the requirements well.
SUB-W_Nn-FPLe7,inst-0231,P35,3,Neither implements the functional part properly. But A's layout is a bit better. Readability is better than B's.
SUB-_Hxl8UbYZG,inst-0642,P35,7,"The requirements are well reflected, and the layout is also composed appropriately for desktop. In particular, 'letting you know in advance where this class falls within the course' is much more visible in B."
SUB-hx1eWlFdNz,inst-0852,P35,3,"Both reflected the requirements, but there are ambiguous parts on the screen. The reason option A looks a bit better is that there are no unrequested changes and the style is well maintained."
SUB-V-AhoPA-zf,inst-0419,P35,3,Option B feels like it's become too subdued.
SUB-9EM5Pex2U5,inst-0857,P35,3,Option B's layout is ambiguous.
SUB-6sWUO6Qff2,inst-0647,P35,2,"Because of the icon inside the button added in option B, the function the button signifies is interpreted confusingly."
SUB-U2UX_8h5wl,inst-0445,P35,5,It reflects the requirements well and the layout is good too.
SUB-Gx3SVtn3ly,inst-0692,P35,5,The part meant to be emphasized is more visible.
SUB-EfAuRwIuLx,inst-0077,P35,4,"If just the product preview area had a bit more whitespace, option B would probably be better."
SUB-efXvZkNN02,inst-0428,P35,6,"In option A, it looks more like a confirm button than an edit button."
SUB-bIb3wMn7Ip,inst-0515,P35,3,Option A has better design polish.
SUB-AF32_SuBQw,inst-0877,P35,3,"Both reflected the requirements well, but option B's design style changed."
SUB-P0d_w3b8mI,inst-0795,P35,6,In option A the date order wasn't changed. Option B meets all the requirements well.
SUB-N66sUNSAR0,inst-0773,P35,5,"Both reflected the requirements well, but option B's unrequested feature is nice."
SUB-A-qPBgLntn,inst-0801,P35,2,"Both options reflected the requirements well, but option A lets you see the details without clicking, which is good for comparing."
SUB-SPoHZ3ih-0,inst-0959,P35,3,"If we're going by reflecting ""make only the bottom notification line a different tone,"" option A's layout looks better. B seems to lack design consistency and has an awkward composition."
SUB-AMueV7zCFz,inst-0421,P35,5,B is more appropriate as a screen for long-term dispatched nurses choosing lodging near the hospital. A has some awkward parts because it tries to maintain the existing style.
SUB-6MFiDYvEHW,inst-0914,P35,2,"Both applied the requirements, but the button size on the call button row is better in A."
SUB-aIHddBysu9,inst-0063,P35,4,"B has better design polish, but for the detailed edits A's composition is better."
SUB-KpQ1-6A1ZA,inst-0757,P35,2,It applied the requirements well. B's screen is somewhat cluttered due to modifications that weren't requested.
SUB-YnekJTeiJG,inst-0278,P35,4,"It seems to depend on whether the search bar or the saved locations matter more. If the former, A; if the latter, B."
SUB-VGWescQv7K,inst-0506,P35,3,"Both reflected the requirements well, but B's emphasized area feels like it disrupts the flow of the eye."
SUB-Q72JL5JbUD,inst-0729,P35,2,"It reflected the requirements well. In particular it fits ""using the whole wide screen"" well."
SUB-_9y0Hlvif3,inst-0037,P35,3,"B is over-emphasized, so A with its appropriate emphasis is better."
SUB-fy1Ia3_ZQP,inst-0138,P35,5,"More varied changes were made beyond what was requested, but they're all appropriate for the service."
SUB-T_OVVPCrs4,inst-0684,P35,3,"The back button is poor in both, but A is slightly better because of the dimming on the image."
SUB-JV6HrQcj5o,inst-0488,P35,3,The interaction cues in the existing elements seem to have disappeared in B.
SUB-kkZTvQVHE7,inst-0709,P35,2,B's changes are so excessive that areas that should be visible get covered up.
SUB-c027l_Sirj,inst-0627,P35,6,"The layout of the score/count area is equally disappointing, but it clearly separates the recent months' average into one line, which improves readability. It also reflects the star rating filter addition better."
SUB-t2jM1egoLU,inst-0110,P35,5,B shows the host's earnings and whether they've been settled more clearly. The rest of the requirements are similar in both.
SUB-itHJko1fE4,inst-0429,P35,2,"The requirements were well reflected, and the margins didn't feel cramped."
SUB-irlL-JV_LO,inst-0460,P35,3,B changes the content too much.
SUB-YnSuwvqXJB,inst-0589,P35,3,"The content changed too much in both, so I'm not sure the requirements were properly reflected, but A is better since it maintains the existing style well."
SUB-RJGUT7GdrF,inst-0658,P35,2,Applied the requirements well while maintaining the style.
SUB-xgSL0KaMAX,inst-0011,P35,3,"Looking at the screen content, the second card's content should be less emphasized than the first card's. And the feature to review completed items is good."
SUB-1N8HUCSq8o,inst-0848,P35,5,"Both have areas that look complicated, but the product information area — which is the more important area — is less cluttered in option B."
SUB-Rx_-dV5v3D,inst-0975,P35,3,"B would be good for comparing multiple items, but A is better in terms of design completeness and maintaining the style."
SUB-wnBDR5a1n0,inst-0282,P35,6,"Both reflected the requirements similarly, but option B keeps closer to the existing color tone and has better design completeness."
SUB-TSjd9CwxL6,inst-0366,P35,3,"The requirement ""thumbnails preview the file format"" is better reflected in option A."
SUB-Yw2pSHIYPB,inst-0371,P35,6,"A is a modal form, while B uses the full screen. Since the requirement is for desktop, B is more appropriate"
SUB-WfiNOf8u4a,inst-0894,P35,5,"The layout is awkward in both, but B is the one where the time reads right after the step number"
SUB-1Iji7XxAX7,inst-0659,P35,3,"As requested, it only fixed the vertical balance between the header and the bottom nav."
SUB-dqx2W0HiaK,inst-0777,P35,6,"Both reflected the requirements, and the things in B that weren't requested are useful"
SUB-WkUPO-mkvV,inst-0434,P35,5,"Both reflected the requirements well, but laying out the entire payment screen to fit the wide tablet screen is more appropriate. It uses the width better."
SUB-Rjj2hQLJ5l,inst-0350,P35,5,"Both reflected the requirements well, but when the comment list grows, the left-right split form is better for checking each piece of information"
SUB--60lGqc8n4,inst-0705,P35,6,"B is better in hierarchy, readability, and whitespace."
SUB-GzcVYQzlKo,inst-0135,P35,2,Reflects the requirements well without hurting readability
SUB-L1KPraa9s7,inst-0399,P35,6,The screen is more suitable for a tablet.
SUB-5Tkf6AkLcF,inst-0314,P35,2,"The requirements are well applied, and it's also good design-wise (the layout)."
SUB-y3R0pQzXDi,inst-0823,P35,2,It maintains the existing style while applying the requirements. The design quality isn't worse than the original screen.
SUB-3GPaz3hwXp,inst-0923,P35,2,It applies the requirements well and keeps the existing hierarchy and layout well.
SUB-P0IDelxPOg,inst-0082,P35,2,"It emphasizes only the requirements and maintains the existing hierarchy well. In option B, the emphasis on the amount information is reduced."
SUB-C8BPmUaxDt,inst-0982,P35,2,It applies the requirements well and keeps the existing hierarchy well.
SUB-ArjoEhcuG1,inst-0457,P35,3,Variant B has worse readability due to changes that weren't requested.
SUB-CnNAzsVTIJ,inst-0564,P35,4,"In both, things that shouldn't disappear are gone. In A it's the ""open in your team"" list, in B it's part of the fixed top area."
SUB--jMv5tKUA4,inst-0924,P35,5,"The layout of the time-setting row is better in B. In A, 8:00am looks duplicated."
SUB-cWdA-XmNtu,inst-0328,P35,3,It keeps the existing style while reflecting the requirements well.
SUB-JYCyzRatjd,inst-0832,P35,3,Option B's layout is disappointing.
SUB-vm_rWtjhTq,inst-0586,P35,5,Both reflected the requirements well. The unrequested additions in option B are useful.
SUB-IESwIV9Sgr,inst-0751,P35,6,"Redundant elements were removed, and although the style differs slightly from the existing screen, the part meant to be emphasized comes across better."
SUB-DZ7qnAbVEb,inst-0567,P35,6,The existing information wasn't changed much and the requirements were reflected well.
SUB-qkw-mCYIyG,inst-0163,P35,6,It reflects the requirements well and the unrequested changes are also appropriate.
SUB---3LaKKTee,inst-0301,P35,3,"Both are fine, but option A reflects the requirements while maintaining the existing style."
SUB-W7ifmmWVsd,inst-0365,P35,6,It maintains design completeness while reflecting the requirements well. Option A has poor readability.
SUB-sNHB6WQ0Sy,inst-0625,P35,3,"Both reflected the requirements well, but B has changes that weren't requested, so if nothing improved because of them, A, which keeps the existing form, is better."
SUB-5aoxwi2nIt,inst-0961,P36,2,The remaining days and the daily average consumption are clearly distinguished.
SUB-mfHFjlTLw8,inst-0103,P36,1,It reflects only the request accurately while raising the design quality; B has many changes that weren't requested.
SUB-U8aL806Sxj,inst-0612,P36,7,"It produced a mockup with a fresh feel as the prompt requested, and secured visibility and readability through color, text size, layout, etc."
SUB-LbC0BAS1Up,inst-0845,P36,1,"It reflected the instruction appropriately, and the information hierarchy and aesthetics look good."
SUB-56nmQysE5d,inst-0011,P36,1,"It applied the request well, and it's nice that there's a button to view again the completed workouts that were hidden. Also, today's workouts stand out clearly and scheduled workouts have reduced prominence, so the visual hierarchy is well designed."
SUB-Dijsq5AGfG,inst-0663,P36,4,"The two designs look similar, so it's hard to pick one option over the other."
SUB-YCh_tS2PYS,inst-0380,P36,5,"In terms of readability, legibility, and layout, B looks better organized."
SUB-dcD1LysrWx,inst-0597,P36,7,The hierarchy is clearly organized and the flow of the eye is stable.
SUB-R4awNexUzG,inst-0938,P36,7,"The request is clearly applied, and the reward amount from inviting a friend is shown large, so the benefit the user can get is clearly visible."
SUB-RJrkkYksUy,inst-0895,P36,1,It maintains the existing design mood while appropriately applying the request.
SUB-6FrQtiWzfQ,inst-0671,P36,7,"It reflected the prompt's instruction well, and payment info and class info are clearly separated and organized, so readability is good."
SUB-4BZa_mZk7m,inst-0437,P36,5,It's good that it's less emphasized than the final save button while still clearly showing the option I selected.
SUB-q95cbw-40J,inst-0006,P36,3,A seems to have better readability and visibility.
SUB-v-_1uZvo3i,inst-0368,P36,5,"Layout-wise B looks much better, but it added color that wasn't requested, so it's not that much better."
SUB-fGTuxWeQFr,inst-0825,P36,1,It maintains balance in the design while clearly distinguishing the dangerous action.
SUB-umKx-EN53N,inst-0167,P36,1,"Since it's a danger alert, it should carry a negative feel."
SUB-QGbd3g57_I,inst-0051,P36,1,The hotel info and booking are laid out appropriately.
SUB-rf_0maQpJh,inst-0629,P36,1,It reflects the prompt's request well and there are no unrequested changes.
SUB-z0j6GERV9N,inst-0087,P36,7,"The input form is emphasized in line with the page's purpose, and the prompt's content is well reflected too."
SUB-sSDsDrVcDg,inst-0583,P36,1,"The information is simple, so B feels like excessive grouping, while A comes across appropriately and quickly."
SUB-XvbgyYSN5y,inst-0900,P36,7,The design was improved well so that places can be browsed quickly on a wide desktop screen.
SUB-kmimCD6DLe,inst-0884,P36,1,It changed the design as the prompt requested while appropriately preserving the purpose of this page.
SUB-IMWp2N--MA,inst-0944,P36,1,It reflects the prompt appropriately and the area where the map is shown is appropriate.
SUB-ztDP2VdZ9s,inst-0969,P36,1,It converted the same design well for desktop; B added excessive decorative elements.
SUB-kTS-Y-Khkm,inst-0978,P36,1,"B changed too much, which actually made the information harder to take in. A reflected only the requested items appropriately."
SUB-JbXnhtU4Ux,inst-0809,P36,7,"B seems more appropriate for a watch. On a watch you need to be able to check things quickly on a small screen, but A has too much information and looks cluttered."
SUB-t-3qPobpXp,inst-0547,P36,1,It reflects the request well while maintaining the UX structure and layout of the previous page.
SUB-Hsy-oEigFu,inst-0815,P36,7,"It was reflected appropriately as requested, and the design completeness went up with a suitable image added that doesn't disrupt the UI."
SUB-iepMVYHUMq,inst-0500,P36,1,It cleanly reflected only the requested items.
SUB-4WflRW_QfV,inst-0567,P36,1,"In B, it's not clear what the status values actually indicate."
SUB-QEG6dDuvOW,inst-0349,P36,4,"Both reflected the request appropriately, but the settlement feature should be attached as a sub-element to the main 'add payment method' — instead the main button was deleted."
SUB-a4kFA-Z7dN,inst-0741,P36,1,It reflected the request and is well designed without excessive changes.
SUB-jLVXzWU1Al,inst-0675,P36,7,B seems to be the one that transformed the request more appropriately; it changed the mood of the progress bar nicely.
SUB-3Et9GsVXbB,inst-0321,P36,5,"It reflected the request appropriately, and separating requests needing a reply from requests past the reply deadline makes it faster to grasp."
SUB-k3koU1nhzG,inst-0339,P36,4,"Both versions reflected request #1 well, but request #2 wasn't reflected."
SUB-Pdwj9548Qn,inst-0749,P36,7,"It was reflected well as requested, and the time display and bottom confirm button were developed well to fit the user context."
SUB-O339n8DnEH,inst-0588,P37,1,"A understood the intent well and its changes are appropriate in terms of hierarchy, readability, and layout; B expresses mutual followers in a new way, which seems like a UI that could be confusing."
SUB-LqPUYBaC95,inst-0712,P38,5,"B is slightly better in terms of contrast of the selected state, UI simplicity, readability, etc."
SUB-1OsQlEpXnz,inst-0716,P38,2,"In A, month, order, details, and amount are aligned in the same columns, so you can compare multiple transactions at once. B also shows all the information, but the eye is interrupted at each card, making it hard to scan continuously."
SUB-MCmHzBE3WF,inst-0412,P38,5,"Both meet the requirements, but in the context of a permission request screen, B is more appropriate."
SUB-jOumnPsY9j,inst-0156,P38,5,The selected state is more visible.
SUB-4UmwnsC4da,inst-0461,P38,5,B. The sense of caution is conveyed more strongly.
SUB-YfFEiNaN1l,inst-0848,P38,3,"The information reads better in B, but A's dropdown setup makes more sense."
SUB-tb63QWBbvb,inst-0171,P38,3,"A shows the step names and counts, so distinguishing urgent items is easier than in B."
SUB-40lyDYJLtJ,inst-0650,P38,3,"A only changed the two pieces of information requested and kept the existing history button, so it's more stable."
SUB-GbXZIFBEw_,inst-0539,P38,5,"B bundles completion and the next action into one block so the purchase information doesn't break the flow. The information scattering is a shame, but the requested effect is stronger, so B is slightly better."
SUB-osaoNwiTbQ,inst-0146,P38,5,"In both, the shared screen itself stays at its original size. B has an indicator that you're currently in fullscreen and a button to exit, so there's a visible way back. A has no cue for exiting once you've entered."
SUB-ro0qTplOPK,inst-0598,P38,3,A is slightly better.
SUB-Qo6WECwBqR,inst-0626,P38,3,A is slightly better.
SUB-ELy1KWp4-n,inst-0225,P38,4,"They're similar. Only the step representation differs — A uses a numbered rail, B uses segments."
SUB-BFmTB26-Ia,inst-0711,P38,5,B is better.
SUB-PqbRxDIZ4Z,inst-0606,P38,5,B is slightly better
SUB-afJR_ZHUjn,inst-0689,P38,3,A is slightly better. A changes only the specified area more.
SUB-20wTEZ-8Fm,inst-0108,P38,3,A is slightly better.
SUB-mvdpzGaimM,inst-0322,P38,3,A is slightly better. Only A created the group title that was requested.
SUB-DOnD4T2U5J,inst-0630,P38,5,"B is slightly better. In the payment details, A makes only one plan into a card while B places the two plans side by side."
SUB-M3nLxCb2eH,inst-0339,P38,3,"A is slightly better. In the first card, A enlarged the headline to create hierarchy."
SUB-xzI4tKxkbX,inst-0670,P39,1,"A is much cleaner. With B, the screen just doesn't register visually."
SUB-U6mhRyIGUs,inst-0683,P39,1,"In B, the center area isn't tidy and is packed full, so the information isn't easy to see."
SUB-xHPZffYggl,inst-0824,P40,2,I think the modifications were applied while keeping the original. I'm not judging the color change.
SUB-bc1Wim3qnu,inst-0927,P40,6,"If only the main image was changed, B is judged to be more faithful to the request. Whether the color suits a home-cooking recipe design is questionable."
SUB-wOfeRwNhfi,inst-0710,P40,7,It understood the request accurately and added appropriate wording.
SUB-y6y-0qT6B5,inst-0095,P40,7,"It reflects the request accurately and captures the ""clean, healthcare"" feel more faithfully than A."
SUB-e7A3ICvPC2,inst-0890,P40,1,Accurately reflects the request with no unnecessary changes. The request and the result match.
SUB-6Rh0jR1LjI,inst-0391,P40,6,"There are some points that are overly emphasized, but the structuring of information and the amount of information provided to the user make for a better UI than what the designer requested."
SUB-iESZ52xWei,inst-0184,P40,7,"It accurately understood the request, expressed the travel context differently from the original, and made the recording state visible so the user is aware of it."
SUB-LuSPELqD4N,inst-0601,P40,2,"Asking to make it ""crisper"" means requesting a change while keeping the original; B interpreted the requirement excessively. I judge that a style change was not what was asked for."
SUB-27OAWApkhp,inst-0894,P40,6,Variant B seems more suitable for the designer's request.
SUB-f5_fIMQdeq,inst-0524,P40,5,I give high marks for providing content tailored to language learning.
SUB-myOjrBZBdB,inst-0560,P40,1,It expressed the request and the intent more accurately.
SUB-O4sM8QkIBo,inst-0536,P40,5,"B expresses the interrupted upload more accurately, but there are omissions from the request."
SUB-obSOfIQWMN,inst-0009,P40,2,It faithfully reflects the request and applies the original UI's style while converting it to a watch screen UI.
SUB-DA_9NnkDhQ,inst-0333,P40,4,"On both screens, you have to click one more time to see the full record, which is a hassle."
SUB-wPlaCisDSx,inst-0335,P40,5,"I judge there's not much difference in terms of UI, but given the phrase ""which kid,"" I give more points to B for adding a feature that pet owners need."
SUB-K6hrVjpOv2,inst-0110,P40,5,The request was reflected without omissions.
SUB-7F1-P2dkYr,inst-0192,P40,1,Faithful to the requirements with no changes to the original UI.
SUB-6anAHjybzq,inst-0235,P40,4,I judge there's no big difference between the two.
SUB-_Ui8i9yWn6,inst-0603,P40,4,Both UIs reflect the original well while staying faithful to the request.
SUB-Tz-G0JkijZ,inst-0056,P40,4,"Hard to decide — whether the composition is being changed with visual elements, or the grouping by date and month was structured differently."
SUB-jddGwyP0I4,inst-0835,P40,3,Both feel more organized than the original; I question whether B's separate area is necessary.
SUB-0RqDaNQEfS,inst-0213,P40,7,Faithful to the request while providing a UI that fits the funding.
SUB-FG8XL63oUX,inst-0675,P40,3,"I rate A higher because the other one moved the icon position, which wasn't requested, but since the request was to change the feel, it's hard to conclude it's a good UI."
SUB-oODxAmP2Dc,inst-0569,P40,6,The information is grouped and organized well.
SUB-AwPtEnDJdP,inst-0558,P40,2,Faithful to the instruction while showing it as another version of the original UI.
SUB-7IQDvduM8c,inst-0258,P40,6,In A the hierarchy of information breaks down — the seller card moves above the title.
SUB--7S4ZGntEH,inst-0507,P40,3,It changes the section order while maintaining the original amount of information; B looks like information has been omitted.
SUB-Vtx7TGjLp2,inst-0849,P40,2,Judged to be suitable for a tablet UI. A stable change.
SUB-kyp_O7giS-,inst-0495,P40,5,Clear emphasis that matches the request; the title text position needs adjusting.
SUB-fHR1BN-eYj,inst-0605,P40,3,"It's faithful to the request and the two UIs aren't very different. As it stands, in B it would be better to keep only the bold text for the sort indication and remove the button form."
SUB-W-cUb5OqBR,inst-0116,P40,3,The colors were changed accurately.
SUB-JhRHS1iaSD,inst-0064,P40,3,"The two UIs are similar, but A is the one faithful to the request; it specified the position for the button placement."
SUB-gWuddUS4YK,inst-0589,P40,2,Faithful to the request while also maintaining the original UI's mood.
SUB-qM0ObM3syl,inst-0420,P40,3,Modified in line with the request.
SUB-gqe8heueL9,inst-0606,P40,5,The balance summary is clearly visible.
SUB-cPGW6iSm1L,inst-0191,P40,4,"Since no theme was defined, the AI decided a theme on its own and changed the requested colors. The order of the sort cards was not changed."
SUB-YA8OVcgZ2W,inst-0392,P40,6,"It's a shame the content font size got smaller overall, but it does express the numbering and steps."
SUB-YM08zvCALR,inst-0930,P40,2,"Based on my experience as a user so far, A is also more faithful to the request."
SUB-37pS5C8ne-,inst-0770,P40,2,It clearly expresses the first request.
SUB-TbENK5ESDy,inst-0165,P40,2,"Only the size was changed for tablet, with the list placed on the right."
SUB-7qabwMZBLW,inst-0367,P40,2,The size and angle panels are tidied up.
SUB-7i1gAwe2Ln,inst-0585,P40,6,UI that fits the function.
SUB-iLDoLibTug,inst-0785,P40,2,It provides a discussion screen that's familiar to users.
SUB-st0gm92KMD,inst-0458,P40,2,The screen is complex and the steps are split into several pieces.
SUB-IsRCoF1Hpo,inst-0526,P40,4,Both produced similar results for the instruction.
SUB-ktzQoqYwn3,inst-0038,P40,5,"B fits the instruction better, and visually (personal taste) B also feels more organized."
SUB-o6h4o7qmzm,inst-0245,P40,4,"A looks like a tablet-only screen, and B expresses the requested message better."
SUB-b7yGsMIgHs,inst-0393,P40,6,"It clearly emphasizes what needs emphasis, so it communicates well."
SUB-p_NFJBtVbN,inst-0779,P40,6,"For this kind of message-type content, there's no real reason to split it left and right. The search area looks familiar to users."
SUB-IAMXUB8VcK,inst-0679,P40,3,"In B, having two kinds of card formats at the top makes the unnecessary whitespace stand out."
SUB--L7nl9CIaV,inst-0614,P40,2,"B is an interesting composition, but it has elements that aren't familiar to users."
SUB-4Jdsc4hjaQ,inst-0831,P40,6,Uses a wide calendar.
SUB-X2XVd8aR2K,inst-0607,P40,3,A looks cleaner.
SUB-VjdO1W8YBs,inst-0886,P40,6,"It emphasizes the price, which is the most important."
SUB-jh8ZQWpHP7,inst-0808,P40,2,Provides a stable layout; you can watch the video and see the comments at the same time.
SUB-4J9RmaX0LO,inst-0181,P40,3,Changing the rating distribution graph—neither A nor B applied the request sufficiently.
SUB-MuADma-_8H,inst-0932,P40,6,"Provides a full monthly calendar, shows start and end times and remaining quantity; the content is easy to understand."
SUB-VzoFii1jVo,inst-0696,P40,4,It didn't apply the request in detail—all the image areas got shrunk.
SUB-ojkBN8T2BY,inst-0701,P40,6,A UI suited to desktop while applying all the requests.
SUB-NbmZR3Yrdh,inst-0240,P40,2,UI restructuring suited to the desktop screen.
SUB-CZjUGWZ3oC,inst-0646,P40,6,A UI that applies the request well and emphasizes the Leaderboard panel.
SUB-QbdFlCb8hn,inst-0949,P40,2,"The request clearly said to convert it for tablet and use all the horizontal space, but B only increased the horizontal size."
SUB-9Y658FUzc8,inst-0830,P40,4,It doesn't match the requested conditions.
SUB-cpxAeFpXXv,inst-0866,P40,6,It reflected the request to restructure the list.
SUB-QjQk-E43q8,inst-0705,P40,6,UI that fits the instruction and the nature of the content
SUB-9cAYhLwnD9,inst-0199,P40,4,Not much difference between the two UIs
SUB-hTtq6hrpBR,inst-0901,P40,3,Kept the original and reflected the instruction precisely
SUB-EYEE89YRvj,inst-0275,P40,4,Not much difference
SUB-6pc8qcz-P2,inst-0525,P40,2,It matches the request and the interaction method suits a tablet.
SUB-uGzcKrTrRn,inst-0723,P40,5,The course and the commentator are expressed better.
SUB-hiDBiVzLq0,inst-0907,P40,3,"There's only a difference in color intensity—if it's lighter than the primary color, it would be a light purple. But A is the lighter purple."
SUB-oHLpgQptQ7,inst-0944,P40,2,Judged to be a UI faithful to the request.
SUB-6TgXZ4rBFa,inst-0791,P40,6,"The screen is divided precisely, and the -/+ buttons are sized appropriately for a tablet."
SUB-f-8kuzQTAk,inst-0080,P40,3,A UI that matches the request.
SUB-K-q3ue7q2w,inst-0805,P40,3,A UI that is more accurate to the request.
SUB-dLd4xeduIV,inst-0993,P40,6,"By swapping in a gray background, it tidies up that area once more."
SUB-IMramlingk,inst-0404,P40,6,It reflects the request while presenting a good direction.
SUB-nckzfrrgPf,inst-0065,P40,5,UI with functional aspects added as well
SUB-n0VQ_dAcr-,inst-0008,P40,6,Channel size suited to the desktop screen
SUB-y2Ni_6YlVh,inst-0104,P40,2,The request is appropriately reflected and the functions are well grouped
SUB-TPysCnr9OZ,inst-0164,P40,5,"The request was reflected, but it's not an elegant UI"
SUB-MIXFlMSqpW,inst-0842,P40,2,UI that faithfully and well reflects the request
SUB-RvELbJW9tz,inst-0086,P40,5,Well grouped
SUB-PgC-2PosmT,inst-0229,P40,5,It clearly highlights that you can check the report target before submitting
SUB-WIActkCs7T,inst-0089,P40,4,"Difference in content — specifically, the one that changed the content"
SUB-9Mfuus3ahv,inst-0068,P40,3,Selecting from the function list matching the request flows directly into saving
SUB-NdoT4b7khV,inst-0063,P40,2,A is more definite about the target user change.
SUB-pdLycaOuk_,inst-0593,P40,5,Not much difference between the two UIs — just the size of the join button.
SUB-loniQiHLJR,inst-0141,P40,3,"B applies the instruction appropriately, but elements outside the request are overly emphasized."
SUB-iLGCVcK-Zx,inst-0172,P40,3,A modification that matches the request.
SUB-RtHF6Fa9q5,inst-0617,P40,2,It's a modification that matches the request while maintaining the original's design consistency.
SUB-8681yFDmga,inst-0292,P40,2,It sufficiently reflects the requested content.
SUB-s3-_qgDnvR,inst-0658,P40,3,Dramatic contrast effect on the top-area card.
SUB-7CfbjE653X,inst-0125,P40,5,B is judged to be more suitable for guaranteed resource use.
SUB-mjVnc3yxJJ,inst-0660,P40,3,Structuring it in two steps is clearer.
SUB-srNgOYcvBz,inst-0412,P40,5,"Both screens reflect the request well, but they interpreted it to suit a desktop screen."
SUB-GUOjs827JE,inst-0293,P40,3,It expresses the instruction accurately.
SUB-YozMWuU87v,inst-0221,P40,5,The attachment indication is clear.
SUB-FvubGqee3f,inst-0158,P40,2,A UI suited to the instruction.
SUB-Y0igSnHPWT,inst-0501,P40,5,It reflects all the instructions and also secures space for the body content area.
SUB-zOKLZ0moTG,inst-0700,P40,5,The payment area stands out.
SUB-HcDlLSQ4CD,inst-0576,P40,3,The instruction was deleted — empty trash / delete all function.
SUB--zgWefV7-B,inst-0629,P40,3,The request was reflected accurately.
SUB-okpQf_4bEs,inst-0625,P40,3,"Faithful to the request. B's fund information structure looks well organized, but the black background feels too jarring and excessive."
SUB-7fKKf4gB7e,inst-0112,P40,5,It even went on to develop an additional screen; a UI appropriate for desktop.
SUB-e0LHYE1nHn,inst-0090,P40,6,A UI with high completeness for desktop.
SUB-UUqBkapsi_,inst-0929,P40,5,A change more faithful to the request.
SUB-eayXfq9l37,inst-0281,P40,6,It reflected the requested content and composed the UI for tablet.
SUB-q8qxdvkm2Z,inst-0619,P40,3,"The layout looks complicated, but it reflects the request well."
SUB-Ri8qeViAEn,inst-0106,P40,5,Reconfigured for desktop.
SUB-A9Nvus3_Rr,inst-0119,P40,4,It seems there are parts of the request that were missed.
SUB-t6EvCrcvb2,inst-0449,P40,5,Both match the request; the UI/layout looks more organized.
SUB-vKQNl1-t5X,inst-0517,P40,3,"B has the advantage of showing remaining time, but A is more faithful to the request."
SUB-8E6eeimAXY,inst-0514,P40,2,"Delivered as requested. The check mark works well for conveying it to the user; similar function, but radio buttons take up more space because of the button options"
SUB-QaLriqWwtz,inst-0169,P40,5,Keeps only the essential info suited to a smartwatch and shrinks or omits the rest; center-aligned content seems suitable for the small watch screen
SUB-8CLaJc3wlf,inst-0631,P40,4,A Note was created and they're very similar
SUB-4KPkp7rSfC,inst-0966,P40,2,Provides a layout suited to desktop
SUB-rgMzS_khPV,inst-0124,P40,2,"Changed to a tablet layout. In unread messages, personal and circle were separated, but the labels don't match"
SUB-4z7jgByj1F,inst-0771,P40,3,It would be good to handle the Delete permanently button as text
SUB-B6elbCf2PL,inst-0053,P40,3,Reflects the request exactly; B's start-time filter is lacking in functionality
SUB-Vn2u9MU57X,inst-0015,P40,6,"Created a UI suited to a tablet, taking functionality into account as well"
SUB-tUQXZiuw-J,inst-0659,P40,3,A change that fits the request exactly
SUB-bJSac6bJ6O,inst-0777,P40,3,Faithful to the request and the edit panel is easy to operate
SUB-T0uPQfo8V2,inst-0762,P40,5,Faithful to the request and the card format of the coupon list is consistent
SUB-nc8Py_blUc,inst-0351,P40,2,It reflects the request well and the information is well grouped — a tidy layout.
SUB-uJDwydAqQI,inst-0751,P40,5,B has a more organized layout.
SUB-zo3cMZLArj,inst-0349,P40,3,A was changed more faithfully to the request.
SUB-4aiFcWXFMA,inst-0875,P40,3,"I asked for a change to the listing method, but the selection + processing flow got swapped out too — questionable whether this is a form users are familiar with."
SUB-c-6L8sArRx,inst-0822,P40,2,More suitable for tablet.
SUB-snsqQU4ErX,inst-0177,P40,4,There's not much difference between the two screens.
SUB-34CF_7wVXi,inst-0444,P40,4,The request was accurately reflected and there's no real difference between the two UIs.
SUB-LrBeVcKq7r,inst-0186,P40,3,A UI that accurately reflects the request.
SUB-p_QzmSUnhk,inst-0513,P40,3,Very faithful to the request; B added unnecessary functionality.
SUB-YJQALt6qrl,inst-0081,P40,3,A screen that clearly conveys to the user exactly what screen it is.
SUB-fDD-wPbp0l,inst-0385,P40,5,It places the New list add function without encroaching on the list area.
SUB-j0h_PiYANi,inst-0456,P40,2,It has clearer information for warning the user and prompting the next action.
SUB-MWw1OAClS2,inst-0747,P40,5,"The content looks bundled together as one, and the expression of the list journey connection is also excellent."
SUB-Tcp-VRrSKy,inst-0736,P40,4,The style was applied to the requested button.
SUB-qzN29TjhqC,inst-0403,P40,5,"It changed things as requested and expresses the care topic, but the care topic doesn't catch the eye first."
SUB-zeyPWqLjj1,inst-0147,P40,5,It seems to have understood and applied the request better; there are a lot of ambiguous parts in the request.
SUB-QDKnIvgo6T,inst-0864,P40,4,"Since it wasn't specified whether to emphasize the invite code or the Copy button, it seems either the invite code or the copy-invite-code button got emphasized at random."
SUB-Xb5GAS8M81,inst-0948,P40,5,"It emphasizes the Series card and, to fit the tablet screen, places the Series card on the left and the Teacher/Episode cards on the right."
SUB-ie9cmBChnV,inst-0684,P42,4,I think both designs are sufficient to make the user recognize it as a back button.
SUB-aylssjfOnw,inst-0509,P42,5,"Revision B is the one where the information is taken in at a glance, hence this rating."
SUB-LsIf_z6Leg,inst-0826,P42,3,"Considering whether the request was applied and the overall design completeness, option A makes the information easier to grasp at a glance than B and would let users carry out the function they want more quickly."
SUB-2c2tvQb6IL,inst-0388,P43,6,"B seems more effective at grouping by topic and distinguishing hierarchy. Color is used, so it's a bit better aesthetically too."
SUB-oYQNAYQ_0v,inst-0197,P43,1,"A didn't properly carry out request #1, but it reveals the information hierarchy and interaction cues better than B. It looks better for users to operate."
SUB-RMfaYJMr4a,inst-0953,P43,1,"A clearly differentiates colors between schedules, so it looks much easier to recognize and check the schedule at a glance. Otherwise, the way upcoming events are organized feels similar."
SUB-8465rjOZrd,inst-0754,P43,1,It's a design that lets users recognize and choose the login path that suits them easily and quickly. It seems like it would definitely prevent the hassle of switching paths and logging in twice.
SUB-8YqCD05tcb,inst-0814,P43,1,"It carried out only the designer's request well, without straying far from the existing design or hurting the aesthetics."
SUB-KxrgIZ493K,inst-0911,P43,1,"A's hierarchy and layout are well organized for the desktop environment, so it looks much easier to use and also looks better aesthetically."
SUB-s3TLWAjeSn,inst-0735,P43,2,"A organized the hierarchy better, and the color used in the subheading area is vivid, so readability and aesthetics improve."
SUB-HdTOtS72kG,inst-0956,P43,1,"A made the color difference clear, and the order of the markers is visible at a glance."
SUB-IeuA9b7ZmN,inst-0767,P44,1,It understands the requirements far better and also keeps the design quality up.
SUB-zFJxdH3PaR,inst-0151,P44,2,A looks a bit better organized (visually..).
SUB-MW4T3iE8ys,inst-0408,P44,7,"Even though all the necessary information is there, it's well organized so it looks far more concise and clean."
SUB-ql2Ap-WK0m,inst-0045,P44,1,The intent seems better reflected. The design also looks more organized than B.
SUB-_DF57Z9rwl,inst-0006,P44,7,"The level of interpretation of the intent is high, and visual consistency is better too."
SUB-gMRgwmw0fN,inst-0822,P44,6,"No data errors, high level of polish, and it seems like the change was applied with an understanding of tablet characteristics."
SUB-FukbOxL75N,inst-0948,P44,5,"In terms of information hierarchy and how it's presented, B still looks more polished."
SUB-eK7wOmMQo_,inst-0529,P44,4,Each has such clear fatal drawbacks that neither is better.
SUB-X9uJtWhIx2,inst-0177,P44,1,The information grouping and the harmony with the existing screen feel more natural and polished.
SUB-l4p0snEofG,inst-0321,P44,7,A design that understood the intent itself rather than just reflecting the literal wording of the request.
SUB-AeI4bq1_xi,inst-0249,P45,1,A actually shows the information structure more clearly.
SUB-zsjz3vZUJJ,inst-0157,P45,3,A seems to clearly reflect the requirements better.
SUB-62Vqt9YJyM,inst-0452,P45,2,It was applied in line with the desired request.
SUB-Z591KlERxy,inst-0574,P45,1,The concise application of the changes follows the original design tone well.
SUB-Mo03DuK8Nx,inst-0308,P45,1,"B is lower in polish and usability, so A is superior."
SUB-S-iv-GbsDk,inst-0493,P45,5,B is better in terms of usability.
SUB-k-MdM-yX52,inst-0998,P45,2,"A looks like the ideal PC-MO environment, and I'd expect it to work well for responsive considerations too."
SUB-j7RSOHsASO,inst-0562,P45,2,A feels more familiar and user-friendly as a usage environment.
SUB-jVFHUejf3R,inst-0063,P45,4,"The evaluation is ambiguous since the targets differ (non-expert vs. expert), but B seems more convincing in terms of usability."
SUB-vTwUzZ71xY,inst-0375,P45,1,"Option A is far more appropriate for a general usage environment and looks aligned to the grid, so it's much better."
SUB-431cnFp86u,inst-0402,P45,3,"In A, the button for the user to proceed to the next action is easier to reach."
SUB-0478-8KyjT,inst-0158,P45,6,B does a better job of securing usability and readability.
SUB-ATkCBkQc5P,inst-0878,P45,3,"B feels better in terms of tone and manner, but that could differ depending on the intent. However, A reflects the overall request far more appropriately."
SUB--oOBaKdkMA,inst-0729,P45,7,It grasped the adaptation to a PC environment better.
SUB-Iw29hCQote,inst-0240,P45,1,B seems to have given no consideration to hierarchy at all.
SUB-Pe4BOiOJFp,inst-0789,P45,5,"The total wording wasn't requested, but B's version makes it easier for users to recognize."
SUB-da84cXi_wn,inst-0182,P45,5,"Both have shortcomings, but B is a bit better in usability."
SUB-D2l0MCS3sq,inst-0138,P45,7,"Compared to A, B's draft is superior in both polish and usability."
SUB-ez-iTLEw2V,inst-0628,P45,6,B prevents user confusion and reflects the existing style well.
SUB-ORpK7xgLqi,inst-0377,P45,6,B shows a much better understanding of the small display environment and interaction feasibility.
SUB-plWn3kqeaL,inst-0707,P45,1,A follows the original structure while also following familiar patterns.
SUB-KVdv8Wokul,inst-0879,P45,4,"B is clearly changed, but details like whitespace are lacking; A isn't much different in composition, but its details are more appropriate than B's."
SUB-2FDIy5L812,inst-0904,P45,7,"With just that one detail text title, it nails both readability and visibility at once, and the flow is clear, so B is overwhelmingly better."
SUB-HoD1f9Wsj1,inst-0255,P45,1,"A is better, as it accurately understood and executed the user's requirements."
SUB--MXJHfBHyp,inst-0589,P45,4,"The flow feels completely different, but each variant has too many shortcomings."
SUB-iehYZc_tqD,inst-0765,P45,6,"If only the possibility of mis-taps in B were ruled out, it would seem overwhelmingly better."
SUB-hOPiRdftm-,inst-0037,P45,1,A seems to follow the existing tone & manner and patterns well.
SUB-KMSvKuQY19,inst-0848,P45,6,B seems to use familiar patterns and consider usability more.
SUB-6QBMyUlSsk,inst-0062,P45,2,"A is better, following the existing design system and patterns without unnecessary modifications."
SUB--PcDlYF6D3,inst-0366,P45,2,"A is better, grasping the existing flow and structure well and applying the change at an appropriate level."
SUB-Kz3nUo7KDW,inst-0570,P45,6,Option B understands the PC environment better.
SUB-09Um6Pi1Gv,inst-0538,P45,2,It keeps the existing tone and manner and doesn't lose the basic purpose function with minimal changes.
SUB-xmYyqymrOR,inst-0172,P45,7,"It's more advanced, with a screen pattern that actual operators and admins would use."
SUB-mgLeaW5OXM,inst-0438,P45,6,"Option B, which didn't just understand the prompt but clearly grasped the overall screen structure and target, is far more advanced and superior."
SUB-BEWfOCB9cs,inst-0012,P45,2,It guides the user step by step in a friendlier way and doesn't damage the existing design style.
SUB-1CLGCoWRJJ,inst-0480,P45,6,"Option A also grasped and reflected the basic structure well, but option B reflected things in more detail, better suited to the characteristics/functional purpose of the desktop than intended."
SUB-vCIV_xZrlN,inst-0772,P45,1,"Not only was the overall content reflected for artists, but it was also reflected in a natural flow that users can read."
SUB-Mq8nm9EAYf,inst-0331,P45,1,"Option A, which clearly distinguishes the tasks that need attention and analyzes things with a focus on the user, is far superior."
SUB-dCVut-g6yC,inst-0655,P45,7,"Beyond the prompt, it grasped the overall structure and structured the increased information to fit the purpose."
SUB-Q1KTaRzW41,inst-0442,P45,3,A does a better job of implementing the conventional watch screen layout.
SUB-7PwHgECcg9,inst-0656,P45,7,Dark patterns can never give users a positive experience.
SUB-XQcKyNKkAR,inst-0261,P45,6,"B's result goes in a more user-friendly direction, with the warning banner, edits, etc."
SUB-J70FzSSlaa,inst-0735,P45,7,"A arbitrarily deleted components, whereas B kept all the information while applying a structurally ideal form."
SUB-lscj6XLKOv,inst-0675,P45,7,It was applied in a form that seems free of issues not just aesthetically but structurally as well.
SUB--n8bDiOvAP,inst-0060,P46,3,"Rather than having only newest/oldest as comment sorting criteria, changing it to a dropdown that can accommodate other criteria such as most liked would be better for future extensibility."
SUB-lw2bMLqfKF,inst-0715,P46,3,"Both changed the hierarchy of the sign-up methods, but A fulfills the request a bit better."
SUB-CQyr3viKAx,inst-0566,P46,3,B didn't seem to apply the second requirement perfectly.
SUB-DLgfhT7zSW,inst-0926,P46,2,"The color request wasn't perfectly reflected, but overall A is better."
SUB-MxtNMqdsx_,inst-0010,P46,4,"Both were reflected well, but A's save/version management button UI is disappointing, and B's note toolbar position is disappointing."
SUB-C12ktkPMBE,inst-0905,P46,3,"B made an inappropriate change for the last request, so A is relatively better."
SUB-9IIUC2jMTc,inst-0102,P46,6,"A added things that weren't requested and hurt readability, whereas B reflected all the requests and its additions also help overall readability."
SUB-GpkT7SqFJ2,inst-0765,P46,1,B changes too much and is complicated overall.
SUB-Ail0HGGQv3,inst-0612,P46,5,"Looking at the result, B is more aligned than A and has higher readability."
SUB-QubQ49Cx3P,inst-0628,P47,6,"Aesthetically B feels better. In A, the add-new-list function feels like an address input field. I felt B's design would be a bit easier for users to understand. However, identically shaped cards blocking the top and bottom also make it feel a bit stifling."
SUB-PVWM9nIK4e,inst-0665,P47,6,I chose it because it seems to show what needs to be seen clearly and less important parts minimally while still keeping them recognizable.
SUB-29IJwi2Ghw,inst-0033,P47,5,"Both reflected the request well, but B is marginally better. There are three reasons. (1) Reliability of the numbers: in B, 10% of the album+podcast $32.97 = $3.30 and 10% of the video $25.48 = $2.55, which matches the cart composition exactly, whereas in A it should be 6% = $3.51 and 4% = $2.34, but it lists $3.50/$2.35, showing signs of fudging the rounding to make the total add up. (2) How well it satisfies ""more detail"": B explains in one line what each benefit applied to, making the promo code's contribution understandable, whereas A only shows percentages, with no basis on screen for the 6%/4% breakdown. (3) Side changes: A changed the 'Promo code' row—outside the request—to 'Discounts / 2 offers applied', weakening the cue for where to enter a code, while B left that row as is. Conversely, A is better in its restraint. B's orange emphasis block and the 'You save $5.85' badge split attention with the checkout button and state the same amount twice. So I judged it ""slightly better"" rather than ""much better""; if the badge were removed from B or the block toned down to neutral, the gap would widen further."
SUB-eXDhMrKhNt,inst-0403,P47,2,"It feels like it applied exactly what was requested. B actually seems to have touched up more parts, but it feels like there are many more things to fix."
SUB-B0anwO7WId,inst-0021,P47,5,"Both moved 'Uploading photos' up to the first line of the header, so the request itself was met, but A's font size looks excessive. B combined the store name and order number into a single gray line, 'Pinewell Market · Return #PW-2841', pushed the icon to the right, and closed the header with a divider, so the header is tidied into two lines. The flow feels good."
SUB-ZoaKttP9ZG,inst-0316,P47,5,"If A's additional features are actually implementable, it feels better, but they might also be unnecessary features. B seems to have appropriately changed the design aspects along with the necessary features, so revisions would likely be fewer."
SUB-7hXqRKxdB6,inst-0943,P47,2,I think it changed things as the designer intended. B feels like it added extra design in the typical AI style.
SUB-veAPTAl_0G,inst-0481,P47,4,"A's layout is disappointing, and B's color usage and card design feel disappointing."
SUB-At-kiBfwTd,inst-0742,P47,5,I think both requests were applied as the designer requested. I think it gets applied differently depending on the order in which you make the requests.
SUB-PjZcCI6ck3,inst-0039,P47,4,"A's changes aren't big, so if you're in a position where you have to think through additional planning, B seems better since it raised the aesthetic completeness."
SUB-4Eu4nFOL3_,inst-0624,P47,3,"I feel both revised without considering the image size. However, if I had to use one, I'd use A."
SUB-gGa63cd5jK,inst-0693,P47,2,"Using the side area to separate the categories comes across positively. With B, grouping things into cards by function feels somewhat stifling in a way."
SUB-cl-5xgAxt_,inst-0012,P47,2,A seems to have reflected the desired request well. B feels like it changed even unnecessary features.
SUB-VlRYP2Vwg_,inst-0736,P47,2,"A's design, which applied the request well as asked, feels positive."
SUB-mvDuCPruoZ,inst-0967,P47,5,"A feels like the original UI just scaled up responsively, while B feels like a desktop-style layout."
SUB-3DeLUzF4Ut,inst-0030,P47,6,"I think B is good because it makes it clear that, among the recommendation list, it's recommending which one suits me well. Matching the left and top layouts gives a sense of unity."
SUB-cl6W0V3xUd,inst-0105,P47,3,"I feel A reflected the instruction well. It's good that B tried something new, but since it changed things while keeping the rest of the form, it feels cramped and messy, which I think just adds more things to fix."
SUB-TPzkkB9mXF,inst-0511,P47,7,"While A literally just changed the order, I think B considered each function, placed things in appropriate positions, made design changes as well, and showed a good visual flow."
SUB-WHgWn1SKRY,inst-0253,P47,3,A removed the existing satisfaction progress bar entirely and changed it into chips. Changing it to chips is nice in that you can see only the reviews for the type of work you want.
SUB-Cl-9mUwvCe,inst-0347,P47,5,I chose it because changing the caution section felt considerate of the user.
SUB-4D4extKgep,inst-0750,P47,6,"For the cover design, I think A changed it nicely and elegantly without altering the original much, but looking at B, it was composed with a design that suits music playing, which appealed to me more. What felt most important is that B uses whitespace well, giving a clean impression."
SUB-cBq7qFMWU9,inst-0673,P47,5,"Both feel ambiguous, but B seems to catch the eye a bit more visually."
SUB-M4Dq4NALT4,inst-0387,P47,3,"Neither one has anything particularly different reflected, but A feels cleaner."
SUB-UwpJer6dkn,inst-0141,P47,2,B feels excessively modified relative to the instruction.
SUB-xkGxuCC66F,inst-0405,P47,6,"It feels like the hierarchy of the summary section was lowered a step from before, and placing the playback speed at the top right also feels appropriate. Making the thumbnail full-width gives it a banner feel."
SUB-1u7pw0Nayj,inst-0955,P47,6,The sidebar colors feel like they're divided into light mode and dark mode. I liked that B designed the deleted/archive section as tabs and used headings.
SUB-HVIm3yyY7i,inst-0266,P47,3,It feels like A reflected the instruction well without harming the layout.
SUB-LFF3tX2Uqj,inst-0389,P47,4,"I'm not sure what A's design intent is, and B is disappointing in that it shrank the existing functions too much."
SUB-ynGwX-nedD,inst-0174,P47,3,"I feel B went beyond what the designer requested and even did the planning, changing some parts on its own. A felt like the one that reflected the intent properly."
SUB-Jd1cCWKZk2,inst-0694,P47,6,"With A, I think the meaning of ""selected"" is conveyed redundantly, which could cause confusion."
SUB-YlqBI1ib_A,inst-0761,P47,3,"I think both need further revisions, but for the price part, A's level of emphasis seems recognizable enough."
SUB-CLY9L_CqFH,inst-0537,P47,6,"You can clearly grasp the meaning of the buttons at the top, and although new designs were tried for each function, they feel like they blend in naturally."
SUB-dtSI5Xi0FD,inst-0468,P47,2,"Even just with the subheading, it seems easy enough to tell what was added and what wasn't."
SUB-p5DgttFvBE,inst-0611,P47,6,"A felt a bit stuffy since there are many texts with the same structure. The right one was good because it added a new function without disrupting the existing flow of the eye. That said, I felt the last study time could be emphasized less."
SUB-RBjJS086qU,inst-0527,P47,6,"In A, the card summary and the destination list have similar designs, so the flow of the eye felt ambiguous."
SUB-uD42jZBHt9,inst-0381,P47,3,"B changing the filters to a vertical layout does come across as fresh, but it feels unfortunate since whitespace will keep accumulating. In A, the filter section feels excessive, so it would be good to modify it just a bit into a different form, and the part where the price is written feels lacking."
SUB-Xk5VTCLKMC,inst-0721,P47,3,I like A's structure because it feels designed in a way that improves usability for existing users.
SUB-Z0gwGb-7Lt,inst-0448,P47,3,"B feels like a design that tried to be friendlier to the user, but I felt it wouldn't catch the eye well, and since the whitespace and text size were reduced, it gives a more cramped and dense feeling."
SUB-9fPjNKuT1u,inst-0829,P47,2,"It doesn't use too many different colors or overuse similar colors, so it gives an impression of unity and cleanliness."
SUB-aynl9PFRpz,inst-0631,P47,3,A feels a bit more stable. I'm not sure whether the request was to restructure the way the 'note included' part is placed.
SUB-RRGCS4UFDE,inst-0580,P47,2,"In B, the use of color and the text size feel excessive, which actually lowers the level of polish."
SUB-nP8wRg8IJt,inst-0583,P47,2,"It divides the categories nicely into two, and aside from the intent of the arrow part, there don't seem to be many additional fixes needed compared to B."
SUB-BCZeQwxROt,inst-0549,P47,3,"B has a simpler structure, but I think it may not be the screen the designer intended. I chose A because I expect it would reduce later revision time."
SUB-uDZaw9p17u,inst-0749,P47,7,"A's design intent feels ambiguous, and I think B is overall cleanly and well composed."
SUB--GyjX9kMJe,inst-0300,P47,6,"It's good that category separation appeared like a sidebar, but the content hierarchy feels a little lacking. Still, the reading flow comes across more naturally."
SUB-zVblx_oyKp,inst-0303,P47,3,"Changing the bottom navigation structure into a sidebar seems like a more fitting expression if these are functions provided within the app, but B's layout structure actually feels a bit cramped."
SUB-3Jz9am8-z4,inst-0466,P47,5,"The right one came across as more polished, but I felt the position of the pause button needs more consideration from a UX standpoint."
SUB-0dNSZRPQhF,inst-0114,P47,3,A feels more appropriate to the subject. I don't think the 'how mentoring works' part needs to be made as large as in B — it's recognizable enough as is.
SUB-Q3WW-J2794,inst-0160,P47,1,"If you're going to include a sort/filter button, I think making it a dropdown is the right call. B has a structure where you feel you could just tap the chips to check without pressing the sort button."
SUB-Wrc9763mCQ,inst-0552,P47,5,"Neither is bad, but I judge that B's structure makes the information you need to see stand out better."
SUB-WtAROhs4in,inst-0854,P47,7,"A places the progress indicator in an unusual way that makes it feel like a secondary detail, and I doubt users would even recognize it as a progress indicator."
SUB-XgRdal3ZZE,inst-0072,P47,3,I think A reflected the instruction well. It'd be good to work on the finer details building on A.
SUB-6NEp5V19E_,inst-0028,P47,6,"I feel B distributed the features into appropriate positions for the tablet size, and it gives a clean impression."
SUB-wle6efDpVz,inst-0681,P47,5,B feels a bit more stable and comes across as clean. It would be better if the policy section were less emphasized.
SUB-mzXyDg-afz,inst-0005,P47,3,"I think A is the one that carried out only what the designer asked for, in full."
SUB-5Al2NVRs2W,inst-0491,P47,6,"With A, I couldn't easily tell what I should be looking at and what I should keep in mind going forward. I think B kept only the key information you need to know from the reservation details."
SUB-EDKuXXKgI1,inst-0113,P47,3,"Both made changes well in their own style, and the overall structure is better in B, but I suspect it deviates from the designer's intent, so I judged A to be more appropriate even if further edits are needed."
SUB-i8EWCT1sg7,inst-0330,P47,5,"A desktop screen is quite large, so even with a sidebar like B's it probably wouldn't look too big, and I like that it presents the delivery tracking you'd check after ordering with high visibility."
SUB-E1Ppy16Ry-,inst-0530,P47,2,"I judge that this precisely fixed what the user wanted. B could be good for expanding design ideas, but if it's an unwanted improvement it just becomes a hassle."
SUB-chBTFc5rey,inst-0553,P47,4,"Apart from the requested items, they feel broadly similar. If the serving-count options are only 2, 4, 6, then the right one is better; otherwise the left looks better. The whitespace feels slightly more appropriate in A."
SUB-SUuVN_v5Y3,inst-0153,P47,6,I think B let me grasp the creator's information at a glance and quickly. A feels like it took up too much area for that structure.
SUB-BEIZ_Pq0ug,inst-0299,P47,2,"It seemed to reflect the request without greatly damaging the original, and I chose it judging that fewer additional revisions would be needed than with B. Maybe it's the button position or design, but the recording function feels a bit lacking."
SUB-t43KIZoNS3,inst-0937,P47,2,I feel A reflected the request just as asked. It's a shame that in both options the chip shape was sized to the first one. Keeping the padding identical would have looked better.
SUB-A9FP2jIjhC,inst-0043,P47,2,I predict B would generate far more revisions. I chose it because it didn't change the design to a whole different dimension within the currently given functionality.
SUB-9SQFiAuW8M,inst-0636,P47,3,"I feel B used the whitespace better, but the eye flow moves naturally from left to right, so A comes across as easier to look at. Grouping similar functions into one card with a subheading also feels easy to read."
SUB-8MkN7bC1bV,inst-0998,P47,5,"Both A and B satisfied the request well, but when checking on desktop, B's content seems easier to understand in terms of what I need to select right now."
SUB-o9Mh3oNfWL,inst-0371,P47,6,"A feels like a mobile app screen that was just widened, with the cards below shifted sideways; B has a sidebar so categories can be distinguished, and the eye moves naturally from the cards down to the list format below."
SUB-ydbIoAjJhf,inst-0308,P47,3,"Both have the same layout structure, but I think A captured the request better."
SUB-x_DkZCYp3K,inst-0892,P47,6,"A goes beyond just separating the terms clauses and also makes the background a purple tone, which feels excessive. B feels cleaner and less cluttered than A."
SUB-ZnBHrobeZe,inst-0556,P47,2,"In addition to what was requested, B changed the layout structure of the top card. It felt more suitable since it lets you anticipate the screen where a coupon is applied immediately once added."
SUB-7ZIDj0CES5,inst-0106,P47,6,"It's a shame that in both the bottom margin feels wide. However, b appropriately changed the button UI to distinguish items that differ in function."
SUB-l09I4Z0Ocy,inst-0368,P47,3,"In both, certain card colors came across as too strong, which was disappointing. Still, the flow of the eye when reading a's text is a bit more natural, so I chose it."
SUB-5dTN80IW8q,inst-0528,P47,6,I'm curious about the intent behind varying the stroke on the initials in a. I thought this might actually make things confusing.
SUB-Jha42S5ubF,inst-0906,P47,2,a comes across as cleaner. It would have been nice if both had reduced the colors — it's a shame so much red was used — but I like the chip-style design in the stickers section.
SUB-9FVixJuqCe,inst-0255,P47,3,"I think both changed it cleanly and well, but with A I feel you can know the procedure in detail when you've lost your password and actually go through it. It seemed more user-friendly."
SUB-02Era5LfOX,inst-0240,P47,6,"In B, the button to end the call is in the top right, which reduces the chance of the user making a mistake. In that respect I thought it was the better option from a UX standpoint. As for the purple in the ""reviewing now"" card, I wonder if changing it to another color would improve visibility."
SUB-evaj0VAJYi,inst-0844,P47,1,It reflected the request well and I judged the readability to be good.
SUB-a9KU-d5s4K,inst-0789,P47,6,"It felt similar since nothing seemed modified other than the one thing requested, but by adding the text ""total"" it became clear that the price at the far right is the total amount, which was good."
SUB-xZ9cDmBOQs,inst-0613,P47,6,"In both A and B, the color distinction between minus and plus doesn't come across clearly. So I chose the right one because it felt like it fit the overall card better."
SUB-_J8jVZDPjA,inst-0125,P47,2,"A's structure was revised without straying far from the request, so I think the chance of needing further revisions is a bit lower. In the case of the one on the right, it tried too many different UI designs, so it might feel full of unintended designs."
SUB-CsAU5oLc21,inst-0591,P47,1,"A's colors overall inspire more trust than B's. The invite input field also provides the necessary information cleanly, without any excess."
SUB-iNBr6zzYdi,inst-0158,P47,5,"Both have a lot of text with heavy weights and tight margins, which feels cramped, but looking at just the ingredient list, B feels more visible."
SUB-O4c5rpWi1F,inst-0839,P47,2,"A is a bit cleaner while still using color where needed to distinguish things, applying functional differentiation well."
SUB-yAvQzMQK9y,inst-0707,P47,2,"I feel it was reflected cleanly, just as the designer requested. B might come across as excessive."
SUB-_XiRR837i-,inst-0062,P47,3,"Neither A nor B feels hugely different from the original UI, and both satisfied everything the designer requested. If the menu for adding an address is shortened to just ""type manually,"" I wondered whether it might be hard to recognize what kind of button it is."
SUB-JoNU1ciWJv,inst-0916,P47,3,"Both reflected the request similarly well, but A seems like it would make it easier for most users to recognize what this feature is."
SUB-MxLuN_SOOA,inst-0563,P47,2,"Both A and B have pros and cons, but I think applying an overlay to bring it up adds another layer of immersion to the popup."
SUB-UjucuUIQJ1,inst-0008,P47,6,"The right one feels more readable since it's white text on a black background. However, it's a shame that ""in"" drops down to the next line. The right screen makes the whole background yellow with a black button, so it catches the eye well."
SUB-2okRPhpLEt,inst-0004,P47,7,"A feels like a mobile app screen just stretched out horizontally, so it looks less polished. B anchors things with a sidebar and builds structure from there, so it feels more complete."
SUB-WIIBG_Z4VL,inst-0193,P47,7,"With A, including the image thumbnail area, it's the same as the existing design — I don't really feel there's much to gain from making such big changes."
SUB-0XsokRokOv,inst-0653,P47,5,"With A, since a clock is implemented at the front, there seems to be a limit on the length of text that can go in, which felt like a shame."
SUB-U8R3ExTMXd,inst-0246,P47,2,"First, I feel it took the instruction on board well, and I think it placed the brand color well in the one spot where action is needed."
SUB-1avrZlrk8m,inst-0127,P47,2,B feels like it modified things excessively beyond the instruction. I think A applied it cleanly.
SUB-xAJCZzmlr9,inst-0189,P47,3,"Both feel highly polished, but I judge A to have applied the instruction well. B added a lot of features that may not be needed."
SUB-RPBQzL4uo1,inst-0783,P47,6,"B was the one where I could actually feel the instruction had been applied. With A, I found myself agonizing over whether the first instruction had been applied at all. That said, I wonder whether also changing the card design, on top of the audio button, was really helpful from a designer's perspective."
SUB-05H-eoasGW,inst-0383,P47,3,"In A, the information you need to look at is grouped together, which makes it feel easier to check the content. B tries various things design-wise for each feature, which makes the design intent feel ambiguous."
SUB-NTpi_zToK9,inst-0942,P47,2,"I thought that usually there's only one shuttle bus route to choose from. Even if the destination is the same and you're deciding which bus to take, the travel time would matter more than showing the route on a map."
SUB-vtdSWFXWnt,inst-0764,P47,6,"In A, the hierarchy of the currently playing track feels excessively emphasized. B feels like it applied the instruction appropriately. However, two 'now playing' icons are shown, which conveys redundancy. It would be better to remove one."
SUB-GE19_rJ_-f,inst-0145,P47,6,I judged it to be a layout where the flow of the eye would be better in a desktop structure.
SUB-7c21-phJat,inst-0853,P47,3,"I liked that B went with the same structure for the starting rate part as for the display name, but the price wasn't emphasized. The important information caught my eye better in A."
SUB-_jS9J52keT,inst-0917,P47,7,"Since the information that needs to come through is easy to take in with just a few words, it feels visually more polished."
SUB-QrpQfQ2EBl,inst-0447,P47,5,"The two feel similar, but I think B reflects the request better. The reason is that it changed the subheading in the top text, i.e., it edited the spot where a person's eyes land first."
SUB-oobGo4VzU3,inst-0129,P47,3,"Readability feels best in A among the three, and I chose it because it seems to have been modified without straying far from the existing design."
SUB-cK7fN05Z5G,inst-0900,P47,6,"Both are well composed as desktop layouts, but I chose B because the information I need to see and the information I need to act on catch the eye well."
SUB-6eh6ojYOS-,inst-0735,P47,5,"Both A and B seem to have cleanly changed the requested functionality, but I wonder whether the share, cancel button, translation, and download features were really information the designer needed."
SUB-AD8zHuIusR,inst-0131,P47,2,Designing the part that changes the order structure as a dropdown feels more suitable than the screen on the right. B's tab format feels excessive.
SUB-GFhpnvXNjP,inst-0875,P47,6,"Looking just at the structure of the instructors section on the left, in A the names get hidden by the checkboxes, so usability doesn't look good."
SUB-pYGsXlBvrX,inst-0743,P47,5,"The overall layout looks similar, but I liked that it was appropriately structured to handle the whitespace that would occur in the title area on the left."
SUB-ZgEn2XMibn,inst-0581,P47,6,"I prefer B because the design of the next step section was handled stably. However, it's a shame that the entire background on the left was filled with a garish blue."
SUB-9106UUCN6E,inst-0446,P47,2,"B's structure disrupts the overall layout, so rather than feeling improved, it feels messy and cluttered."
SUB-Xycf0q0qBx,inst-0802,P47,7,"A changes the banner color to something different from the existing brand color, which makes it feel out of place. B gives a feeling where the eye flow breaks yet still connects across the top banner/cards/buttons. I think breaking the eye flow at the right points is a good thing."
SUB-qG7hrihhW9,inst-0456,P47,2,I think A satisfied all of the designer's requests. B's structure feels driven less by the instruction and more by its own judgment that it should fill the whitespace with these kinds of features.
SUB-s5qU4BPRp8,inst-0065,P47,4,"Both A and B resonate similarly, just in different aspects. A seems to have more overall consistency, but B reflects the instruction well and it feels more tangible that this is a child's wallet managed by a parent."
SUB-grayfq9agW,inst-0147,P47,3,"Both A and B resonate similarly, but in A the icon for changing the list order seems a bit easier to understand in terms of its meaning."
SUB-mjh01SzFEF,inst-0882,P47,5,"I think both A and B reflect the instruction well, but B's button approach for deselecting all is easier to understand. A's ""clear all"" makes you expect that a different screen will appear when you tap it."
SUB-e0bZY4B22S,inst-0430,P47,6,"A feels like a mobile screen laid out horizontally to fit a desktop screen, whereas B feels like it understood the structure of a desktop screen and laid things out accordingly."
SUB-x0N3bk_-zZ,inst-0427,P47,3,"Both A and B satisfied the instruction well, but I think the notification structure on the left would already be recognizable enough. Also, in B the check icon inside the verification notification gives the impression that it should be tapped."
SUB-TYNWu3J-Qh,inst-0202,P47,2,"I think both A and B reflected the instruction well, but B's layout structure gives a chaotic, disorganized impression."
SUB-INcmUSjIbT,inst-0918,P47,4,"Both A and B come across similarly, but A removed the existing cancel button and emphasized the primary button. B's structure also makes the button form feel excessive compared to the original. I judge the original design to be the best."
SUB-u8A8g6Bt1q,inst-0261,P47,5,"A feels cleaner, but B has a feature that lets you change your phone number when you want to, which makes it feel more convenient than A."
SUB-K13M16E1aU,inst-0734,P47,2,"I judge that both A and B satisfied the instruction well, and A feels like it was changed to an appropriate hierarchy without straining the overall flow of the eye."
SUB-V9xGi1frFW,inst-0029,P47,3,"The overall layout and design completeness feel similar, but I think A reflected the request better."
SUB-9aE6WH4Jxj,inst-0780,P47,5,"A and B feel like they made similar edits, but B's design conveys a slightly more improved feel, and I think it became easier to look at."
