submission_id,revision,item_ref,x,y,w,h,note
SUB-BpZhTw1ufo,A,unrequested,0.6213,0.4224,0.1554,0.3336,
SUB-U6mhRyIGUs,B,unrequested,0.0477,0.5529,0.9306,0.08,"There are parts where content that wasn't there was added, but not to the extent that it's a big design annoyance."
SUB-i_NBn3HQ_2,A,unit:1,0.4377,0.4028,0.144,0.0647,
SUB-aRWxKzeFUJ,A,unit:1,0.1597,0.4554,0.1859,0.0615,The second line is applied well.
SUB-aRWxKzeFUJ,A,unit:2,0.0409,0.1477,0.9536,0.1167,The text size change was reflected well.
SUB-aRWxKzeFUJ,A,unrequested,0.5984,0.5388,0.2498,0.07,This part was modified.
SUB-5vZcjdbBHp,B,unrequested,0.0272,0.6783,0.9728,0.132,This part seems like a decent choice for readability.
SUB-5vZcjdbBHp,B,unrequested,0.0272,0.2635,0.9728,0.122,I don't understand why it suddenly added an element that wasn't requested in the most visible part of the screen.
SUB-BHVJaQW8Wj,A,unrequested,0.0222,0.0081,0.0525,0.07,Changed the back icon style.
SUB-BHVJaQW8Wj,A,unrequested,0.8026,0.0081,0.1838,0.0732,Added labels to the icons.
SUB-BHVJaQW8Wj,A,unrequested,0.9148,0.1895,0.0501,0.3914,Added a play button for each chapter.
SUB-BHVJaQW8Wj,B,unrequested,0.1153,0.094,0.864,0.28,"A title area was added to the banner only in the PC environment, which makes it look less consistent with the mobile design."
SUB-BHVJaQW8Wj,B,unrequested,0.6451,0.495,0.0597,0.3628,The chapter list thumbnail design differs from mobile.
SUB-BHVJaQW8Wj,B,dq_hierarchy,0.124,0.1481,0.4768,0.3808,The connection between the title and the body text became weaker.
SUB-BHVJaQW8Wj,B,dq_layout,0.115,0.6249,0.5015,0.3089,The card background color and element design for the episode details are different.
SUB-U6EYE9P_vE,B,overall,0.0217,0.6719,0.9609,0.082,Needs to be fixed so that it can scroll or so that all the content is visible.
SUB-eY2ymU6Dsc,A,unrequested,0.0824,0.0536,0.8208,0.1504,The icon seems unnecessary.
SUB-eY2ymU6Dsc,A,unrequested,0.0709,0.5029,0.8554,0.2006,Good — it reads as an accent point.
SUB-eY2ymU6Dsc,A,unrequested,0.0882,0.7937,0.8352,0.1023,Good — the button area is clearly visible.
SUB-BEe-xD3HTR,A,unit:1,0.5501,0.1862,0.3852,0.036,"Showing the start time as text only, and twice at that, doesn't really give an ""at-a-glance"" effect — it's just overkill."
SUB-BEe-xD3HTR,A,unit:1,0.087,0.3254,0.4155,0.084,Same as above.
SUB-BEe-xD3HTR,A,unit:1,0.2168,0.4176,0.5887,0.11,"Wouldn't it have been better to make this part interactive, show the start time here, and get rid of the #1, #2 texts?"
SUB-BEe-xD3HTR,A,unit:2,0.3467,0.0174,0.329,0.056,"The part with red on the white background at the very top has weaker contrast than on a black background, so it barely catches the eye in practice."
SUB-BEe-xD3HTR,A,unrequested,0.2731,0.2976,0.4588,0.022,Seems like overly detailed and excessive information.
SUB-BEe-xD3HTR,B,unit:1,0.0653,0.4462,0.0866,0.072,"It was good that they used an element expressing the passage of time. But if there are only two states anyway — ""start"" and ""recording"" — is it really meaningful? (If showing the Pause and Stop times matters, then it seems like a fine approach.)"
SUB-BEe-xD3HTR,B,unit:1,0.3726,0.1034,0.1645,0.04,It was good that they showed it once more here.
SUB-BEe-xD3HTR,B,unit:2,0.0264,0.0674,0.9523,0.102,"It was good that they changed it to a separate card form + red in line with the intent, but since that red is also used all over the place elsewhere, the urgency doesn't come across well."
SUB-BEe-xD3HTR,B,dq_layout,0.0913,0.2674,0.8354,0.068,"01:24 and the info next to it are
2 columns + Fill"
SUB-BEe-xD3HTR,B,dq_layout,0.1129,0.3474,0.7185,0.08,"The wave image is
center-aligned"
SUB-BEe-xD3HTR,B,dq_layout,0.0177,0.4374,0.9739,0.082,"Icon + time + description
3 columns + left-aligned"
SUB-BEe-xD3HTR,B,dq_craft,0.022,0.2434,0.0649,0.39,Feels unnecessary
SUB-BEe-xD3HTR,B,dq_craft,0.7882,0.0974,0.1558,0.046,"Feels unnecessary (there's already a live dot on the left, so why bother?)"
SUB-bSHgSHZddJ,A,unrequested,0.1056,0.4568,0.8122,0.0401,Omits the part about likes and comments being retained
SUB-bSHgSHZddJ,A,unrequested,0.1056,0.5029,0.8295,0.0582,Omits the part about blocking being handled privately
SUB-bSHgSHZddJ,A,dq_hierarchy,0.0999,0.5771,0.8122,0.2567,
SUB-bSHgSHZddJ,B,unrequested,0.0941,0.198,0.8122,0.3089,"It cleaned up the ambiguous subjects, passive sentences, and sentences where an object is the subject, improving the wording to be more intuitive from the user's perspective."
SUB-bSHgSHZddJ,B,unrequested,0.0999,0.5129,0.8064,0.2367,"Within a modal that is carrying out the blocking function, it gives the user the context that blocking is possible here without disrupting the flow. Also, by giving the button a more dangerous/warning color tone, it emphasizes it appropriately from a visual standpoint too."
SUB-bSHgSHZddJ,B,unrequested,0.0941,0.7536,0.8295,0.1083,"That said, swapping the button layout left-right, and going the opposite way when on mobile the right side should generally be the more emphasized action, plus removing the other person's name from the button copy, are all disappointing points"
SUB-8sSWL8xBbM,A,unit:1,0.062,0.7781,0.8784,0.1043,"That said, by also left-aligning the actions contained in the buttons, the alignment of the button container ends up broken instead"
SUB-8sSWL8xBbM,B,unrequested,0.0505,0.0981,0.9072,0.5997,Treating the area excluding the buttons with a separate background color is a change that instead inserts an unnecessary card structure into the screen
SUB-8sSWL8xBbM,B,unrequested,0.1311,0.393,0.7719,0.1384,"That said, writing the description a bit more user-friendly is a positive"
SUB-D4Yl6FQ3gZ,A,unrequested,0.1373,0.5454,0.7316,0.0782,"It stands out that it first highlights only the intuitive reservation time, and adds the somewhat less important check-in time and date separately in small text at the bottom"
SUB-D4Yl6FQ3gZ,B,unrequested,0.1003,0.1823,0.7689,0.2146,"From the user's perspective, it loses intuitiveness by writing the action of cancelling a medical appointment as something rather vague and from the hospital's point of view, like 'free up the 2:40 visit slot'"
SUB-D4Yl6FQ3gZ,B,unrequested,0.1003,0.403,0.7978,0.1304,"Instead of the genuinely important visit time information, it shows the rather unnecessary 'time remaining until visit', 'time the appointment takes', and 'number of people waiting'. This seems more like information suited to concert or movie tickets"
SUB-D4Yl6FQ3gZ,B,unrequested,0.1003,0.6798,0.8151,0.2166,"Suggesting rescheduling to a user who explicitly pressed cancel is fine, but hiding Cancel and emphasizing rescheduling could be seen as a form of dark pattern"
SUB-UJBcmr8Nhu,B,unrequested,0.0221,0.1187,0.9678,0.322,"Removing the card structure to use the screen more widely is desirable, but the whitespace isn't wide enough to visually separate it from the other areas, so it actually hurts readability"
SUB-UJBcmr8Nhu,B,unrequested,0.0537,0.3107,0.9046,0.07,"With the accent-color indication of how long until the next payment date gone, the user actually loses the entry point for where their eyes should land first"
SUB-UJBcmr8Nhu,B,unrequested,0.0365,0.4307,0.9635,0.352,"As the list information was changed to a single line, space becomes insufficient, and with no clustering it actually becomes harder to understand the card information"
SUB-UJBcmr8Nhu,B,unrequested,0.0508,0.7967,0.9219,0.144,"That said, handling the spaces info with overlapping avatars and bolding the title as an accent forms a decent hierarchy in its own way"
SUB-UJBcmr8Nhu,B,dq_hierarchy,0.0135,0.4687,0.9851,0.292,The list structure change made the clustering far too dense.
SUB-tyn16RHejf,A,dq_layout,0.2255,0.1772,0.58,0.038,"A caption was added to the notification text, so it got a bit more cramped."
SUB-tyn16RHejf,A,dq_layout,0.2471,0.5364,0.3766,0.036,Same as above.
SUB-tyn16RHejf,A,dq_layout,0.4419,0.2862,0.5064,0.03,Same as above.
SUB-tyn16RHejf,B,unit:1,0.0393,0.0157,0.4069,0.046,"The meaning of 'to-do' comes across, but from an ordinary user's perspective the meaning is too broad"
SUB-tyn16RHejf,B,unit:1,0.0177,0.0569,0.1948,0.042,The meaning of 'open' is weak. It gives less of a feeling that something needs urgent handling
SUB-tyn16RHejf,B,unit:1,0.2255,0.1109,0.1861,0.06,The filter itself doesn't seem to convey urgency. 'New' has weak meaning
SUB-tyn16RHejf,B,unit:3,0.7882,0.1211,0.0606,0.04,It's a bit disappointing — do we really need another circular chip (number) inside a small chip?
SUB-tyn16RHejf,B,dq_layout,0.1822,0.215,0.7964,0.098,"With the color chip and info caption added, it looks more cramped"
SUB-Co5umJbBtz,B,unrequested,0.0523,0.7789,0.2597,0.098,A new Chip suddenly appears. It uses UI that isn't consistent with the Today group
SUB-Co5umJbBtz,B,dq_craft,0.022,0.4457,0.9652,0.058,The design of placing Today and Earlier within one card and giving a background color only to the group names is far too messy.
SUB-xHPZffYggl,B,dq_layout,0.0536,0.6754,0.9072,0.1565,I think keeping the original here is also the designer's intent
SUB-bc1Wim3qnu,A,unit:2,0.0975,0.8198,0.8266,0.1565,This part wasn't intended
SUB-bc1Wim3qnu,B,unit:1,0.0082,0.3444,0.9562,0.3149,Was replacing the image not possible?
SUB-bc1Wim3qnu,B,unit:2,0.0601,0.0235,0.9217,0.1003,It appropriately conveys that there's a save function
SUB-wOfeRwNhfi,B,unit:1,0.0109,0.1309,0.0866,0.1,I think this part is an AI fingerprint.
SUB-wOfeRwNhfi,B,dq_hierarchy,0.1018,0.0109,0.5714,0.044,The fact that it's expressed as a label
SUB-wOfeRwNhfi,B,dq_hierarchy,0.1321,0.1309,0.8679,0.118,"The fact that it's expressed precisely, separated from other areas"
SUB-y6y-0qT6B5,A,unit:1,0.0203,0.11,0.2076,0.42,This menu composition is a part that wasn't requested
SUB-y6y-0qT6B5,A,unit:1,0.8747,0.0877,0.1253,0.8401,Is it right that the whole PC screen is represented?
SUB-y6y-0qT6B5,A,unrequested,0.0084,0.1036,0.2148,0.5696,The composition of the main menu wasn't part of the request.
SUB-y6y-0qT6B5,B,unit:3,0.6337,0.651,0.0716,0.2705,The numbers are displayed appropriately
SUB-y6y-0qT6B5,B,unit:3,0.6695,0.3264,0.2888,0.175,Icon representation and emphasis
SUB-y6y-0qT6B5,B,unrequested,0.6122,0.1609,0.2816,0.0573,"The original doesn't express this, but if it were conveying from the user's perspective that consultation is immediately available, I'd want to give it credit. However, if this feature doesn't actually exist, it should be removed."
SUB-6Rh0jR1LjI,A,unit:1,0.1247,0.478,0.576,0.0702,Added information the user needs
SUB-6Rh0jR1LjI,A,unit:1,0.0786,0.151,0.8237,0.1565,Replaced with a title that matches the request
SUB-6Rh0jR1LjI,A,dq_hierarchy,0.0671,0.3295,0.89,0.2527,Added a card to provide the user with the information they need
SUB-6Rh0jR1LjI,A,dq_layout,0.0872,0.6043,0.864,0.3249,Separated from the main content while using an appropriate icon
SUB-6Rh0jR1LjI,B,unit:1,0.1275,0.3897,0.072,0.2066,I think this emphasis is unnecessary
SUB-6Rh0jR1LjI,B,unit:1,0.1131,0.3676,0.818,0.2427,Conveys accurate information to the user by expressing the details
SUB-6Rh0jR1LjI,B,unit:1,0.0469,0.7307,0.9159,0.1484,Emphasizing this part wasn't part of the request
SUB-6Rh0jR1LjI,B,unrequested,0.0613,0.7267,0.8986,0.1585,There was no request for this part
SUB-6Rh0jR1LjI,B,dq_legibility,0.0095,0.7207,0.9389,0.2608,Emphasis on unnecessary information
SUB-6Rh0jR1LjI,B,dq_craft,0.0325,0.7006,0.9418,0.2086,"If just the color were removed from this part, the level of polish would be higher"
SUB-iESZ52xWei,A,unit:2,0.2057,0.102,0.6017,0.058,"This part is too small, so it doesn't stand out"
SUB-iESZ52xWei,A,unit:2,0.1797,0.226,0.6406,0.032,Providing unnecessary information
SUB-iESZ52xWei,B,unit:1,0.4654,0.154,0.4848,0.096,Recording
SUB-iESZ52xWei,B,unit:1,0.0412,0.092,0.9393,0.052,Expresses that it's recording in real time
SUB-iESZ52xWei,B,unit:1,0.0282,0.51,0.9566,0.182,The English context is expressed with emphasis
SUB-iESZ52xWei,B,unrequested,0.6472,0.37,0.2164,0.12,This part is an unnecessary modification
SUB-RLlR-l0uKw,A,unit:1,0.0,0.544,1.0,0.086,"I'd like it to either feel consistent with ""your addresses"" or be better distinguished from the home and work list cards."
SUB-g6gaYQhMS7,A,dq_craft,0.2393,0.1452,0.4698,0.4388,"Whereas the original looked less polished due to unnecessary whitespace below the profile and buttons laid out in two lines, the modified version has better alignment and polish."
SUB-3xnzm3tHoI,A,unit:2,0.0051,0.9222,0.9949,0.0778,The bottom tab bar elements also seem to have been changed appropriately to suit the purpose of an exhibition audio tour
SUB-3xnzm3tHoI,A,unrequested,0.425,0.9322,0.1558,0.0678,"""Listen"" was changed to ""tour."" It doesn't seem to be included in the request, but it doesn't conflict with the purpose either, so it doesn't seem to have much impact"
SUB-3xnzm3tHoI,B,unit:1,0.8188,0.5462,0.1645,0.032,
SUB-3xnzm3tHoI,B,unit:2,0.0181,0.4622,0.0995,0.05,
SUB-3xnzm3tHoI,B,unrequested,0.0,0.0582,0.992,0.272,"The color is applied too strongly, so the eye is drawn upward"
SUB-3xnzm3tHoI,B,unrequested,0.0,0.2082,1.0,0.198,Changed differently from the structure of the existing UI
SUB-3xnzm3tHoI,B,dq_hierarchy,0.0181,0.0602,0.9739,0.272,
SUB-3xnzm3tHoI,B,dq_hierarchy,0.0,0.4582,1.0,0.054,
SUB-3xnzm3tHoI,B,dq_hierarchy,0.8145,0.5462,0.1855,0.304,
SUB-3xnzm3tHoI,B,dq_hierarchy,0.0181,0.2082,0.9652,0.126,"The order changed, so it differs from the intended flow of the eye"
SUB-3xnzm3tHoI,B,dq_legibility,0.0095,0.0562,0.9825,0.278,
SUB-3xnzm3tHoI,B,dq_craft,0.0095,0.0542,0.9868,0.278,Use of overly strong colors
SUB-3xnzm3tHoI,B,dq_craft,0.0051,0.4542,0.1169,0.41,The unnecessary icon and the number color feel excessive
SUB-Xel43Imm1U,A,unrequested,0.0288,0.1633,0.7898,0.066,Summarizing the plan's key selling point in one line and floating it over the image background is a good attempt
SUB-Xel43Imm1U,A,unrequested,0.0,0.0,1.0,0.2473,"Removed the whitespace in the cover image area and stretched it to fill the entire screen, creating a more open feel"
SUB-Xel43Imm1U,B,unrequested,0.0385,0.8033,0.9391,0.128,"The button label was changed, but the impact is negligible."
SUB-LuSPELqD4N,B,dq_craft,0.0498,0.506,0.9349,0.036,"The card line and the title line overlap, which feels cramped"
SUB-f5_fIMQdeq,B,unit:2,0.0496,0.3641,0.9344,0.1999,Looks like language-learning content
SUB-myOjrBZBdB,A,unrequested,0.7907,0.3081,0.2007,0.0624,This part should go inside the upload card
SUB-myOjrBZBdB,A,overall,0.7215,0.3001,0.2785,0.0927,The part shown outside the upload card isn't intentional design
SUB-myOjrBZBdB,B,unrequested,0.0329,0.0618,0.9413,0.0927,Center-aligning this part wasn't part of the request
SUB-O4sM8QkIBo,A,unit:1,0.4556,0.137,0.4723,0.0883,An exam date that can't be inferred from the original UI
SUB-O4sM8QkIBo,A,unit:1,0.5506,0.8029,0.2448,0.0421,This kind of date display should be shown together with the patient name at the top
SUB-O4sM8QkIBo,B,unit:1,0.0881,0.1028,0.8472,0.1143,Failed to reflect the request to express it in one line
SUB-O4sM8QkIBo,B,unit:1,0.0648,0.167,0.3155,0.0542,The date display is inaccurate
SUB-O4sM8QkIBo,B,unit:1,0.5556,0.161,0.3886,0.0582,Is this part the date?
SUB-O4sM8QkIBo,B,unit:2,0.0589,0.3536,0.8794,0.1023,Upload failed
SUB-O4sM8QkIBo,B,unit:3,0.0765,0.5963,0.8618,0.1143,This part wasn't part of the request.
SUB-O4sM8QkIBo,B,unrequested,0.0706,0.6023,0.8823,0.1184,This part should have kept the original UI.
SUB-O4sM8QkIBo,B,dq_layout,0.0268,0.5682,0.9728,0.4052,The area is too divided up.
SUB-nJkga-k4vr,A,unit:2,0.0092,0.0717,0.9187,0.0927,I question whether it was necessary to change the service's main title and even the information to be family-centered.
SUB-nJkga-k4vr,A,unit:2,0.0056,0.1644,0.9891,0.1415,"The area is unnecessarily large. When you don't know how many options will be added, I question whether stretching it out like this is a good approach."
SUB-nJkga-k4vr,B,unrequested,0.0268,0.4279,0.9539,0.1334,The hierarchy has been changed.
SUB-nJkga-k4vr,B,unrequested,0.7589,0.5759,0.2253,0.0325,A link that lets you see more information has been added.
SUB-tV_89XTvc-,A,unrequested,0.0786,0.2034,0.6508,0.0481,Content changed.
SUB-tV_89XTvc-,A,unrequested,0.5172,0.4209,0.2122,0.0398,Emphasis.
SUB-tV_89XTvc-,A,unrequested,0.3265,0.5013,0.2241,0.0249,Existing information has been deleted.
SUB-tV_89XTvc-,A,dq_hierarchy,0.522,0.4209,0.205,0.0398,Hierarchy raised.
SUB-tV_89XTvc-,A,dq_interaction,0.0786,0.2655,0.8463,0.0814,It seems you can change the sort order by pressing twice.
SUB-tV_89XTvc-,B,unrequested,0.0691,0.2067,0.6437,0.0481,
SUB-RnCd8jJ4d7,A,unrequested,0.3596,0.3789,0.0955,0.0668,A color change that wasn't requested has occurred.
SUB-RnCd8jJ4d7,A,unrequested,0.899,0.2675,0.0811,0.4582,A 'more' button that didn't exist before has appeared.
SUB-RnCd8jJ4d7,A,dq_craft,0.2331,0.7289,0.7494,0.1782,"By using a different style, it adds a point of interest to a desktop UI that could otherwise be boring."
SUB-RnCd8jJ4d7,B,unit:1,0.6842,0.2532,0.2888,0.4837,"In the original mobile version it wasn't emphasized because it was shown at the bottom as an identical list, but in the desktop version it looks far more emphasized than the other lists. The intent may come across differently."
SUB-VDYextSUHu,A,unit:1,0.7662,0.6329,0.2338,0.048,"Above it shows the number of messages, but here a date appears. There's no consistency."
SUB-VDYextSUHu,A,dq_hierarchy,0.0131,0.1329,0.0866,0.042,There's no need for a dot in front of the date divider. Looks like an error.
SUB-VDYextSUHu,B,dq_layout,0.0001,0.0829,0.9652,0.072,"A different background color is already used in the tab area, and boxing it in once more with a box style makes it feel cramped."
SUB-VDYextSUHu,B,dq_layout,0.0261,0.1609,0.9392,0.328,Both the timeline and the card are too emphasized.
SUB-sq3pU1rnUY,A,unrequested,0.0579,0.3402,0.13,0.362,
SUB-sq3pU1rnUY,A,dq_craft,0.8293,0.032,0.1619,0.0325,
SUB-sq3pU1rnUY,A,dq_craft,0.5125,0.9086,0.2288,0.0911,
SUB-sq3pU1rnUY,B,unit:2,0.4667,0.9135,0.3133,0.0865,
SUB-sq3pU1rnUY,B,unrequested,0.0268,0.7232,0.9609,0.0895,
SUB-sq3pU1rnUY,B,dq_hierarchy,0.0619,0.3817,0.1338,0.3351,
SUB-sq3pU1rnUY,B,dq_legibility,0.0549,0.3752,0.6934,0.0748,
SUB-sq3pU1rnUY,B,dq_layout,0.0514,0.3752,0.9222,0.0764,
SUB-sq3pU1rnUY,B,dq_interaction,0.8433,0.3687,0.1197,0.3513,
SUB-irmAiEUa3d,A,unrequested,0.0021,0.1558,0.9979,0.3367,
SUB-irmAiEUa3d,A,dq_legibility,0.0338,0.5543,0.9503,0.1139,
SUB-irmAiEUa3d,B,unrequested,0.0373,0.7218,0.9468,0.0504,"Information on how much you can save with the promotion is displayed, which seems to improve usability."
SUB-irmAiEUa3d,B,dq_hierarchy,0.0268,0.5315,0.9644,0.1496,
SUB-6zM-L1WQaJ,A,unrequested,0.0069,0.8487,0.9931,0.1513,Fixed the issue where the background at the bottom was getting cut off.
SUB-6zM-L1WQaJ,A,unrequested,0.0747,0.6828,0.2463,0.0358,Grouped the checkboxes under a subheading.
SUB-6zM-L1WQaJ,A,unrequested,0.0319,0.1346,0.9389,0.0455,The text weight was changed.
SUB-6zM-L1WQaJ,A,dq_hierarchy,0.0247,0.1281,0.9318,0.0586,"The weight changed, so the text is more emphasized."
SUB-6zM-L1WQaJ,A,dq_legibility,0.7387,0.712,0.2285,0.1025,"Required and optional are marked as text on the right, which makes the eye flow for reading the information awkward."
SUB-6zM-L1WQaJ,B,unrequested,0.0244,0.1346,0.9327,0.0569,
SUB-6zM-L1WQaJ,B,unrequested,0.0103,0.8411,0.9897,0.1589,Fixed the background cut-off problem.
SUB-6zM-L1WQaJ,B,dq_hierarchy,0.0209,0.7511,0.9791,0.1008,
SUB-6zM-L1WQaJ,B,dq_legibility,0.7494,0.7044,0.2147,0.039,
SUB-wPlaCisDSx,B,unit:1,0.0524,0.0864,0.364,0.0659,Conveys failure.
SUB-wPlaCisDSx,B,unit:1,0.0327,0.1682,0.8853,0.1091,Added a softer phrasing.
SUB-wPlaCisDSx,B,unrequested,0.018,0.7,0.982,0.0841,It's assumed there's a past visit history — a feature that considers the guardian's perspective.
SUB-wPlaCisDSx,B,unrequested,0.0327,0.5614,0.0639,0.0591,This screams AI-generated writing way too much.
SUB-6anAHjybzq,A,unit:3,0.1897,0.0062,0.3317,0.0796,Only the search button should have been created.
SUB-6anAHjybzq,B,unit:2,0.7053,0.5408,0.2721,0.1623,Differs from the original UI.
SUB-6anAHjybzq,B,unrequested,0.0155,0.8399,0.1695,0.1601,Content that wasn't in the original.
SUB-_Ui8i9yWn6,B,unit:1,0.5711,0.6528,0.3831,0.1505,Arrow icon.
SUB-Fl9qzwp5oz,A,unrequested,0.0476,0.3507,0.9295,0.524,Separating the credibility part and the selling-point area is a good improvement.
SUB-Fl9qzwp5oz,B,unrequested,0.0285,0.0827,0.9611,0.156,"Building out the introduction properly is a good thing, but at the entry point of this page, instead of the user immediately and intuitively seeing what information is contained, the cognitive load of having to read prose increases."
SUB-Fl9qzwp5oz,B,unrequested,0.0013,0.2407,0.9883,0.082,"That said, presenting the service's overview information as three cards is a good attempt."
SUB-0RqDaNQEfS,A,unit:1,0.0783,0.2298,0.8727,0.2155,Nothing has changed from the original UI.
SUB-0RqDaNQEfS,B,unrequested,0.0285,0.5431,0.052,0.343,This part is an unnecessary element.
SUB-z3W5anPuPR,B,unrequested,0.0338,0.4387,0.9305,0.252,Filter names that fit the context of food photos.
SUB-z3W5anPuPR,B,unrequested,0.0625,0.2967,0.4595,0.114,Menu information
SUB-z3W5anPuPR,B,unrequested,0.0797,0.7167,0.8874,0.206,"The title ""Optional Callout"" and the button label may be somewhat ambiguous"
SUB-oODxAmP2Dc,B,unit:2,0.0,0.0568,0.0204,0.1231,This border is unnecessary
SUB-oODxAmP2Dc,B,dq_layout,0.0614,0.0625,0.9345,0.1117,The structure becomes less clean
SUB-AwPtEnDJdP,B,unrequested,0.0575,0.5312,0.9079,0.2585,The add button is visible
SUB-AwPtEnDJdP,B,dq_layout,0.0827,0.5169,0.8849,0.2754,The layout in this part looks too complicated
SUB-AwPtEnDJdP,B,dq_interaction,0.7247,0.5424,0.2522,0.2436,The requested feature was added
SUB-7IQDvduM8c,B,unrequested,0.0953,0.6063,0.3692,0.0468,Labels were attached to the cards
SUB--7S4ZGntEH,A,unrequested,0.0002,0.0,0.5823,0.0572,Title changed.
SUB--7S4ZGntEH,B,unrequested,0.0186,0.0996,0.0367,0.1081,This border keeps showing up
SUB--7S4ZGntEH,B,dq_layout,0.0186,0.0784,0.9814,0.161,The information that was in the original is now in a form that's hard for users to grasp
SUB-zZkKcB8npK,B,unrequested,0.0156,0.2718,0.9844,0.104,"The individual buttons were changed into a dropdown UI, making the top area cleaner"
SUB-zZkKcB8npK,B,unrequested,0.0243,0.3758,0.9757,0.074,"""Send invitation"" and ""Copy invite link"" were merged into one line, making the top area cleaner"
SUB-zZkKcB8npK,B,unrequested,0.7774,0.4958,0.2226,0.204,"The total headcount is shown as a number, making it easy to grasp the member status at a glance"
SUB-zZkKcB8npK,B,unrequested,0.0416,0.5878,0.3679,0.068,"A green light is shown for those currently online, making it easy to grasp the member status at a glance"
SUB-zZkKcB8npK,B,unrequested,0.0373,0.6762,0.1731,0.09,"For the second group, an email icon is shown instead of a profile picture, which improves intuitiveness"
SUB-Mri_CWeZ-B,B,unrequested,0.068,0.1347,0.8874,0.38,The improvement actually backfires
SUB-gIiMwP-1EM,B,dq_legibility,0.846,0.1536,0.1467,0.374,"The progress status is shown as a separate label tag UI, improving readability and visibility"
SUB-xQkcCohpy2,B,unrequested,0.1992,0.2901,0.1169,0.054,Deleting the event text in the calendar area was an unrequested change and readability got worse.
SUB-G0f0rwnLCP,B,unrequested,0.0048,0.0,0.9952,0.1199,A progress bar was added
SUB-d6v0WR_yIo,B,unrequested,0.8149,0.2878,0.1818,0.282,Play button added
SUB-YIivig_F_D,B,unrequested,0.0103,0.0131,0.9764,0.24,A background color was applied to the top header
SUB-YIivig_F_D,B,unrequested,0.0476,0.3478,0.8845,0.072,Changed the bar design to look like individual segments
SUB-YIivig_F_D,B,dq_hierarchy,0.0275,0.5184,0.942,0.384,"The title area and the cards below are separated, so the title registers well at a glance first"
SUB-YIivig_F_D,B,dq_legibility,0.039,0.3389,0.8931,0.082,"By changing the bar design to individual segments, the remaining amount can easily be grasped as a count"
SUB-oCf8a2B5oN,B,unit:2,0.5934,0.2459,0.3848,0.062,The available actions were diversified into a dropdown format
SUB-oCf8a2B5oN,B,dq_legibility,0.0161,0.0976,0.9649,0.132,Emphasis effect at the top
SUB-oCf8a2B5oN,B,dq_legibility,0.0247,0.3133,0.0862,0.202,The fact that sharing is in progress is revealed intuitively
SUB-NA1otdL4uA,A,dq_legibility,0.3206,0.7297,0.0596,0.0466,"The star rating and review count were added, but the numbers are written side by side (e.g. 4.8.214), which is confusing and has low readability."
SUB-NA1otdL4uA,A,dq_craft,0.004,0.0827,0.2221,0.4112,"There's no submenu (2-depth), it's just a simple 1-depth, yet it unnecessarily takes up a lot of space on the left, which makes it look unpolished"
SUB-TPmBqB0D-r,B,unrequested,0.1916,0.5783,0.7401,0.072,Even the specific progress status is displayed in detail
SUB-gk4mRKvMJw,A,unit:1,0.1087,0.529,0.8064,0.2808,The options are ambiguous. It's a bit disappointing that they aren't common examples like breakfast/lunch/dinner or today/tomorrow/the day after
SUB-gk4mRKvMJw,B,unrequested,0.0799,0.5169,0.8208,0.2688,Changed to a date selector that's more suitable for saving recipes.
SUB-gk4mRKvMJw,B,unrequested,0.5926,0.3986,0.3226,0.1043,"Only prep and cook time were requested, but it anticipated the Total info the user would need and added that as well."
SUB-HX-zubj-Yz,A,unit:1,0.0857,0.5873,0.8305,0.1241,"On desktop the primary button is normally placed on the right, but it seems that wasn't taken into account."
SUB-HX-zubj-Yz,A,dq_layout,0.4962,0.2038,0.4272,0.3246,The detail information is stuck too close to the top and there's unnecessary empty space at the bottom
SUB-HX-zubj-Yz,B,unit:1,0.0332,0.2182,0.4129,0.4901,Excessive changes make the style look different from the original
SUB-HX-zubj-Yz,B,dq_interaction,0.4628,0.5427,0.4558,0.1082,"On desktop the primary button is normally placed on the right, but it seems that wasn't taken into account."
SUB-Vb1Xfn3vyt,A,unit:1,0.0847,0.6032,0.8381,0.0582,Added something that wasn't requested
SUB-Vb1Xfn3vyt,A,unit:2,0.0703,0.8439,0.8583,0.0622,Added something that wasn't requested
SUB-Vb1Xfn3vyt,A,dq_legibility,0.0847,0.6834,0.8698,0.2367,It doesn't look like these three are well grouped as things related to delete. They look mixed in with the other elements
SUB-Vb1Xfn3vyt,B,dq_legibility,0.1913,0.2953,0.4781,0.0722,The important title gets truncated with an ellipsis
SUB-Vb1Xfn3vyt,B,dq_legibility,0.079,0.1087,0.2938,0.0662,Information about the departing employee is missing. You have to infer it from the name alone.
SUB-Vb1Xfn3vyt,B,dq_interaction,0.1164,0.4678,0.7719,0.2327,Two different actions are mixed into a single card area.
SUB-RnRFjn3oP7,B,unrequested,0.7464,0.2201,0.2189,0.339,"It looks like they expressed the original's icon as a tag, but it's hard to recognize and seems unnecessary since it's content you can already see in the text."
SUB-RnRFjn3oP7,B,dq_interaction,0.7089,0.0476,0.2189,0.0842,Could be mistaken for a button
SUB-ka4jnDZOOu,A,unrequested,0.0984,0.3444,0.7863,0.0883,The wording was changed even though that wasn't requested
SUB-ka4jnDZOOu,A,dq_legibility,0.0811,0.8218,0.8698,0.1782,"It's nice being able to see all the tiers, but the graph doesn't seem appropriate for Rarity information. For example, the Common share would normally be over 50%, but in this graph all the tiers appear to have equal proportions."
SUB-ka4jnDZOOu,A,dq_layout,0.0984,0.888,0.8122,0.0983,The bar and text alignment don't match
SUB-ka4jnDZOOu,B,unrequested,0.0984,0.3324,0.769,0.0963,Text that wasn't requested was changed
SUB-emlPsrU6NI,B,dq_legibility,0.1728,0.4728,0.6711,0.0682,Information that helps with understanding the graph was appropriately added
SUB-crlIpYTVi8,A,dq_legibility,0.0414,0.5309,0.9488,0.094,It's a shame the amount and the increase figure are placed so far apart. It would be good if there were a note saying the increase is compared to last week.
SUB-crlIpYTVi8,B,dq_hierarchy,0.0694,0.5849,0.896,0.082,There's no way to tell who accounts for which percentage
SUB-crlIpYTVi8,B,dq_legibility,0.0347,0.5769,0.9219,0.362,"The bar graph and the ""see log"" action button have similar styles, so it's visually confusing."
SUB-y7cYP7iX_E,A,dq_layout,0.0182,0.2221,0.7776,0.3651,The tag layout is broken
SUB-y7cYP7iX_E,A,dq_layout,0.0297,0.5891,0.9159,0.1344,The spacing between the role selection and the email input is too tight
SUB-y7cYP7iX_E,A,dq_interaction,0.0499,0.8419,0.9015,0.0481,The notice that it expires within 7 days is missing
SUB-y7cYP7iX_E,B,dq_hierarchy,0.6144,0.3745,0.3427,0.1384,Hard to recognize it as an action button you can actually select. It just looks like a table view highlight style.
SUB-y7cYP7iX_E,B,dq_layout,0.0297,0.5711,0.9418,0.1625,Doesn't seem to handle the case where the table view expands to two lines. The design looks cut off.
SUB-y7cYP7iX_E,B,dq_interaction,0.047,0.7376,0.9101,0.0822,"Seems to have been added because it was hard to tell which part was selected, but it looks excessive. It would have been unnecessary if the selection UI itself had been clear."
SUB-cOcMpjwK-8,A,unit:1,0.0418,0.8751,0.8928,0.0702,Excessive detail
SUB-cOcMpjwK-8,B,unrequested,0.0562,0.2212,0.9217,0.1865,Changed from a pie chart to a bar chart
SUB-7pDpBgJ2zW,A,dq_layout,0.0072,0.791,0.9809,0.1579,"A CTA was added, so the element prompting the next action is reinforced, but it's placed in a way that breaks out of the existing layout structure, making its alignment and relationship with surrounding elements awkward. Also, the placement could be affected by the length of the text on the left, so scalability seems low."
SUB-AcMFWz1jU9,A,unrequested,0.0182,0.448,0.9705,0.0557,"A ""Distance from North Harbor"" sort option that wasn't in the original was added"
SUB-FlsrNkjvI8,B,unrequested,0.6256,0.3031,0.3588,0.0348,You can see at a glance how many selections are left
SUB-FlsrNkjvI8,B,unrequested,0.1523,0.4075,0.6241,0.0446,Travel time and distance information was added
SUB-CkGyT1iUNm,A,unit:1,0.0868,0.1106,0.8328,0.1944,Clearly reframes the purpose as a recommendation shared with teachers.
SUB-CkGyT1iUNm,A,unit:1,0.1751,0.7055,0.6872,0.0748,Clearly reframes the purpose as a recommendation shared with teachers.
SUB-CkGyT1iUNm,A,unit:1,0.0868,0.4945,0.7755,0.1878,"It shows whether it matches the classes you teach, curriculum alignment, and the format provided, so you can judge the lesson's suitability before recommending."
SUB-CkGyT1iUNm,B,dq_legibility,0.0964,0.4046,0.8113,0.3091,"Laid out in table form, making it easy to compare grade level, curriculum, and prep time. However, the grade range is repeated in the top area, the table, and the bottom badge, so the information is somewhat redundant."
SUB-1d2hcHR2lX,A,dq_interaction,0.185,0.3154,0.4732,0.0376,The color and underline make its clickability clear.
SUB-1d2hcHR2lX,B,unit:1,0.0,0.7753,0.9716,0.1685,"The distinction in meaning is clear. However, putting each one in a separate box uses more vertical space than the small group that was requested."
SUB-XI8bEaQeo8,B,dq_layout,0.0823,0.0689,0.6874,0.0848,"The line gap in the title area changed, so it looks a bit cramped"
SUB-XI8bEaQeo8,B,dq_craft,0.0585,0.3531,0.8878,0.0698,"The gap with the bottom line is too tight, so it looks cramped"
SUB-Fc7SFZ-ysp,A,dq_hierarchy,0.322,0.0951,0.408,0.0635,"By changing 'events' to 'payments' in each area, the figures can also be broken down by item."
SUB-Fc7SFZ-ysp,A,dq_hierarchy,0.7047,0.2593,0.2306,0.0441,"By changing 'events' to 'payments' in each area, the figures can also be broken down by item."
SUB-Fc7SFZ-ysp,A,dq_hierarchy,0.4944,0.893,0.1799,0.0653,"By changing 'events' to 'payments' in each area, the figures can also be broken down by item."
SUB-Fc7SFZ-ysp,B,dq_hierarchy,0.0762,0.2311,0.8845,0.2489,"Especially compared to A, it has the advantage that you can visually compare the number of events by type."
SUB-qylrW-RDe2,A,unit:1,0.0151,0.215,0.3467,0.0613,"It additionally spells out change notice information that could already be understood from the button label, so it feels slightly excessive."
SUB-qylrW-RDe2,A,unrequested,0.0452,0.7291,0.8954,0.0251,"The ""Support reply time"" item was deleted"
SUB-qylrW-RDe2,A,unrequested,0.0332,0.8907,0.7989,0.039,Content simplified
SUB-qylrW-RDe2,B,unrequested,0.7039,0.337,0.2284,0.0292,"It was added in a way that summarizes the features included in the lower plan, but it seems more appropriate to use it to describe the overall characteristics of the higher plan."
SUB-qylrW-RDe2,B,dq_legibility,0.3041,0.4259,0.3547,0.1681,"The contrast between the plan background and the card background is weak, which is tiring on the eyes"
SUB-ie9cmBChnV,A,unit:1,0.0707,0.0576,0.193,0.1063,"As per the requested instruction, a round back button was created to the left of the photo at the top"
SUB-ie9cmBChnV,B,unit:1,0.0592,0.0496,0.1728,0.1063,"As per the requested instruction, a round back button was created to the left of the photo at the top"
SUB-5GMy7GqDj1,B,unit:1,0.0391,0.4992,0.9522,0.094,Appropriate information was added in the specified location.
SUB-DKHx2m9yNX,B,unrequested,0.0082,0.062,0.9815,0.1152,"By laying out all the steps as a stepper rather than a progress bar, it makes the overall flow and the next step easier to anticipate."
SUB-RG5M1dTYju,A,dq_hierarchy,0.0134,0.6189,0.9826,0.148,
SUB-RG5M1dTYju,B,dq_layout,0.0653,0.7149,0.3376,0.068,"With the layout moving the title up, readability is better"
SUB-RG5M1dTYju,B,dq_layout,0.0393,0.8341,0.9393,0.052,"It's a bit of a shame that, unlike the group above, the layout isn't consistent"
SUB-BjlsXy99hh,A,unrequested,0.6147,0.4367,0.376,0.362,"It's good that the notes and reference items, which are less related to the schedule, were made into a separate card with a different background color to visually separate them"
SUB-BjlsXy99hh,B,unrequested,0.0089,0.9127,0.9911,0.0873,"They pushed the visual hierarchy of somewhat unnecessary information up too far. It sits outside the layout and has a different color so it really stands out, but it's not key schedule information that you need to be aware of at all times to that degree."
SUB-kyp_O7giS-,B,unrequested,0.8792,0.4809,0.1208,0.102,Rounding was applied.
SUB-6wRIDPnjFP,A,unit:1,0.2316,0.1787,0.6319,0.072,"A chip UI is suited for user selection or filtering, but the team currently assigned isn't a good fit for selection or filtering. If there were detailed options for the current course, it'd be more appropriate to implement those options, and if an ellipsis appears, the team name could be misread. Rather than forcing information into a new UI inside the card design, it'd be better to just lay it out separately on a single line."
SUB-6wRIDPnjFP,B,unrequested,0.0109,0.5747,0.9696,0.082,"Positive evaluation: instead of describing the company discount item in a long sentence, it shows only the company name and discount rate as the key information, and changed it to a button label where you can see more detailed items."
SUB-6wRIDPnjFP,B,unrequested,0.0888,0.2767,0.8873,0.13,It omitted the information about the course registration expiration date.
SUB-gWuddUS4YK,B,unit:2,0.0852,0.2129,0.4487,0.068,I never asked for the remaining content period to be treated as important.
SUB-gWuddUS4YK,B,unrequested,0.0791,0.1635,0.8547,0.1701,The content was changed
SUB-gWuddUS4YK,B,unrequested,0.0608,0.4207,0.9035,0.3019,I never asked for the table to be split up and displayed.
SUB-gWuddUS4YK,B,dq_layout,0.0883,0.451,0.873,0.2487,"For what appears to be a mobile UI, is such a complex structural change necessary?"
SUB-gWuddUS4YK,B,dq_craft,0.0272,0.4297,0.8974,0.2764,"Too complicated, and it made changes that weren't in the instruction."
SUB-J9kpchd7fs,A,unrequested,0.0195,0.6127,0.9566,0.064,"By removing the existing maximum of 12 people, the user has to figure out how many people are possible by selecting one by one."
SUB-J9kpchd7fs,B,unit:1,0.0022,0.0127,0.9978,0.15,"However, in merging the title with the app bar, the background color got lumped in with the app bar, and with insufficient spacing above and below, it has the counterproductive effect that your eye doesn't reach the title quickly or easily."
SUB-J9kpchd7fs,B,unrequested,0.0109,0.2387,0.9891,0.06,"By exposing the label ""Level Selection,"" it clearly shows an area that was previously somewhat ambiguous as level selection."
SUB-J9kpchd7fs,B,unrequested,0.0109,0.5387,0.9826,0.054,"By showing the maximum number of people who can participate, it keeps the user from having a cognitive burden about adding people."
SUB-J9kpchd7fs,B,unrequested,0.3182,0.0087,0.3419,0.05,"However, ""Draft Saved"" is a status value, not the title of the current screen, so keeping ""New Lesson"" would be preferable."
SUB-NQpEU0NEIE,A,unrequested,0.0264,0.2229,0.4155,0.042,It seems to be because the sub-list titles are more visible.
SUB-NQpEU0NEIE,A,dq_layout,0.0134,0.4276,0.7834,0.09,"However, the filter seems to be stuck too close to the subtitle."
SUB-NQpEU0NEIE,B,unrequested,0.0783,0.0105,0.4502,0.04,An attempt to needlessly change the menu name when it wasn't requested.
SUB-yvTt1dctmL,A,unit:2,0.2975,0.2176,0.1757,0.5116,"The prompt is so abstract that I don't know how it wants the composition changed, but the AI seems to have made good use of the wide area of the desktop canvas to add the necessary information."
SUB-yvTt1dctmL,A,unit:3,0.6589,0.4701,0.3218,0.2706,"It reads very naturally from top to bottom, which is great, but since the license availability stages seem to have an order, it's a shame they weren't marked with numbers."
SUB-yvTt1dctmL,B,unit:2,0.2134,0.1384,0.4926,0.8482,"I understood the prompt to mean a change to the ""list of product information,"" but this screen changed the list where products are distinguished. That said, it was a part I found confusing too, so I can see how it could be understood this way."
SUB-sgiNl4_rNX,A,dq_layout,0.0974,0.3571,0.7959,0.1623,"In the original, the gap between the room name and the time was too wide and felt awkward, and this has been fixed."
SUB-zGuaNZDnC2,A,dq_layout,0.0128,0.5908,0.9701,0.2123,"The visibility of this area is good, but the pre-change version was easier to read. Still, I rate it positively since you can read it all at once without needing to scroll."
SUB-zGuaNZDnC2,A,dq_layout,0.0346,0.8318,0.941,0.1264,"The text got too long so it looks cluttered. If it was going to be two lines, it could have broken the line before the ""&."""
SUB-zGuaNZDnC2,A,dq_layout,0.0164,0.3801,0.9836,0.2174,"The reduced whitespace makes the screen look cramped, but the text isn't long so there's no real problem reading it."
SUB-zGuaNZDnC2,B,unrequested,0.0018,0.5807,0.9884,0.241,"They put a box around the text, but it focuses attention better and the information is better separated."
SUB-zGuaNZDnC2,B,dq_craft,0.0164,0.8587,0.9738,0.1011,"If something more was to be added to that button, it's designed cleanly and neatly, readability is good, and the icon's purpose is clearly understandable."
SUB-zGuaNZDnC2,B,dq_craft,0.0091,0.579,0.9909,0.2309,"The circle and text box could be excessive, but it seems well designed to draw focus without going overboard. That said, if any more style elements were added beyond this it would probably be bad."
SUB-AMkKzNh9St,A,unrequested,0.0088,0.1479,0.9912,0.066,"I read it without thinking much, but it's feedback meant to improve future care and yet it says it won't be recorded — it read like a contradictory statement."
SUB-O8c4NoWpRh,A,unit:2,0.7568,0.4215,0.2152,0.2326,"I asked to change the card radius, not the switch radius too. But the changed version is prettier."
SUB-O8c4NoWpRh,B,unit:2,0.0346,0.3979,0.3829,0.0438,The way the title is emphasized is excessive.
SUB-O8c4NoWpRh,B,dq_legibility,0.7704,0.4947,0.1999,0.1576,The rectangular switch is visually really jarring.
SUB-O8c4NoWpRh,B,dq_legibility,0.0467,0.6889,0.9201,0.1162,Showing the list information as chips is good since they're well distinguished against the white background.
SUB-O8c4NoWpRh,B,dq_craft,0.0019,0.9087,0.9981,0.0913,"Wrapping the bottom nav icon in a box once more feels like emphasis left half-done, and the border is jarring."
SUB-gqe8heueL9,A,unit:3,0.6927,0.6569,0.2683,0.0684,Created an icon accompanied by a download indicator icon.
SUB-Vxop5onw2l,A,unit:1,0.0007,0.4129,0.2076,0.0573,A menu that wasn't requested appeared.
SUB-Vxop5onw2l,A,unit:1,0.2442,0.7788,0.6563,0.0764,A part that wasn't requested appeared.
SUB-Vxop5onw2l,B,dq_interaction,0.6738,0.171,0.3007,0.3596,It expresses the selected state more clearly.
SUB-mfHFjlTLw8,A,dq_layout,0.09,0.194,0.8467,0.2668,"The card information and the payment price are clearly separated by whitespace, and with the thin line added they look even more clearly distinguished."
SUB-U8aL806Sxj,A,dq_hierarchy,0.0347,0.2089,0.9219,0.484,"With the added lines and titles, it looks more complicated."
SUB-U8aL806Sxj,A,dq_legibility,0.065,0.5609,0.4588,0.036,"Unnecessary titles were created, which hurts readability."
SUB-U8aL806Sxj,A,dq_layout,0.0,0.1869,0.974,0.566,"Overall the whitespace was reduced further, making it more cluttered."
SUB-U8aL806Sxj,B,dq_hierarchy,0.0131,0.3089,0.9868,0.438,"This part in particular, with the indented whitespace, makes the layout look well organized."
SUB-U8aL806Sxj,B,dq_legibility,0.0261,0.0149,0.9695,0.162,"The color at the top makes the area feel grouped together, and at a glance you can clearly tell which song the writing is based on."
SUB-U8aL806Sxj,B,dq_legibility,0.1516,0.3189,0.8397,0.426,"The subtitle is used appropriately, and the key thought section in particular is emphasized in black so you can tell it's the most important thought."
SUB-aylssjfOnw,A,unit:1,0.0406,0.7465,0.9103,0.2121,It understood the instruction and laid it out so you can see how far along the delivery driver has come.
SUB-aylssjfOnw,A,unit:2,0.1194,0.0367,0.7228,0.6875,"It fills the card across the watch screen, drops the top label line, and places the status, progress bar, and time large and centered."
SUB-aylssjfOnw,B,unit:1,0.0406,0.6795,0.8832,0.2143,It understood the instruction and laid it out so you can see how far along the delivery driver has come.
SUB-aylssjfOnw,B,unit:2,0.065,0.0478,0.8995,0.5915,"It fills the card across the watch screen, drops the top label line, and places the status, progress bar, and time large and centered."
SUB-aylssjfOnw,B,unrequested,0.2362,0.8782,0.5245,0.0982,"It provides extra information about when it will finish, which wasn't requested."
SUB-3hUzTWtKeo,A,unit:1,0.0271,0.4841,0.1085,0.2661,"It connects each step with a path, reinforcing the sense of progressing step by step."
SUB-3hUzTWtKeo,A,unit:2,0.0211,0.4201,0.4763,0.032,"The long text placed above the title draws the eye first, which lowers the prominence of the key title and disrupts the overall flow of information."
SUB-3hUzTWtKeo,A,unrequested,0.1396,0.505,0.1658,0.0306,
SUB-LbC0BAS1Up,A,dq_hierarchy,0.0138,0.6252,0.9562,0.2928,"It's good that it offers an option to change the reservation rather than cancel it, and it's also good that the date/time and party size can be changed separately."
SUB-LbC0BAS1Up,B,unit:1,0.0,0.0,0.9988,0.2181,"Moving the restaurant photo to the top seems like an excessive change; it's also not clear whether the image shown here is a photo of the restaurant I booked, so the information relevance is lacking."
SUB-LbC0BAS1Up,B,dq_craft,0.0282,0.0135,0.9591,0.2046,"With the image moved to the top, the aesthetics look much worse."
SUB-EnXil0dYqy,A,unit:1,0.0228,0.4069,0.9522,0.142,"The total carbohydrate amount is displayed, so it's easy to grasp."
SUB-XvzrfbunoM,B,unrequested,0.0485,0.798,0.9262,0.088,Info was added at the bottom.
SUB-dZS9FCv4zm,B,unrequested,0.0012,0.4729,0.9988,0.076,Provides information about whether the item I want is included.
SUB-dZS9FCv4zm,B,unrequested,0.0098,0.0863,0.9902,0.144,Provides a search function by item.
SUB-grHtmlAeUz,A,unrequested,0.8495,0.4486,0.1472,0.266,A delete function was added.
SUB-grHtmlAeUz,B,unrequested,0.0,0.4426,1.0,0.118,An additional upload function was added.
SUB-PMxRC0fbFX,A,unrequested,0.0671,0.5158,0.1924,0.064,"Tags showing which step it is were added, making the sequence look more intuitive."
SUB-PMxRC0fbFX,B,unrequested,0.0757,0.7778,0.8501,0.062,"The full name was pulled out below as separate text, which feels unnecessary."
SUB-zRbg0K4WNs,A,unrequested,0.2079,0.4277,0.5978,0.0714,The wording changed.
SUB-6ICPEwVLW8,A,dq_craft,0.6894,0.1698,0.3106,0.592,"The units are all different, so it feels ambiguous. It might be better to just put the numbers alone."
SUB-gwN96u8ayO,A,unrequested,0.0057,0.7566,0.9943,0.1675,"Content that wasn't requested was added at the bottom, but it doesn't look bad."
SUB-Gecpgym2hX,B,unrequested,0.8782,0.5078,0.1218,0.342,Added a detail view.
SUB-UxQiNFhmwT,B,unit:3,0.0321,0.7358,0.1743,0.1472,It changed not only the requested color but the shape as well.
SUB-b67U29xiBm,A,unrequested,0.4147,0.3137,0.504,0.0802,"If you look at it understanding that the row below the progress bar means 'information on the user's achievements,' then it seems appropriately applied in that it changed the information structure. However, the focus of the prompt right now is the 'progress bar,' and cramming in three criteria like this could actually make it more confusing as to which figure the progress state is showing."
SUB-b67U29xiBm,A,dq_legibility,0.7315,0.1853,0.1814,0.0802,"2. The problem with this card right now is that there are no fewer than four criteria indicating progress. Looking at the mockup again, I only just realized there's one more criterion, 'time remaining' — if you were seeing this card for the first time from top to bottom, as a user you would probably have misunderstood the progress bar below as being about '8:35 remaining.'"
SUB-b67U29xiBm,A,dq_legibility,0.095,0.3117,0.8295,0.0862,"3. Following on from the above, the user would understand it as a progress bar for the 8:35 remaining, and then get confused when they see the three additional pieces of progress information below."
SUB-DiiD14TQbZ,A,unrequested,0.2144,0.6884,0.4802,0.2046,That content was added.
SUB-DiiD14TQbZ,B,unit:2,0.6179,0.2066,0.3738,0.6172,The thread area in question.
SUB-GK01VkkEhu,B,unrequested,0.3241,0.7482,0.2968,0.1415,A button?
SUB-iLDoLibTug,B,unrequested,0.5621,0.1042,0.4379,0.1337,It's not clear what information was added.
SUB-iLDoLibTug,B,unrequested,0.6098,0.2601,0.3902,0.07,Comment filter.
SUB-YCh_tS2PYS,A,dq_legibility,0.2458,0.4186,0.7422,0.42,"With the text becoming two columns, it became harder to read."
SUB-LNw7sJewLy,B,unit:2,0.3651,0.096,0.6349,0.2928,"The pinned comment is indicated with color, too much."
SUB-st0gm92KMD,A,unit:3,0.6179,0.8067,0.3614,0.0655,It seems like pressing this button does the matching.
SUB-st0gm92KMD,A,unrequested,0.0,0.6908,0.2416,0.2133,
SUB-st0gm92KMD,B,unit:3,0.6501,0.2372,0.349,0.2435,Does this part open up if the conditions are met?
SUB-st0gm92KMD,B,unrequested,0.6303,0.2525,0.3697,0.5615,It interferes with focusing on the selected area.
SUB-st0gm92KMD,B,dq_hierarchy,0.0288,0.0698,0.9653,0.0592,"It's not content that carries much weight, though."
SUB-R4awNexUzG,B,unrequested,0.0391,0.7579,0.9219,0.156,"The body copy is gone, but it's not a change that has much impact."
SUB-IsRCoF1Hpo,A,unit:2,0.0661,0.7416,0.9053,0.0767,The Confirmed status is shown.
SUB-IsRCoF1Hpo,B,unit:1,0.7465,0.0733,0.2535,0.245,"A position change wasn't requested, but when it creates the button it changes the position."
SUB-4BZa_mZk7m,B,unit:2,0.0439,0.3524,0.8813,0.1163,"With the 'selected' text and the thin line in front, it's clear that the option I chose is selected."
SUB-v-_1uZvo3i,A,dq_hierarchy,0.2291,0.1052,0.7709,0.6205,"The upgrade card is emphasized so it does stand out, but it feels too disconnected from the information included in the upgrade plan."
SUB-umKx-EN53N,A,unrequested,0.0212,0.6593,0.3946,0.1665,"It should be a Save to drafts function, but it was changed into a button with completely different content."
SUB-ktzQoqYwn3,B,unrequested,0.0313,0.5243,0.9499,0.3214,It's not arranged as a dense list — it's split left and right.
SUB-o6h4o7qmzm,A,unit:2,0.4403,0.4707,0.0811,0.0269,"It doesn't look like a bullet, it looks like a connection status indicator."
SUB-o6h4o7qmzm,B,unit:2,0.0513,0.2988,0.4129,0.4028,The failure state is shown first.
SUB-A6NJ9tnI2I,B,unrequested,0.0326,0.1309,0.9674,0.1337,This area.
SUB-b7yGsMIgHs,A,overall,0.0261,0.2681,0.0683,0.1531,This left border is unnecessary.
SUB-rp9JQtnLm_,A,unit:1,0.6069,0.7336,0.3536,0.0292,This part.
SUB-QGbd3g57_I,A,dq_hierarchy,0.0691,0.4202,0.2936,0.21,The structure was organized so the accommodation info reads better.
SUB-ADxxhKT1pb,A,unrequested,0.1476,0.1383,0.5223,0.0743,
SUB--L7nl9CIaV,B,unit:1,0.0084,0.7571,0.3246,0.2429,It's not appropriate for the main menu to be in this part.
SUB-X2XVd8aR2K,A,unrequested,0.5931,0.0145,0.3174,0.0797,Top menu added.
SUB-X2XVd8aR2K,B,unit:1,0.068,0.0,0.568,0.1229,Menu
SUB-X2XVd8aR2K,B,unit:1,0.0465,0.1037,0.3795,0.0797,Path
SUB-X2XVd8aR2K,B,overall,0.0776,0.5881,0.2649,0.2549,Unnecessary information needs to be cleaned up.
SUB-bxeers2_pY,A,unit:2,0.0585,0.1475,0.3938,0.1018,"A magenta line was added to visually emphasize the label area, increasing attention."
SUB-bxeers2_pY,A,unrequested,0.8198,0.1634,0.1217,0.0732,Changed to a badge design.
SUB-bxeers2_pY,B,unrequested,0.7745,0.1093,0.148,0.0477,Update info added.
SUB-bxeers2_pY,B,unrequested,0.7291,0.5262,0.1933,0.0891,Supplementary description added.
SUB-bxeers2_pY,B,dq_craft,0.0786,0.6844,0.8454,0.1762,"As the supplementary info was changed into a card form, the component's extensibility looks somewhat reduced."
SUB-3PbSgZwCOT,A,unrequested,0.7888,0.3015,0.1384,0.0859,
SUB-3PbSgZwCOT,B,unrequested,0.0728,0.4828,0.0859,0.0509,Role groups per member added.
SUB-3PbSgZwCOT,B,dq_craft,0.5406,0.3667,0.389,0.1114,"The visual emphasis is excessive relative to the role, making the hierarchy with the surrounding information a bit awkward."
SUB-hAgcevlNPn,A,dq_craft,0.187,0.5408,0.806,0.2138,"It was simply expanded horizontally, so the important price information doesn't register at a glance; the layout is ambiguous and looks unpolished."
SUB-fcNihRh6Ov,B,dq_legibility,0.131,0.5249,0.5028,0.1518,"The component got excessively long horizontally, reducing visibility."
SUB-HxILWVSuei,B,dq_legibility,0.0101,0.0884,0.9899,0.2358,"The buttons are spread too far to both edges of the screen, so they don't catch the eye."
SUB-HxILWVSuei,B,dq_craft,0.0081,0.6479,0.9919,0.148,"The worst UI — when the count is odd, it forcibly makes an item take up two columns horizontally."
SUB-IydBmN6jev,A,dq_hierarchy,0.0201,0.6684,0.9799,0.1433,"For sleep-inducing use, what the next audio is matters (since you can wake up if the sound doesn't flow naturally), so it's better now that the info is emphasized and visible."
SUB-IydBmN6jev,A,dq_layout,0.0128,0.6583,0.9847,0.1668,"It would have looked nicer if, while emphasizing the first audio track, the gap with the tracks below had been widened a bit more. It would have been good if that were included under 'generous whitespace' too."
SUB-IydBmN6jev,B,overall,0.0274,0.3482,0.5945,0.0522,Too bad the chip design draws the eye too much.
SUB-06byInKP2L,A,unit:3,0.33,0.1694,0.3762,0.0483,The subheadings aren't excessively large and don't exceed the size of the overall title — very appropriately revised.
SUB-06byInKP2L,A,unrequested,0.0181,0.0135,0.3218,0.0427,"Not sure why the back button was made box-shaped. Still, it's not bad."
SUB-06byInKP2L,A,dq_legibility,0.0057,0.1564,0.9851,0.2599,"The headings you should read first are clearly visible, so you can guess the content before reading the body text."
SUB-06byInKP2L,A,dq_interaction,0.0032,0.8415,0.9968,0.1585,"I wouldn't have expected the bottom area to be fixed on mobile, but with the shadow added it now looks like it will stay fixed when scrolling."
SUB-06byInKP2L,B,unit:1,0.0107,0.3068,0.2351,0.2376,"Too bad — nobody asked for a navigation with focus states to be added. But if the body text were long, I think it would be convenient while scrolling down. (Assuming it's fixed.)"
SUB-06byInKP2L,B,unit:3,0.278,0.2938,0.703,0.2469,"Too bad the hierarchy between the overall title and the subheadings is similar, but the scope of the change was well respected."
SUB-06byInKP2L,B,unrequested,0.0082,0.2975,0.245,0.2525,"It added a subheading navigation on its own initiative, but if the body text is long it seems like it would be very useful, so I think it was a smart addition."
SUB-06byInKP2L,B,dq_interaction,0.0206,0.149,0.8936,0.1429,Too bad it's confusing whether you're supposed to tap the chips below.
SUB-06byInKP2L,B,dq_interaction,0.0131,0.2994,0.245,0.2525,"Too bad the subheading navigation was also added on its own, but since it's convenient when the body text is long, that offsets the disappointment."
SUB-LsIf_z6Leg,A,unit:1,0.0564,0.3522,0.9089,0.154,The impact list was changed into a concise 3-step timeline: remove access → delete content → recovery period.
SUB-LsIf_z6Leg,A,unit:2,0.0564,0.2642,0.831,0.094,Added the shared workspaces to be deleted to the account summary.
SUB-LsIf_z6Leg,A,unrequested,0.0304,0.2002,0.9479,0.068,"By editing copy that wasn't in the instruction, the core deletion-policy information communicated to the user was altered."
SUB-LsIf_z6Leg,B,unit:1,0.0239,0.3612,0.9652,0.192,The impact list was changed into a concise 3-step timeline: remove access → delete content → recovery period.
SUB-LsIf_z6Leg,B,unit:2,0.0585,0.2652,0.8051,0.092,Added the shared workspaces that will be deleted to the account summary
SUB-LsIf_z6Leg,B,unrequested,0.0282,0.1852,0.8657,0.074,"By changing wording that wasn't in the instruction, the deletion policy information conveyed to the user has changed"
SUB-LsIf_z6Leg,B,unrequested,0.0109,0.7202,0.9392,0.068,A Deactivate button that wasn't in the instruction appeared. A UX that offers another option to encourage the user to keep using the service was added
SUB-LsIf_z6Leg,B,unrequested,0.0239,0.5682,0.9522,0.148,The confirmation word input field was changed. As a result the layout arrangement became awkward
SUB-jh8ZQWpHP7,A,unrequested,0.0012,0.3331,0.179,0.2454,Provides content such as Following
SUB-jh8ZQWpHP7,B,unrequested,0.5811,0.3905,0.2458,0.0988,Provides video-related meta information
SUB-4J9RmaX0LO,A,unrequested,0.8035,0.4547,0.1965,0.0487,Numbers
SUB-4J9RmaX0LO,B,unit:1,0.0323,0.3827,0.9675,0.1314,Top ratings
SUB-4J9RmaX0LO,B,unit:2,0.367,0.2577,0.0779,0.1229,Star icon next to the number
SUB-4J9RmaX0LO,B,unrequested,0.0323,0.5649,0.9491,0.1483,Changed the arrangement of the individual review cards
SUB-MuADma-_8H,A,unrequested,0.0751,0.8986,0.8839,0.0871,Feature add
SUB-MuADma-_8H,B,unit:3,0.0694,0.1529,0.4929,0.3952,You can see the available booking dates for that month at a glance
SUB-51riQRMIMM,B,unit:1,0.0325,0.2147,0.6233,0.038,"In a context where it's already clear the content is playing, there's no real need to label it ""listening time,"" and the dot graphic is unnecessary design as well"
SUB-51riQRMIMM,B,unrequested,0.0,0.5947,1.0,0.078,Made the highlight stand out more
SUB-ojkBN8T2BY,A,dq_hierarchy,0.1396,0.9457,0.7804,0.0543,It was positioned too far down on the desktop screen
SUB-ojkBN8T2BY,A,dq_layout,0.1038,0.9043,0.8473,0.0957,The main menu is placed at the bottom
SUB-NbmZR3Yrdh,A,unrequested,0.6909,0.5199,0.2983,0.1623,Added security wording
SUB-NbmZR3Yrdh,A,unrequested,0.0,0.8699,0.1826,0.1301,Connection status
SUB-NbmZR3Yrdh,B,unrequested,0.6599,0.5008,0.3198,0.1273,Connection info
SUB-8EM-hUeDKk,A,unrequested,0.0214,0.0269,0.3182,0.0582,Changing the title wording made the goal clearer
SUB-8EM-hUeDKk,A,unrequested,0.6417,0.5783,0.3262,0.1564,"The budget is exposed, so you can tell how much you can spend"
SUB-8EM-hUeDKk,A,unrequested,0.8422,0.0048,0.0775,0.0782,"A notifications tab was added, so you can see change notifications right away"
SUB-8EM-hUeDKk,B,unrequested,0.2674,0.099,0.7166,0.1985,"A goal box area and summary chips were added, and with the emphasis adjusted they do seem clearly visible. But the composition isn't very aesthetically pleasing."
SUB-CZjUGWZ3oC,A,unrequested,0.8552,0.0,0.1448,0.0864,What is this part?
SUB-dd_GbA_MGf,B,unit:1,0.0237,0.3457,0.9592,0.4651,Added information and features that weren't asked for
SUB-dd_GbA_MGf,B,unit:1,0.2279,0.0777,0.5653,0.2326,Arbitrarily added a radius and shadow to the artwork thumbnail
SUB-dd_GbA_MGf,B,unrequested,0.1039,0.5614,0.7914,0.0708,"This area is convenient to have, so it's not too bad"
SUB-dd_GbA_MGf,B,unrequested,0.0274,0.3507,0.9483,0.091,"It's information that only matters to people who are curious, so it's not good"
SUB-7DfNi7tj9a,B,unit:2,0.0346,0.0794,0.941,0.0742,"Rather than a segmented control, I think it's closer to just sticking a toggle on there"
SUB-7DfNi7tj9a,B,dq_legibility,0.031,0.0171,0.7659,0.0657,"I don't think the summary area needs to be large, so placing it as a sub-element right after the page name in the header reads very well and makes very good use of the screen space, in my opinion"
SUB-7DfNi7tj9a,B,dq_layout,0.0237,0.0171,0.7732,0.0624,"If using the header area is acceptable, I think changing the summary area this way makes far better use of space"
SUB-7DfNi7tj9a,B,dq_interaction,0.0346,0.0912,0.9373,0.0657,"If someone mistakes it for a toggle they might try pressing both, but that seems like a very rare case"
SUB-9XOSnohobl,B,unrequested,0.0264,0.3527,0.9736,0.164,"It shows the key information in a grid, avoiding a monotonous layout and increasing attention."
SUB-zi8Edc1rEe,B,dq_layout,0.7597,0.3519,0.2381,0.218,"Considering the total at the top, the layout would have been better if it were center-aligned rather than top-aligned."
SUB--VIa_Whfwy,B,unrequested,0.1281,0.4007,0.7898,0.188,"Design changes like expressing the progress bar as a percentage, breaking it into stages, or adding subheadings are excessive and stray a bit from the context."
SUB-Aiu_wBFFQm,B,dq_craft,0.0566,0.6249,0.915,0.114,"If the primary color went with a green family, the information area should have been either similar or a clear complementary color, but it went with a toned-down orange, so it's neither complementary nor anything definite — just an ambiguous color."
SUB-WomJ7zVV2-,B,unit:1,0.0304,0.1552,0.9565,0.186,"By emphasizing the title, it tries to concretely convey that this is a space where people work together"
SUB-WomJ7zVV2-,B,unrequested,0.0477,0.4502,0.9219,0.29,"This information does a good job of showing what kind of app this is. That said, since it wasn't requested information, it may be unnecessary information that was added."
SUB-0lfQAvXlTe,A,dq_legibility,0.2578,0.2044,0.4702,0.0859,"It looks like a summary title was added, and it seems good for readability."
SUB-0lfQAvXlTe,B,unit:2,0.6778,0.0835,0.2864,0.3978,"The ""3rd"" text was moved to an entirely different section, so the connection is weakened."
SUB-0lfQAvXlTe,B,dq_layout,0.0525,0.4685,0.6659,0.3405,It's a shame that the wide screen wasn't taken into account and the whitespace was just left as is.
SUB-_eC0hvuC96,A,unit:1,0.5282,0.4721,0.4025,0.044,The information after it is missing
SUB-_eC0hvuC96,A,dq_hierarchy,0.0217,0.1801,0.9695,0.212,"It's similar kinds of information, but the elements are all scattered and it looks disorganized."
SUB-_eC0hvuC96,B,unrequested,0.0347,0.2601,0.4891,0.066,The button's action was changed entirely.
SUB-DYEAw7Z1O_,B,unit:1,0.1938,0.626,0.2434,0.1368,"Since this content wasn't in the original, we need to verify whether it's actually appropriate."
SUB-DYEAw7Z1O_,B,unit:2,0.6783,0.1694,0.1432,0.1209,"It should be positioned next to the Save button, but it looks too far away."
SUB-9SZZlMDfpY,A,dq_legibility,0.5602,0.2425,0.3797,0.1845,The readability of the Monthly plus and Annual plus prices is improved.
SUB-9SZZlMDfpY,A,dq_legibility,0.5602,0.4732,0.3904,0.1003,"In the original, the body was green overall so the button tended to get buried, but in the revision the plan info area is laid out in gray, which improves the button's visibility."
SUB-9SZZlMDfpY,B,dq_legibility,0.4987,0.3508,0.4545,0.2206,"The information about what percentage you save doesn't look grouped with the option, so readability suffers."
SUB-9SZZlMDfpY,B,dq_legibility,0.0174,0.3027,0.4572,0.3148,"By showing icons and changing to clear titles, the readability of the included features is improved."
SUB-OnkpmBnIPY,B,unit:3,0.1309,0.6563,0.5786,0.0573,New copy was added.
SUB-OnkpmBnIPY,B,unrequested,0.1085,0.6528,0.5686,0.0573,"New copy was added, but it's useful in terms of informing the user about the specific situation."
SUB-csG_XEPKaj,A,dq_legibility,0.0662,0.2024,0.8899,0.2387,Grouping titles were appropriately added without disrupting the information hierarchy.
SUB-csG_XEPKaj,B,unit:1,0.0605,0.0469,0.8899,0.2126,The style change is excessive
SUB-csG_XEPKaj,B,unit:1,0.0605,0.3037,0.2045,0.1384,"I asked for the quantity held to be put in place of the price, but it changed the whole thing to a new layout."
SUB-csG_XEPKaj,B,unrequested,0.0691,0.8543,0.8352,0.1043,There are text changes that weren't requested.
SUB-csG_XEPKaj,B,dq_hierarchy,0.095,0.6156,0.5703,0.1163,"Previously the image and title were the main information, but in the revision the hierarchy shifts to UNITS."
SUB-hI1yiCyXNf,A,unrequested,0.1309,0.8428,0.7656,0.0851,An improvement to more useful information compared to the original's generic guidance.
SUB-hI1yiCyXNf,B,unrequested,0.0461,0.0126,0.9526,0.4759,It made up and rendered things that aren't actual information.
SUB-5npGO20yh8,B,overall,0.0304,0.1679,0.2337,0.318,Design quality
SUB-5npGO20yh8,B,overall,0.4805,0.4779,0.5151,0.068,Usability
SUB-AlMahLtY37,B,unrequested,0.547,0.0655,0.4322,0.5166,Two sections were added entirely new.
SUB-MPJXauuVoD,A,dq_interaction,0.019,0.4436,0.981,0.1056,The primary and secondary actions are clearly distinguished.
SUB-MPJXauuVoD,B,dq_interaction,0.0261,0.4519,0.9559,0.0736,The cue for whether it's clickable is weak.
SUB-2MeisjzLU0,A,dq_legibility,0.2339,0.4128,0.2482,0.3564,"The emphasis balance between the title, body, and reviewer info is better, so readability goes up."
SUB-2MeisjzLU0,A,dq_layout,0.5107,0.1042,0.4893,0.2705,"With the score and star rating aligned left-right, the information doesn't look well grouped and appears broken. Each item's label (e.g. 5 star) also wraps to two lines, which makes it look even more broken."
SUB-2MeisjzLU0,A,dq_layout,0.7351,0.5879,0.2554,0.2005,The reviewer info should be attached at the bottom to not feel awkward. Right now the alignment looks off.
SUB-2MeisjzLU0,B,unrequested,0.7399,0.2315,0.253,0.5251,Information that wasn't there before was added.
SUB-2MeisjzLU0,B,dq_legibility,0.1862,0.3365,0.5871,0.1337,"There isn't enough emphasis balance within the review item, so readability suffers. The date info would read better if it were grouped in a different position from the reviewer name. There are too many highlighted parts in the review body, which actually makes the style feel cluttered."
SUB-2MeisjzLU0,B,dq_layout,0.4845,0.1073,0.1408,0.1527,"It should be vertically stacked alignment, I think."
SUB-JJI0bKPDYw,B,dq_interaction,0.0591,0.6367,0.8997,0.1182,It's ambiguous since it's not clear what the button does.
SUB-4JTvXmvfQT,B,dq_legibility,0.0888,0.8867,0.8505,0.1133,Because it's similar to the description font.
SUB-4JTvXmvfQT,B,dq_interaction,0.1024,0.8822,0.8315,0.1138,"Since it's similar to the description font, it may not be recognized as a button."
SUB-UpVAUdUZyM,A,unit:1,0.0384,0.6665,0.9239,0.1116,The font looks too small to view on a watch.
SUB-UpVAUdUZyM,A,dq_hierarchy,0.0493,0.796,0.9185,0.1763,"The button is emphasized a lot more than the original, but since it's a watch screen it seems like an improvement."
SUB-UpVAUdUZyM,B,unrequested,0.0711,0.2089,0.8859,0.1987,"Emphasis wasn't requested, but the style was changed a lot."
SUB-UpVAUdUZyM,B,dq_hierarchy,0.0249,0.0148,0.9511,0.442,The title area is emphasized a lot compared to the original. The date part also feels excessively emphasized.
SUB-UpVAUdUZyM,B,dq_interaction,0.0249,0.7826,0.9565,0.1853,"The button is small and uses a faint color, so it may be hard to notice on a watch."
SUB-xLzs02WKcm,B,unrequested,0.0855,0.3113,0.8266,0.2507,The added part.
SUB-8QqoLUA8Fg,A,unit:1,0.0,0.566,0.484,0.379,"It creates meaningless empty space. Since you can keep scrolling down, either this space should be put to use, or the layout should be changed completely."
SUB-8QqoLUA8Fg,A,dq_interaction,0.0374,0.546,0.4118,0.0822,The button for writing a review definitely stands out.
SUB-8QqoLUA8Fg,A,dq_interaction,0.746,0.0807,0.254,0.0922,The button's visibility is improved.
SUB-8QqoLUA8Fg,B,unit:1,0.0214,0.3585,0.746,0.0782,"Creating selectable buttons — what would be too much on mobile can blend in naturally on a tablet, so it's good that this part was added as it was converted to a tablet design."
SUB-8QqoLUA8Fg,B,unit:1,0.0214,0.4247,0.9465,0.4231,"Changing the comment display layout from 1*n to 2*2 is appropriate for the screen structure, and it was naturally rebalanced by making the box background lighter than the original so that focus lands on the title."
SUB-8QqoLUA8Fg,B,dq_legibility,0.492,0.5921,0.4973,0.2667,"With the lighter background color the text is more visible (in particular, the title's visibility is improved)."
SUB-8QqoLUA8Fg,B,dq_legibility,0.0428,0.1469,0.9278,0.2146,With no background color it's cleaner and the information is more visible.
SUB-8QqoLUA8Fg,B,dq_interaction,0.0053,0.3495,0.7246,0.1123,This part makes it easier to distinguish between reviews.
SUB-8QqoLUA8Fg,B,dq_interaction,0.746,0.0025,0.254,0.1063,"The visibility of the ""Write a review"" button has improved."
SUB-8QqoLUA8Fg,B,overall,0.3128,0.7786,0.3904,0.1083,"In the changed UI, there's a ""View all comments"" button + how many more there are, so you can tell the total number of reviews and choose whether to filter within it."
SUB-4auDsLh9cX,A,dq_hierarchy,0.7589,0.0072,0.2411,0.1569,"The hierarchy of this header area and the left nav bar area is as strong as the body (card list), so attention gets scattered. You could say it got worse than the original, where your eyes go straight to the body."
SUB-4auDsLh9cX,B,dq_hierarchy,0.0143,0.0018,0.9857,0.0764,"With tab switching + in-tab search and additional actions all combined into the nav bar, the hierarchy of information seems to have gotten mixed up. It roughly understands desktop conventions, but the detail and level of polish fall short."
SUB-4auDsLh9cX,B,dq_hierarchy,0.0167,0.0081,0.9833,0.1305,"The horizontal menu areas overlap, making the hierarchy ambiguous."
SUB-qIGdjavC1O,A,unrequested,0.0401,0.5199,0.9599,0.0528,Newly added information
SUB-qIGdjavC1O,B,unrequested,0.051,0.9338,0.8698,0.0662,Changed
SUB-qIGdjavC1O,B,unrequested,0.6429,0.3866,0.3473,0.1208,
SUB-p3Y0Noyr6U,B,unrequested,0.0261,0.0119,0.9609,0.064,Why was this changed...
SUB-p3Y0Noyr6U,B,dq_hierarchy,0.0261,0.5889,0.9739,0.118,"Payment info is up above and also here, so it's scattered.
Hard to say it's clearly bad, but the action of managing the payment method seems like it belongs to next charge (the upper part)."
SUB-UCIZpSWW2C,A,unit:2,0.0731,0.213,0.9168,0.1083,The visual separation indicating that a different section starts from here is weak.
SUB-UCIZpSWW2C,A,unrequested,0.0912,0.1602,0.8176,0.0583,Text rewritten without being asked.
SUB-UCIZpSWW2C,B,unit:2,0.011,0.1797,0.9709,0.0917,Clearly separated with boxes.
SUB-UCIZpSWW2C,B,unrequested,0.1944,0.1255,0.7485,0.0542,Rewritten in completely different wording.
SUB-UCIZpSWW2C,B,dq_hierarchy,0.0201,0.1769,0.9258,0.0764,You can tell at a glance what the meta information is.
SUB-AMerg36gmG,A,unrequested,0.1463,0.6686,0.8529,0.0808,This is a content change that isn't needed for changing the list title and top bar.
SUB-AvZwEXtwqW,A,unrequested,0.4236,0.0751,0.5764,0.0448,"In terms of design: the ""View trip"" button changed from simply differently colored text to an actual button with a border. It wasn't requested, but if anything the feature catches the eye better."
SUB-AvZwEXtwqW,A,unrequested,0.8246,0.0107,0.1026,0.0591,"A magnifying glass icon, apparently for searching within the chat, was added. I think this is a useful addition if this service has an in-chat search function."
SUB-QubQ49Cx3P,A,unrequested,0.0982,0.2144,0.8208,0.1324,"With the addition of ""Create new list,"" the size of this part shrank."
SUB-QubQ49Cx3P,A,dq_layout,0.0608,0.1633,0.8842,0.2006,The spacing between the text above and the card below has changed.
SUB-QubQ49Cx3P,B,unit:1,0.0723,0.1984,0.8842,0.1504,"Rather than increasing the overall card size by adding the list, they shrank the size of the cards inside it."
SUB-QubQ49Cx3P,B,unit:1,0.0896,0.6256,0.8381,0.1404,The desired feature seems to have been added well.
SUB-QubQ49Cx3P,B,dq_layout,0.0752,0.1572,0.8698,0.1926,"The cards got smaller, and with the list appearing I can feel that the layout is different from before."
SUB-QubQ49Cx3P,B,dq_craft,0.0694,0.6105,0.8928,0.1725,"I feel the design for adding a list is better than before.
It's ambiguous whether you should press the + or the right arrow, so you'd probably hesitate for a moment. Pressing this button will probably bring up a new screen."
SUB-QubQ49Cx3P,B,overall,0.0176,0.2054,0.9821,0.5857,"Since the top and bottom have the same design, I thought it would be better to differentiate them."
SUB-PVWM9nIK4e,A,unit:1,0.5084,0.3257,0.4579,0.0983,"It's easy to anticipate that swiping will show it in 5-day increments.
"
SUB-PVWM9nIK4e,A,unit:2,0.0792,0.2014,0.8669,0.1183,I like that it's easy to understand which session you're currently listening to.
SUB-PVWM9nIK4e,A,unit:3,0.3557,0.6687,0.2966,0.1163,Having both a color and a check icon on the selected screen feels excessive. It would look fine to drop the icon. Or the before version looks better.
SUB-PVWM9nIK4e,A,unrequested,0.0936,0.8191,0.8439,0.1224,I like that it's built so the button height stays the same and doesn't grow because of the text.
SUB-PVWM9nIK4e,B,unit:2,0.1023,0.6747,0.8295,0.1625,"It clearly gives size to the selected session, so it stands out."
SUB-PVWM9nIK4e,B,unit:2,0.2866,0.1833,0.6163,0.0602,"By keeping this part simple, the text stays the same as before, which seems good."
SUB-_aPSswgDlF,B,dq_craft,0.0092,0.6485,0.9839,0.1701,"It expands horizontally excessively, so the detail text and button don't fit into view at a glance."
SUB-u9zxQT7VLU,A,dq_craft,0.0631,0.3045,0.8847,0.4073,"An outline was added to the list, improving visibility, and the total count is displayed, which is intuitive."
SUB-u9zxQT7VLU,B,unrequested,0.0924,0.6811,0.82,0.0675,Arbitrarily deleted the information about the update date.
SUB-u9zxQT7VLU,B,dq_craft,0.0777,0.4023,0.867,0.3602,"When there's an odd number of items, the arrangement is awkward."
SUB-A54XsI-7GO,A,unit:1,0.0048,0.7311,0.9952,0.2689,It understood that this is for desktop and made the screen fill up fully and be scrollable.
SUB-A54XsI-7GO,A,unit:2,0.2482,0.0055,0.7518,0.9945,Impressive that it changed the settings criteria and modified only the categories precisely (it didn't touch the menu bar content).
SUB-A54XsI-7GO,B,dq_interaction,0.8496,0.3619,0.1241,0.3628,"Only that part is handled as text without a toggle or button, so the control doesn't stand out and looks inconvenient."
SUB-sotAjXMcGj,B,unit:2,0.6172,0.3365,0.2053,0.2514,
SUB-jCF-THym1c,A,unit:2,0.0617,0.0373,0.321,0.0658,"It did reflect the requirement well via the subtitle, but it's a shame the necessary information doesn't stand out."
SUB-jCF-THym1c,B,unit:2,0.0024,0.0023,0.2625,0.2578,"It clearly states on the left that it's for long-term residents, but apart from the text change there's nothing that visibly stands out, so I had to look closely to notice the change."
SUB-jCF-THym1c,B,unit:3,0.315,0.0278,0.6587,0.9228,"Since the horizontal group arrangement was made vertical, you can't really say the instruction was properly applied."
SUB-s2oLePWmpQ,A,unit:1,0.0261,0.1532,0.9739,0.402,"The fact that they're a group leader is visually clear, but the same content is repeated twice at the top, which feels excessive."
SUB-s2oLePWmpQ,A,dq_interaction,0.5282,0.2702,0.4631,0.098,"That part was changed more precisely to ""message leads,"" which reduces confusion about who exactly the message is being sent to."
SUB-kYGx96XlwW,A,unit:1,0.6253,0.3412,0.3723,0.1687,The contact support information is missing.
SUB-kYGx96XlwW,B,unit:1,0.0,0.0,0.4511,0.3142,"The opening text and the title were changed, so it seems it didn't understand that the content was supposed to stay the same."
SUB-kYGx96XlwW,B,unit:2,0.6969,0.1392,0.3031,0.1305,"There's way too much unnecessary UI and text, so the screen looks cluttered."
SUB-kYGx96XlwW,B,unrequested,0.6253,0.1042,0.2936,0.8958,Unnecessary color changes and line breaks.
SUB-kYGx96XlwW,B,dq_legibility,0.5179,0.2378,0.1647,0.14,"Besides a few representative pieces of information, it added a ""view all"" option, improving readability."
SUB-c2lRWjBqF3,B,unrequested,0.6531,0.672,0.29,0.056,"Added an ""add to calendar"" feature."
SUB-7mC98PFTPO,B,dq_hierarchy,0.0297,0.434,0.9562,0.2788,Grouping the information gives a better hierarchy.
SUB-7mC98PFTPO,B,dq_legibility,0.0355,0.43,0.9389,0.2728,"Uses color consistently and increases the font size, improving readability."
SUB-7mC98PFTPO,B,dq_craft,0.0384,0.7991,0.9616,0.2009,"The radius values, colors, font sizes, etc. look more polished."
SUB-7mC98PFTPO,B,dq_interaction,0.0729,0.4481,0.9187,0.2668,"The way the schedule is presented is intuitive, so it seems it'd be easier for users to make a choice."
SUB-KzAiVDKbOS,B,unrequested,0.0508,0.0921,0.2775,0.0446,Changed the shape of the progress bar.
SUB-f3VDwVXkXs,B,unrequested,0.019,0.2756,0.981,0.17,"It added color emphasis that wasn't requested, and it feels somewhat excessive."
SUB-iZKstMX1vt,B,unrequested,0.7349,0.0739,0.1418,0.1203,"Added an ""All accounts"" filter."
SUB-yM86G34X0I,B,unrequested,0.006,0.6446,0.994,0.16,Changed the units to a horizontal arrangement.
SUB-V0PmrA2U3o,B,unrequested,0.019,0.2744,0.981,0.092,"Changed the sort method into a button, reducing the vertical space it takes up."
SUB-V0PmrA2U3o,B,dq_craft,0.0147,0.275,0.9853,0.1,Uses vertical space more efficiently.
SUB-V0PmrA2U3o,B,dq_craft,0.006,0.597,0.994,0.094,Uses vertical space more efficiently.
SUB-jfuBV9WmzK,A,unit:1,0.0261,0.0162,0.6752,0.214,The desired information is appropriately placed according to each level of hierarchy.
SUB-jfuBV9WmzK,A,unit:2,0.6407,0.6242,0.2857,0.082,"Even though the information request itself wasn't specific and would have been hard to understand, it tried to provide as much information as possible, such as how frequently the species appears."
SUB-jfuBV9WmzK,A,unrequested,0.5974,0.1082,0.3722,0.088,"It added things that weren't asked for, like the expression of species sighting frequency."
SUB-jfuBV9WmzK,B,unit:1,0.4416,0.1712,0.5583,0.104,"Each post's info line properly shows the species, location, and time."
SUB-jfuBV9WmzK,B,unit:2,0.0044,0.1072,0.7748,0.058,"It interpreted this as meaning species logged (observed) today should show first, and notified that information, so I think it's an accurate revision."
SUB-jfuBV9WmzK,B,unrequested,0.0174,0.1892,0.4458,0.196,"The image shape was changed to a square. In terms of closing up on the captured bird, I think it's a better example of image use, but since it wasn't requested, it's a bit of a shame that it may diverge from the original intent."
SUB-jfuBV9WmzK,B,dq_hierarchy,0.0044,0.1792,0.9868,0.232,"From a photo > text arrangement, the proportion of photo to text was adjusted closer to 1:1."
SUB-MOcwgVOxT0,A,unit:1,0.0174,0.0822,0.9263,0.144,It cleverly shifted the user base from a market reminder that re-checks items to something that reminds you of gift ideas. It seems like it would actually be quite helpful.
SUB-MOcwgVOxT0,A,unit:2,0.7316,0.6462,0.2337,0.098,"It understood exactly what was being requested, correctly identified the location, and delivered the UI."
SUB-MOcwgVOxT0,B,unit:1,0.0131,0.5002,0.9868,0.13,"The topic seems to have been changed nicely, but it's a shame that the UI for frequency, which doesn't fit the newly chosen topic and user, is still there."
SUB-MOcwgVOxT0,B,unit:2,0.671,0.6342,0.329,0.11,"It understood the location and intent well, but the text button that doesn't feel like it adds a recipient could confuse users, which is a shame."
SUB-MOcwgVOxT0,B,unrequested,0.0391,0.8082,0.9219,0.114,It's impressive that it tied in the button copy and tried to change the UX writing as well.
SUB-jpjHzz-aL4,A,unit:1,0.0024,0.0898,0.2411,0.8274,"No one asked for other content to be changed into a left-side tab bar, but it split the content and converted it for desktop."
SUB-jpjHzz-aL4,A,unrequested,0.0072,0.0994,0.2411,0.8242,"That change isn't what was requested, but in terms of usability it provides a better experience than having the text appended at the bottom."
SUB-jpjHzz-aL4,A,dq_hierarchy,0.0024,0.0294,0.2387,0.9006,"The information hierarchy is separated, making it more comfortable to read the text in chunks."
SUB-jpjHzz-aL4,A,dq_legibility,0.2697,0.4717,0.7184,0.2578,"It needlessly split the text into two horizontal columns with a rule between them, which hurts readability and confusingly makes them look like separate pieces of writing."
SUB-jpjHzz-aL4,A,dq_layout,0.0167,0.0517,0.2196,0.8815,"It did divide the information effectively by pushing the layout to the left, but in terms of usability, changing the left tab feels somewhat awkward (gives an awkward feel, like AI history)."
SUB-jpjHzz-aL4,A,overall,0.2816,0.4781,0.673,0.2418,"For something described as being for desktop, the layout structure seems to fall short of basic readability."
SUB-jpjHzz-aL4,B,unit:1,0.0215,0.1058,0.957,0.7637,"It puts the main information on the left and the summary info and profile on the right, building a structure that suits the visual flow of a website."
SUB-jpjHzz-aL4,B,unrequested,0.2816,0.0835,0.4582,0.1241,A new top menu bar appeared. Whether that's good or bad probably depends on the need.
SUB-m0N7dw37N-,A,unit:1,0.1776,0.1122,0.7228,0.05,"It changed only the text corresponding to the desired content, with the right context."
SUB-m0N7dw37N-,B,unit:1,0.0477,0.0832,0.9436,0.092,"It changed only the content in the desired location, with exactly the right contextual content."
SUB-m0N7dw37N-,B,unrequested,0.0477,0.0972,0.896,0.056,"It's a UI change that wasn't requested, but it actually emphasizes the content visually, so it's clear that it's a ""Recovery Focus"" card."
SUB-m0N7dw37N-,B,dq_legibility,0.0607,0.0612,0.9263,0.122,"You can feel that just a simple change in text color and weight, plus one tag, improved how easily the information is recognized."
SUB-iAVt66rSZ4,A,unit:1,0.0,0.0421,0.1557,0.8719,"It divides the palette section that needed changing and the chart panel on the right nicely, and by putting the button at the top right it seems to have correctly understood the purpose of a desktop version."
SUB-iAVt66rSZ4,B,unrequested,0.0149,0.8058,0.3652,0.1941,Nobody asked to highlight a specific part of the area chart.
SUB-iAVt66rSZ4,B,dq_hierarchy,0.0197,0.0548,0.9714,0.1432,It seems to have borrowed a familiar website tool structure.
SUB-iAVt66rSZ4,B,dq_craft,0.0292,0.7581,0.9451,0.2419,
SUB-3HQVz6zFn2,A,unit:1,0.3601,0.0517,0.6399,0.7669,It left the original UI as is and added a completely different-looking UI separately on the right.
SUB-3HQVz6zFn2,A,unrequested,0.6871,0.5194,0.1671,0.1209,
SUB-3HQVz6zFn2,A,dq_hierarchy,0.026,0.0771,0.974,0.8401,"It doesn't address the initial request at all, so rather than an information hierarchy it looks like two separate screens."
SUB-3HQVz6zFn2,A,dq_interaction,0.8374,0.2108,0.1313,0.1177,
SUB-3HQVz6zFn2,B,unit:1,0.0236,0.0517,0.9764,0.3628,It pulls the content that was in the mobile version up to the top and revises the overall structure nicely to suit desktop.
SUB-3HQVz6zFn2,B,unit:2,0.0403,0.3221,0.895,0.6779,"It sensibly lays out the content that should be shown in the invitation area, such as the person's name, profile, and info, along with the button."
SUB-3HQVz6zFn2,B,dq_legibility,0.3434,0.3826,0.3246,0.3405,"It presents the invitee's profile in line with the hierarchy and provides an action button, so visibility is improved."
SUB-3HQVz6zFn2,B,dq_craft,0.0641,0.3922,0.2601,0.3246,The composition and level of polish of the invite-sending area seem more systematically organized.
SUB-3HQVz6zFn2,B,dq_interaction,0.3458,0.5481,0.2649,0.1464,"It appropriately provides the necessary information and affordances, such as the expiration date and a button to resend the invitation."
SUB-g-o15GskcN,B,unit:1,0.0067,0.0834,0.9678,0.0877,A title that provides the context at a glance that it's a meal plan for kidney health
SUB-g-o15GskcN,B,unit:1,0.014,0.2423,0.975,0.1623,It helps with composing a meal plan by showing the key nutrition info as insufficient/good/excessive relative to the recommended amount
SUB-g-o15GskcN,B,unit:1,0.0213,0.4559,0.9787,0.4023,It separately provides easy measurements and specific amounts so you can cook comfortably without having to measure precisely.
SUB-v0uxoYMAbl,A,unit:1,0.0299,0.1873,0.9701,0.1825,The folder list stands out more than the payment item being moved.
SUB-v0uxoYMAbl,A,unit:2,0.0184,0.5042,0.9476,0.1304,
SUB-v0uxoYMAbl,A,unrequested,0.0097,0.3438,0.625,0.0943,Text changes and layout changes that weren't requested appear
SUB-v0uxoYMAbl,A,dq_layout,0.0184,0.0188,0.9816,0.9748,"There's too much in the bottom area, and overall the spacing between components has become too tight."
SUB-v0uxoYMAbl,B,unit:1,0.027,0.0419,0.9418,0.2287,It accurately understood the requested change and placed the text size and content as a headline at the very top.
SUB-v0uxoYMAbl,B,unit:2,0.0558,0.4591,0.913,0.1645,It's made clear that the item is the selected one.
SUB-v0uxoYMAbl,B,unrequested,0.6549,0.3287,0.3312,0.2628,"It indicates whether something is selected, but that part isn't distracting and actually helps with understanding the information."
SUB-v0uxoYMAbl,B,dq_legibility,0.7067,0.0519,0.2736,0.1083,"It uses text size and color well, so emphasis is applied appropriately only to the parts that should stand out."
SUB-v0uxoYMAbl,B,dq_layout,0.0501,0.6617,0.9216,0.3383,"The hierarchy itself improved, but the bottom area looks empty and the information has generally shifted upward."
SUB-v0uxoYMAbl,B,dq_craft,0.0414,0.0138,0.9562,0.9862,"Even though the layout is somewhat skewed toward the top, the right one is easier to take in in terms of understanding the information."
SUB-v0uxoYMAbl,B,dq_interaction,0.459,0.7098,0.541,0.1504,The affordances are expressed so that they're recognized more accurately.
SUB-oBxE9nvA55,B,unrequested,0.0637,0.6687,0.8833,0.0622,"Also, the information below the reward should indicate the current invitation status, but there's a problem where the join date and the status overlap."
SUB-2xadDm5nmt,A,unit:1,0.0186,0.0692,0.2673,0.6905,Way too many buttons and UI elements that weren't requested were added.
SUB-2xadDm5nmt,A,unit:2,0.8443,0.0946,0.1456,0.6651,"Unnecessary buttons were added, and I can't understand the usability."
SUB-2xadDm5nmt,A,unrequested,0.0353,0.2983,0.2792,0.1877,"Unnecessary information like collections live, featured slot, last published was added excessively"
SUB-2xadDm5nmt,A,dq_interaction,0.0233,0.8838,0.2983,0.0986,"A lot of controls that weren't requested appeared, and I question whether they're needed usability-wise."
SUB-2xadDm5nmt,B,unit:1,0.6391,0.1691,0.3609,0.8309,"It adds the necessary information, and that content was appropriately changed into a desktop UI"
SUB-2xadDm5nmt,B,unrequested,0.1116,0.2992,0.0573,0.7008,"It tacks on pointless, unrequested design elements and tags like slot boxes and ""featured"""
SUB-2xadDm5nmt,B,dq_craft,0.4505,0.2932,0.2864,0.7068,Small differences like unnecessary colors and tags make the screen look cluttered.
SUB-aXzOzoFg_r,B,unit:1,0.0088,0.1582,0.9912,0.204,"It places the main content at the very top and emphasizes first that it's a receipt, accurately changing the order and composition of the content."
SUB-aXzOzoFg_r,B,dq_hierarchy,0.0217,0.0062,0.9783,0.938,"From creating a back button on the left given that it's an order as requested, it accurately understood the information structure and hierarchy and laid out the order, content, receipt, and button in sequence."
SUB-Wi_J6uBchs,A,unit:1,0.684,0.4482,0.316,0.13,"It accurately displays the number of boards in the desired area, but the UX writing for the selection content at the top and at the bottom isn't consistent."
SUB-Wi_J6uBchs,A,dq_interaction,0.7359,0.4802,0.2641,0.07,It adds the board count in the desired position.
SUB-Wi_J6uBchs,A,overall,0.7359,0.4622,0.2641,0.12,
SUB-Wi_J6uBchs,B,unit:1,0.6364,0.5052,0.3636,0.044,The UX writing for the selection content at the top and at the bottom isn't consistent.
SUB-Wi_J6uBchs,B,unrequested,0.1516,0.1692,0.3722,0.172,Unnecessary information was added redundantly
SUB-Wi_J6uBchs,B,dq_hierarchy,0.1776,0.1832,0.1298,0.058,"Unnecessary buttons were added, making it visually cluttered"
SUB-Wi_J6uBchs,B,dq_craft,0.1602,0.1792,0.1428,0.06,"Redundant, unnecessary information undermines the polish of the screen"
SUB-Wi_J6uBchs,B,overall,0.6667,0.4882,0.3333,0.054,"It did carry out what was requested, but the hierarchy and information values at the top differ, and by duplicating the same content on the left it ended up creating even more things to fix."
SUB-JOcMLPFA3f,B,unrequested,0.0548,0.4327,0.9208,0.1175,"By distinguishing the design of the group info area and the invite link area, it makes the information hierarchy systematic and helps the user take in the information."
SUB-JOcMLPFA3f,B,unrequested,0.6746,0.6132,0.2436,0.0911,"Shows community permissions as chip labels, which helps with structuring the information hierarchy."
SUB-RT082eNwZ0,A,unit:1,0.0823,0.0102,0.4761,0.084,"Changed the topic from the title onward to support management, and organized the information by creating categories for that content."
SUB-RT082eNwZ0,A,unrequested,0.0088,0.0682,0.9912,0.17,"The size of the image area was changed, and if that part wasn't requested it could be visually jarring. (logo/banner cropping, etc.)"
SUB-RT082eNwZ0,A,dq_interaction,0.0477,0.8982,0.9523,0.1018,Changed the bottom menu content to fit student support.
SUB-RT082eNwZ0,A,overall,0.0564,0.6382,0.9436,0.194,"I rated it highly because it accurately changed the requested parts in terms of UI and categories, and also generated the necessary text after thinking about what content was needed."
SUB-RT082eNwZ0,B,unrequested,0.0347,0.2392,0.9652,0.606,"That said, the changed points do fit the purpose of being for school IT administrators, and the support request function in the support section seems necessary."
SUB-RT082eNwZ0,B,dq_legibility,0.4805,0.4332,0.5195,0.264,"The font was changed. If that wasn't requested, it could be bothersome."
SUB-RT082eNwZ0,B,dq_layout,0.0477,0.2592,0.9523,0.162,"The layout was changed significantly. The banner section at the top is a layout you wouldn't have wanted if it wasn't requested, but the information visualization at the bottom actually improves visual comprehension, which is good."
SUB-RT082eNwZ0,B,dq_interaction,0.0434,0.6732,0.9566,0.182,"Beyond just providing the necessary information, it's desirable that it included an inquiry button, which is what's most needed for support."
SUB-rl7FIYoOn7,A,unit:2,0.0337,0.5233,0.9663,0.1986,Filling areas other than the top button with that key color feels a bit excessive.
SUB-rl7FIYoOn7,A,unrequested,0.0538,0.5293,0.9462,0.2046,"It filled unnecessary areas, and changed other key colors besides the color of the top button."
SUB-rl7FIYoOn7,B,unit:2,0.0538,0.6336,0.9462,0.3249,"Not only was the color not changed, it also failed to identify the location."
SUB-ux-AC6cdpH,A,unrequested,0.0153,0.8102,0.9817,0.1026,"The ""Open your team"" item was deleted."
SUB-ux-AC6cdpH,B,unit:1,0.0112,0.1049,0.9888,0.1209,"It drastically shrank the current space's progress status, which is the most important thing. The feature that let you grasp progress at a glance was removed."
SUB-ux-AC6cdpH,B,unit:1,0.0004,0.2407,0.4658,0.0579,"Adding grouping subheadings was done well per the request, but writing the headings as selectable chip labels could nudge users into confusion."
SUB-oxiUbaMSMD,A,unit:1,0.1981,0.0564,0.8019,0.8083,"It understood the somewhat abstract phrase ""like a wide desktop transfer panel"" well and expanded the card into a panel."
SUB-oxiUbaMSMD,A,unit:2,0.3986,0.3158,0.1862,0.175,It reflects and expresses the current transfer speed well.
SUB-oxiUbaMSMD,B,unit:1,0.5442,0.1137,0.4558,0.8863,It shrank the card panel and excessively added unnecessary information on the left. The original UI ends up feeling like a sub element.
SUB-oxiUbaMSMD,B,unit:2,0.2387,0.1296,0.7613,0.6205,The content about transfer speed is duplicated and excessively expressed.
SUB-oxiUbaMSMD,B,unrequested,0.0,0.0,0.673,0.9252,An area for content that wasn't requested became the main element and takes up a lot of space.
SUB-oxiUbaMSMD,B,dq_layout,0.0453,0.5226,0.6468,0.4774,Too much empty space is left at the bottom and usability suffers.
SUB-oxiUbaMSMD,B,dq_craft,0.0215,0.284,0.8067,0.716,"The information is skewed and concentrated in the top right, so the bottom left looks comparatively very light and empty."
SUB-tElqk2-nRK,A,unit:1,0.0261,0.1332,0.9436,0.044,"The display area is too small, so you don't notice that it's for kidney patients until you look very carefully."
SUB-tElqk2-nRK,A,unit:2,0.0131,0.4472,0.606,0.062,"The instruction was to make it sortable by mineral level, but there's no component for changing the sort method."
SUB-tElqk2-nRK,A,unrequested,0.7099,0.7692,0.2901,0.12,Nobody asked for a color change.
SUB-tElqk2-nRK,A,dq_interaction,0.0694,0.1212,0.9306,0.074,"Added a button so the ""for kidney patients"" part can be changed."
SUB-tElqk2-nRK,B,unit:1,0.0434,0.0872,0.9566,0.096,"The search results for kidney patients were made excessively redundant, in both the menu bar and the top tabs."
SUB-tElqk2-nRK,B,unit:2,0.0261,0.1952,0.6146,0.048,"It listed the foods by mineral level, but didn't enable an element to make it sortable."
SUB-tElqk2-nRK,B,unit:3,0.0391,0.8072,0.9609,0.124,"The position was changed properly, but UI alterations that weren't requested occurred."
SUB-tElqk2-nRK,B,unrequested,0.0434,0.2532,0.9566,0.644,"Excessive indexing was added, and far too many colors that aren't the key color were included."
SUB-vPfSu5LQfy,B,unrequested,0.2989,0.036,0.4159,0.032,Added information that wasn't requested.
SUB-BJ83Rv4Jre,A,unit:3,0.0835,0.8751,0.8628,0.0938,The button makes the logging action clear and noticeable.
SUB-BJ83Rv4Jre,B,unit:3,0.6397,0.3975,0.3017,0.1285,The button feels small and secondary.
SUB-BJ83Rv4Jre,B,dq_interaction,0.6546,0.3975,0.2693,0.1216,It's disappointing that it just looks like a small secondary button.
SUB-848Xag6OZl,A,unit:1,0.0446,0.0866,0.9554,0.0444,Added a dropdown chip in place of the existing chip so the sort direction can be selected.
SUB-848Xag6OZl,B,unit:1,0.0366,0.0797,0.9378,0.0597,The two toggle chips are more explicit.
SUB-AASe9GyFYD,A,unit:1,0.0085,0.2366,0.3487,0.0264,"Grouped by type and displayed dates alongside, accurately implementing the designer's intent."
SUB-AASe9GyFYD,A,unrequested,0.0416,0.5047,0.9584,0.075,New data was added.
SUB-AASe9GyFYD,B,unit:1,0.0095,0.2422,0.9619,0.6306,"Classified even down to a granular breakdown that wasn't requested, in accordion form."
SUB-AASe9GyFYD,B,unrequested,0.3793,0.5436,0.4869,0.0431,There are unverified aggregate numbers that don't actually exist in the original.
SUB-GdXhGMcIVl,A,unit:1,0.0209,0.2567,0.9791,0.1,"Created a copy icon right next to the number
-> button form + semi-transparent white makes it stand out."
SUB-GdXhGMcIVl,A,unit:1,0.0297,0.3065,0.8769,0.052,Provides guidance text.
SUB-GdXhGMcIVl,A,dq_legibility,0.0146,0.2407,0.9854,0.146,"Adding an element near the Tracking number makes the digits a bit more readable
-> This part clearly separates the areas below from the brown fill area"
SUB-GdXhGMcIVl,B,unit:1,0.0295,0.2727,0.6362,0.038,The parts other than the number become a bit weaker
SUB-GdXhGMcIVl,B,dq_hierarchy,0.0165,0.2507,0.9835,0.132,"A button accent was added across the whole number area, so the overall weight becomes stronger
-> The balance is off as the brown ""out for delivery"" area becomes heavy"
SUB-Hz-klCcfTd,A,unrequested,0.0963,0.3602,0.3083,0.3845,Seems like useful information.
SUB-FRB4qNDjg1,A,unit:1,0.031,0.2966,0.1829,0.3399,It wasn't changed to an image related to the reading homework content
SUB-FRB4qNDjg1,A,unrequested,0.0115,0.7157,0.9731,0.1367,"A Teacher note that wasn't asked for was added, but it looks appropriate"
SUB-FRB4qNDjg1,B,unit:1,0.0193,0.2939,0.218,0.4838,It wasn't changed to an image related to the reading homework content
SUB-FRB4qNDjg1,B,dq_interaction,0.0154,0.749,0.9614,0.1151,"Unlike before, it was made to look like it can't be clicked"
SUB-BYG_zzbhMU,A,dq_interaction,0.0384,0.5488,0.9262,0.1422,"It makes you aware that this is your own selection area, prompting you to look at it once more"
SUB-BYG_zzbhMU,B,unit:1,0.0729,0.4567,0.8687,0.0841,The information provided appears larger than the main content above (the balance is broken)
SUB-BYG_zzbhMU,B,unrequested,0.257,0.3285,0.4803,0.0601,When it was listed has disappeared
SUB-BYG_zzbhMU,B,dq_interaction,0.0643,0.6069,0.1237,0.1683,"It clearly makes you aware that this is the area you choose from, and shows that you're picking one of the two"
SUB-k4C9B-Obpj,A,dq_interaction,0.7064,0.198,0.1026,0.0605,"Personally, as soon as I saw variant A, I couldn't immediately understand what information the 'Preview' button was for."
SUB-k4C9B-Obpj,A,dq_interaction,0.253,0.1376,0.7279,0.1909,"If the Preview button above shows something like an overview of 'Indie Film Scores', I thought it might be an unnecessary element since that card already shows the summary information. Rather than a Preview button, I think a 'View details' would be the more needed element. And instead of making a button for that function, it seems it could be handled simply by just adding a '>(chevron-right)' icon next to 'Indie Film Scores', without taking up unnecessary space."
SUB-k4C9B-Obpj,A,overall,0.0095,0.4494,0.2076,0.175,"2. Information of different natures is mixed together using identical visual elements.
In the example on the left, '4 new' and '2 new' are information about 'new episodes added' while 'Live' is information about a real-time live broadcast alert — showing two different kinds of data in the same blue-toned text causes confusion. Overall, most GenUI screens don't let users absorb information naturally; instead, there seem to be many moments that force the user to pause mid-comprehension and look again carefully. Overall I don't think it's good UX."
SUB-k4C9B-Obpj,A,overall,0.0048,0.0167,0.9857,0.3914,"3. The Primary Color is used far too much.
- The 'SW' logo and SOUNDWELL convey the same information anyway, so one of the two elements could probably be dropped.
- Create community vs Join Community: the designer needs to think about and decide for themselves whether the most important button on this screen is 'Create community' or 'Join community'. Right now both buttons are emphasized, which has the reverse effect of nothing being emphasized. If you want to emphasize a particular element, the rest should be lowered in hierarchy.
- The 'All' chip button would be better toned down to greyscale.
'All' is a relatively low-importance element on this screen. Accordingly, it seems better to change it to a greyscale color with lowered hierarchy."
SUB-k4C9B-Obpj,A,overall,0.2339,0.0103,0.3819,0.4582,"In the current design the classification order appears to be Communities > All > Recommended communities, but normally with 'All' you need a hint that you can see the entire list, and there's no pagination area to page through the 268 items, which was confusing.

Also, the top-level category is Communities, and you'd normally expect that tapping the All chip button would show 'all communities', but a 'recommended communities' list appears instead, so it was confusing whether this was the full community list or the recommended community list.

If the intent was to show 'recommended communities', I think it would be more natural for the user to comprehend if you showed the recommended communities here instead of the 'TOP MATCH THIS WEEK' area in the current design, and placed the current recommended communities area as the 'all communities' list."
SUB-k4C9B-Obpj,A,overall,0.3747,0.2235,0.3055,0.0414,"A tendency to lump all information together arbitrarily with dot separators

In UX/UI design, grouping information elements haphazardly isn't always the answer, but variant A feels like the AI mindlessly dragged in all sorts of information and split/added it with dot separators. For example, on a commerce platform, an appropriate grouping next to a 'user profile' element would be 'height, weight, size', but in GenUI you often see work where completely unrelated things like 'brand name, refund policy' get incorrectly grouped together."
SUB-k4C9B-Obpj,A,overall,0.2601,0.451,0.3699,0.1018,"7. Is it the right UX flow to push 'Join' when you haven't even checked the detailed information about each community yet?
As you can see from references like Spotify's podcast or playlist screens, in a card format that only shows brief summary information like the current design, 'Save to my library' doesn't appear right away — only a 'Save' button is shown. Variant A seems similar to a situation where a seller tells a customer to buy something without even explaining it in detail."
SUB-k4C9B-Obpj,B,dq_interaction,0.0191,0.0978,0.6683,0.1623,"Variant A expresses the categories as small chip button elements, whereas in variant B it's a bit ambiguous whether they're chip buttons — they look rather large for chip buttons. And because of this size difference, when I first saw the design I momentarily wondered, 'if I tap each category, does it go to that category's detail page?' before understanding that they're just chip buttons for selecting a category. Like this, the output generated by GenUI often isn't a design that users understand at once; there seem to be many cases where you have to keep inferring and drawing conclusions repeatedly. And I think this is bad UX that considerably increases user fatigue. If this service really existed, I feel I'd find it so inconvenient while using it that I'd look for another service with the same functionality, drop off, and delete the app."
SUB-yq5102Ozcp,B,unit:1,0.0414,0.6051,0.8982,0.0404,The 30-minute missed-dose alert is a change that adds an entirely new behavior rule that wasn't in the request.
SUB-yq5102Ozcp,B,unrequested,0.0474,0.5953,0.7927,0.0571,"It fits the caregiver context, but it's a feature policy that wasn't requested."
SUB-6-Ky3l7jmF,B,dq_layout,0.0,0.259,1.0,0.162,I think this kind of element is good — for adding variation to the layout.
SUB-loMhnxIBDW,A,unit:1,0.0527,0.6169,0.9473,0.1987,A line doesn't seem suitable for indicating steps on a small screen like a watch
SUB-loMhnxIBDW,A,unrequested,0.0581,0.7821,0.5734,0.1674,"It doesn't have a big impact, but there's no way to know why that content was added"
SUB-loMhnxIBDW,A,dq_legibility,0.0146,0.5544,0.9647,0.2701,A line type that's suitable on mobile is unsuitable for a watch; this wasn't taken into account
SUB-loMhnxIBDW,A,dq_layout,0.0011,0.2776,0.9989,0.2656,"Something like 6:00 PM should stay together, but as the screen's horizontal ratio shrinks only the PM drops to the next line
It would be better to just write 'by 6:00PM' large, and for something like 'arriving today' pull it out small like the Tracking Number below — users would still understand it all"
SUB-loMhnxIBDW,B,dq_legibility,0.0518,0.4091,0.9321,0.1229,The important information is largest and in the center
SUB-loMhnxIBDW,B,dq_legibility,0.0491,0.6841,0.9457,0.2042,Showing each step as a circle in checked/empty/disabled form makes the differences visually clear and intuitive
SUB-loMhnxIBDW,B,dq_legibility,0.2556,0.2049,0.5109,0.2208,"By putting the delivery emoji in a circular form rather than a line form, you can easily tell what kind of app it is"
SUB-gYo5xOOhhP,A,dq_legibility,0.0733,0.3808,0.8638,0.123,"The contrast of the pale yellow and grey combination isn't strong, so some of the secondary information looks weak."
SUB-B5b6Yh313A,A,dq_legibility,0.0088,0.4992,0.9868,0.31,The styles of completed tasks and remaining tasks are clearly distinguished
SUB-B5b6Yh313A,A,dq_interaction,0.0391,0.6592,0.9263,0.268,"The button to go to the next action isn't clear. It's confusing whether you tap item 4, tap 'Up next', or tap 'Continue lesson 4' at the bottom"
SUB-B5b6Yh313A,B,dq_hierarchy,0.0001,0.6232,0.9912,0.14,Emphasizing the Course progress section and the to-do items makes it easy to find the important information.
SUB-o9W88qEGsB,A,unit:1,0.1753,0.0923,0.6875,0.4955,"It changed from a line form to circles, suited to showing the flow on a small screen, and got thicker/bolder"
SUB-o9W88qEGsB,A,unit:1,0.1427,0.5365,0.7256,0.2433,"The +/- are right below as large icons, which is visually good"
SUB-o9W88qEGsB,A,dq_hierarchy,0.0014,0.8357,0.231,0.1629,Things you need to know additionally are indicated with a yellow box
SUB-o9W88qEGsB,A,dq_legibility,0.2704,0.1191,0.5272,0.4196,"The most eye-catching yellow is assigned to the remaining time, providing visual information
Then the text is provided in white
"
SUB-o9W88qEGsB,B,unrequested,0.0611,0.233,0.9294,0.1272,"Additional timers are shown as examples, making it easier to pick a different option"
SUB-o9W88qEGsB,B,unrequested,0.5965,0.541,0.3397,0.1004,Good that it provides the end time as additional information
SUB-o9W88qEGsB,B,dq_hierarchy,0.0177,0.8245,0.8071,0.1652,More visible thanks to the size increase
SUB-o9W88qEGsB,B,dq_hierarchy,0.0747,0.5008,0.9049,0.3147,Things that weren't showing are now revealed
SUB-o9W88qEGsB,B,dq_layout,0.0666,0.8357,0.6739,0.1629,It would be better to shrink the size back like the original and leave a bit more whitespace at the bottom
SUB-o9W88qEGsB,B,dq_interaction,0.0258,0.1995,0.9484,0.6451,The - + buttons themselves disappeared
SUB-o9W88qEGsB,B,overall,0.0448,0.2062,0.8995,0.6339,Provides options in box form
SUB-CJ3bG2-phA,B,unrequested,0.0792,0.1963,0.8439,0.2487,"A lot of things that weren't requested were changed — image shape, position, background color, etc."
SUB-CJ3bG2-phA,B,unrequested,0.1166,0.7499,0.7747,0.1023,Text was changed even though it wasn't requested
SUB-0jsoT3_o5v,A,unrequested,0.0711,0.4535,0.3338,0.3274,yeah
SUB-0jsoT3_o5v,B,dq_layout,0.4096,0.4408,0.5904,0.3211,"The box showing available times is excessively long
-> the date on the left is still small
Rather than a 4:6 split, a 5:5 split looks better so more detailed information can be given on the left"
SUB-0jsoT3_o5v,B,dq_layout,0.052,0.4468,0.3457,0.3274,"I think it would be better to widen the gap between the options and the pink box below a bit more (the whitespace below that looks like dead space, and it seems there's plenty of information that could fit in it)"
SUB-0jsoT3_o5v,B,overall,0.4287,0.4789,0.1883,0.1621,The text sits small in the middle and the left/right margins became too wide
SUB-_Bk2Zf6W5E,B,dq_hierarchy,0.0384,0.6488,0.9554,0.188,Excessive for describing a single place.
SUB-4C853-lqfM,A,unrequested,0.0616,0.3404,0.8727,0.2347,Details
SUB-4C853-lqfM,B,unrequested,0.0299,0.0215,0.9389,0.2668,The area that was only yellow had its style changed to black and yellow
SUB-gSKN_uaEkU,B,unrequested,0.0335,0.0319,0.21,0.0948,Added the text SECURE ACCESS.
SUB-LKaQjj-jyk,B,unrequested,0.0261,0.2583,0.7485,0.0417,A hint text was newly added.
SUB-LKaQjj-jyk,B,dq_interaction,0.7895,0.4305,0.1293,0.0667,selection 4
SUB-QnG0OueLXE,A,dq_hierarchy,0.0474,0.0805,0.8289,0.1671,"The playback controls are grouped into one dark area, so they stand out first within the video. However, the segment information is also emphasized separately, so the key elements are split across two places."
SUB-QU2GftCH6h,B,unit:2,0.0,0.0,0.3534,0.3656,Added so that the order of steps and the stages are clearly visible
SUB-sJ1pzKbL1r,A,unrequested,0.0098,0.4584,0.3225,0.3633,Seems like useful information.
SUB-e1TcxZyJxk,B,unrequested,0.7447,0.0926,0.2259,0.08,Added
SUB-4N75Nez8MF,B,unrequested,0.0651,0.5866,0.8627,0.0458,"""Continue with Google"" was added."
SUB-EotG4lTh1t,A,unrequested,0.0103,0.0,0.9737,0.0833,Top
SUB-EotG4lTh1t,A,unrequested,0.0127,0.6975,0.9873,0.1464,Bottom
SUB-EotG4lTh1t,B,unrequested,0.2228,0.5415,0.4415,0.2259,Nice that the pending payout item is shown
SUB-EotG4lTh1t,B,unrequested,0.65,0.5861,0.3437,0.2482,The part showing where the revenue came from was good
SUB-Q1uaLoJr4x,B,unrequested,0.0269,0.5724,0.4613,0.092,"Showing the level (B1), Lessons (6), and Core skills (3) at a glance makes the learning character of the course clear"
SUB-Op2fdQ5T9k,A,unrequested,0.5668,0.56,0.4332,0.2567,Next day's schedule
SUB-Op2fdQ5T9k,A,unrequested,0.0134,0.7666,0.5642,0.1263,Weekly stats
SUB-tZHystc5TC,A,unit:2,0.0388,0.5333,0.9612,0.0883,Divided into categories according to the candidates' availability time slots
SUB-tZHystc5TC,A,unit:3,0.3124,0.2686,0.3744,0.2648,"Availability was reflected, but the time information is missing"
SUB-tZHystc5TC,A,dq_hierarchy,0.0388,0.2144,0.9612,0.1203,Classifying into categories makes the information hierarchy more visible
SUB-tZHystc5TC,A,dq_interaction,0.3325,0.5353,0.6675,0.2587,Provides information such as availability time slots and open spots via tags and supplementary descriptions
SUB-tZHystc5TC,B,unit:1,0.0,0.0439,1.0,0.9561,"Overall, the UX writing was well designed according to what was requested"
SUB-tZHystc5TC,B,unit:2,0.0474,0.1723,0.9526,0.5195,
SUB-tZHystc5TC,B,unit:3,0.4333,0.3227,0.2333,0.1605,"Added the time next to the candidate's name, accurately reflecting both the requested content and its placement"
SUB-tZHystc5TC,B,unrequested,0.0791,0.5273,0.9209,0.4633,"Beyond the requested information, it provides new classification criteria and the number in the talent pool at the bottom — a more advanced design that understands UX and fits the context"
SUB-tZHystc5TC,B,dq_hierarchy,0.0215,0.4892,0.9785,0.5108,"The overall UI design following the information hierarchy — topic category classification, tags, basic info, etc. — is excellent"
SUB-tZHystc5TC,B,dq_legibility,0.6926,0.2786,0.3074,0.6058,"Improves visibility by color-coding according to the needed information, e.g. separating the completed-participation state and the remind button"
SUB-tZHystc5TC,B,dq_interaction,0.033,0.8623,0.967,0.1143,"Improves intuitiveness by providing additional cues for user operation (total headcount, etc.)"
SUB-qynnkKYNDL,A,unit:1,0.0304,0.3122,0.9696,0.276,"The instruction was somewhat vague, but rather than the list composition changing in any particular way, it just split things into categories"
SUB-qynnkKYNDL,A,unit:2,0.0737,0.6562,0.4501,0.046,Hard to say that the extra tags actually increased the amount of information.
SUB-qynnkKYNDL,A,unit:3,0.0088,0.2122,0.9912,0.108,"Interpreted ""to do"" as user manipulation, and added interactions such as changing and saving the time, translation, and speed changes."
SUB-qynnkKYNDL,A,unrequested,0.7705,0.3762,0.2295,0.192,"Classified the information into categories. It might be needed, but it wasn't what was requested."
SUB-qynnkKYNDL,A,dq_layout,0.0217,0.7442,0.9783,0.2558,"Moved the content upward, so the bottom margin is too wide and the top area became tight."
SUB-qynnkKYNDL,B,unit:1,0.0,0.3972,0.9275,0.304,"Good that it completely changed the structure of the list, but it changed the layout excessively too."
SUB-qynnkKYNDL,B,unrequested,0.0023,0.0202,0.9977,0.86,"Due to excessive color and layout changes, there's too much of a style difference from the original screen."
SUB-qynnkKYNDL,B,dq_layout,0.0243,0.3612,0.9757,0.372,The layout changed from a continuous-text scroll form into a block-widget form.
SUB-pHnLwPr1Kt,A,unit:1,0.5455,0.7312,0.4545,0.102,Added a small text button.
SUB-pHnLwPr1Kt,A,unrequested,0.0347,0.7312,0.4372,0.074,"The title ""Recent referrals"" had no s, and it listened to the user's request and even added the s to the title."
SUB-pHnLwPr1Kt,A,dq_craft,0.2641,0.7372,0.1688,0.056,"The typo was fixed, so the level of polish went up."
SUB-pHnLwPr1Kt,A,dq_interaction,0.6926,0.6812,0.3074,0.278,"With the requested text button added, there are more cues for interaction."
SUB-pHnLwPr1Kt,B,unit:1,0.3507,0.7272,0.4848,0.086,The text button was properly added in the form of a button.
SUB-pHnLwPr1Kt,B,unrequested,0.2338,0.7192,0.3289,0.11,It even fixed a typo that wasn't requested.
SUB-pHnLwPr1Kt,B,dq_interaction,0.2944,0.6892,0.5107,0.142,"Added a text button, so there are more cues for interaction."
SUB-_RFzXOlpSt,A,unrequested,0.0,0.0078,0.975,0.9307,Changed the entire GUI style.
SUB-_RFzXOlpSt,A,dq_hierarchy,0.0447,0.41,0.239,0.0522,"The information hierarchy is messed up, with the bottom information removed and changed, etc."
SUB-_RFzXOlpSt,A,dq_legibility,0.0591,0.0329,0.9101,0.9166,"Font size, screen position, layout, etc. all changed, which hurt readability."
SUB-_RFzXOlpSt,A,dq_interaction,0.2147,0.1733,0.7517,0.1444,"Unnecessary cues increased, making it hard to focus on the interaction cues."
SUB-_RFzXOlpSt,B,unit:3,0.0361,0.0158,0.9533,0.2768,Properly changed all the content in the preset at the top.
SUB-_RFzXOlpSt,B,unrequested,0.5948,0.1412,0.4032,0.1344,"The font size and other interaction cues, which weren't requested, all ended up being changed."
SUB-_RFzXOlpSt,B,dq_legibility,0.3068,0.3077,0.6932,0.0582,"The amount of additional information text is excessive, so readability drops."
SUB-_RFzXOlpSt,B,dq_layout,0.0563,0.7911,0.8467,0.2089,The layout became horizontally chunky and was changed so that empty space is left at the bottom.
SUB-_RFzXOlpSt,B,dq_interaction,0.5113,0.3017,0.4887,0.4653,"Unnecessary interaction cues (text) were added, making the cues hard to understand."
SUB-RHH4fDq1rf,A,unit:1,0.0376,0.5764,0.9624,0.0582,"The current state is expressed well visually, but the information ""connection"" got attached on the left."
SUB-RHH4fDq1rf,A,unit:2,0.0232,0.7148,0.962,0.2507,"The order of the button placement stayed the same, and only the button layout was changed."
SUB-RHH4fDq1rf,A,unit:3,0.0434,0.5544,0.1008,0.0662,"Changed both ends of the progress bar from square to circle. It correctly understood the ""upload progress bar"" as the progress bar."
SUB-RHH4fDq1rf,A,unrequested,0.0261,0.0228,0.9739,0.9772,"The overall layout, font size, etc. were changed in an awkward way, so it became a different screen."
SUB-RHH4fDq1rf,B,unit:1,0.0405,0.6055,0.9447,0.1344,"It takes up more area than requested, and it's not desirable for connection status and capacity to be expressed in one section."
SUB-RHH4fDq1rf,B,unit:2,0.0,0.7891,0.8699,0.1565,"Beyond just changing the button order, the text that goes into the buttons ended up being changed."
SUB-RHH4fDq1rf,B,unit:3,0.6021,0.5464,0.1354,0.1103,"The bars at both ends stayed the same, and only the middle component expressing progress changed."
SUB-RHH4fDq1rf,B,unrequested,0.0088,0.7229,0.8784,0.0943,Things like shortening text that wasn't requested occurred.
SUB-RHH4fDq1rf,B,dq_legibility,0.052,0.0389,0.8611,0.3009,It changed the font weight even though that wasn't requested.
SUB-RHH4fDq1rf,B,dq_layout,0.0232,0.0269,0.9768,0.9528,"The layout is horizontally wide and skewed upward, so it looks cramped."
SUB-RHH4fDq1rf,B,dq_interaction,0.4943,0.5317,0.3848,0.184,It changed so that the progress bar looks like it can be clicked and changed.
SUB-0-BJ2I4fY1,A,unit:1,0.5565,0.6141,0.4435,0.0665,"Added a Replace card button at the bottom right of the expired card, reflecting the request well."
SUB-0-BJ2I4fY1,A,unit:2,0.0777,0.24,0.3036,0.0414,Only the Next charge line was made bold and large.
SUB-0-BJ2I4fY1,B,unit:1,0.0349,0.1779,0.9651,0.1763,"Added a Replace card button at the bottom right of the expired card, but also changed the style of the entire row."
SUB-0-BJ2I4fY1,B,unit:2,0.031,0.633,0.969,0.1511,"It emphasized Next charge strongly, but reorganized it largely as a separate card rather than a single line."
SUB-0-BJ2I4fY1,B,dq_legibility,0.101,0.2175,0.4243,0.1043,The amount is large and clearly visible.
SUB-0-BJ2I4fY1,B,dq_craft,0.0232,0.6276,0.9419,0.1349,"By changing the color of the area for the card that needs to be replaced, the state is distinguished better."
SUB-0-BJ2I4fY1,B,dq_interaction,0.031,0.6258,0.969,0.1673,"The Replace card button sits inside the highlighted expiration area, making the replace action easy to find."
SUB-grUtIsQ0tD,B,unrequested,0.0068,0.3592,0.9825,0.15,A plan comparison was added.
SUB-zwabBvmauw,B,dq_craft,0.0817,0.2086,0.3331,0.07,It's a shame that the line breaks between 'hour' and 'minute'.
SUB-VKo5rt_iwU,A,unit:1,0.0217,0.2852,0.2554,0.45,"The instruction to create 'flow' is abstract, but it understood the context of comments being added one after another and tried to handle it with a continuous UI."
SUB-VKo5rt_iwU,A,unit:2,0.0304,0.8022,0.9696,0.138,It added color to the comment input field and threw in a prompt to join the conversation along with a hint about writing a comment.
SUB-VKo5rt_iwU,A,unrequested,0.0261,0.0742,0.251,0.084,It changed the profile corner radius value and switched the conversation from newest first to oldest first — UI and functional changes that weren't requested.
SUB-VKo5rt_iwU,A,dq_hierarchy,0.0391,0.2962,0.4372,0.48,It completely changed the information hierarchy from a 1:1 comment-and-reply structure to continuous comments. Whether this is good or bad depends on whether it matches the intent of the request.
SUB-VKo5rt_iwU,A,dq_craft,0.052,0.0742,0.1255,0.08,"The icon change wasn't requested, but in my subjective judgment the style change and the extra functional change actually improved the level of polish."
SUB-VKo5rt_iwU,B,unit:1,0.0131,0.2592,0.9869,0.582,It changed the comment area entirely into a chat window UI. The function shifted from a list to a chat.
SUB-VKo5rt_iwU,B,unit:2,0.0088,0.7962,0.9263,0.142,It emphasized the bottom area with a color that isn't the key color.
SUB-VKo5rt_iwU,B,unrequested,0.2122,0.6142,0.1861,0.034,"It changed 'like 3' to a heart emoji, making it more intuitive."
SUB-VKo5rt_iwU,B,dq_legibility,0.0088,0.0622,0.9912,0.204,"The main text area was turned into a card, making it hard to distinguish from the text box below."
SUB-r0EEMAEwqv,A,unit:1,0.0076,0.6878,0.9924,0.1763,It grouped the selected date's schedule into Audio and Video formats.
SUB-r0EEMAEwqv,A,unit:2,0.0154,0.0745,0.9846,0.0863,"Instead of changing the previous/next month toggle buttons, it changed the position of the month/week switcher."
SUB-r0EEMAEwqv,A,dq_legibility,0.0,0.731,0.5642,0.1097,"With the two-column cards, the schedule titles get truncated a lot."
SUB-r0EEMAEwqv,A,dq_layout,0.0,0.731,0.9613,0.0989,"The schedule cards at the bottom are split into narrow columns, making the space feel cramped."
SUB-r0EEMAEwqv,B,unit:1,0.0037,0.6914,0.9848,0.1421,It grouped the selected date's schedule nicely by time slot.
SUB-r0EEMAEwqv,B,unit:2,0.0115,0.0943,0.9885,0.1079,"It placed the previous button before the month name and the next button after it, changing the display order."
SUB-r0EEMAEwqv,B,unrequested,0.0076,0.0907,0.9924,0.054,It added a Today button and changed the positions of the Month and Week tabs.
SUB-r0EEMAEwqv,B,dq_layout,0.0,0.1447,1.0,0.0665,"With the month navigation buttons on both sides, the composition is more balanced."
SUB-r0EEMAEwqv,B,dq_interaction,0.0076,0.1393,0.9924,0.0558,"With the month navigation buttons on both sides, the relationship for moving between months is clear."
SUB-hPxidd_x8m,B,unrequested,0.0587,0.5924,0.883,0.11,It even provides an area where you can enter the client's email and send the receipt right away.
SUB-r6sKwxiGkh,A,unit:1,0.0749,0.1888,0.6344,0.5031,It clearly separates steps 1 through 3 in vertical order.
SUB-r6sKwxiGkh,A,unrequested,0.6238,0.7154,0.2537,0.0775,30-minute reservation information was added.
SUB-r6sKwxiGkh,A,dq_hierarchy,0.08,0.1888,0.6525,0.5121,"Step numbers and the current status were added, making the progress order easy to grasp."
SUB-OVAdTcpnDx,A,unit:1,0.0867,0.5492,0.8397,0.076,It accurately added the saved reservation information to the desired air card button area.
SUB-OVAdTcpnDx,A,unrequested,0.104,0.6152,0.8483,0.094,"It left an unnecessary, redundant extra comment."
SUB-OVAdTcpnDx,A,dq_hierarchy,0.0564,0.5212,0.9436,0.108,"Since a button was added, the information hierarchy changed appropriately."
SUB-OVAdTcpnDx,A,dq_interaction,0.1559,0.5312,0.7445,0.09,"Since the requested View Reservation button was added, it's an appropriate change in interaction cues."
SUB-OVAdTcpnDx,A,overall,0.0694,0.5052,0.8743,0.226,"It handled the requested information, but it added an unnecessary redundant comment at the bottom, creating a situation where fixes are needed."
SUB-OVAdTcpnDx,B,unit:1,0.0088,0.5072,0.9739,0.242,"It added the View Reservation content, but the UI added has a completely different style."
SUB-OVAdTcpnDx,B,unrequested,0.052,0.6352,0.7661,0.104,It added the basic reservation information — flight ticket details and a hotel voucher text button.
SUB-OVAdTcpnDx,B,dq_hierarchy,0.052,0.5032,0.948,0.242,It classified the requested information accurately and presented it at the bottom.
SUB-OVAdTcpnDx,B,dq_legibility,0.0261,0.5092,0.4285,0.22,
SUB-OVAdTcpnDx,B,dq_layout,0.0694,0.4762,0.6103,0.296,The starting point and margins of the added information aren't consistent.
SUB-OVAdTcpnDx,B,dq_craft,0.0867,0.5182,0.896,0.268,The polish suffers because of a font in a color different from the existing key color and a broken layout.
SUB-OVAdTcpnDx,B,dq_interaction,0.0564,0.6582,0.6752,0.066,"It wasn't requested, but it's a positive that it surfaced the highest-priority content first within the view of saved reservations."
SUB-OVAdTcpnDx,B,overall,0.0564,0.4862,0.9436,0.374,"It applied the requirements, but the style is so different that it looks like it needs fixing."
SUB-_kjNeuqq-_,A,unit:1,0.0382,0.3965,0.9314,0.1763,"It emphasized annual, made the price much bigger, shrank monthly, and removed the bold from its price."
SUB-_kjNeuqq-_,B,unit:1,0.0171,0.3749,0.9829,0.2806,It strongly emphasized Annual with a large colored card and reduced Monthly to a small row.
SUB-_kjNeuqq-_,B,unrequested,0.0532,0.4828,0.8536,0.0504,Wording comparing it to monthly billing was added.
SUB-JYCsF-byZC,A,unit:1,0.0088,0.0992,0.9912,0.116,Removing all the existing screen UI icons just to make the headline stand out wasn't what was requested.
SUB-JYCsF-byZC,A,unrequested,0.0174,0.1052,0.2121,0.732,Nobody asked for the entire icon area to be removed.
SUB-JYCsF-byZC,B,unit:1,0.0088,0.1192,0.9912,0.266,"It added a feature that wasn't requested (Top story), which catches the eye before the individual headlines do."
SUB-JYCsF-byZC,B,unrequested,0.0261,0.1232,0.9739,0.71,"Lots of changes that weren't requested: top story, more headlines, icon style changes, category color changes, etc."
SUB-JYCsF-byZC,B,dq_hierarchy,0.0261,0.1192,0.9739,0.234,"The top story area catches the eye before the headline, which is what should stand out most."
SUB-JYCsF-byZC,B,dq_legibility,0.0088,0.5872,0.8916,0.114,Readability improved thanks to the changes in font weight and size.
SUB-JYCsF-byZC,B,dq_layout,0.0,0.0932,0.9783,0.734,Grouping related information into card form and adding spacing makes it look visually tidier.
SUB-kZx2UfJk9a,A,unrequested,0.1139,0.1733,0.7863,0.2226,Bundling the item information together has the effect of making it visually more visible.
SUB-kZx2UfJk9a,A,dq_hierarchy,0.111,0.2074,0.8007,0.1926,"By bundling the item information into a single card, you can tell at a glance what the item is."
SUB-kZx2UfJk9a,A,dq_layout,0.1283,0.771,0.8352,0.1926,"As the top-to-bottom proportions of the card changed, there's more empty space at the bottom."
SUB-kZx2UfJk9a,B,unit:1,0.1355,0.3769,0.7661,0.4032,o
SUB-kZx2UfJk9a,B,unit:2,0.772,0.0459,0.1958,0.8264,"It understood what was meant by changing the sense of depth, but it drew it as a shape on the right, producing an effect of unusable quality."
SUB-kZx2UfJk9a,B,unrequested,0.0405,0.0078,0.9595,0.9026,"It misunderstood the term ""sense of depth"" and applied a shadow-like color and texture to every UI element, which lowers the visual polish."
SUB-kZx2UfJk9a,B,dq_hierarchy,0.0952,0.417,0.8266,0.4633,"Because of the unnecessary shadow treatment and tags, 'Summer outfits' is the first thing that catches the eye."
SUB-kZx2UfJk9a,B,dq_craft,0.029,0.0379,0.971,0.8826,"It overuses tags and gray tones that weren't requested, hurting the aesthetics."
SUB-IS0noGQrOV,B,unrequested,0.7729,0.2366,0.1861,0.49,"A label was added, like a hashtag."
SUB-Dd-WIheKQu,A,unrequested,0.8556,0.6176,0.1444,0.0555,Usability improved by adding the item count information.
SUB-Dd-WIheKQu,A,dq_hierarchy,0.6224,0.1098,0.3776,0.4948,"Unlike mobile, it presents the information split into separate areas rather than one single scroll."
SUB-Dd-WIheKQu,A,dq_interaction,0.0179,0.9324,0.9821,0.0676,"By adding extra information at the bottom of the kind a website would normally have, there are more cues for the user to act on."
SUB-Dd-WIheKQu,B,unrequested,0.2041,0.0033,0.7876,0.9967,"Overall it adds concrete information that a larger screen can accommodate, such as adding a customer care section or adding a hint in the search area."
SUB-Dd-WIheKQu,B,dq_craft,0.5644,0.0128,0.4356,0.1171,"By putting in more concrete information, the level of polish is higher."
SUB-Dd-WIheKQu,B,dq_interaction,0.8317,0.7821,0.1683,0.0791,"Consistent text buttons were added, such as viewing more collections or showing the count, making it easier for the user to understand the interaction cues."
SUB-Qa90SaDGtf,A,unit:1,0.0329,0.8254,0.8752,0.1118,An episode description line was added below the next episode.
SUB-Qa90SaDGtf,A,unit:2,0.0588,0.4476,0.8881,0.1893,Applied the request exactly as asked.
SUB-Qa90SaDGtf,B,unit:1,0.0872,0.755,0.6784,0.1407,It shows the main content of the next episode as items broken down by time.
SUB-Qa90SaDGtf,B,unit:2,0.0562,0.4214,0.9037,0.2056,"It was applied well, but only the number 12 got bigger, and design was applied to the percentage."
SUB-uc1Av1xOCT,A,unit:1,0.2084,0.4401,0.432,0.0662,"For the stop that was moved, the time is expressed in the same structure as well."
SUB-uc1Av1xOCT,A,unit:2,0.0874,0.6647,0.3543,0.1143,The font changes excessively and adding icons is perceived negatively. (I think unnecessarily adding icons that weren't requested is a bad trait of AI image generation.)
SUB-uc1Av1xOCT,A,unrequested,0.5857,0.4421,0.2419,0.0582,"It restructured things to separate out the stop information that was previously shown, so there's no conflict with the time display information."
SUB-uc1Av1xOCT,A,dq_hierarchy,0.0298,0.6346,0.9216,0.1725,
SUB-uc1Av1xOCT,A,dq_legibility,0.0241,0.6286,0.864,0.1765,"The ""Ends at"" line feels like a button, which is confusing."
SUB-uc1Av1xOCT,A,dq_layout,0.0442,0.7921,0.8986,0.2079,
SUB-uc1Av1xOCT,A,dq_interaction,0.0558,0.6436,0.9159,0.1504,"I think the interaction cues were misused, in that a non-button element could be confused for a button."
SUB-uc1Av1xOCT,B,unit:1,0.2487,0.4451,0.6941,0.0642,"It's written well, at the same hierarchy level as the time information and the other places."
SUB-uc1Av1xOCT,B,unit:2,0.0356,0.6356,0.9332,0.1946,"To make that element stand out, it uses an unnecessary key color that wasn't there before, which lowers the screen's aesthetics and conflicts with the bottom button."
SUB-uc1Av1xOCT,B,unrequested,0.0932,0.6797,0.167,0.0401,The writing that was added isn't concise.
SUB-uc1Av1xOCT,B,dq_legibility,0.0241,0.5995,0.9562,0.2246,"The ""Ends at"" line is visually over-emphasized and conflicts with the bottom button, hurting visibility."
SUB-uc1Av1xOCT,B,dq_craft,0.0759,0.6095,0.9241,0.2387,"The most prominent change is a key color change that wasn't requested, which feels very off-putting."
SUB-uc1Av1xOCT,B,dq_interaction,0.0183,0.6436,0.9817,0.1625,"The ""Ends at"" line conflicts with the button."
SUB-1OfohgqYdV,A,unit:1,0.0066,0.0942,0.9868,0.078,"It reduced the size of only the intro title at the top, exactly as asked."
SUB-1OfohgqYdV,A,overall,0.0153,0.1002,0.883,0.084,"It may be a simple request, but it left the existing screen completely unchanged and carried out exactly the requested reduction of the top title size."
SUB-1OfohgqYdV,B,unit:1,0.0239,0.0892,0.9306,0.102,It goes beyond reducing the size of the top intro title and mixes up the subtitle and the body content.
SUB-1OfohgqYdV,B,unrequested,0.0153,0.0892,0.6666,0.036,"It added a subtitle at the top that wasn't requested, thereby changing the information hierarchy."
SUB-1OfohgqYdV,B,dq_hierarchy,0.0153,0.0832,0.9847,0.102,"Unlike the original, the hierarchy of the top content (title, instruction text) is broken, and the title and subtitle are mixed together."
SUB-1OfohgqYdV,B,overall,0.0412,0.1142,0.6795,0.038,"It understood the request in a one-dimensional way, breaking the information hierarchy so that the 'title' loses its function."
SUB-zavnzCqQSB,B,dq_legibility,0.0328,0.4175,0.2424,0.09,"The number labels overlap with the image, so visibility is poor."
SUB-GOzI1JO9qq,A,unit:1,0.0239,0.3922,0.9392,0.208,"It moved the topmost information down and pushed the near-expiry information to the very top, so the hierarchy is tangled."
SUB-GOzI1JO9qq,A,unrequested,0.0,0.0222,0.9588,0.364,It added a red key color that wasn't requested.
SUB-GOzI1JO9qq,A,dq_hierarchy,0.0196,0.0702,0.9804,0.524,"The near-expiry information was moved above the topmost information, which was never asked to be moved, so the overall screen structure is thrown off."
SUB-GOzI1JO9qq,A,dq_craft,0.0369,0.0782,0.9631,0.322,Unnecessary added color and an added button lower the level of polish.
SUB-GOzI1JO9qq,A,dq_interaction,0.0369,0.3082,0.9392,0.096,"A 'renew all now' function was never requested, but by adding that button it feels like a screen dedicated to near-expiry information."
SUB-GOzI1JO9qq,B,unrequested,0.0758,0.0932,0.9242,0.374,"It even changed the layout, which was never requested, into two cards."
SUB-GOzI1JO9qq,B,dq_layout,0.0542,0.1492,0.9458,0.322,The two-card layout arranged horizontally is completely different from the existing UI and doesn't suit the screen.
SUB-GOzI1JO9qq,B,dq_interaction,0.4135,0.3572,0.567,0.102,The information tags at the bottom look like buttons.
SUB-AlS0Tli75E,B,unrequested,0.0736,0.7013,0.2499,0.106,Added a close button
SUB-AlS0Tli75E,B,unrequested,0.0765,0.2067,0.8415,0.162,Added information about the reported book.
SUB-AlS0Tli75E,B,unrequested,0.0966,0.405,0.8156,0.212,Changed to a grid arrangement.
SUB-04SIboIsS8,A,unit:1,0.0221,0.7328,0.9684,0.2014,It placed the consent checkbox after the end-of-document marker.
SUB-04SIboIsS8,A,unit:2,0.5147,0.267,0.4253,0.0594,A document download button was added.
SUB-04SIboIsS8,A,unrequested,0.0,0.8551,0.9274,0.0683,The wording at the end of the document is different.
SUB-04SIboIsS8,A,dq_interaction,0.5232,0.2508,0.4716,0.0791,"The download icon is clearly shown in button form, so it looks easy to act on."
SUB-04SIboIsS8,B,unit:1,0.0217,0.7436,0.9774,0.2564,"It put the consent button at the very bottom of the document so things wrap up with consent, but the design changed a lot."
SUB-04SIboIsS8,B,unit:2,0.0548,0.2715,0.9452,0.0899,It added a PDF download area right below the document title and version.
SUB-raReh0s1ye,A,unrequested,0.2592,0.1686,0.6667,0.062,Added a filter.
SUB-qFnLZNU4j2,A,unit:1,0.0,0.6968,0.9924,0.1385,The booking area is gone and a cash pickup point area was added.
SUB-qFnLZNU4j2,B,unit:1,0.0193,0.7076,0.9653,0.1978,It removed the booking area and added the cash pickup location and related information.
SUB-8po0cP6vjN,A,unit:2,0.0282,0.5952,0.1212,0.288,"It doesn't really feel like the steps 'flow on' from one another, but it added numbers so you can anticipate the next step."
SUB-8po0cP6vjN,A,unrequested,0.0758,0.5412,0.8743,0.032,The pause icon in the middle is missing.
SUB-8po0cP6vjN,A,dq_layout,0.0,0.8492,1.0,0.1508,"With the information crowded toward the top, the bottom whitespace looks empty."
SUB-8po0cP6vjN,A,dq_interaction,0.4481,0.4822,0.1255,0.036,The UI that lets you handle the audio playback time looks more usable.
SUB-8po0cP6vjN,B,unit:1,0.0239,0.3742,0.6449,0.13,It reviewed the title hierarchy and reordered the information.
SUB-8po0cP6vjN,B,unit:2,0.0153,0.6122,0.1125,0.286,"Through numbers and connected GUI expression, it's composed so the meaning of 'flowing on in order' is easy to understand."
SUB-8po0cP6vjN,B,unrequested,0.4178,0.5282,0.0952,0.056,Pause is missing.
SUB-8po0cP6vjN,B,dq_layout,0.1061,0.0542,0.8267,0.372,"The album cover is larger and left-aligned, which I think makes the screen alignment and arrangement fit long text better. The bottom whitespace is a shame, though."
SUB-9XDvx2MMPH,B,dq_hierarchy,0.0146,0.9326,0.1704,0.0605,It feels odd that the selected count appears at the bottom left rather than at the top.
SUB-Hq0xLYY3Ae,A,unrequested,0.464,0.8752,0.316,0.054,Changed the label color from green to red.
SUB-sCUC1h3O_p,A,unit:1,0.0715,0.3602,0.8743,0.316,"It did change the way information is grouped, but it also changed styles and content that weren't requested."
SUB-sCUC1h3O_p,A,unit:2,0.552,0.2162,0.3506,0.076,"A new action button was added, but it's placed as if plopped on top, not matching the badge at all."
SUB-sCUC1h3O_p,A,unit:3,0.0412,0.0842,0.251,0.154,"It changed the mark's squircle into a circle, but it failed to change the 'feel' itself of green tones with line drawing."
SUB-sCUC1h3O_p,A,unrequested,0.1018,0.2282,0.8051,0.288,"Besides the app mark, it changed the background color, layout, and text content across the board."
SUB-sCUC1h3O_p,A,dq_legibility,0.3009,0.1342,0.6319,0.084,Placing the information right next to the logo hurts visibility.
SUB-sCUC1h3O_p,A,dq_layout,0.0845,0.6502,0.8137,0.278,"Because of unrequested changes like reducing the text information and reducing the screen whitespace, the bottom is left excessively empty."
SUB-sCUC1h3O_p,B,unit:1,0.0888,0.4462,0.8657,0.288,"Beyond just the way information is grouped, it changed all the information inside as well."
SUB-sCUC1h3O_p,B,unit:2,0.526,0.3002,0.3809,0.1,The button for the new action fits nicely and stably inside the badge.
SUB-sCUC1h3O_p,B,unit:3,0.2836,0.0842,0.5064,0.178,"It transformed the ""feel"" well, right down to the app mark's shape, drawing style, and color."
SUB-sCUC1h3O_p,B,unrequested,0.1191,0.2522,0.7488,0.214,Moved the layout from left-aligned to center-aligned.
SUB-sCUC1h3O_p,B,dq_legibility,0.487,0.5322,0.3592,0.134,"The key color is used excessively on text where it isn't needed, hurting readability."
SUB-sCUC1h3O_p,B,dq_layout,0.0326,0.6422,0.9674,0.306,"Information is crowded at the top, so the bottom whitespace looks excessively empty."
SUB-sCUC1h3O_p,B,dq_craft,0.0412,0.1022,0.9588,0.8978,"A screen in a completely different style was generated, but since the request was to change the brand feel, it can't be considered wrong."
SUB-sCUC1h3O_p,B,dq_interaction,0.1278,0.5722,0.4631,0.074,"By changing the text to the key color, there's a chance it gets mistaken for a button."
SUB-2CEAntvS8e,B,unrequested,0.0284,0.6479,0.9349,0.122,Added a component that wasn't requested
SUB-wpWFHT2n84,B,unrequested,0.0536,0.4711,0.9046,0.332,Provides guidance broken down by segment
SUB-wpWFHT2n84,B,unrequested,0.0565,0.8078,0.9276,0.122,Offers alternatives nearby
SUB-wpWFHT2n84,B,dq_legibility,0.0478,0.4788,0.158,0.316,Uses icons to convey status intuitively
SUB-Tr2-05_KoY,A,unit:1,0.0299,0.436,0.9043,0.2928,The management content was added and is expressed well visually.
SUB-Tr2-05_KoY,A,unrequested,0.0415,0.4581,0.9332,0.353,"There was no request to visualize the management content, but it stands out better and looks tidier."
SUB-Tr2-05_KoY,A,dq_hierarchy,0.0645,0.4762,0.8554,0.335,"The bottom text area is nicely grouped into one, so it looks tidy."
SUB-Tr2-05_KoY,A,dq_layout,0.0443,0.8332,0.9557,0.1384,"Changed the buttons to be split left and right. It's a shame since that wasn't requested, but the visual polish itself isn't bad."
SUB-Tr2-05_KoY,A,overall,0.0731,0.8272,0.8871,0.1464,"It carried out the requirement well, but it also changed the shape of the bottom button, which wasn't requested. If similarity to the original was desired, that could be disappointing."
SUB-Tr2-05_KoY,B,unit:1,0.4879,0.4701,0.337,0.1665,It added more detail to the existing body text and updated it into management content.
SUB-Tr2-05_KoY,B,unrequested,0.0443,0.2355,0.7287,0.0903,It cut down the UX writing text. A change that wasn't requested.
SUB-Tr2-05_KoY,B,overall,0.0501,0.2094,0.8295,0.1264,"It's a shame it shortened the UX writing even though that wasn't requested, but it seems to have been changed for on-screen stability given the added management content, so I actually think it was well composed."
SUB-OGBW_llFEo,A,unit:1,0.5915,0.481,0.4085,0.1025,"Changed the text next to ""All Followers"" into a sort control with an arrow."
SUB-pPOZ63Wgvb,A,unrequested,0.75,0.1346,0.25,0.568,Added the unread count
SUB-pPOZ63Wgvb,B,unrequested,0.7369,0.1306,0.2384,0.552,Added the update count
SUB-PjdgEeoYKG,A,dq_hierarchy,0.0115,0.1644,0.9885,0.2698,"By separating the recommended plan into its own card at the top, the priority of the key information is clearer"
SUB-4aOyAbQH8P,A,unit:1,0.0326,0.4742,0.9674,0.142,The on-screen alert is placed appropriately so that the remaining quantity catches the eye first.
SUB-4aOyAbQH8P,A,unrequested,0.0629,0.0762,0.9371,0.25,Changing the layout proportions was never requested.
SUB-4aOyAbQH8P,A,dq_layout,0.0282,0.0882,0.9718,0.242,"The image proportions changed, pushing the overall layout upward, but it looks like an adjustment made for the alert in the middle."
SUB-4aOyAbQH8P,A,dq_craft,0.0369,0.4702,0.9089,0.112,Applying a color to the alert different from the key color gives it a visually eye-catching effect.
SUB-4aOyAbQH8P,B,unit:1,0.0,0.7052,0.9718,0.154,"The remaining quantity doesn't catch the eye first; it's placed at the bottom, so it looks like a warning notice."
SUB-4aOyAbQH8P,B,unrequested,0.0758,0.6532,0.8007,0.124,It seems the hierarchy was reduced so the other three lines read as reference information.
SUB-4aOyAbQH8P,B,dq_hierarchy,0.0629,0.6752,0.9371,0.106,"It interpreted the bottom text as ""the other three lines"" and lowered its hierarchy to reference-level information."
SUB-4aOyAbQH8P,B,dq_layout,0.0282,0.1612,0.9718,0.198,"It adjusted the top image proportions, which didn't need shrinking and wasn't requested."
SUB-4aOyAbQH8P,B,dq_craft,0.0109,0.7452,0.9891,0.114,
SUB-J9Yd-TKbQ6,A,dq_craft,0.0211,0.7639,0.9678,0.08,"The button shapes on the same row don't match, which is disappointing design-wise"
SUB-J9Yd-TKbQ6,B,unrequested,0.0364,0.4172,0.135,0.292,Changed the profile to a circle
SUB-J9Yd-TKbQ6,B,unrequested,0.1972,0.8852,0.27,0.064,Added guidance on what the next step is
SUB-J9Yd-TKbQ6,B,unrequested,0.7888,0.4292,0.1781,0.072,Changed to a label form
SUB-J9Yd-TKbQ6,B,dq_craft,0.0019,0.7999,0.9965,0.07,Unified the button shapes on the same row
SUB-J9Yd-TKbQ6,B,dq_interaction,0.0623,0.8899,0.5571,0.088,"Advance guidance on what the next step is was added, increasing predictability"
SUB-BDTg31_Edy,B,unrequested,0.0151,0.0,0.9849,0.1007,
SUB-uHAf8Ke8oc,A,dq_legibility,0.6934,0.43,0.2727,0.1,"Color emphasis was added to the price, improving visibility"
SUB-uHAf8Ke8oc,B,dq_craft,0.0,0.406,0.9936,0.124,"Too much color was used, degrading the aesthetics"
SUB-x8chDiU20A,A,unit:2,0.0284,0.1943,0.7805,0.5696,It properly changed the date and time selection order to 1:1.
SUB-x8chDiU20A,A,unrequested,0.0601,0.5674,0.8698,0.0842,There was no request to change the key color.
SUB-x8chDiU20A,A,dq_legibility,0.0371,0.4651,0.6192,0.0602,"As the text gets longer, readability suffers."
SUB-x8chDiU20A,A,dq_layout,0.0428,0.7008,0.9572,0.2992,"Even though the amount of information increased, it's all crowded at the top, so the bottom looks very empty."
SUB-x8chDiU20A,B,unrequested,0.0601,0.3739,0.9303,0.5797,There was never any request to change the colors.
SUB-x8chDiU20A,B,dq_legibility,0.0428,0.1512,0.9418,0.0702,Improved readability by reducing the weight and font size of the supplementary information.
SUB--g8DysnSv6,B,unrequested,0.0068,0.3726,0.9932,0.248,Changed the whole thing into a grid layout.
SUB--g8DysnSv6,B,dq_legibility,0.0,0.514,0.0977,0.096,There's a risk of confusion over whether the numbers in front are counts or an ordering.
SUB--g8DysnSv6,B,dq_interaction,0.0068,0.5199,0.1255,0.094,There's a risk of confusion over whether the numbers in front are counts or an ordering.
SUB-C2FRfs7BS8,A,unit:2,0.7684,0.6862,0.2316,0.05,Writes out and displays the goal periods in line with a consistent hierarchy.
SUB-C2FRfs7BS8,A,unrequested,0.0542,0.6542,0.9458,0.238,A few info cards disappeared.
SUB-C2FRfs7BS8,B,unit:1,0.0282,0.5152,0.9718,0.058,Organized the categories well by financial goal.
SUB-C2FRfs7BS8,B,unit:2,0.0455,0.2892,0.831,0.198,Divides the goal periods well and presents them in a visually tidy way.
SUB-C2FRfs7BS8,B,unrequested,0.0196,0.8632,0.831,0.046,Raises credibility by specifying when the information was disclosed.
SUB-C2FRfs7BS8,B,dq_hierarchy,0.0,0.5012,0.9112,0.088,"Through category grouping, the information hierarchy looks more clearly divided."
SUB-C2FRfs7BS8,B,dq_craft,0.1061,0.4062,0.3376,0.062,"It maintains the overall style well, including the key color and corner radius values, producing a UI that's tidier yet more consistent than the original style."
SUB-C2FRfs7BS8,B,dq_interaction,0.0369,0.4982,0.8613,0.098,"The top categories weren't requested, but they're laid out to make it easier to operate."
SUB-9EV4L9JIUu,A,unrequested,0.0455,0.9283,0.9408,0.0717,Added a background color.
SUB-9EV4L9JIUu,B,unrequested,0.0467,0.013,0.8779,0.0486,Changed the alignment.
SUB-9EV4L9JIUu,B,unrequested,0.0272,0.0658,0.956,0.1111,Confined the product area inside a gray box.
SUB-9EV4L9JIUu,B,unrequested,0.0142,0.8894,0.9858,0.0972,The layout is misaligned.
SUB-9EV4L9JIUu,B,unrequested,0.0435,0.7199,0.9462,0.1625,The added 4.0 star rating moved to the bottom.
SUB-9EV4L9JIUu,B,unrequested,0.0045,0.4449,0.9657,0.0653,Changed the button color.
SUB-9EV4L9JIUu,B,unrequested,0.0175,0.2852,0.9825,0.1569,Added a background color.
SUB-HlBUq6bhUm,A,dq_legibility,0.7878,0.7892,0.2122,0.118,The button color has better contrast now.
SUB-HlBUq6bhUm,A,dq_layout,0.0694,0.0912,0.8786,0.496,"The scan frame is positioned too high up, which feels awkward."
SUB-HlBUq6bhUm,A,dq_interaction,0.7489,0.7792,0.2294,0.136,The button is more clearly recognizable now.
SUB-HlBUq6bhUm,B,unrequested,0.0694,0.1332,0.8397,0.196,Adding a pointer in the center of the scan frame makes it feel awkward.
SUB-HlBUq6bhUm,B,unrequested,0.0261,0.4152,0.2424,0.18,A style that wasn't there before was added.
SUB-HlBUq6bhUm,B,unrequested,0.0737,0.7432,0.6319,0.16,The style of the active mode and the capture button changed.
SUB-HlBUq6bhUm,B,dq_interaction,0.2079,0.1552,0.6363,0.138,"With the pointer added in the center of the scan frame, it's unclear what it means and it actually feels awkward."
SUB-pVGTXTIu44,A,unrequested,0.0518,0.2074,0.8727,0.1023,Unintended change to the wording.
SUB-pVGTXTIu44,A,dq_layout,0.0518,0.3528,0.8986,0.2267,"The composition was changed, but there isn't enough contrast in the text emphasis, so it looks unorganized."
SUB-pVGTXTIu44,A,overall,0.0374,0.0198,0.1296,0.0742,"If the button color was considered as an accent color, it would have been good to change this part along with it."
SUB-pVGTXTIu44,B,unrequested,0.0547,0.2064,0.8727,0.1083,Text was changed even though it wasn't requested
SUB-pVGTXTIu44,B,dq_hierarchy,0.1008,0.437,0.6711,0.0923,"The date used to be emphasized, but now it's at the same level as the other information."
SUB-pVGTXTIu44,B,dq_craft,0.0634,0.3287,0.1238,0.2387,Unintended change to the box style. It differs from the original style and looks a bit excessive.
SUB-6kEt26RMqh,A,unrequested,0.025,0.7408,0.975,0.1708,A new item appeared.
SUB-6kEt26RMqh,B,unrequested,0.0561,0.1936,0.8987,0.0625,Topics that weren't there before appeared.
SUB-6kEt26RMqh,B,dq_hierarchy,0.0441,0.2533,0.9017,0.4375,"Since it's an accordion format, you can expand and view it all on one screen."
SUB-KiZBwP62so,B,dq_legibility,0.0136,0.2292,0.9682,0.168,"The information catches the eye better, but the missing phone number and such is a letdown."
SUB-C4E-djRKBO,A,unrequested,0.6984,0.5204,0.2649,0.1725,"An Open listing button that wasn't there before was added.
The guidance text that used to be below the button is missing."
SUB-C4E-djRKBO,A,dq_layout,0.696,0.2717,0.2673,0.253,"The whitespace is excessive, so it feels less polished."
SUB-C4E-djRKBO,B,unrequested,0.5838,0.5863,0.3174,0.1496,"A button that wasn't requested was added.
The guidance text below the button is missing."
SUB-C4E-djRKBO,B,dq_hierarchy,0.6697,0.3953,0.1623,0.1241,The price information is now at a similar level to the other information. Feels a bit different from the intent of the original.
SUB-C4E-djRKBO,B,dq_craft,0.0205,0.6372,0.9642,0.315,The bottom card style looks a bit less polished compared to the main card.
SUB-QbdFlCb8hn,A,unit:2,0.469,0.4116,0.4869,0.1611,Expressed in detail with a title and a graph.
SUB-QbdFlCb8hn,A,unrequested,0.0418,0.4707,0.3747,0.1038,
SUB-QbdFlCb8hn,B,unrequested,0.0394,0.0268,0.9547,0.1468,Header color.
SUB-QbdFlCb8hn,B,dq_interaction,0.0752,0.408,0.8663,0.1002,Hard to recognize it as an actual button.
SUB-9Y658FUzc8,A,unrequested,0.104,0.5556,0.7466,0.0716,Supplementary information.
SUB-9Y658FUzc8,B,unit:2,0.0845,0.1141,0.1983,0.0426,Style swap.
SUB-9Y658FUzc8,B,unrequested,0.0673,0.4192,0.8886,0.162,Supplementary information.
SUB-m2VoF6UWsc,B,unrequested,0.0,0.1269,1.0,0.096,The place to check remaining credits.
SUB-m2VoF6UWsc,B,dq_craft,0.0153,0.3289,0.9847,0.182,The image overflows the card.
SUB-cpxAeFpXXv,A,unit:3,0.0232,0.0086,0.8757,0.0674,The person in charge's name and the 4 items needing action.
SUB-cpxAeFpXXv,A,unrequested,0.476,0.1901,0.1946,0.0311,Number of patients.
SUB-cpxAeFpXXv,B,unit:1,0.6519,0.1677,0.3293,0.0329,Status display.
SUB-cpxAeFpXXv,B,unit:3,0.0232,0.0131,0.8683,0.0484,
SUB-QjQk-E43q8,B,unit:1,0.0289,0.4041,0.9711,0.1293,Information the user needs.
SUB-vFzJx9Jt_y,A,unrequested,0.111,0.5466,0.885,0.2948,"It's information that wasn't there before, but it's proposed well in a way that fits the nature of the recording screen."
SUB-9cAYhLwnD9,B,unrequested,0.6244,0.8423,0.2823,0.0923,Additional design applied.
SUB-hTtq6hrpBR,A,unit:2,0.0453,0.3671,0.9547,0.0937,
SUB-hTtq6hrpBR,A,unit:3,0.0344,0.2767,0.9656,0.2093,Account security moved to the top.
SUB-hTtq6hrpBR,B,unit:3,0.0206,0.0575,0.9794,0.1519,The placement is inappropriate.
SUB-hTtq6hrpBR,B,dq_interaction,0.8278,0.0859,0.1522,0.1155,Icon display.
SUB-z-__X6bLua,A,dq_hierarchy,0.6229,0.2283,0.3628,0.5282,"Compared to the original, a lot of graphs and elements were added so it looks emphasized, but the level felt right so it was fine."
SUB-z-__X6bLua,B,dq_hierarchy,0.3938,0.2824,0.58,0.4551,"With more information and an added graph, the Plan and Devices area looks much more emphasized than in the original."
SUB-eHf4-72IOv,A,unrequested,0.1097,0.4746,0.3092,0.1729,Guide box added.
SUB-eHf4-72IOv,B,unrequested,0.0873,0.3183,0.7905,0.5054,"Shifts are grouped, and guidance text for the cancel button was added."
SUB-N0RRiOeZmR,A,dq_layout,0.0457,0.1612,0.9187,0.1745,The spacing between the main text and the graph is awkward. Looks less polished. The size got small for main text.
SUB-N0RRiOeZmR,A,dq_interaction,0.0197,0.3518,0.962,0.5877,"If not all members are shown in the list, it would have been good to also consider something like a ""view more"" button."
SUB-N0RRiOeZmR,B,dq_hierarchy,0.0601,0.1362,0.9245,0.2206,"The main information looks less emphasized than in the original. If anything, the member list at the bottom looks far more emphasized, which may differ from the intent."
SUB-Vc0aXv_XAh,A,unit:1,0.7317,0.4407,0.2244,0.0701,The current seat status is shown intuitively.
SUB-Vc0aXv_XAh,A,unrequested,0.6684,0.6089,0.2646,0.2985,"Only the ""pending"" part was changed to yellow bold."
SUB-Vc0aXv_XAh,A,dq_legibility,0.1276,0.4306,0.558,0.1282,"The filled portion became blue, making it easy to see."
SUB-Vc0aXv_XAh,A,dq_interaction,0.6224,0.3084,0.3078,0.1743,The button is more visible than before.
SUB-Vc0aXv_XAh,B,unit:1,0.6828,0.3265,0.2244,0.0881,You can quickly grasp the seats currently in use and the remaining seats.
SUB-Vc0aXv_XAh,B,unit:1,0.7029,0.4987,0.2301,0.3966,It's also clear that this is a screen for managing seat assignment status.
SUB-Vc0aXv_XAh,B,unit:2,0.2297,0.5128,0.4142,0.0741,"Right below the name, the permission level was clearly added on its own line in the form of Admin · full access, Editor · can post, Viewer · read only."
SUB-Vc0aXv_XAh,B,unit:3,0.1204,0.2041,0.7795,0.1242,Changing the whole thing to a black background makes it stand out clearly against the previously white-centered screen.
SUB-Vc0aXv_XAh,B,unrequested,0.1031,0.0258,0.8456,0.1983,"By greatly reducing the proportion of the top image and adding the workspace name and ""Cove for Teams,"" it gives a much stronger impression of a B2B team management screen than a friend referral page."
SUB-Vc0aXv_XAh,B,dq_legibility,0.1104,0.2003,0.8169,0.1663,"The contrast between the black link area and the lime copy button is strong, so you can find the key action quickly."
SUB-Vc0aXv_XAh,B,dq_legibility,0.6741,0.4707,0.2359,0.4527,Different fill area colors let you distinguish them before even reading the text.
SUB-Vc0aXv_XAh,B,dq_interaction,0.5591,0.176,0.3452,0.1743,The click action button stands out more.
SUB-Wtgvd_vQTo,A,dq_legibility,0.244,0.3387,0.5107,0.108,"There are more fonts of similar size and color, so readability got worse."
SUB-Wtgvd_vQTo,A,dq_layout,0.218,0.3187,0.4891,0.594,"Since areas densely packed with text are stacked vertically, it looks cramped overall and seems to lack whitespace."
SUB-Wtgvd_vQTo,B,unit:1,0.0449,0.2907,0.4545,0.064,"The terminology wasn't changed, so there's no way to tell it's the team trash."
SUB-Wtgvd_vQTo,B,unit:1,0.5037,0.3367,0.4891,0.512,"Thumbnails are suitable for cases like PDFs, but for png/jpeg you can't check the content from the thumbnail."
SUB-Wtgvd_vQTo,B,unrequested,0.0405,0.7927,0.9595,0.14,It can now only operate in bulk on whatever you've selected. Previously there was a restore for each individual folder.
SUB-_gF0KxSkVM,A,unrequested,0.0791,0.6797,0.8151,0.0903,"A detailed description has been added. However, the text doesn't match the actual information."
SUB-_gF0KxSkVM,A,dq_layout,0.2231,0.2866,0.6307,0.1224,There doesn't seem to be enough room around the n 'open' text. It doesn't account for the possibility of it wrapping to two lines if the number grows.
SUB-_gF0KxSkVM,B,unit:2,0.0589,0.4029,0.8755,0.3069,Splitting AM and PM to the left and right actually makes it harder to read.
SUB-_gF0KxSkVM,B,unit:3,0.0849,0.6777,0.841,0.1003,The style of the notice text is a bit excessive.
SUB-_gF0KxSkVM,B,dq_interaction,0.0849,0.7881,0.841,0.1244,"There's too much information in the button, and since it wraps to two lines it may not look like a button."
SUB-QjToAq_Ju1,B,unrequested,0.0261,0.4782,0.9392,0.122,Unintended style change.
SUB-QjToAq_Ju1,B,unrequested,0.0131,0.1742,0.9652,0.212,Unintended style change.
SUB-QjToAq_Ju1,B,dq_hierarchy,0.0347,0.4482,0.9349,0.17,The top bar and that area look the most emphasized. Different from the original.
SUB-QjToAq_Ju1,B,dq_layout,0.065,0.2082,0.9003,0.11,"Changing the attached readings area to a 3-column structure crams information into a narrow space, making it feel cramped."
SUB-dbjGFpNTV-,A,unit:3,0.8482,0.0088,0.1208,0.0629,Icon change that wasn't requested.
SUB-dbjGFpNTV-,A,dq_legibility,0.1317,0.2046,0.5354,0.0839,"By using a different dot color, unread items are distinguished a bit better."
SUB-dbjGFpNTV-,B,unit:3,0.8537,0.0088,0.1324,0.0664,Icon change that wasn't requested.
SUB-dbjGFpNTV-,B,unrequested,0.7327,0.1915,0.2497,0.0682,"The original had no confirm state, but it was added arbitrarily."
SUB-dbjGFpNTV-,B,dq_hierarchy,0.0403,0.195,0.5902,0.0734,The time information looks more emphasized. It would be good to decide what to emphasize and then adjust the visual weighting accordingly.
SUB-dbjGFpNTV-,B,dq_legibility,0.0214,0.1469,0.0681,0.722,It's hard to understand why the left bar color is different.
SUB-dbjGFpNTV-,B,dq_craft,0.0782,0.3585,0.8967,0.264,Lining up cards with shadows makes it look a bit cramped.
SUB-oGZXUUPQXI,B,unrequested,0.0884,0.1076,0.5812,0.11,A title that wasn't there has been added.
SUB-oGZXUUPQXI,B,unrequested,0.0758,0.3605,0.8529,0.2772,The graph format was changed.
SUB-oGZXUUPQXI,B,dq_hierarchy,0.079,0.079,0.8624,0.2706,"The main information used to be the time, but with the title added the hierarchy is a bit different from the original."
SUB-oGZXUUPQXI,B,dq_legibility,0.0948,0.3803,0.8118,0.2486,"The process graph format changed, and readability got worse. The contrast between states isn't strong, so it's not clear which state you're currently in."
SUB-jVi4UUgAED,A,unrequested,0.5354,0.3561,0.3096,0.0417,Status tag added.
SUB-jVi4UUgAED,A,unrequested,0.7428,0.2908,0.2194,0.0264,Daily total added.
SUB-jVi4UUgAED,B,unrequested,0.7753,0.3269,0.1984,0.0333,Per-cardholder limit added.
SUB-jVi4UUgAED,B,unrequested,0.6521,0.1713,0.2435,0.0667,Available balance data added.
SUB-jVi4UUgAED,B,unrequested,0.075,0.6005,0.8927,0.0806,Warning banner added.
SUB-awwElwDjUQ,A,unit:1,0.6733,0.0977,0.2269,0.0712,
SUB-awwElwDjUQ,B,unit:1,0.818,0.023,0.1397,0.0851,Button added.
SUB-awwElwDjUQ,B,unit:1,0.0499,0.8567,0.3791,0.1285,Button added.
SUB-swms2SY0Wh,B,dq_legibility,0.087,0.5639,0.7799,0.4196,"The text hierarchy between the label and body is weak, so readability suffers."
SUB-e8WIQr3MzR,B,unrequested,0.7643,0.5523,0.2172,0.2037,I don't get what this is supposed to mean
SUB-Gj2ZP10Hnx,A,unrequested,0.0464,0.2403,0.9075,0.0655,"The title changed from 2 lines to 1 line, and the content was condensed."
SUB-Gj2ZP10Hnx,B,unrequested,0.0494,0.1902,0.9506,0.1282,"The title changed from 2 lines to 1 line, and the content was condensed."
SUB-uGzcKrTrRn,A,unit:1,0.4877,0.2648,0.3388,0.085,Request applied.
SUB-uGzcKrTrRn,B,unit:1,0.0909,0.3628,0.8516,0.0978,
SUB-6TgXZ4rBFa,A,unit:3,0.1269,0.4063,0.4336,0.0659,Requested items applied.
SUB-K-q3ue7q2w,A,unit:2,0.0191,0.5179,0.9491,0.1102,Suitability judgment
SUB-K-q3ue7q2w,A,unit:3,0.0329,0.6408,0.9671,0.1949,Checklis
SUB-K-q3ue7q2w,B,unit:2,0.0558,0.5073,0.8804,0.0593,
SUB-K-q3ue7q2w,B,unit:3,0.0512,0.573,0.6557,0.0381,
SUB-dLd4xeduIV,A,unit:1,0.7264,0.0798,0.258,0.0424,Filter added as a select
SUB-dLd4xeduIV,B,unit:1,0.732,0.0794,0.2407,0.0445,An icon suited to filtering
SUB-dLd4xeduIV,B,unit:2,0.0331,0.3527,0.3286,0.0636,The numbers were fabricated
SUB-dLd4xeduIV,B,dq_hierarchy,0.0331,0.2065,0.2731,0.0403,
SUB-lmG45JDqSR,B,dq_legibility,0.0546,0.3363,0.8921,0.1184,"The text and discount copy on the three cards are small and densely packed, making it a burden to compare information across options."
SUB-tZ3NQWpoVW,A,unrequested,0.0413,0.1127,0.9343,0.2005,"The 'Price drops on saved items' item is missing, so the settings content was reduced without it being requested."
SUB-tZ3NQWpoVW,B,unrequested,0.0383,0.1739,0.9313,0.22,"Seller messages and Shopping's Currency are missing, so two settings items disappeared without it being requested."
SUB-Zsp5lMvpPo,A,dq_interaction,0.9006,0.569,0.074,0.0954,Distinguished from the other information by an arrow.
SUB-Zsp5lMvpPo,B,unit:2,0.5427,0.2609,0.3913,0.3977,"The information is more detailed than requested, but not excessively complex."
SUB-PgC-2PosmT,A,dq_hierarchy,0.2377,0.2752,0.5324,0.239,Subject of the report before submission
SUB-PgC-2PosmT,B,unit:2,0.271,0.2013,0.4752,0.2743,Information provi
SUB-tR5spHTGye,A,unit:3,0.2874,0.4061,0.6848,0.1114,"The information change is clear, but the card takes up too much weight relative to the reservation time selection."
SUB-tR5spHTGye,B,dq_interaction,0.8218,0.3679,0.1241,0.4995,"It clearly shows the expanded state per date, and the selected time and the confirm button are easy to distinguish as well."
SUB-Ii2ipubQe_,A,dq_craft,0.0989,0.3734,0.8208,0.0731,"Compared to an audio card, it looks somewhat like a data panel."
SUB-Ii2ipubQe_,B,unit:1,0.0608,0.3302,0.8686,0.1064,Changed the composition by adding a label.
SUB-ZK8qWCRTj5,A,unrequested,0.2411,0.2092,0.7542,0.1305,"There's a summary card at the top, but it doesn't look that useful and seems to just take up space, which is a shame."
SUB-ZK8qWCRTj5,A,dq_legibility,0.253,0.4224,0.7255,0.2578,"All the column info is emphasized about equally, so the main information doesn't stand out."
SUB-ZK8qWCRTj5,B,unit:2,0.031,0.2251,0.9475,0.0986,"This is information that the UI alone conveys well enough, yet it provides unnecessary guidance."
SUB-ZK8qWCRTj5,B,unit:3,0.0501,0.6356,0.9021,0.0732,The in-use status is over-emphasized. Within the card it feels more eye-catching than the main information.
SUB-5ZiKP7ZSCn,A,dq_interaction,0.019,0.2088,0.9603,0.3036,It feels more like it's actually pinned.
SUB-5ZiKP7ZSCn,B,dq_hierarchy,0.1358,0.2989,0.8276,0.0924,"Compared to the original, the emphasis on the pinned item is reduced too much. It should be the first thing you notice, but the whole list looks about the same."
SUB-5ZiKP7ZSCn,B,dq_legibility,0.7329,0.3099,0.2401,0.3498,"The price info color became lighter, so readability is worse than the original."
SUB-5ZiKP7ZSCn,B,dq_layout,0.0253,0.6509,0.4359,0.1606,The text and border spacing looks broken.
SUB-5ZiKP7ZSCn,B,dq_craft,0.0411,0.2703,0.1264,0.4554,"The part showing the order seems to use a timeline style, but it doesn't really suit an account list screen. The style and spacing feel unpolished."
SUB-_HO9scvIS-,A,dq_interaction,0.1314,0.7875,0.8144,0.114,The button became clearer.
SUB-_HO9scvIS-,B,unrequested,0.316,0.7667,0.4445,0.0833,A Skip that wasn't in the original was added. A flow change that wasn't requested has occurred.
SUB-_HO9scvIS-,B,dq_hierarchy,0.034,0.8588,0.9368,0.0504,"The last updated info used to be in the center, but moving it all the way to the bottom may have deviated from the requester's intent."
SUB-_HO9scvIS-,B,dq_layout,0.0053,0.361,0.9947,0.1557,"The spacing is too loose and empty, so it looks unpolished."
SUB-_HO9scvIS-,B,dq_craft,0.1105,0.3763,0.846,0.1009,Style 1
SUB-_HO9scvIS-,B,dq_craft,0.0913,0.4926,0.2772,0.0504,Style 2
SUB-_HO9scvIS-,B,dq_craft,0.0149,0.6921,0.1482,0.0943,Style 3
SUB-4SHf0HJjFd,A,dq_legibility,0.1121,0.3517,0.8023,0.2222,"Highlights the needed information (price), improving readability."
SUB-4SHf0HJjFd,B,dq_hierarchy,0.0584,0.3913,0.8687,0.1474,"It's information related to the price, but it doesn't look grouped together."
SUB-4SHf0HJjFd,B,dq_layout,0.4785,0.1648,0.4738,0.1672,It seems like it didn't account for small screens or cases where the price gets longer.
SUB-pn07Afi7LW,A,unit:1,0.7489,0.5882,0.2381,0.102,"It uses two different versions of the icon meaning 'Reorder.' This is an unnecessary change from a design consistency standpoint, and from a user experience standpoint it could cause confusion, so I consider it an inappropriate change."
SUB-pn07Afi7LW,A,unrequested,0.7532,0.5882,0.2337,0.036,I questioned whether adding an icon next to 'Reorder' was really necessary. Just the guidance text would have been enough.
SUB-pn07Afi7LW,A,unrequested,0.7446,0.5882,0.2424,0.1,"As mentioned above, using two sets of Reorder-related icons was unnecessary, in my view."
SUB-pn07Afi7LW,A,dq_interaction,0.7446,0.5842,0.2424,0.044,Users might also be confused about whether the icon next to Reorder is an interactive element.
SUB-pn07Afi7LW,B,unit:1,0.1689,0.6402,0.2987,0.064,"From an information grouping standpoint, having each track's info—'title,' 'artist,' 'track length'—bundled closely together was a better, more UX/UI-appropriate change."
SUB-pn07Afi7LW,B,unit:1,0.8008,0.6002,0.1861,0.098,"It made the 'Manage' text bold and applied the brand color so it looks like a functioning 'text button.' For that design to hold, it would mean the track list can't be edited until 'Manage' is pressed, but the 'more (...)' icon next to each track list is placed inside a circle, already signaling that it works on its own. So in this case the Manage text button becomes meaningless — it looks like the AI modified the mockup thoughtlessly, without considering the UX flow at all."
SUB-pn07Afi7LW,B,unit:2,0.0261,0.5882,0.4804,0.054,"In the original mockup, you could tell how many tracks there were just by reading the headline, but in B the headline alone gives the user no information. It means you have to additionally read the '24 tracks' written as supporting text below to get that information, which I see as unnecessary UX that makes the user do the work twice.

Also, 'Drag rows to reorder' is information of a similar nature to the 'Manage' info on the right, so I think it should be grouped on the right side."
SUB-pn07Afi7LW,B,unrequested,0.1862,0.6062,0.3419,0.04,I don't think 'Drag rows to reorder' needed to be grouped together with the headline.
SUB-xzOokUB717,A,unit:2,0.0134,0.0848,0.9786,0.2166,The layout needs adjusting.
SUB-cuFin7lKsV,B,dq_interaction,0.803,0.1457,0.197,0.054,Changed from 'mark all read' to a switch.
SUB-TF0qWl1kCV,A,unrequested,0.0939,0.544,0.7949,0.1544,A change that wasn't requested.
SUB-TF0qWl1kCV,B,unrequested,0.068,0.4768,0.8871,0.2206,Added content.
SUB-j63sChOq0Y,B,unrequested,0.5513,0.6923,0.4081,0.0986,Call saving.
SUB-KT-a1ULw69,A,unit:3,0.071,0.3445,0.929,0.0901,"A button was created on the top line of the list.
It's created as a dropdown on the right, so users can understand it clearly without extra explanation."
SUB-KT-a1ULw69,A,unrequested,0.2493,0.693,0.4919,0.1002,"Provides additional information about what was saved.
It's information the user would benefit from noticing right after the title, and instead of a gray line it's provided in color while using the smallest font size — a suitable design."
SUB-KT-a1ULw69,A,unrequested,0.0759,0.0402,0.8816,0.836,"The main color changed to orange; for anything food-related, green seems better."
SUB-KT-a1ULw69,B,unrequested,0.2723,0.641,0.3969,0.0681,Provides additional information related to saving.
SUB-KT-a1ULw69,B,unrequested,0.793,0.3906,0.1496,0.0661,Changed the size/position of the saved mark -> that part didn't really need to be emphasized as heavily as before; in fact the smaller size + top-right placement looks sufficient.
SUB-KT-a1ULw69,B,dq_craft,0.2637,0.3665,0.5149,0.1803,"The high-importance items and the text's size/scale/position were changed, which makes it look more polished."
SUB-KT-a1ULw69,B,dq_craft,0.7958,0.3745,0.1956,0.1162,"The bookmark is less important than the other elements + it just needs to be noticeable, so making it small in the top right looks like an improved design. Since the element itself can function as a button, removing the previous box shape looks like a good choice."
SUB-4djeR6caqh,A,dq_craft,0.7203,0.7428,0.2432,0.2098,"The gray tone that was added isn't a pure gray either but a gray with some yellow in it, so there's overall color consistency."
SUB-FZswFgSjVG,A,unit:2,0.4826,0.3866,0.5154,0.2624,"It clearly shows with color how much of the total is filled. (But some other approach than this one would probably be better: the options and the area showing how much is filled are separated, so you have to take in two pieces of information separately.)"
SUB-FZswFgSjVG,A,unrequested,0.0099,0.3405,0.5101,0.3145,Provides additional information.
SUB-FZswFgSjVG,B,unit:2,0.0553,0.4867,0.9447,0.1923,"When you select it, the content appears right inside the selected box, so it's easy for the user to grasp what the content is, and the option connects well with the content."
SUB-FZswFgSjVG,B,dq_layout,0.0526,0.4927,0.9294,0.1582,It doesn't look like the content is crammed densely inside the area.
SUB-mpY_Rm63tP,A,unrequested,0.082,0.5088,0.883,0.2484,"The text shifts slightly from running sentences to conveying things in single words.
Pro – layout-wise, 1, 2, 3 read cleanly.
Con – the information is so condensed that the meaning may not be easy to grasp."
SUB-mpY_Rm63tP,B,unrequested,0.0274,0.4787,0.9463,0.3185,"The information is condensed.
Visually it's better, but in terms of conveying information it seems negative."
SUB-i0ABlGcj-T,A,unit:2,0.317,0.3834,0.2991,0.0361,"The account itself seems to be there, but the whole thing isn't visible — at this level there seems to be almost no difference from the previous design."
SUB-i0ABlGcj-T,A,unrequested,0.301,0.5824,0.4914,0.1322,A design button was added that lets you view additional content.
SUB-i0ABlGcj-T,A,dq_layout,0.2529,0.5664,0.5742,0.1682,An additional button that was created.
SUB-i0ABlGcj-T,B,unrequested,0.2369,0.4776,0.5101,0.2143,"For showing progress, what used to be shown as a color fill on a long bar is now shown as 3 steps vertically; the status is shown well with 3 colors (gray, blue, deep blue), and the time is provided along with each status."
SUB-XnPOUrnCY2,A,unit:1,0.0446,0.8232,0.9554,0.1743,An additional button was created to match the wider area.
SUB-XnPOUrnCY2,A,unit:1,0.0179,0.5428,0.9721,0.1442,"Broken down in more detail, with the intermediate information included as well."
SUB-XnPOUrnCY2,A,unit:1,0.0125,0.1662,0.9561,0.3705,"The remaining time is shown clearly in a circular form, with additional details provided on the right."
SUB-XnPOUrnCY2,A,unit:3,0.544,0.5568,0.2003,0.1863,It's the only green on an achromatic screen.
SUB-XnPOUrnCY2,B,unit:2,0.3704,0.8152,0.6169,0.1482,"Also, overall the text inside the box right now isn't center-aligned."
SUB-XnPOUrnCY2,B,unit:2,0.5787,0.8072,0.1816,0.1582,"Rather than breaking the line as Extend +5/min,
breaking it as Extent/ +5 min looks better."
SUB-XnPOUrnCY2,B,unit:3,0.6642,0.2183,0.2671,0.2183,"The only green in an achromatic design, and the color choice of green is a good one (green is the color commonly used for something in progress)."
SUB-XnPOUrnCY2,B,unit:3,0.0,0.3245,0.3731,0.0761,"In the steps on the left, only the one in progress is green."
SUB-XnPOUrnCY2,B,dq_layout,0.3597,0.2584,0.6403,0.3245,It would be better to instead put the session plan from the left down below so it can be viewed together with the time.
SUB-0DoVfBz1sH,A,unrequested,0.5423,0.3124,0.3854,0.1142,"The order was changed.
But this part... it seems to mean almost exactly the same thing."
SUB-0DoVfBz1sH,A,dq_hierarchy,0.0505,0.0,0.9291,0.3605,The very top.
SUB-0DoVfBz1sH,A,dq_layout,0.0591,0.2984,0.906,0.6651,"Reclassifying the content makes the information look organized overall.
A lot of information isn't one big lump but is broken up — readability improved."
SUB-0DoVfBz1sH,B,unrequested,0.5538,0.3585,0.4113,0.1142,The order was changed.
SUB-0DoVfBz1sH,B,dq_hierarchy,0.085,0.4166,0.883,0.1242,"Thanks to the bold package name, the visualized file size, and the bold type, the hierarchy of each piece of information is clearly visible."
SUB-0DoVfBz1sH,B,dq_legibility,0.1023,0.4326,0.8715,0.3726,"Thanks to the 1, 2, 3 numbering + the bold package name, the visualized file size, and the bold type, even though there's a variety of information within one area, the hierarchy is clearly visible: as a result the user interprets it in order, so readability goes up."
SUB-0DoVfBz1sH,B,overall,0.0591,0.0,0.9409,0.3765,It didn't develop it into something exactly as noticeable as requested.
SUB-0DoVfBz1sH,B,overall,0.0246,0.2984,0.9693,0.617,"Applied well, and the information hierarchy was redesigned to be more visible than before."
SUB-XU27tU9OPE,A,dq_craft,0.0,0.9087,0.9889,0.0913,This part is in a fully filled form while the information above changed into a modal — having the two forms together actually clashes.
SUB-VCD4_EFvmo,A,unit:1,0.028,0.4447,0.9262,0.096,Categories were created.
SUB-VCD4_EFvmo,A,unit:2,0.0021,0.6065,0.8916,0.3,Applied well; the time is put in yellow so it's designed to be easy for the user to check.
SUB-VCD4_EFvmo,A,dq_layout,0.0,0.1405,0.9759,0.344,"The photo area itself got narrower, and more information is provided below."
SUB-VCD4_EFvmo,B,unit:3,0.0107,0.4187,0.9392,0.13,"It's put in as something you select, and by placing it right above the camera shutter button it fits into a spot where the context connects, in an appropriate form."
SUB-YJhau5Eu3B,A,unrequested,0.0326,0.5369,0.9436,0.098,Company information that wasn't there originally.
SUB-YJhau5Eu3B,A,unrequested,0.0196,0.7429,0.9804,0.07,Legal information that wasn't there originally.
SUB-cNfhEE4PHC,A,unit:2,0.2281,0.107,0.2932,0.6294,Made the method the first thing you see.
SUB-cNfhEE4PHC,A,unit:3,0.7407,0.3549,0.2593,0.3974,"The status is shown on the right, and the information is also conveyed visually through a green circle / red circle."
SUB-cNfhEE4PHC,B,unit:2,0.0,0.1515,0.2663,0.3751,Made it the first thing you see.
SUB-cNfhEE4PHC,B,dq_craft,0.0,0.3327,0.972,0.1939,A full line was created.
SUB-cNfhEE4PHC,B,dq_craft,0.004,0.1896,0.996,0.1558,Fill design
SUB-cNfhEE4PHC,B,dq_craft,0.4713,0.4821,0.5173,0.3719,"A single card has a line/fill, and inside it there's another fill area, plus a new second color as well"
SUB--SO828OW5m,B,dq_craft,0.1024,0.8398,0.5127,0.0602,This part
SUB-qU1JWBVOFP,A,unit:3,0.1661,0.0916,0.8339,0.0581,"By putting arrows on either side of ""June 2025"" itself, month switching is included -> not recognized as week"
SUB-qU1JWBVOFP,A,unit:3,0.7002,0.1416,0.2998,0.0641,Separate month/week/day indicators are placed below
SUB-qU1JWBVOFP,B,unit:1,0.0,0.0,0.3797,0.1091,"Using clear terminology like ""Booking"" seems better"
SUB-qU1JWBVOFP,B,unit:3,0.7082,0.0464,0.2918,0.1502,It's not just arrows — the month is clearly stated
SUB-qU1JWBVOFP,B,unit:3,0.3076,0.1485,0.4033,0.0521,There's a separate switcher right below the month
SUB-qU1JWBVOFP,B,unrequested,0.772,0.0018,0.228,0.0641,"Added a ""Book a client"" CTA so that you can go straight from checking the schedule to creating a new booking."
SUB-qU1JWBVOFP,B,unrequested,0.6892,0.2161,0.3108,0.1142,"In the calendar, orange = in person / teal = telehealth, distinguishing booking types with dots so you can quickly grasp the monthly distribution."
SUB-qU1JWBVOFP,B,dq_hierarchy,0.0002,0.5108,0.9998,0.3765,Completely separates the card area from the title area so it's easy to see
SUB-qU1JWBVOFP,B,dq_hierarchy,0.0242,0.2081,0.9758,0.2964,"Using orange and teal dots, you can distinguish in-person / Telehealth bookings right at the calendar level."
SUB-qU1JWBVOFP,B,dq_legibility,0.0402,0.6327,0.3472,0.2203,"Each booking card repeats the order time → patient name → treatment → therapist, which makes it easy to quickly scan multiple bookings."
SUB-qU1JWBVOFP,B,dq_layout,0.5079,0.6733,0.486,0.2163,"The card is split into two areas, which makes it look cleaner"
SUB-Nhsq07aSzE,A,unit:1,0.0331,0.5588,0.6443,0.2464,"Shown split into two parts.
Provides the classification criteria/information together via category + bar + count"
SUB-Nhsq07aSzE,A,dq_legibility,0.0,0.0,0.9938,0.4887,"Since the information is delivered in categorized form, the content of that area is much easier to see
(previously the text across the whole screen looked like one block)"
SUB-Nhsq07aSzE,A,dq_layout,0.0216,0.5268,0.9664,0.4732,"Seems slightly lacking in whitespace.
Category - content - category - content - content
These spacings are all uniform
Category - content // (a bit of spacing) // new category - content - content"
SUB-Nhsq07aSzE,B,unit:1,0.0446,0.5268,0.9554,0.4732,"The category names are inside the box — for now, the instruction is applied well
However, it would look better if the category names sat outside the box
Being inside the box makes them look like information at the same hierarchy level"
SUB-Nhsq07aSzE,B,dq_hierarchy,0.0101,0.5368,0.9899,0.4632,Not all coupons look the same anymore — the areas are divided
SUB-Nhsq07aSzE,B,dq_hierarchy,0.0245,0.5388,0.6644,0.1923,The category names and the coupon names currently look almost the same in hierarchy (they should look different)
SUB-Nhsq07aSzE,B,dq_craft,0.0446,0.5468,0.9554,0.4532,"It looks unfinished, so the level of polish actually seems lower than before"
SUB-FhogUwGQM9,A,unrequested,0.0825,0.5643,0.7594,0.1042,Information added.
SUB-FhogUwGQM9,B,unrequested,0.0825,0.4425,0.9032,0.2424,Provides additional specific information
SUB-GMbjB1CLW7,A,dq_legibility,0.0454,0.6947,0.8397,0.082,"The step portion is bolded so it's easier to see
Better than just having light gray throughout — it establishes a hierarchy within it"
SUB-GMbjB1CLW7,A,dq_interaction,0.0107,0.7287,0.9436,0.118,There's now a cue for interaction
SUB-GMbjB1CLW7,B,unit:1,0.0583,0.6927,0.6233,0.12,"It became two lines, with the institution name/remaining time shown in gray"
SUB-GMbjB1CLW7,B,unit:2,0.6513,0.6745,0.3487,0.11,Button placed below
SUB-GMbjB1CLW7,B,dq_hierarchy,0.028,0.6805,0.972,0.116,"That area's hierarchy is raised, making it more visible"
SUB-KpmVtj3wza,A,dq_layout,0.0021,0.133,0.9979,0.198,The area itself is fill
SUB-KpmVtj3wza,A,dq_layout,0.067,0.547,0.8267,0.098,The options are line
SUB-KpmVtj3wza,A,dq_layout,0.1146,0.737,0.844,0.078,Those options have a stronger fill feel
SUB-KpmVtj3wza,B,unit:1,0.383,0.7675,0.3246,0.046,Reference time added
SUB-KpmVtj3wza,B,dq_layout,0.054,0.3135,0.9306,0.3,The padding between each element (language / level / practice) got tighter
SUB-KpmVtj3wza,B,dq_layout,0.0454,0.6635,0.9436,0.158,The spacing between the two elements is too tight
SUB-sIQeYwKqqr,A,unit:1,0.0151,0.4121,0.9849,0.244,Changed it well
SUB-sIQeYwKqqr,A,dq_hierarchy,0.0,0.2975,0.9846,0.102,The button stands out more
SUB-sIQeYwKqqr,B,unit:1,0.0367,0.4081,0.9633,0.226,"Puts the order in clearly, and within that lists the information in a different order than before"
SUB-sIQeYwKqqr,B,unit:2,0.6556,0.2595,0.3444,0.076,"For the part that's different in nature, instead of the same form, a color fill is used"
SUB-sIQeYwKqqr,B,unit:3,0.0151,0.2795,0.9849,0.134,It got lighter than the original color — can't really say the color was changed
SUB-sIQeYwKqqr,B,dq_craft,0.0194,0.3035,0.9806,0.178,"Overall there's no clear/definite color, only light colors, so the UI design feels a bit floating and washed out.
Since the text is small overall, some eye-catching element is needed"
SUB-zeCEWIjPCa,B,unrequested,0.0,0.344,0.2531,0.096,"There's no reason for the numbering. There is no step 2, which actually causes confusion."
SUB-U0fVrnK1CY,A,unit:1,0.283,0.0053,0.4816,0.0922,"It shows at the very top which screen you're on. But that part is made rather small, so I don't think it's a design where you can immediately tell which screen it is."
SUB-U0fVrnK1CY,A,unit:1,0.0541,0.1925,0.9459,0.7788,You can infer it's a reservation screen from the change in the content.
SUB-U0fVrnK1CY,B,unit:1,0.0875,0.0943,0.3171,0.0954,It clearly tells you which screen it is.
SUB-U0fVrnK1CY,B,unit:3,0.6287,0.2469,0.3713,0.0795,The reservation section is well designed.
SUB-Rmp0ma4dsF,A,unit:1,0.0583,0.4261,0.528,0.052,"The title was changed to Review, and the content inside was changed to food as well."
SUB-Rmp0ma4dsF,A,unit:1,0.1406,0.5581,0.6709,0.08,Converted to substitute/refund preference for when items are out of stock.
SUB-Rmp0ma4dsF,B,unit:1,0.1882,0.5441,0.7531,0.064,"Converted to substitute/refund preference for out-of-stock items, and that part is presented with a box design."
SUB-Rmp0ma4dsF,B,dq_layout,0.0627,0.5961,0.9133,0.108,"With one more box design squeezed into a narrow area, there seems to be less whitespace and too many small layout elements on one screen."
SUB-Rmp0ma4dsF,B,overall,0.2271,0.621,0.7185,0.086,That area doesn't seem like a part that needed to go as far as being boxed.
SUB-9XAfroBeud,A,unit:1,0.0194,0.2707,0.9806,0.296,Converted to seller-side information.
SUB-9XAfroBeud,A,unit:1,0.0064,0.1927,0.9868,0.142,The content at the top was converted to a management-oriented version.
SUB-9XAfroBeud,A,unit:2,0.0,0.2707,1.0,0.658,Managed by splitting into two: needs attention / running smoothly.
SUB-9XAfroBeud,A,unit:3,0.6859,0.2967,0.3141,0.388,The number of people who viewed/saved is shown next to each listing.
SUB-9XAfroBeud,B,unit:1,0.067,0.1447,0.933,0.126,Converted to the information you need to see when managing.
SUB-9XAfroBeud,B,unit:1,0.0021,0.2507,0.9979,0.472,"The title is clearly ""My listings,"" showing that this is a screen the seller manages."
SUB-9XAfroBeud,B,dq_hierarchy,0.028,0.2607,0.972,0.452,"It's an entirely different design, with the sections divided up cleanly. The lower part is also handled with different information."
SUB-ax6pI9FIfD,A,unit:3,0.0214,0.3219,0.9549,0.0982,The box was removed and a line was added.
SUB-ax6pI9FIfD,A,dq_legibility,0.7607,0.2918,0.2393,0.1382,The box is more visually noticeable.
SUB-ax6pI9FIfD,A,dq_craft,0.0444,0.392,0.9492,0.2264,Related information appears bundled together as one.
SUB-BJJsubM5eA,A,unit:1,0.5128,0.1027,0.4872,0.114,Placed it into a section.
SUB-BJJsubM5eA,A,unit:2,0.7335,0.0087,0.2665,0.052,"That flag seems to be what this feature turned into, but it's hard to recognize clearly, and it's not easy to tell that the feature means ""an issue to look at later."" It would be better to use the conventional bookmark symbol, and it's tucked so far into the corner that it isn't visually noticeable either."
SUB-BJJsubM5eA,A,dq_layout,0.054,0.7427,0.946,0.256,"The ""check answer"" button is right below the answer -> it does look cleaner than before."
SUB-BJJsubM5eA,B,unit:1,0.0454,0.1307,0.9546,0.142,Clearly visible. It even goes as far as showing the difficulty split into three levels.
SUB-BJJsubM5eA,B,unit:2,0.5431,0.0107,0.4569,0.06,Bookmark icon + explanatory text written in.
SUB-BJJsubM5eA,B,unit:3,0.0194,0.0367,0.9806,0.098,It nicely shows the split among all the steps between completed / in progress / not yet started.
SUB-eXDhMrKhNt,A,unit:2,0.0553,0.1707,0.6107,0.0473,"The date and time display, which is the most important information to see, was placed on the top card so it stands out."
SUB-eXDhMrKhNt,A,unit:3,0.0389,0.3118,0.4632,0.0777,"It feels like only the text was changed, in the same manner."
SUB-eXDhMrKhNt,A,dq_interaction,0.0225,0.2559,0.8116,0.053,A new chip was added based on the result.
SUB-eXDhMrKhNt,B,unit:2,0.0594,0.0873,0.9263,0.1269,The next appointment date and time are placed at the top so they're easy to notice.
SUB-eXDhMrKhNt,B,unit:3,0.0143,0.2938,0.3525,0.0436,It's not entirely clear whether the topics in this position are care topics.
SUB-eXDhMrKhNt,B,dq_hierarchy,0.2397,0.1195,0.5697,0.0473,"The meaning of ""45min"" after the time feels ambiguous."
SUB-eXDhMrKhNt,B,dq_craft,0.0143,0.3298,0.0902,0.1667,It seems like the design approach AI typically uses.
SUB-eXDhMrKhNt,B,dq_interaction,0.0307,0.2123,0.5041,0.053,"The chip format that was in the original is gone, and that actually feels like a shame."
SUB-ap7oi-3Rvb,A,dq_legibility,0.0694,0.1155,0.6184,0.1382,"The title is the largest and the neon above it is small, so it reads well."
SUB-ap7oi-3Rvb,A,dq_interaction,0.078,0.4812,0.8859,0.1763,"A clear area is given, so it looks good as a button."
SUB-B0anwO7WId,A,unit:1,0.0749,0.0665,0.6761,0.0853,"'Uploading photos' moved up to the first line at the very top of the header and the text got bigger, so the title stands out as requested."
SUB-B0anwO7WId,A,unit:1,0.0749,0.1577,0.701,0.1,"Right below it, 'PINEWELL MARKET RETURN' is set in uppercase, bold, with wide letter-spacing and even an icon attached, so the subtitle looks like a second title."
SUB-B0anwO7WId,A,unrequested,0.0666,0.7577,0.7798,0.0706,The explanatory text unrelated to the header got shorter. The impact seems minimal.
SUB-B0anwO7WId,A,dq_hierarchy,0.0509,0.0499,0.7778,0.2186,"With the subtitle in bold uppercase and an icon attached, the second-priority element comes in rather strong, so the hierarchy between first and second priority didn't feel very pronounced."
SUB-B0anwO7WId,B,unit:1,0.7482,0.066,0.1863,0.1223,"If you attach a photo and the image gets attached above where the icon is, the left side looks better."
SUB-B0anwO7WId,B,unrequested,0.0875,0.767,0.703,0.0501,The guidance text was changed from 'Keep this page open until both photos finish uploading.' to 'Don't close this page while uploading.'
SUB-B0anwO7WId,B,unrequested,0.1101,0.1833,0.8131,0.0461,(2) A new divider line was added below the header. The divider made the header area clearer.
SUB-B0anwO7WId,B,dq_hierarchy,0.0847,0.1372,0.655,0.0461,"The store name that was above the title in the original is merged into a single gray line below, and the icon is placed in a secondary position on the right, so it reads more easily."
SUB-nfENZ71hnP,A,unit:2,0.7725,0.4276,0.2275,0.182,"An edit emoji was added.
There's an ""editable"" text line below."
SUB-nfENZ71hnP,A,dq_legibility,0.041,0.0116,0.8959,0.666,"It feels like there's a frame within this area, with the content inside it."
SUB-nfENZ71hnP,B,unit:2,0.6903,0.4276,0.3097,0.074,"It states in text that it's editable.
Doesn't seem very visible -> may leave you wondering, ""how do I edit it?"""
SUB-nfENZ71hnP,B,unrequested,0.0713,0.6476,0.8267,0.162,Rendered as a gray box
SUB-nfENZ71hnP,B,unrequested,0.0,0.4156,0.9889,0.178,Rendered as a blue box
SUB-9aOL9ftbga,A,unit:2,0.0643,0.3659,0.8226,0.0621,Additional content 1
SUB-9aOL9ftbga,A,unit:2,0.0528,0.2758,0.5177,0.0581,Content about what it is
SUB-9aOL9ftbga,A,dq_hierarchy,0.0125,0.2518,0.9875,0.2043,Definitely the most eye-catching thing on this page (higher in the hierarchy than before)
SUB-9aOL9ftbga,A,dq_hierarchy,0.7632,0.6464,0.2368,0.3045,Set up so that the person waiting is seen first
SUB-9aOL9ftbga,B,unit:2,0.0931,0.2678,0.3912,0.0521,Code name
SUB-9aOL9ftbga,B,unit:2,0.0442,0.3668,0.9558,0.1943,Code details
SUB-9aOL9ftbga,B,dq_hierarchy,0.001,0.2146,0.9952,0.3085,That part is lowered in the hierarchy
SUB-9aOL9ftbga,B,dq_legibility,0.7402,0.8015,0.2598,0.1342,"That part did change, but it's not very visible, so I can't really say readability improved over before"
SUB-Ircs1ZrmHr,A,unit:1,0.0234,0.5589,0.9766,0.308,"Left only the button, clearly"
SUB-Ircs1ZrmHr,A,unrequested,0.0234,0.7709,0.9766,0.2291,"Added the ""up next"" content"
SUB-Ircs1ZrmHr,B,unit:1,0.3006,0.3714,0.4103,0.4018,Used a button that everyone recognizes
SUB-Ircs1ZrmHr,B,dq_legibility,0.0,0.0544,0.9392,0.4844,Readability through font size
SUB-Ircs1ZrmHr,B,dq_legibility,0.3386,0.4473,0.3777,0.2924,Color
SUB-Ircs1ZrmHr,B,dq_legibility,0.0479,0.7307,0.9402,0.2478,"Lowest in the hierarchy: indicated slightly with the background, small font and partial color - placed on the side"
SUB-pBzHCoWZX9,B,unit:1,0.0107,0.6861,0.4848,0.056,The role of the area changed
SUB-pBzHCoWZX9,B,dq_craft,0.0151,0.3221,0.9609,0.142,"I think the color of that dropdown-style design should be clearer. It sits on top of something already laid out in a light tone and serves a clear filtering function, yet it's rendered so lightly that it doesn't stand out enough for that.
Even while keeping the format, it would be good to make it more of a focal point."
SUB-ejzFbdSdFH,B,dq_layout,0.7705,0.5489,0.2295,0.242,Button area
SUB-Y34axKLWWa,A,unit:1,0.4782,0.4427,0.4314,0.1542,Additional content about the coach
SUB-Y34axKLWWa,A,dq_hierarchy,0.0554,0.2804,0.9446,0.3846,Name / details appear clearly separated
SUB-Y34axKLWWa,B,unit:1,0.1273,0.4006,0.5465,0.0501,The additional content is placed right below the name
SUB-Y34axKLWWa,B,unit:1,0.1301,0.4404,0.7421,0.1062,"The duration is displayed split across each area.
Information that should be delivered as one bundle is split into three, so the format itself looks nice but it doesn't fit the content."
SUB-Y34axKLWWa,B,dq_hierarchy,0.0726,0.3483,0.8399,0.2023,"It would be good to differentiate the hierarchy a bit more, e.g., by varying the font sizes of the text.
"
SUB-Y34axKLWWa,B,dq_legibility,0.0496,0.3242,0.9504,0.2664,"The text is crammed together, so readability suffers (explained in detail below where it's crammed - layout)"
SUB-Y34axKLWWa,B,dq_layout,0.0755,0.3182,0.9245,0.3325,"Name/strengths (needs more whitespace) time
Name (whitespace) strengths/time

With no whitespace, the hierarchy and layout all look somewhat lumped together"
SUB-Y34axKLWWa,B,dq_craft,0.0266,0.7109,0.9734,0.1883,Use of color without any rationale lowers the level of polish
SUB-WHgWn1SKRY,A,unit:1,0.461,0.4269,0.3324,0.0579,A badge form was additionally created.
SUB-WHgWn1SKRY,A,unrequested,0.4671,0.6091,0.3878,0.0664,A badge form was added.
SUB-WHgWn1SKRY,A,unrequested,0.7287,0.3326,0.2031,0.0536,It shows the portion checked out of the total count.
SUB-WHgWn1SKRY,A,dq_layout,0.067,0.2383,0.9018,0.0836,"Listing scores as percentages was removed and replaced with showing the type of work as chips, and the position of the reviews moved to the top."
SUB-WHgWn1SKRY,A,dq_interaction,0.064,0.2383,0.7848,0.0857,A selectable chip form was added.
SUB-WHgWn1SKRY,B,unit:1,0.067,0.2276,0.3385,0.2122,"It does show the type of work, but since it's shown as satisfaction, I doubt whether the intent was understood."
SUB-WHgWn1SKRY,B,unrequested,0.661,0.5084,0.277,0.0536,Cost information for the repair shop was added.
SUB-WHgWn1SKRY,B,dq_legibility,0.1009,0.5105,0.7756,0.1715,"The difference in weight and size isn't big enough, so it doesn't really catch the eye. It seems more visual hierarchy is needed."
SUB-ZoaKttP9ZG,A,dq_craft,0.2721,0.5831,0.4773,0.14,"Good that the colors are differentiated, so it reads as a separate function."
SUB-ZoaKttP9ZG,A,dq_interaction,0.6253,0.3603,0.1146,0.4455,"A keyboard shortcut for using this function wasn't requested, but adding it is likely to improve usability."
SUB-ZoaKttP9ZG,B,unit:1,0.2458,0.6642,0.5107,0.2132,"By pulling permanent delete out into a separate panel outside the dialog, the modal now floats as two chunks, top and bottom, but the chance of pressing it by mistake looks low."
SUB-ZoaKttP9ZG,B,unrequested,0.599,0.5513,0.1313,0.1018,An 'Open note' default button that wasn't in the request appeared at the bottom right of the dialog.
SUB-7hXqRKxdB6,A,unrequested,0.348,0.2224,0.3843,0.0559,A subtitle was added.
SUB-7hXqRKxdB6,B,unrequested,0.2888,0.24,0.3885,0.0559,The position and hierarchy of the date were changed.
SUB-veAPTAl_0G,A,dq_hierarchy,0.0227,0.1595,0.9773,0.1742,"The layout of this part doesn't feel good. As the list keeps growing, it feels like it has a staircase effect."
SUB-veAPTAl_0G,A,dq_layout,0.0269,0.1368,0.9731,0.5682,The layout of this part feels ambiguous.
SUB-veAPTAl_0G,B,unrequested,0.0012,0.1141,0.9988,0.0777,"The color and shape of this part overlap with the additional section below, so it feels like the top and bottom are boxing in the content in the middle, which feels a bit stifling."
SUB-At-kiBfwTd,B,unrequested,0.6501,0.7006,0.0979,0.0859,A cancel button was added.
SUB-At-kiBfwTd,B,unrequested,0.4782,0.3665,0.4368,0.1273,The overall form was changed.
SUB-At-kiBfwTd,B,dq_interaction,0.6286,0.6847,0.1241,0.1114,A button was added.
SUB-PjZcCI6ck3,B,unit:2,0.162,0.7368,0.4562,0.0227,The one line that was originally written is gone.
SUB-PjZcCI6ck3,B,unit:3,0.0251,0.3713,0.423,0.0682,It seems to be well reflected.
SUB-PjZcCI6ck3,B,unrequested,0.0044,0.2236,0.8129,0.0758,It was moved onto the image in white text.
SUB-PjZcCI6ck3,B,dq_craft,0.0293,0.6838,0.9705,0.0322,The completeness was improved by adjusting the text size and adding lines.
SUB-PjZcCI6ck3,B,dq_craft,0.7219,0.7273,0.2779,0.1951,This part feels like an excessive modification.
SUB-gGa63cd5jK,A,unit:1,0.6253,0.6976,0.3652,0.2705,This doesn't seem to be where this part was; it looks like the AI newly added it.
SUB-gGa63cd5jK,A,unrequested,0.6325,0.7104,0.3484,0.2609,This part seems to have been newly created.
SUB-gGa63cd5jK,A,dq_interaction,0.6205,0.6849,0.3771,0.2864,A new function was added.
SUB-gGa63cd5jK,A,dq_interaction,0.0024,0.0,0.2148,0.9936,A sidebar was added.
SUB-gGa63cd5jK,B,unrequested,0.0246,0.6101,0.9594,0.3819,"It's good that the to-do list is separated by status, so things to do right now, completed items, etc. are distinguished."
SUB-gGa63cd5jK,B,dq_craft,0.0198,0.6547,0.0358,0.1337,It feels like the kind of design form that AI produces.
SUB-gGa63cd5jK,B,dq_interaction,0.0127,0.6006,0.9873,0.3994,The options became clear.
SUB-cl-5xgAxt_,A,unrequested,0.1958,0.9114,0.6192,0.0582,A secondary link was added. I'm curious about the intent behind this part.
SUB-cl-5xgAxt_,A,unrequested,0.1238,0.418,0.7517,0.359,Providing a guide like a tutorial feels positive.
SUB-cl-5xgAxt_,A,dq_legibility,0.1123,0.422,0.1066,0.351,Using icons clearly shows the separation of the layers to be read.
SUB-cl-5xgAxt_,A,dq_interaction,0.1987,0.9094,0.6135,0.0662,"I'm curious about the intent behind adding the function. Design-wise, there doesn't seem to be much to fix."
SUB-cl-5xgAxt_,B,unrequested,0.0518,0.2946,0.9274,0.5556,A time-based settings section was added.
SUB-cl-5xgAxt_,B,unrequested,0.0374,0.1462,0.9389,0.1183,Weekly dates were added.
SUB-VlRYP2Vwg_,B,unit:1,0.6568,0.0306,0.0945,0.0711,A check icon was added.
SUB-VlRYP2Vwg_,B,unrequested,0.0258,0.1898,0.9409,0.6895,"The three notification items changed from being separated by divider lines to gray background cards each, and the colors were also differentiated."
SUB-VlRYP2Vwg_,B,dq_hierarchy,0.0371,0.2056,0.9371,0.3816,I doubt whether using pink will work positively.
SUB-mvDuCPruoZ,A,unrequested,0.5945,0.3333,0.2983,0.1305,It looks like the design form was changed a bit.
SUB-mvDuCPruoZ,B,dq_craft,0.0909,0.2537,0.2745,0.6046,The highlight color actually feels weaker in impact.
SUB-mvDuCPruoZ,B,dq_craft,0.3988,0.4192,0.0501,0.0955,It's an AI-ish design.
SUB-3DeLUzF4Ut,B,unrequested,0.6205,0.2044,0.3508,0.4869,An overall background color was added.
SUB-cl6W0V3xUd,A,dq_interaction,0.2035,0.3162,0.1601,0.32,A bookmark function was added.
SUB-cl6W0V3xUd,B,unrequested,0.0867,0.3352,0.1212,0.378,It's a very AI-looking design..
SUB-cl6W0V3xUd,B,unrequested,0.3507,0.3932,0.4155,0.044,Distinguishing the features with badges makes them stand out well. But I question whether it fits the visual hierarchy for them to stand out more than the title.
SUB-TPzkkB9mXF,B,dq_hierarchy,0.0468,0.0255,0.9233,0.1543,It feels positive that the subscription action is set apart and placed at the top.
SUB-TPzkkB9mXF,B,dq_hierarchy,0.0161,0.1873,0.9725,0.6945,"Overall, what you should read seems to be distinguished layer by layer, so the flow feels good."
SUB-PhprIaSg7w,A,unit:1,0.3224,0.1047,0.593,0.104,It's made clear that this is about reading.
SUB-PhprIaSg7w,A,unit:1,0.0497,0.2347,0.9503,0.418,"The title says it's the homework section.
Book - chapter: through this, you recognize it's a book (first cue)
read ~~ -> you recognize it's about reading (second cue)"
SUB-PhprIaSg7w,A,unit:1,0.0583,0.6307,0.8916,0.144,"Explicitly stated as ""reading log."""
SUB-PhprIaSg7w,A,unit:1,0.0194,0.7007,0.9806,0.202,You recognize it as homework from the teacher's note.
SUB-PhprIaSg7w,B,unit:1,0.0454,0.2767,0.9003,0.502,Divided according to the homework period.
SUB-PhprIaSg7w,B,unit:1,0.1925,0.3507,0.5497,0.066,"From the content, it appears to be book-related."
SUB-PhprIaSg7w,B,unit:1,0.5258,0.9147,0.1904,0.0853,Makes you recognize that it's a book.
SUB-PhprIaSg7w,B,dq_hierarchy,0.08,0.1007,0.92,0.182,"Made it so this is the most visible, and then the content is seen next."
SUB-PhprIaSg7w,B,dq_legibility,0.041,0.5447,0.959,0.124,"By differentiating the ones that are done,
readability is improved through the contrast between completed and incomplete items."
SUB-PhprIaSg7w,B,overall,0.7465,0.3287,0.2535,0.484,"On the right, the three categories nicely separate completed / urgent / not urgent."
SUB-Cl-9mUwvCe,A,unrequested,0.0263,0.8564,0.9713,0.0962,The button color was changed.
SUB-Cl-9mUwvCe,B,unrequested,0.026,0.7421,0.9665,0.1068,An edit function was added.
SUB-Cl-9mUwvCe,B,unrequested,0.0168,0.8446,0.9832,0.0962,The button color was also changed.
SUB-Cl-9mUwvCe,B,unrequested,0.0075,0.631,0.4208,0.1154,The position of the price was changed.
SUB-Cl-9mUwvCe,B,dq_interaction,0.0121,0.7335,0.9711,0.1261,An additional feature was added.
SUB-4D4extKgep,A,unrequested,0.752,0.6427,0.2358,0.0427,Text was added.
SUB-4D4extKgep,B,dq_hierarchy,0.026,0.6577,0.9434,0.1197,Your eye is drawn more to the song coming up next.
SUB-cBq7qFMWU9,A,dq_interaction,0.2942,0.6833,0.1988,0.0406,I question whether the remove function is really necessary.
SUB-M4Dq4NALT4,A,unit:1,0.0121,0.5359,0.9387,0.0256,It was newly added.
SUB-M4Dq4NALT4,A,unrequested,0.0121,0.5401,0.9387,0.0214,It was newly added.
SUB-M4Dq4NALT4,A,dq_legibility,0.7243,0.6534,0.2728,0.0556,"Similar functions are placed in similar positions, so the flow of the eye is more comfortable."
SUB-M4Dq4NALT4,B,dq_hierarchy,0.026,0.538,0.974,0.2714,
SUB-M4Dq4NALT4,B,dq_craft,0.026,0.6192,0.9665,0.1047,"It's bundled into a card, and the icon and progress time were also given strokes, which makes me wonder if this wasn't an unnecessary grouping. By limiting the size of the icon, I feel users will become wary that they have to tap exactly inside that circle."
SUB-UwpJer6dkn,A,dq_hierarchy,0.0349,0.2681,0.9572,0.1929,Showing the chapter progress rate makes it stand out well.
SUB-UwpJer6dkn,B,unrequested,0.0534,0.1737,0.277,0.2915,The book title was given a card background fill.
SUB-UwpJer6dkn,B,unrequested,0.0441,0.5681,0.9325,0.2722,"The existing three-item list format was changed to a different form, adapting the function to suit the topic."
SUB-xkGxuCC66F,B,unrequested,0.0642,0.79,0.8987,0.0986,"You can now preview the next song, and that design was revised."
SUB-xkGxuCC66F,B,dq_craft,0.5197,0.5113,0.4093,0.09,Setting the playback speed section apart comes across as appropriate.
SUB-xkGxuCC66F,B,dq_interaction,0.4889,0.507,0.4463,0.1029,Additional options besides 1x were added.
SUB-1u7pw0Nayj,B,unrequested,0.2053,0.4134,0.7589,0.0605,"By adding a heading, type/deleted/expires are perceived as equivalent categories while still standing out well."
SUB-1u7pw0Nayj,B,dq_craft,0.0167,0.0252,0.1599,0.9748,The sidebar is composed with clearly differentiated colors so the content is separated. It feels like dark mode.
SUB-1u7pw0Nayj,B,dq_craft,0.2196,0.197,0.2243,0.0827,The tab-style design feels good for maintainability.
SUB-1u7pw0Nayj,B,dq_craft,0.8377,0.1047,0.1384,0.1018,This part feels lacking aesthetically.
SUB-HVIm3yyY7i,A,dq_hierarchy,0.3108,0.0752,0.3416,0.0493,The top title stands out more than in the original.
SUB-HVIm3yyY7i,A,dq_craft,0.0431,0.3195,0.9387,0.3194,I'm curious about the difference and the intent between the ones filled with color and the ones that aren't.
SUB-HVIm3yyY7i,B,unit:1,0.0739,0.4567,0.8556,0.1222,It makes me wonder whether this is really the part that should be emphasized.
SUB-HVIm3yyY7i,B,dq_hierarchy,0.0893,0.4588,0.831,0.1093,I wonder what the rationale is for emphasizing this part.
SUB-HVIm3yyY7i,B,overall,0.0954,0.4653,0.8156,0.105,"Compared to the original, it's a shame that it's ambiguous whether this part is meant to be a button or just an emphasis element. Other than that, all the requested items were reflected well."
SUB-LFF3tX2Uqj,A,unit:1,0.0075,0.4269,0.9925,0.3974,"The two types of reactions are well separated, but they're listed as running text, which actually seems to hurt visibility."
SUB-LFF3tX2Uqj,A,unit:2,0.7428,0.006,0.2572,0.0641,"The button for writing a new post is there alright, but UI-wise it feels lacking."
SUB-LFF3tX2Uqj,A,unrequested,0.0306,0.3436,0.4809,0.2821,A feature showing what kind of reactions were received has been added.
SUB-LFF3tX2Uqj,A,unrequested,0.0399,0.2752,0.9526,0.062,A screen where you can update photos has been created.
SUB-LFF3tX2Uqj,A,dq_legibility,0.0399,0.459,0.1618,0.1517,"The image wasn't properly applied, so it's made up of text instead, which hurts readability."
SUB-LFF3tX2Uqj,A,dq_interaction,0.715,0.0102,0.2775,0.0641,A button for writing a new post has been added.
SUB-LFF3tX2Uqj,A,dq_interaction,0.0121,0.2666,0.9803,0.0748,"It seems a feature for adding photos was created, but I'm not sure what the screen is intended for — whether uploading a photo also creates a post."
SUB-LFF3tX2Uqj,B,unit:2,0.026,0.8329,0.974,0.0876,The button area at the bottom is taking up a lot of space.
SUB-LFF3tX2Uqj,B,unrequested,0.715,0.0807,0.2728,0.0897,"This part, which wasn't requested, has been added."
SUB-E1Ppy16Ry-,A,unrequested,0.1693,0.7053,0.0677,0.0493,"Rather than turning only the completed step white, it painted the entire progress track white as well."
SUB-E1Ppy16Ry-,B,unrequested,0.0442,0.137,0.0811,0.733,"In a way, this area feels like an unnecessary change."
SUB-E1Ppy16Ry-,B,dq_interaction,0.6909,0.7586,0.2172,0.0632,I'm not sure what the point of adding this was.
SUB-i8EWCT1sg7,A,unrequested,0.0215,0.8112,0.6229,0.1888,"I'm not sure whether this was already there before, but it looks like it was added."
SUB-i8EWCT1sg7,A,dq_interaction,0.747,0.0729,0.2076,0.0955,A download feature has been created.
SUB-i8EWCT1sg7,A,dq_interaction,0.0215,0.808,0.6062,0.175,This part has been added.
SUB-i8EWCT1sg7,B,unrequested,0.2267,0.1063,0.7613,0.1687,It shows the delivery progress steps.
SUB-i8EWCT1sg7,B,unrequested,0.2315,0.3132,0.7637,0.0859,A header has been created.
SUB-i8EWCT1sg7,B,dq_interaction,0.0095,0.0172,0.1933,0.9828,"A side bar was added, and a My Profile indicator was created so you can navigate to My Page."
SUB-EDKuXXKgI1,A,unit:1,0.0446,0.2383,0.911,0.2571,"Beyond just changing the order of the cancellation notice, it changed the design structure."
SUB-EDKuXXKgI1,B,dq_hierarchy,0.0565,0.3436,0.8593,0.2971,It reads well step by step.
SUB-EDKuXXKgI1,B,dq_hierarchy,0.0474,0.6492,0.9259,0.2676,"Apart from the color, the cancel button doesn't feel any different, but the design of the button to keep it has changed so it looks emphasized."
SUB-z923F8PkLz,A,unit:1,0.1841,0.3502,0.8007,0.54,"Honestly, even the original design already distinguished clearly enough between people who follow you back and those who don't... adding the 'pending' and 'mutual' badges just makes it more complicated and cluttered."
SUB-z923F8PkLz,A,unrequested,0.0196,0.3482,0.1818,0.55,The moment I saw it I wondered why on earth they changed the profile picture area...? Distinguishing even the profile pictures with dotted and solid lines makes it look more complicated than necessary.
SUB-z923F8PkLz,A,dq_layout,0.4264,0.3632,0.2251,0.044,"Adding unnecessary elements makes an already cramped space even more cramped, so the white space looks unbalanced."
SUB-z923F8PkLz,B,unit:1,0.0326,0.1432,0.8527,0.054,"I think the chip-button format that separates All/Mutual/Pending like this is good. But the chip button says 2,144 pending while the body below shows 24 pending, which left me puzzled."
SUB-z923F8PkLz,B,unrequested,0.0326,0.1472,0.8483,0.052,"1. First, it's already shown once in the chip buttons at the top."
SUB-z923F8PkLz,B,unrequested,0.0326,0.2032,0.9219,0.084,"2. Second, it's shown again in the callout."
SUB-z923F8PkLz,B,unrequested,0.0,0.2972,0.9718,0.566,"3. Third, it's shown yet again in the body.
Looking at this design, I wondered whether it's really appropriate to explain the same information in three different ways like this. Honestly, once should be enough."
SUB-z923F8PkLz,B,unrequested,0.0153,0.2972,0.5886,0.336,"Lastly, in the original design the body headers were 'This week' and 'Earlier', but I think changing them in variant B to a 'mutual' / 'not following back' basis was unnecessary. As noted above, that information has already been provided several times. I'd say the original headers split by time period were more appropriate."
SUB-mzXyDg-afz,B,unrequested,0.0929,0.5543,0.8079,0.1264,The layout has been changed.
SUB-mzXyDg-afz,B,unrequested,0.0748,0.6871,0.8533,0.1475,"Instead of a progress bar, it filled in the background color."
SUB-mzXyDg-afz,B,dq_legibility,0.0929,0.5312,0.8381,0.1665,The readability of this part seems to have improved.
SUB-mzXyDg-afz,B,dq_craft,0.0808,0.5312,0.82,0.1644,"It's information that should be shown with the same design, and showing the items that don't have much text on a single line while emphasizing the numbers is good."
SUB-mzXyDg-afz,B,dq_craft,0.105,0.6829,0.8079,0.1475,It's a shame that it's not easy to tell that something is in progress.
SUB-mzXyDg-afz,B,dq_interaction,0.7767,0.3626,0.1392,0.0969,Something like an icon for adding a photo has been added.
SUB-ZOwC-g-3LP,A,unit:1,0.0239,0.2902,0.9479,0.408,"The text at the top and the bullet point content at the bottom overlap, so it'd be better to remove one of them. Or, if you want to keep both elements, it'd be better to make sure the content doesn't repeat."
SUB-ZOwC-g-3LP,A,unit:2,0.0499,0.7102,0.9046,0.162,"Where does tapping 'Create your workspace' take you? In the end, don't you have to sign up first in order to create a new workspace? If so, I wonder why there's a Sign in below. In this case just the single 'Create your workspace' button would be enough, and I think this nonsensical design came out because the AI gave no thought at all to the UX flow and only aimed to draw a UI screen that 'looks plausible'."
SUB-ZOwC-g-3LP,B,unit:1,0.0499,0.0272,0.7704,0.104,"The body already has enough information about the service. For this area, just the service logo and name would probably be enough."
SUB-ZOwC-g-3LP,B,unit:1,0.0672,0.1892,0.8657,0.144,The typography size is excessively large.
SUB-ZOwC-g-3LP,B,unit:1,0.0585,0.4472,0.9089,0.288,"I wondered whether the first screen you land on in an app service needs to be this complicated. The first screen should feel like a simple introduction, and you can explain things one by one from the next step onward — this feels like a book cover with all sorts of information plastered all over it."
SUB-ZOwC-g-3LP,B,unit:2,0.0455,0.7792,0.9176,0.156,The same problem as in variant A also shows up in variant B.
SUB-wle6efDpVz,A,unrequested,0.0874,0.175,0.8411,0.0864,The guidance text was changed.
SUB-wle6efDpVz,A,unrequested,0.2811,0.3773,0.4327,0.0738,A button was added.
SUB-wle6efDpVz,A,dq_interaction,0.2569,0.3626,0.4236,0.1011,This button was newly added.
SUB-wle6efDpVz,B,dq_interaction,0.6199,0.2762,0.2814,0.0864,"A ""change class time"" button was added."
SUB-6NEp5V19E_,A,dq_interaction,0.0211,0.8661,0.9691,0.0674,I doubt this part will catch the eye. I wonder if placing it at the top wouldn't be better.
SUB-6NEp5V19E_,A,dq_interaction,0.5969,0.0719,0.3848,0.2676,A new paragraph was added.
SUB-6NEp5V19E_,A,dq_interaction,0.5744,0.0171,0.2163,0.04,"I'm curious why the edit point was placed separately, but it seems appropriate."
SUB-6NEp5V19E_,B,unrequested,0.1194,0.6765,0.868,0.1222,The layout structure was changed.
SUB-6NEp5V19E_,B,unrequested,0.1699,0.4637,0.7809,0.1074,The design of this part was changed.
SUB-6NEp5V19E_,B,unrequested,0.1166,0.0719,0.8708,0.0674,It was placed at the top.
SUB-6NEp5V19E_,B,unrequested,0.8638,0.0024,0.1208,0.0653,The button design was changed.
SUB-6NEp5V19E_,B,unrequested,0.198,0.0213,0.3258,0.0316,A title was added to the header.
SUB-nVP1BXbKvk,A,unit:3,0.0107,0.1774,0.2721,0.3214,"From the perspective of a user currently on step 1, do they already need to know what's coming in steps 2 and 3? I see this as a design that causes information overload for the user by providing unnecessary information. I think just a progress bar showing how far along they are would be enough."
SUB-nVP1BXbKvk,A,unit:3,0.2995,0.0,0.4702,0.0915,"Steps 1, 2, 3 are already shown on the left side, yet the same redundant content appears again at the top. This is an unnecessary use of space — it looks like the AI gave no thought to UX at all and, in the process of simply making a PC version, just dropped in random information because the space looked empty."
SUB-nVP1BXbKvk,A,unit:3,0.3043,0.1073,0.6754,0.7637,"I think it would help to look at how Toss designed its sign-up screen. You can see that Toss's sign-up screen is the opposite of variant A — it actually shows the input fields one at a time. Of course, the mobile app Toss and the desktop version in variant A may be different in nature, but as it stands variant A crams so many varied input fields onto one screen that it feels draining right from the first step of sign-up."
SUB-nVP1BXbKvk,A,unrequested,0.7649,0.0151,0.2148,0.0668,"This kind of UI design is something I've never seen in a real service, and for a moment I was confused about how it even works. Once you've entered the 'Create account' flow, I think giving an easy option to switch to 'Sign in' is inappropriate in terms of UX design. Didn't the user come to the account creation screen precisely because they don't have an account? So I wondered why the Sign in option is offered up there."
SUB-nVP1BXbKvk,A,dq_interaction,0.7578,0.0182,0.2267,0.0668,Same reason as already mentioned above.
SUB-nVP1BXbKvk,B,unit:2,0.0179,0.0087,0.8305,0.2291,"Variant B repeats the steps 1, 2, 3 information no fewer than three times. I find this a very tiring interface."
SUB-nVP1BXbKvk,B,unit:2,0.0251,0.2537,0.6325,0.5792,There are far too many input fields to fill in on one screen. I think it should be cut down by half.
SUB-nVP1BXbKvk,B,unit:2,0.6766,0.2633,0.2959,0.2928,Is it really right for this area to be visible at the current step? Wouldn't it have been more appropriate to show this area as an option alongside the previous step's 'Sign in' / 'Create account'? This screen is about 'creating an account.' I don't understand why an area for logging in with other options needs to be included here.
SUB-nVP1BXbKvk,B,dq_interaction,0.7673,0.0119,0.21,0.0509,The same part I found questionable in variant A.
SUB-nVP1BXbKvk,B,dq_interaction,0.6647,0.2505,0.3126,0.3023,"I think this is an area that shouldn't exist on this step's screen. If anything, it causes confusion."
SUB-nVP1BXbKvk,B,dq_interaction,0.6838,0.5624,0.2912,0.1559,"For a moment I thought pressing the 'Continue to insurance' button would complete the whole process. The button's hierarchy is too high, like a primary button, so it seems more appropriate to make it a smaller button and change the wording to 'Next'."
SUB-nVP1BXbKvk,B,dq_interaction,0.6909,0.7088,0.2649,0.0541,I also wondered why a 'Sign in' option is offered on the sign-up screen; I think it's an element that shouldn't be there.
SUB-mqtPU2AxPa,A,unit:1,0.0451,0.0823,0.9334,0.168,The title and description text were switched exactly as requested.
SUB-mqtPU2AxPa,A,unit:2,0.0337,0.2523,0.3188,0.044,Divided by time-of-day based on when it's needed.
SUB-mqtPU2AxPa,A,unit:3,0.384,0.3063,0.158,0.06,An abbreviated badge form next to the name.
SUB-mqtPU2AxPa,A,unrequested,0.7574,0.2463,0.201,0.056,A count was newly added.
SUB-mqtPU2AxPa,A,dq_interaction,0.7602,0.3223,0.2398,0.516,The status distinction isn't reflected in the buttons.
SUB-mqtPU2AxPa,B,unit:1,0.0277,0.0823,0.8041,0.126,The title and description text were switched exactly as requested.
SUB-mqtPU2AxPa,B,unit:2,0.0823,0.2423,0.3418,0.052,"It's divided by confirmed/unconfirmed status and the buttons are differentiated too, so the information structure is more consistent."
SUB-mqtPU2AxPa,B,unit:3,0.4154,0.3243,0.2642,0.038,More specific time information is listed next to the name.
SUB-mqtPU2AxPa,B,unrequested,0.6595,0.2303,0.2786,0.06,Status badge added.
SUB-mqtPU2AxPa,B,dq_hierarchy,0.7083,0.2983,0.2183,0.544,"The pending-confirmation status matches the button type, so it's clearer what you need to do right now."
SUB-mqtPU2AxPa,B,dq_legibility,0.4642,0.4303,0.201,0.05,Reads specifically and naturally.
SUB-mqtPU2AxPa,B,dq_interaction,0.7428,0.3143,0.1637,0.528,"By giving different actions for confirmed people and pending people, it's clear what to do next."
SUB-meX26DFLnd,A,unrequested,0.2782,0.5799,0.1166,0.1333,
SUB-meX26DFLnd,B,unrequested,0.1445,0.5037,0.4022,0.1396,
SUB-meX26DFLnd,B,unrequested,0.5966,0.38,0.1237,0.0476,
SUB-meX26DFLnd,B,unrequested,0.5776,0.5894,0.2927,0.0508,
SUB-meX26DFLnd,B,unrequested,0.3182,0.7862,0.3689,0.0476,
SUB-XgRdal3ZZE,A,unit:2,0.0158,0.4659,0.9821,0.3046,"It does distinguish between what's in progress and what isn't, but the distinction feels underwhelming."
SUB-XgRdal3ZZE,A,unit:3,0.3477,0.0794,0.291,0.1239,The added stroke feels excessive.
SUB-XgRdal3ZZE,A,unrequested,0.0,0.2895,0.3613,0.0378,A subheading was added.
SUB-XgRdal3ZZE,A,unrequested,0.0204,0.905,0.973,0.0945,The type of navigation was changed.
SUB-XgRdal3ZZE,A,dq_layout,0.0204,0.4849,0.9684,0.2962,"When distinguishing the in-progress item from the next video, the spacing feels insufficient."
SUB-XgRdal3ZZE,A,dq_interaction,0.2977,0.0143,0.3956,0.0441,"If anything, it's getting in the way of the video."
SUB-XgRdal3ZZE,B,unit:1,0.0113,0.3525,0.9866,0.1324,I feel like it was changed too much.
SUB-XgRdal3ZZE,B,unrequested,0.0249,0.2853,0.9639,0.0525,"I'm not sure if it's something needed from a designer's perspective, but adding detail with subheadings like this seems to raise the level of polish."
SUB-WtAROhs4in,B,unrequested,0.1947,0.1417,0.1787,0.0436,Something like a subheading has appeared.
SUB-WtAROhs4in,B,dq_craft,0.0905,0.0637,0.8388,0.0757,It seems good since you can tell specifically what stage of the process you're currently at.
SUB-1OsQlEpXnz,A,unrequested,0.7611,0.0334,0.0891,0.1056,The total order count is placed next to the total amount.
SUB-1OsQlEpXnz,A,dq_layout,0.4501,0.1563,0.2618,0.2361,Not sorted.
SUB-1OsQlEpXnz,B,unit:1,0.0411,0.0666,0.4564,0.4123,
SUB-1OsQlEpXnz,B,unrequested,0.7394,0.0799,0.197,0.1596,
SUB-Q3WW-J2794,A,dq_interaction,0.4677,0.0798,0.5261,0.2133,The added feature makes it possible to sort the order.
SUB-Q3WW-J2794,B,dq_layout,0.0409,0.1555,0.7594,0.0528,"The sorting section was created below, so the layout changed a bit."
SUB-OW73Geev9O,A,unit:1,0.0151,0.0735,0.9522,0.084,Numbers added next to each word.
SUB-OW73Geev9O,A,unit:2,0.0237,0.1675,0.9763,0.056,Title - date
SUB-OW73Geev9O,A,unit:2,0.0107,0.5195,0.9893,0.058,Title - date
SUB-OW73Geev9O,B,unit:1,0.0583,0.0821,0.9046,0.11,"As the box design got bigger, the number and title are laid out vertically.
The box got excessively large, so the left/right padding on the text is excessive.
It takes up too much of the overall screen.
The category is information that should come before the number, but with the number now on top, the number catches the eye first."
SUB-OW73Geev9O,B,dq_hierarchy,0.0021,0.1681,0.9912,0.384,The classification structure is clearly visible.
SUB-OW73Geev9O,B,dq_layout,0.0194,0.0141,0.9806,0.268,"The header section became excessively large.
It didn't get taller because necessary elements were added for a reason — it happened due to an arbitrary revision of the button design.
When the number addition was requested, the position wasn't specified exactly, but in designing that part they changed the design itself so the number is added on top, and the four buttons were stretched to fill the entire width.
-> As a result the horizontal padding got wider and the vertical height also got longer for no reason.
"
SUB-LJ37yn2ppY,A,dq_hierarchy,0.0912,0.3705,0.8341,0.1603,"With more information in that section, the hierarchy between the percentage bar above and the information became almost identical.
More precisely, the hierarchy is clashing."
SUB-LJ37yn2ppY,A,dq_legibility,0.0797,0.3763,0.3049,0.0982,"Original: 412 - black / 605 - gray, using color according to the information so that only the key information stands out.
In the changed version both are black, which actually makes it harder to take in at a glance."
SUB-LJ37yn2ppY,A,dq_legibility,0.1027,0.3823,0.8169,0.1262,"Overall all the text became heavier. Since the font isn't small to begin with, having heavy type throughout actually hurts readability."
SUB-LJ37yn2ppY,A,dq_layout,0.1113,0.3944,0.7996,0.1022,"The layout, which used to look neat left/right, now looks tangled.
It looks like that section wasn't organized according to the amount of information in each area but rather split into thirds with the information dumped in uniformly."
SUB-LJ37yn2ppY,B,unit:1,0.1228,0.4266,0.8456,0.0441,"Since the full width is already used, instead of creating new space horizontally, the content was placed in the whitespace below.
(Not sure it needs to be emphasized this much — the part using purple.)"
SUB-LJ37yn2ppY,B,dq_legibility,0.1055,0.3826,0.8313,0.1162,"Too much text crammed together.
The font uses too many colors (black/gray/purple) and the weight is being varied too, so there are too many typographic elements."
SUB-zVblx_oyKp,B,unrequested,0.0573,0.5343,0.9356,0.1655,The design form was changed. The part of the text that abbreviates the days of the week feels good.
SUB-zVblx_oyKp,B,unrequested,0.0024,0.3307,0.0573,0.0891,The design shown when pressed is expressed differently.
SUB-PshqTpHzJu,A,unit:1,0.0,0.0,0.8028,0.0654,The event is indicated by the title.
SUB-PshqTpHzJu,A,unit:1,0.0107,0.4194,0.9893,0.432,Changed to date-related sorting.
SUB-PshqTpHzJu,A,unit:2,0.028,0.4252,0.9262,0.206,"The calendar icon/date is at the very top, so it's the first thing clearly visible in the date area."
SUB-PshqTpHzJu,A,unit:3,0.041,0.3352,0.9392,0.1,Fits in well.
SUB-PshqTpHzJu,A,unrequested,0.0064,0.1252,0.9936,0.226,It was changed in connection with the content request for that area.
SUB-PshqTpHzJu,A,dq_layout,0.054,0.3192,0.946,0.124,The buttons were changed to a uniform size (previously the width differed depending on the length).
SUB-PshqTpHzJu,B,unit:1,0.0454,0.0,0.7315,0.0447,Title changed.
SUB-PshqTpHzJu,B,unit:1,0.0107,0.1307,0.9868,0.182,The date was inserted into the first level of categorization - good.
SUB-PshqTpHzJu,B,unit:2,0.0583,0.1547,0.9417,0.158,"That request was applied.
Below, two additional buttons are laid out side by side horizontally, so the hierarchy is a bit lower than the one above."
SUB-PshqTpHzJu,B,unit:3,0.0367,0.3107,0.9479,0.132,"That part is included.
Rather than four separate items, it's the whole thing divided into four."
SUB-PshqTpHzJu,B,dq_legibility,0.0107,0.1447,0.9893,0.318,"Only the things seen first use color, so they're visually easy to see."
SUB-PshqTpHzJu,B,dq_layout,0.041,0.1707,0.959,0.132,"Amid the vertical arrangement, the lower-importance sub buttons were placed horizontally, so the overall layout is maintained while variation is nicely worked in within it."
SUB-PshqTpHzJu,B,dq_layout,0.0324,0.3067,0.9676,0.126,"The whole thing is filled, but it feels like one long element divided up rather than four elements, so it looks tidy.
If anything, since the whole thing isn't all the same shape, it doesn't look bland."
SUB-PshqTpHzJu,B,dq_craft,0.0064,0.3007,0.9936,0.638,The same color fill was applied to everything selected.
SUB-eRGuZduYIR,A,unit:1,0.8086,0.2307,0.1471,0.044,Made recognizable by creating an arrow button.
SUB-eRGuZduYIR,B,unit:1,0.7792,0.2367,0.2108,0.046,A button was created on the right.
SUB-nP8wRg8IJt,A,dq_interaction,0.8094,0.4581,0.1619,0.3981,Adding the arrow makes it recognizable that it can be pressed.
SUB-nP8wRg8IJt,B,dq_layout,0.1651,0.3822,0.1487,0.4211,It comes across as if too much whitespace was given.
SUB-txL4a91u2l,A,unit:2,0.0931,0.3139,0.9069,0.5368,"The category name is in gray text, then next to it is the number of people.
After that they're shown two at a time."
SUB-txL4a91u2l,A,unit:3,0.562,0.2317,0.4372,0.1042,A bottom bar button was created.
SUB-txL4a91u2l,A,dq_layout,0.0299,0.3159,0.9406,0.5689,"Split into two, so the layout looks a bit more organized.
But with more content, it feels like the whitespace has been reduced.
This happens because the screen is filled with nothing but text."
SUB-txL4a91u2l,A,dq_interaction,0.6274,0.246,0.3726,0.0862,Good that it was changed into a clear button form.
SUB-txL4a91u2l,B,unit:1,0.1938,0.416,0.4573,0.0761,The content below was changed.
SUB-txL4a91u2l,B,unit:3,0.6943,0.2297,0.3057,0.1522,An icon + text button was created.
SUB-txL4a91u2l,B,unrequested,0.0241,0.0394,0.7047,0.1542,The title changed.
SUB-dtSI5Xi0FD,A,dq_layout,0.026,0.5156,0.974,0.4289,The structure changed a little as the two parts were separated.
SUB-p5DgttFvBE,A,unrequested,0.7457,0.6692,0.2383,0.0459,The content in this part was changed slightly.
SUB-p5DgttFvBE,A,dq_layout,0.1898,0.4445,0.5758,0.0482,The layout and whitespace in this part feel cramped.
SUB-p5DgttFvBE,B,dq_layout,0.694,0.3963,0.306,0.2821,The layout structure changed by placing the last study time at the far right.
SUB-HviV8ebfm6,A,unit:1,0.041,0.4927,0.9176,0.252,Uses a line to subordinate the reply to the comment above it.
SUB-HviV8ebfm6,A,unit:1,0.0237,0.6985,0.9262,0.086,The line only exists in this part.
SUB-HviV8ebfm6,A,unit:2,0.0583,0.1005,0.9417,0.086,"Information was added right below the name. Only the main info is bold, and the rest is dropped back in light gray."
SUB-HviV8ebfm6,A,dq_hierarchy,0.0151,0.3765,0.9849,0.378,"Since the subordination is shown with a line, the hierarchy itself is distinguishable, but because the font size/weight are the same, it doesn't really stand out."
SUB-HviV8ebfm6,A,dq_legibility,0.0497,0.3525,0.9003,0.366,"With no major grouping, the running text just keeps going, so readability suffers."
SUB-HviV8ebfm6,A,dq_layout,0.0367,0.3785,0.9633,0.384,"With the separation minimized, comments/replies are clumped together, so there's little whitespace and it looks dense."
SUB-HviV8ebfm6,B,unit:1,0.0064,0.4127,0.9739,0.296,Divided broadly into one area with a line created below it; comments are given a left margin and bundled in a box.
SUB-HviV8ebfm6,B,unit:2,0.0367,0.0747,0.9633,0.112,Additional content was added around the author's name.
SUB-HviV8ebfm6,B,dq_hierarchy,0.0454,0.0727,0.9546,0.188,"The name isn't at the very top; there's too much other content around it, so the hierarchy breaks down / the other detailed activity content, including the name, looks like it's at the same level of hierarchy."
SUB-HviV8ebfm6,B,dq_hierarchy,0.0194,0.3847,0.9806,0.346,The comment/reply hierarchy is clearly and nicely separated.
SUB-HviV8ebfm6,B,dq_legibility,0.0324,0.3847,0.9676,0.352,"This part is well separated, and readability improves since it's visually divided at a first level with a gray box."
SUB-HviV8ebfm6,B,dq_legibility,0.0367,0.0807,0.9633,0.212,"There's too much text — especially at the top, where the activity content (small font) is densely packed, so readability is poor."
SUB-HviV8ebfm6,B,dq_layout,0.0194,0.3907,0.9806,0.56,The reply area's layout is designed making good use of whitespace.
SUB-HviV8ebfm6,B,dq_layout,0.0151,0.0527,0.9849,0.244,"The text hierarchy needs to be restructured, and the layout reorganized."
SUB-f57o4BacHf,A,unit:2,0.0563,0.6303,0.9003,0.058,
SUB-f57o4BacHf,A,dq_interaction,0.039,0.6767,0.961,0.216,
SUB-f57o4BacHf,B,dq_interaction,0.0477,0.6287,0.9349,0.262,
SUB-RBjJS086qU,A,unrequested,0.5442,0.2947,0.1421,0.0483,I'm curious about the intent behind adding this part.
SUB-RBjJS086qU,B,unrequested,0.0387,0.7388,0.9516,0.1128,A card that summarizes the selected part was added.
SUB-RBjJS086qU,B,unrequested,0.3592,0.3707,0.2974,0.0483,This part was added. I'm curious about the rationale.
SUB-RBjJS086qU,B,dq_interaction,0.0387,0.7388,0.9417,0.1082,I think it's good that it makes you aware once more that something has been selected.
SUB-uD42jZBHt9,A,dq_layout,0.0161,0.4169,0.9729,0.4679,"If just showing a few structures is enough, the existing list form is fine too, but I like that separating them into cards shortened the flow of the eye."
SUB-uD42jZBHt9,A,dq_craft,0.8301,0.4651,0.1439,0.0459,"I think the focus should be on the price, but it's a shame that the price badge seems to be made too small.
"
SUB-uD42jZBHt9,B,dq_craft,0.0309,0.3848,0.2333,0.2821,It was good that it tried a new structure for the category filter.
SUB-VKQ15rbQ4V,A,unit:1,0.065,0.3707,0.9176,0.076,
SUB-VKQ15rbQ4V,A,unit:2,0.0,0.5307,1.0,0.386,
SUB-VKQ15rbQ4V,B,unit:1,0.0997,0.3567,0.8749,0.074,
SUB-VKQ15rbQ4V,B,unit:2,0.021,0.4927,0.979,0.426,
SUB-qMZhRKzY6n,B,unit:2,0.0209,0.6467,0.919,0.258,
SUB-qMZhRKzY6n,B,unrequested,0.018,0.6667,0.9563,0.232,The visual hierarchy of the two buttons changed.
SUB-qMZhRKzY6n,B,dq_hierarchy,0.0582,0.6647,0.8616,0.256,The hierarchy is flipped.
SUB-XfobIUi5nw,A,unit:1,0.0454,0.3867,0.9546,0.202,"The card image was reduced. The button size and card size are similar,
with text placed in between."
SUB-XfobIUi5nw,A,dq_legibility,0.2661,0.4327,0.7185,0.154,"As this part got tidied up, the section title is clearly visible."
SUB-XfobIUi5nw,A,dq_layout,0.0237,0.3885,0.9763,0.256,"There's no pointless whitespace in this part.
A well-organized layout."
SUB-XfobIUi5nw,A,dq_interaction,0.7552,0.4325,0.2448,0.198,The role stands out much more clearly than before.
SUB-XfobIUi5nw,B,unit:1,0.0194,0.3967,0.9806,0.2,"The card image was reduced in size overall + changed to a circle.
The button moved to the right and got bigger."
SUB-XfobIUi5nw,B,dq_hierarchy,0.2185,0.4287,0.5107,0.162,"With the center alignment, the title stands out a bit more."
SUB-XfobIUi5nw,B,dq_legibility,0.0021,0.4005,0.9979,0.186,"With the image/button pushed out to the left and right and the text center-aligned, the readability of the title definitely improves (and the title's font size got bigger too)."
SUB-XfobIUi5nw,B,dq_layout,0.0497,0.3945,0.2813,0.176,"Way too small. If anything the button looks bigger, so the visual weight should be photo > button but it reads as button > photo. The balance falls apart."
SUB-Xk5VTCLKMC,A,overall,0.0952,0.3799,0.8062,0.3544,I think it would be better if this part were emphasized less than the top section.
SUB-Xk5VTCLKMC,B,unrequested,0.1349,0.2556,0.7765,0.1404,The design has been changed.
SUB-Xk5VTCLKMC,B,dq_hierarchy,0.1118,0.4098,0.7864,0.4694,"It looks like it would become a new IA structure, but I doubt whether this is a good structure for the user flow."
SUB-2ej7cCjDvr,B,unrequested,0.2295,0.6547,0.7315,0.21,
SUB-2ej7cCjDvr,B,dq_interaction,0.0174,0.8707,0.9826,0.058,It's also confusing whether it's a general message input field or something being appended to a specific bundle.
SUB-Z0gwGb-7Lt,A,dq_interaction,0.7457,0.1715,0.2333,0.1009,It reads as a bookmark having been created and something being saved.
SUB-Z0gwGb-7Lt,B,dq_interaction,0.0309,0.4055,0.958,0.0757,A function that allows adding has been created.
SUB-d0AILbWNHR,B,unrequested,0.078,0.5507,0.6969,0.13,
SUB-jQKutdiCx6,A,unit:2,0.0245,0.1402,0.3659,0.6209,Pulled out separately into the left sidebar to convey the information; with the color fill layout design it's the first thing you see. Follows the flow of the eye (top left -> bottom right / color -> plain text).
SUB-jQKutdiCx6,A,unrequested,0.0138,0.823,0.9862,0.177,"The button was moved all the way to the bottom; it ends up too far from the body text, so the connection between the two weakens."
SUB-jQKutdiCx6,B,unit:2,0.0005,0.0861,0.9995,0.3185,Placed at the very top with a color fill.
SUB-jQKutdiCx6,B,unrequested,0.0,0.2824,0.3023,0.3185,Additional information.
SUB-jQKutdiCx6,B,dq_hierarchy,0.2355,0.2321,0.6276,0.5708,"In the body, the hierarchy of main heading, subheading/content is clear. But the difference between the main heading and subheading is small."
SUB-aynl9PFRpz,A,unrequested,0.021,0.433,0.958,0.0894,The order of this part has been changed.
SUB-aynl9PFRpz,A,dq_hierarchy,0.0657,0.1692,0.8984,0.0596,"By separating the text by content, it reads well."
SUB-aynl9PFRpz,B,unit:1,0.16,0.4215,0.8388,0.1055,I doubt whether this part is really what the request to redo the way things are laid out was about.
SUB-aynl9PFRpz,B,unrequested,0.1799,0.4353,0.7991,0.0757,
SUB-aynl9PFRpz,B,dq_legibility,0.0558,0.1669,0.9331,0.0642,"The information you need to look at is separated out, so the text reads well."
SUB-c67kq6XCzM,A,unit:1,0.6969,0.5247,0.29,0.062,
SUB-c67kq6XCzM,A,unit:1,0.0217,0.6627,0.3939,0.042,
SUB-c67kq6XCzM,A,unit:2,0.0044,0.1287,0.6406,0.078,"Changed the avatar from a solid square to a pale circle, and changed the permission indicator from a button style to text. The structure of the avatar and name weights is almost identical to the original, so the ""make it lighter"" request is expressed through color alone."
SUB-c67kq6XCzM,A,dq_interaction,0.5844,0.5087,0.3549,0.088,Uses a toggle to clearly show what you're currently viewing.
SUB-c67kq6XCzM,B,unit:1,0.0157,0.6227,0.9773,0.062,
SUB-c67kq6XCzM,B,unit:1,0.5977,0.4947,0.3518,0.03,
SUB-c67kq6XCzM,B,unit:2,0.0244,0.1347,0.9756,0.036,"Removed the avatar image and expressed it with text only, so it fits on one line and is definitely lighter."
SUB-c67kq6XCzM,B,unrequested,0.0374,0.4767,0.9252,0.212,
SUB-c67kq6XCzM,B,dq_interaction,0.0287,0.6327,0.9426,0.064,
SUB-VFqXGB_TgR,A,unit:1,0.0434,0.24,0.3073,0.028,Added in line with the user's request.
SUB-VFqXGB_TgR,B,unit:1,0.0304,0.244,0.2857,0.046,"A divider line was added above it, and it was added."
SUB-7SN390HJjd,B,unrequested,0.606,0.3727,0.2663,0.0826,
SUB-pdLycaOuk_,A,dq_interaction,0.4347,0.397,0.5094,0.143,Button created.
SUB-loniQiHLJR,A,unit:1,0.052,0.0951,0.7325,0.0724,For audiobooks.
SUB-loniQiHLJR,A,unit:1,0.0646,0.314,0.882,0.1218,Progress rate.
SUB-Wrc9763mCQ,A,unrequested,0.7005,0.0899,0.2738,0.1473,A separate calorie goal card was created.
SUB-Wrc9763mCQ,A,unrequested,0.5408,0.4052,0.1076,0.3912,Changed in terms of design.
SUB-Wrc9763mCQ,B,unrequested,0.3615,0.396,0.6357,0.3153,The layout structure and title were created.
SUB-Wrc9763mCQ,B,dq_legibility,0.368,0.3845,0.6194,0.313,"It wasn't the part that was requested, but the readability of this part improved."
SUB-Wrc9763mCQ,B,dq_craft,0.029,0.5501,0.2934,0.1611,"This part is listed above the information above it, and I wonder whether that isn't better."
SUB-Wrc9763mCQ,B,dq_craft,0.8928,0.0278,0.0978,0.0621,The way the selected state is expressed has been changed.
SUB-iLGCVcK-Zx,B,unrequested,0.0085,0.0768,0.9915,0.0845,I never requested that the information in this part be modified.
SUB-0dNSZRPQhF,A,unrequested,0.0824,0.5916,0.5815,0.0736,The numbers have also been changed.
SUB-0dNSZRPQhF,A,dq_interaction,0.0857,0.7365,0.717,0.0713,
SUB-8681yFDmga,A,unit:1,0.1102,0.6653,0.5677,0.0388,Reference information.
SUB-8681yFDmga,A,unit:2,0.09,0.1022,0.3498,0.0459,
SUB-8681yFDmga,A,unit:3,0.7413,0.1693,0.1749,0.1253,% information.
SUB-8681yFDmga,A,unit:3,0.1407,0.5435,0.7502,0.0988,Bar graph.
SUB-8681yFDmga,B,unit:1,0.095,0.7412,0.5753,0.0406,
SUB-8681yFDmga,B,unit:2,0.7008,0.0899,0.2256,0.0635,
SUB-3Jz9am8-z4,A,dq_interaction,0.7755,0.0339,0.1291,0.0619,"A pause button was added, but I am a bit concerned that having it next to the X button could lead to accidentally closing the window."
SUB-3Jz9am8-z4,A,dq_interaction,0.0707,0.8321,0.3524,0.0803,"The price part catches the eye well, which is good."
SUB-3Jz9am8-z4,B,unrequested,0.0359,0.8218,0.9282,0.078,The button's function has been split into two.
SUB-3Jz9am8-z4,B,unrequested,0.6564,0.6704,0.3226,0.0665,A function that didn't exist before has been added.
SUB-3Jz9am8-z4,B,overall,0.0309,0.6589,0.9691,0.2661,The layout of this part seems appropriate.
SUB-3Jz9am8-z4,B,overall,0.7407,0.003,0.2482,0.055,The position of the pause button feels a bit unfortunate.
SUB--GyjX9kMJe,A,unrequested,0.7386,0.232,0.0883,0.4423,"I wonder what the point of adding the ""paid"" badge was."
SUB--GyjX9kMJe,A,dq_interaction,0.8007,0.0379,0.1885,0.1177,I wonder what the point of the added feature is.
SUB--GyjX9kMJe,B,unrequested,0.7649,0.0538,0.222,0.0732,I confirmed that a way to download everything at once was added.
SUB--GyjX9kMJe,B,unrequested,0.4952,0.1334,0.4893,0.1846,"Splitting what used to be bundled into a single card into two, and putting the card payment method at the same hierarchy level, feels ambiguous."
SUB--GyjX9kMJe,B,dq_interaction,0.784,0.0284,0.2076,0.1177,A feature to download everything at once was added.
SUB-7CfbjE653X,B,dq_interaction,0.0357,0.4779,0.9643,0.2412,Checklist
SUB-W_Nn-FPLe7,B,unrequested,0.0047,0.4209,0.9953,0.282,The relevant area
SUB-srNgOYcvBz,A,dq_craft,0.4505,0.7565,0.3056,0.1307,There's an issue with the button size.
SUB-GUOjs827JE,A,unit:2,0.7286,0.7652,0.2591,0.1268,Close button
SUB-GUOjs827JE,B,unit:2,0.7325,0.6578,0.24,0.0599,
SUB-GUOjs827JE,B,dq_hierarchy,0.0123,0.3074,0.9877,0.0581,The title is displayed clearly.
SUB-uDZaw9p17u,A,unrequested,0.6297,0.1524,0.3413,0.5549,"It lists concrete information about the selected center, letting you double-check it."
SUB-uDZaw9p17u,B,unrequested,0.0163,0.2884,0.6444,0.0644,"With filters provided, each item is clearly distinguished and it feels faster to get the information you want."
SUB-YozMWuU87v,B,overall,0.2028,0.774,0.4306,0.0405,
SUB-Y0igSnHPWT,B,overall,0.0384,0.2036,0.9447,0.1311,Looks like a card-style summary.
SUB-zOKLZ0moTG,B,dq_hierarchy,0.6325,0.0994,0.3564,0.6964,The information in this part is highlighted.
SUB-ctiok5sGk_,A,unit:2,0.024,0.0847,0.952,0.204,
SUB-BCZeQwxROt,A,unrequested,0.0164,0.8417,0.9705,0.0669,The bottom tab bar is gone.
SUB-BCZeQwxROt,A,dq_interaction,0.0428,0.5605,0.9211,0.1566,An additional button was created.
SUB-BCZeQwxROt,B,dq_interaction,0.0395,0.4761,0.9343,0.1672,A field requiring input was added.
SUB-ONhS-r0B5D,B,overall,0.078,0.0967,0.922,0.426,
SUB-EDIbWft9Oz,A,unit:2,0.1732,0.3967,0.3506,0.056,
SUB-EDIbWft9Oz,B,unit:2,0.1256,0.4327,0.4155,0.046,
SUB-EDIbWft9Oz,B,unrequested,0.0563,0.6047,0.909,0.092,
SUB-EDIbWft9Oz,B,dq_interaction,0.7056,0.6307,0.2381,0.066,"The ""manage subscription"" button is gone and only the payment method management button remains, so the path for managing the subscription overall feels weak."
SUB-YfFEiNaN1l,A,dq_layout,0.0636,0.3379,0.6783,0.2119,"The spacing is insufficient, making chunking difficult."
SUB-RRGCS4UFDE,A,unrequested,0.0263,0.8467,0.954,0.0654,A button to view all products was added.
SUB-RRGCS4UFDE,A,dq_layout,0.0493,0.5594,0.4277,0.0654,The whitespace between the two feels tight.
SUB-RRGCS4UFDE,A,dq_interaction,0.0329,0.8407,0.954,0.0745,A button to check all products was added.
SUB-RRGCS4UFDE,B,unrequested,0.0296,0.8475,0.9244,0.0471,I'm curious about the intent behind adding this part.
SUB-RRGCS4UFDE,B,dq_hierarchy,0.7303,0.1687,0.2632,0.0821,It's a shame that it gives the impression of already being selected.
SUB-RRGCS4UFDE,B,dq_layout,0.0526,0.5465,0.4474,0.0623,"The spacing between the product name and price looks tight, and having the size down in the bottom right doesn't seem right."
SUB-RRGCS4UFDE,B,dq_interaction,0.7205,0.1581,0.2763,0.1003,A save button was added.
SUB-RRGCS4UFDE,B,dq_interaction,0.0066,0.8452,0.9343,0.0517,Brief delivery information is provided.
SUB-DI-r1NGE0v,A,dq_interaction,0.4949,0.597,0.4383,0.3484,
SUB-DI-r1NGE0v,B,dq_hierarchy,0.5792,0.5147,0.358,0.118,
SUB-DI-r1NGE0v,B,dq_interaction,0.8776,0.6299,0.0782,0.1591,
SUB-MlNuWOTPy-,A,unit:2,0.052,0.8247,0.9093,0.158,
SUB-MlNuWOTPy-,B,unit:2,0.3933,0.8147,0.5867,0.178,
SUB-e5y03vWVTw,A,unit:1,0.1427,0.651,0.8573,0.2784,"The sent date is below the name.
The sent status is on the far right, but the amount wasn't added."
SUB-e5y03vWVTw,A,unit:2,0.0708,0.3966,0.9089,0.1482,Well applied.
SUB-e5y03vWVTw,A,dq_hierarchy,0.065,0.4086,0.9233,0.5914,"The code area at the very top anchors the screen with visual weight. That creates the primary hierarchy. After that, everything looks well organized."
SUB-e5y03vWVTw,A,dq_legibility,0.0708,0.4306,0.8687,0.1062,"The code name is more visible than before. (Overall it's reversed from white to black text, so it stands out.)"
SUB-e5y03vWVTw,A,dq_legibility,0.1369,0.659,0.8631,0.2764,"There's more text; in cases like ""30days"" readability is handled well."
SUB-e5y03vWVTw,B,unit:1,0.0535,0.5969,0.9465,0.3726,The sent date is below the name. There's no sent amount.
SUB-e5y03vWVTw,B,unit:2,0.0305,0.3745,0.9492,0.1943,Applied it well.
SUB-e5y03vWVTw,B,unrequested,0.042,0.5689,0.958,0.3786,"The entire design of this area was changed. Removing the leftmost box -> the layout does get cleaner overall. But considering the increased amount of information, it seems there's a need for it to exist."
SUB-e5y03vWVTw,B,unrequested,0.0009,0.5642,0.4222,0.096,The title was changed arbitrarily.
SUB-e5y03vWVTw,B,dq_hierarchy,0.0132,0.6209,0.9868,0.1142,The hierarchy of the name / 30days is clearly high within the box.
SUB-e5y03vWVTw,B,dq_layout,0.0362,0.3685,0.9291,0.2123,The top/bottom padding was reduced. Feels like the information is packed too tightly inside the box.
SUB-e5y03vWVTw,B,dq_layout,0.0449,0.5769,0.9551,0.3846,"It makes better use of whitespace, and within that, adjusting font weight/size makes the layout look well organized."
SUB-JDy__IkEuF,A,unit:3,0.1299,0.3187,0.7531,0.076,Added at the bottom of the hero card.
SUB-JDy__IkEuF,B,unit:3,0.0477,0.7867,0.9003,0.098,Added at the bottom of the page.
SUB-9fPjNKuT1u,A,unit:2,0.0788,0.1307,0.7351,0.1031,Lesson-related information was added in two different designs.
SUB-9fPjNKuT1u,A,unit:3,0.0453,0.5113,0.9093,0.2842,"By giving it a notebook feel, it seems to make you want to write something."
SUB-9fPjNKuT1u,A,unrequested,0.0501,0.7972,0.9141,0.0981,It seems they changed the size of the bottom navigation area to something more appropriate.
SUB-9fPjNKuT1u,B,unit:1,0.0692,0.6202,0.8902,0.138,I think this is a part that should appear before you fill in the writing section above.
SUB-9fPjNKuT1u,B,unit:2,0.0382,0.1448,0.9308,0.1296,It's easy to see at a glance what information is being provided for each function.
SUB-9fPjNKuT1u,B,unit:3,0.7184,0.3526,0.1838,0.0582,I'm curious whether pressing this changes the ink color.
SUB-9fPjNKuT1u,B,unrequested,0.5656,0.8346,0.1599,0.0898,A clear button was added.
SUB-9fPjNKuT1u,B,dq_interaction,0.5752,0.8404,0.1384,0.0814,A button was added.
SUB-9fPjNKuT1u,B,dq_interaction,0.0692,0.626,0.8902,0.1247,They split into 3 steps what could have been split into 2.
SUB-XP9ZK7IyN4,A,unit:1,0.6255,0.2507,0.3151,0.024,
SUB-XP9ZK7IyN4,B,unit:1,0.6354,0.2427,0.2905,0.038,
SUB-ynGwX-nedD,B,unrequested,0.0526,0.3849,0.9014,0.0608,A messaging function was additionally created.
SUB-ynGwX-nedD,B,dq_legibility,0.0132,0.2162,0.9606,0.0958,"The information telling you the details given by the thumbnail and title above catches the eye well, which seems good."
SUB-ynGwX-nedD,B,dq_interaction,0.0559,0.3849,0.9211,0.0745,An additional button was created.
SUB-ynGwX-nedD,B,overall,0.0822,0.2146,0.885,0.1034,I liked that the detailed information catches the eye well.
SUB--zgWefV7-B,A,unit:2,0.2837,0.8716,0.4624,0.0695,Line button
SUB-Jd1cCWKZk2,A,unrequested,0.1098,0.5163,0.7112,0.0914,A supplementary description section was added.
SUB-Jd1cCWKZk2,A,dq_craft,0.0979,0.2886,0.8138,0.2211,Placing the toggle and the check icon together conveys a redundant meaning.
SUB-E_oT9jR_Tu,B,dq_layout,0.0639,0.6615,0.8261,0.096,
SUB-okpQf_4bEs,B,unit:1,0.0306,0.4899,0.9597,0.1788,This part was restructured.
SUB-CLY9L_CqFH,A,dq_craft,0.0362,0.071,0.0724,0.1748,It feels like the kind of design form that AI uses.
SUB-CLY9L_CqFH,B,unrequested,0.0329,0.3309,0.9671,0.2159,"The list design was changed, and grouping them into cards by the same category makes the flow of the eye feel natural. However, I don't really understand the intent behind adding icons like the mic symbol."
SUB-CLY9L_CqFH,B,unrequested,0.0329,0.2656,0.9442,0.0638,"It changed from a tab form to something like a toggle, and the toggle also seems to blend into the screen naturally."
SUB-CLY9L_CqFH,B,dq_craft,0.0493,0.3613,0.1151,0.0578,I don't really understand the intent of this part.
SUB-UUqBkapsi_,B,unit:1,0.0424,0.3465,0.9399,0.062,Morning shift-change time display
SUB-MCmHzBE3WF,A,dq_interaction,0.4327,0.4639,0.5287,0.2893,It looks more like part of the descriptive text than a progress bar.
SUB-zlgIrhxV7z,A,unit:1,0.052,0.0819,0.9392,0.06,"Juxtaposing ""log in"" with ""Educator sign-up"" is a bit overly conscious of the teacher-facing use case."
SUB-zlgIrhxV7z,A,unit:2,0.0261,0.2179,0.2251,0.51,"If it has to be done in order, then either hide the content of step 2, or else don't use a step component at all."
SUB-zlgIrhxV7z,B,dq_craft,0.0174,0.3749,0.9825,0.268,There seems to be no reason to group it in a box; it looks cramped.
SUB-zlgIrhxV7z,B,dq_craft,0.0261,0.8099,0.9739,0.134,"With the color removed from the main button, the weight at the bottom of the screen is gone overall and it feels like it's floating."
SUB-Ri8qeViAEn,B,dq_hierarchy,0.0368,0.4033,0.9403,0.3278,Presented in card form
SUB-A9Nvus3_Rr,B,unit:2,0.6382,0.0705,0.3618,0.0675,Delivery info tracking
SUB-osaoNwiTbQ,A,dq_hierarchy,0.0596,0.6727,0.8867,0.0972,
SUB-osaoNwiTbQ,A,dq_interaction,0.0446,0.7977,0.9228,0.1028,"The order of the camera and mic, and the order of the other two, are swapped."
SUB-chBTFc5rey,A,unit:1,0.1873,0.3206,0.169,0.0623,"It seems this part is set up so you can enter a number when you tap it, but I think it would be better if it were set up so you could change it with a dropdown or -/+."
SUB-chBTFc5rey,A,dq_interaction,0.1542,0.3176,0.1988,0.0714,A function for changing the number of servings was added.
SUB-chBTFc5rey,B,unit:1,0.6008,0.3571,0.375,0.076,"If the only numbers you can change to are 2, 4, and 6, then I think it's appropriately applied, but if you'd want to change to a wider variety of serving counts, a different design would be needed."
SUB-chBTFc5rey,B,dq_hierarchy,0.0349,0.3662,0.9409,0.0684,"As the structure for selecting the number of servings moved to the bottom, the information hierarchy changed a bit."
SUB-chBTFc5rey,B,dq_interaction,0.5876,0.354,0.3981,0.0806,A serving-count selection function was added.
SUB-SUuVN_v5Y3,A,unit:1,0.0428,0.2263,0.9475,0.1338,It showed the audience performance prominently.
SUB-SUuVN_v5Y3,A,unit:1,0.2566,0.1427,0.3816,0.0654,It was restructured so you can confirm the creator's identity.
SUB-SUuVN_v5Y3,A,unit:1,0.8027,0.3814,0.1842,0.3496,"The lists below also show performance with streaming numbers, but it does feel excessive."
SUB-SUuVN_v5Y3,A,unrequested,0.0296,0.7371,0.9704,0.19,I think it would have been fine to keep the same composition as before.
SUB-SUuVN_v5Y3,B,unit:1,0.0286,0.0758,0.953,0.1946,"By putting the information the user needs to pay attention to regarding the creator into a single card, it feels easy to view."
SUB-SUuVN_v5Y3,B,unrequested,0.0388,0.2674,0.9462,0.2204,The part expressing monthly viewership as a graph feels good for visibility.
SUB-SUuVN_v5Y3,B,dq_layout,0.0015,0.0484,0.9985,0.4424,The layout structure of the top section makes the information easy to read.
SUB-SUuVN_v5Y3,B,dq_craft,0.0253,0.0439,0.9598,0.4515,I think they built the design structure so that the top section can be grasped quickly.
SUB-t6EvCrcvb2,B,dq_hierarchy,0.5695,0.1577,0.4178,0.5761,This area is emphasized.
SUB-vKQNl1-t5X,A,dq_hierarchy,0.0488,0.3149,0.896,0.131,Additional information.
SUB-xrT0Xan6Zk,A,unit:1,0.1272,0.32,0.7481,0.1476,
SUB-xrT0Xan6Zk,B,unit:1,0.0549,0.3235,0.8828,0.2188,
SUB-xrT0Xan6Zk,B,unrequested,0.1621,0.742,0.7606,0.0608,
SUB-KMx3shszON,A,unit:3,0.0399,0.2106,0.9002,0.1042,
SUB-KMx3shszON,B,unit:3,0.0673,0.188,0.9002,0.099,
SUB-BEIZ_Pq0ug,A,unit:2,0.0745,0.2033,0.8683,0.1167,"A button to get started was added, but it feels excessive."
SUB-BEIZ_Pq0ug,A,dq_layout,0.069,0.5057,0.8766,0.1741,This part feels slightly narrower than before.
SUB-BEIZ_Pq0ug,A,dq_interaction,0.0993,0.2072,0.8161,0.1148,The button the designer requested was added.
SUB-BEIZ_Pq0ug,B,unit:2,0.0416,0.1842,0.915,0.1569,"With both a + and a start button available to select, it feels like there are two redundant ways to select."
SUB-BEIZ_Pq0ug,B,unrequested,0.0388,0.3297,0.9178,0.1684,"The graph format was changed to feel like a weekly calendar. You can immediately see today's study time as a number, but I think it gives less of a sense of achievement."
SUB-BEIZ_Pq0ug,B,dq_hierarchy,0.7533,0.0426,0.1869,0.1244,"By telling me I've completed 79% of my plan, I can now check my progress."
SUB-BEIZ_Pq0ug,B,dq_hierarchy,0.0635,0.5382,0.1401,0.2679,"An icon was added in front of the topic, but it's ambiguous what it's supposed to mean."
SUB-BEIZ_Pq0ug,B,dq_interaction,0.7285,0.0483,0.2116,0.1225,It's positive that you can see today's progress stage.
SUB-BEIZ_Pq0ug,B,dq_interaction,0.08,0.2033,0.8463,0.1206,"As requested, a button to start today's record was added, but since both the + icon and the start button are shown, it gives the impression that you have to press both to get started."
SUB-t43KIZoNS3,A,unrequested,0.0466,0.8263,0.9176,0.0613,A brief description was added.
SUB-t43KIZoNS3,A,dq_interaction,0.871,0.0081,0.129,0.053,The share button the user requested was added.
SUB-t43KIZoNS3,B,unit:1,0.6595,0.0,0.3297,0.1157,"The chip style and the design of the share function and the policy chip section are similar, so they should be recognized as belonging to different functions, but they read as the same function, which is a shame."
SUB-t43KIZoNS3,B,unit:3,0.3333,0.0561,0.3405,0.0563,"Rather than applying the same padding value throughout, the card size was matched to the privacy policy, so the second chip's margin looks narrow. On top of that, this way only up to 3 can be shown in one layer."
SUB-t43KIZoNS3,B,dq_interaction,0.6882,0.0064,0.3118,0.0513,A share button was added.
SUB-A9FP2jIjhC,A,unit:2,0.2339,0.2072,0.5537,0.1623,It feels like only part of the delete card's background was changed rather than the whole thing. The color seems to have been picked as something similar based on the button color.
SUB-A9FP2jIjhC,A,unrequested,0.2601,0.3408,0.5012,0.1305,It's grouped once into a card and displayed that way.
SUB-A9FP2jIjhC,A,unrequested,0.2506,0.5286,0.3508,0.1464,"A bullet block was added in front of each sentence, improving visibility."
SUB-A9FP2jIjhC,B,unrequested,0.2721,0.1085,0.7041,0.1432,The running text was changed into a form where it's grouped into cards.
SUB-A9FP2jIjhC,B,unrequested,0.2983,0.4618,0.6563,0.2482,"I'm curious about the intent behind separating it into cards, but the division feels appropriate."
SUB-A9FP2jIjhC,B,dq_interaction,0.3007,0.605,0.4702,0.105,A confirmation phrase and a checkbox were added.
SUB-9SQFiAuW8M,A,unit:3,0.6396,0.1276,0.3341,0.576,It applied the request exactly.
SUB-9SQFiAuW8M,A,unrequested,0.0191,0.0226,0.21,0.4773,The sidebar's category structure was divided arbitrarily.
SUB-9SQFiAuW8M,A,dq_craft,0.6301,0.1149,0.3556,0.5887,This part comes across as highly polished.
SUB-9SQFiAuW8M,A,dq_craft,0.253,0.1149,0.3699,0.5473,Filling the background of the most important screen with purple feels a bit overwhelming.
SUB-9SQFiAuW8M,A,dq_interaction,0.6874,0.021,0.2959,0.0764,A button was added next to the badge.
SUB-9SQFiAuW8M,B,unrequested,0.1313,0.0131,0.5107,0.0668,A top tab was added.
SUB-9SQFiAuW8M,B,unrequested,0.7064,0.0783,0.2864,0.0986,Two buttons were added.
SUB-9SQFiAuW8M,B,dq_interaction,0.685,0.0879,0.1671,0.1082,A button was added.
SUB-9SQFiAuW8M,B,dq_interaction,0.1313,0.0147,0.5107,0.0636,A tab format was added.
SUB-0kBfR58QOg,A,dq_legibility,0.016,0.368,0.9619,0.1708,
SUB-0kBfR58QOg,B,dq_legibility,0.6934,0.168,0.3066,0.0972,Putting a change link on the right makes it clear how to pick the date again.
SUB-8MkN7bC1bV,A,unrequested,0.0048,0.8945,0.2124,0.1055,It became possible to view my profile.
SUB-8MkN7bC1bV,B,unit:1,0.0286,0.1213,0.3723,0.5251,"The request was reflected well, but a title and detailed description section were added."
SUB-8MkN7bC1bV,B,unrequested,0.4535,0.1595,0.0477,0.2928,It's good that the number of items the user needs to select is clearly conveyed.
SUB-8MkN7bC1bV,B,unrequested,0.031,0.1276,0.3771,0.5632,Text was added that lets you briefly understand the explanation before executing something.
SUB-5BoZN5jsUW,A,unit:2,0.2196,0.7342,0.494,0.07,"Grouping the lesson list by section was reflected well, but the chevron on the right would be more appropriate pointing downward rather than to the right. That area looks like it opens the detailed lesson list downward in an accordion style, so I think that icon is inappropriate."
SUB-5BoZN5jsUW,A,dq_interaction,0.222,0.6801,0.4916,0.0796,"This area has the same problem that also appears in the existing draft: it seems the lock icon was used to indicate that lesson 5, ""Reinvesting when a rung matures,"" is still locked. But because of that, the time information for that lesson disappeared. This looks like the result of placing the icon wherever there was visible space without much thought, and as a result the design consistency of the ""lesson time information"" broke down, and the user can't tell how long lesson 5 is."
SUB-5BoZN5jsUW,A,dq_interaction,0.2243,0.4765,0.327,0.2037,"There are various styles of check icon, and the square-box check icon used in variant A is usually used when the user can toggle the check on/off. But in this situation, you can't revert an already-completed lesson back to not-taken, so rather than that square-box check icon, a round check icon like in the 'Inflearn' reference seems more appropriate."
SUB-5BoZN5jsUW,B,unit:1,0.0143,0.0055,0.6659,0.0827,"That said, variant B moved the menus that were in the bottom navigation tab at the existing mobile resolution up to the top, and since this is a design somewhat different from the existing mental model, I think variant A's left side menu is more appropriate.

If it were a tablet resolution rather than desktop, the width would be narrower, so I'd say variant B would be more appropriate. But the prompt requested the desktop version, not tablet, so I'm giving it a low score."
SUB-5BoZN5jsUW,B,unrequested,0.8544,0.5401,0.1098,0.21,"I think this is an example of incorrect grouping. Right now the 'lesson video time' and the 'lock icon' are grouped together, but these two pieces of information are really different in nature. I think it would be more appropriate to place the time-related information on its own on the right, and group the 'lock icon' meaning 'lesson locked' next to the lesson title."
SUB-5BoZN5jsUW,B,dq_layout,0.8711,0.2887,0.0979,0.2196,"By placing the 'lock icon' at the far right, the time information for already-unlocked lessons isn't right-aligned, so it looks slightly adrift and the spacing looks awkward."
SUB-5e58iwyre9,A,unit:1,0.0773,0.5892,0.8579,0.1546,
SUB-5e58iwyre9,B,unit:1,0.0898,0.5857,0.8354,0.1494,
SUB-nCxPQxmcL6,A,unrequested,0.003,0.8177,0.2204,0.1805,
SUB-wdQxdwCgq8,A,unit:1,0.08,0.1482,0.6106,0.0642,"The main content of the headline was changed from 'Share' to 'Review,' which makes 'Review' the main action request of this screen. But is 'review' really the main action of this screen? The icon at the top is a 'share' icon and all three actions at the bottom are about 'Share,' so variant A has the problem that the headline and the body are telling different stories."
SUB-wdQxdwCgq8,A,dq_legibility,0.057,0.3267,0.8928,0.2487,"Variant A has a lot of line elements: the boxes have outlines, and keyword badges like 'Beginner' have lines too. The more lines there are like this, the messier and more cluttered the UX/UI design looks. Reducing the line elements would probably look cleaner."
SUB-wdQxdwCgq8,A,dq_interaction,0.0685,0.6035,0.8669,0.333,"They used a 'chevron' icon for each of the three actions, but I think a 'button' would be a more suitable component for that area."
SUB-wdQxdwCgq8,B,dq_layout,0.0685,0.7449,0.8727,0.2387,I doubt whether this button placement and layout is really the best option. Seems like some other directions should be considered.
SUB-wdQxdwCgq8,B,dq_interaction,0.057,0.5975,0.8755,0.0923,I think it's better to focus on just one purpose per screen. The main purpose of this screen right now is 'Share this lesson'. But I think we need to reconsider whether 'Change lesson' in the middle is really necessary at this stage. That extra information makes the design look cluttered overall.
SUB-O7fts2_GUh,B,dq_craft,0.0501,0.2597,0.8807,0.1389,The alignment and hierarchy of the date part looks unstable.
SUB-LC9mDOIPTu,A,dq_layout,0.0,0.0783,0.9745,0.075,There are cases where the label runs to two lines..
SUB-LC9mDOIPTu,B,dq_layout,0.0824,0.1982,0.9063,0.7677,That AI-ish left line design.
SUB-pwtbLx2MHK,A,unit:3,0.4072,0.2882,0.5531,0.1303,"A select-all button was created at the very top.
(But that button's area doesn't need to be this large - it's excessive)"
SUB-pwtbLx2MHK,A,dq_layout,0.3905,0.2119,0.5746,0.5849,"The whitespace in this part looks excessive. Assuming this page fills the entire desktop, the card size is too large."
SUB-pwtbLx2MHK,B,unit:3,0.5145,0.3359,0.4148,0.1589,"Placing the two buttons at the top right is appropriate.
It feels like the entire row isn't a button element, but rather that the buttons sit in part of an area that conveys the overall summary."
SUB-pwtbLx2MHK,B,dq_legibility,0.0472,0.4789,0.9528,0.3052,Readability improved by being sorted into three categories.
SUB-pwtbLx2MHK,B,dq_legibility,0.6527,0.4916,0.2694,0.1272,"With a single member turned into a card format, it's visually easy to take in."
SUB-TE3nIXQi88,A,unit:3,0.7226,0.1892,0.2609,0.078,
SUB-TE3nIXQi88,A,dq_layout,0.0142,0.0633,0.9858,0.1559,It doesn't make full use of the space and the right side looks empty.
SUB-TE3nIXQi88,B,unit:3,0.467,0.2132,0.4183,0.078,
SUB-o9Mh3oNfWL,A,unit:2,0.6352,0.4331,0.148,0.0732,I couldn't really tell whether this part was added or which part's folder was reduced.
SUB-o9Mh3oNfWL,A,unrequested,0.1698,0.7243,0.2864,0.0668,It provides supplementary explanation about the feature.
SUB-o9Mh3oNfWL,A,unrequested,0.64,0.5334,0.1408,0.0477,It tells you the updated date.
SUB-o9Mh3oNfWL,B,unit:2,0.7163,0.3472,0.2578,0.3723,"This part was newly created.
If which information is shown isn't the important part, it seems like the additional feature blends naturally into the list format."
SUB-o9Mh3oNfWL,B,unrequested,0.0147,0.0258,0.21,0.4296,A sidebar appeared.
SUB-o9Mh3oNfWL,B,unrequested,0.8237,0.2263,0.1456,0.0605,A badge was added.
SUB-o9Mh3oNfWL,B,unrequested,0.2485,0.0194,0.2291,0.0446,A table of contents section was newly created.
SUB-MFlt_wZwpl,A,unit:1,0.0561,0.5328,0.9439,0.1502,White on the pink background fits well.
SUB-MFlt_wZwpl,A,dq_hierarchy,0.0473,0.4126,0.8992,0.3145,"The recovery part stands out a bit too much, so the hierarchy feels somewhat tangled.
Needs either a design change or a change in the placement of that part."
SUB-MFlt_wZwpl,A,dq_legibility,0.0797,0.4126,0.8992,0.3305,Looks like a lot of content -> readability suffers.
SUB-MFlt_wZwpl,A,dq_layout,0.0473,0.4106,0.8933,0.3385,"Design-wise there are too many elements.
Font sizes: 4
Font colors: 3
A third element made of fill+line (rather than just fill) was added in the middle, not even at the end."
SUB-MFlt_wZwpl,B,unit:1,0.0929,0.3004,0.8548,0.2344,I'm really curious on what grounds the AI put it in that position.
SUB-D982TV63-T,B,unrequested,0.7382,0.6482,0.1746,0.0799,"I only asked for the tone to be changed, but the state value changed."
SUB-D982TV63-T,B,dq_hierarchy,0.0698,0.0508,0.9002,0.1077,The number info card placed above the profile gets read first.
SUB-D982TV63-T,B,dq_interaction,0.0823,0.4485,0.8678,0.1007,
SUB-zY1_yhHQA4,A,unit:1,0.0,0.0,0.2663,0.0431,"Displayed at the very top left.
Changed from the regular event page."
SUB-zY1_yhHQA4,A,unit:3,0.0422,0.4376,0.472,0.0795,It has been restructured.
SUB-zY1_yhHQA4,A,dq_legibility,0.0303,0.45,0.5698,0.3751,"The specific information is divided into boxes and nicely organized, so readability improved."
SUB-zY1_yhHQA4,A,dq_layout,0.6454,0.2465,0.3546,0.6962,"It's shown split into leader/crew, but the layout makes it clear to anyone that these are the participants."
SUB-zY1_yhHQA4,A,dq_layout,0.0017,0.078,0.6294,0.8583,"Provides appropriate space.
Without feeling cramped, the most important information is put in a box, large and bold, and the rest is nicely pulled out thin and small.
Sorted into four categories, so the balance looks right too."
SUB-zY1_yhHQA4,A,dq_layout,0.0,0.6757,0.6144,0.2193,"The additional content is pulled out entirely as running text, so it looks well organized."
SUB-zY1_yhHQA4,B,unit:1,0.0,0.0,0.2377,0.0847,Displayed at the top left.
SUB-zY1_yhHQA4,B,unit:3,0.2472,0.32,0.7528,0.68,"There are too many boxes, so the amount of information looks fragmented and excessive."
SUB-zY1_yhHQA4,B,dq_hierarchy,0.2281,0.2723,0.7719,0.7277,The most important box here isn't visible.
SUB-zY1_yhHQA4,B,dq_legibility,0.2687,0.2945,0.7313,0.7055,"What's emphasized is bold and a slightly larger font.
There's already too much text, and on such a fragmented screen the emphasized font doesn't stand out."
SUB-zY1_yhHQA4,B,dq_layout,0.2448,0.2532,0.7552,0.7468,"It's split up into overly tiny pieces, and there must surely be information that could be handled without any box at all, yet everything is put in boxes.
Things that should be grouped need to be grouped."
SUB-ydbIoAjJhf,A,unit:1,0.0134,0.2708,0.9769,0.0417,"The part about a short category label made me pause for a moment.
Once I understood that part, I think it was applied well as requested."
SUB-ydbIoAjJhf,A,dq_hierarchy,0.0022,0.4826,0.9978,0.0573,"With this part appearing, it feels like the categories are being classified."
SUB-ydbIoAjJhf,B,unit:1,0.0149,0.2552,0.9777,0.0538,"It seems they used only text and a line to make it look like a category, but it isn't clearly distinguished from the list items below it."
SUB-x_DkZCYp3K,A,dq_hierarchy,0.0285,0.309,0.9543,0.467,"Just as requested, the terms clauses are broken up by number and read well."
SUB-x_DkZCYp3K,A,dq_interaction,0.0134,0.9166,0.9806,0.0781,"As requested, a ""Decline and exit"" button was added."
SUB-x_DkZCYp3K,B,dq_hierarchy,0.0172,0.342,0.1766,0.3333,"By numbering each sentence and differentiating the subheadings from the body text in size and weight, the readability of the block of text feels good."
SUB-x_DkZCYp3K,B,dq_interaction,0.0172,0.9114,0.4246,0.0764,"The ""Decline and quit"" button sits to the left of the ""Agree and continue"" button, offering two options."
SUB-8Mn0dMeZUF,A,unit:1,0.0653,0.1943,0.7018,0.2003,Play
SUB-8Mn0dMeZUF,A,unit:1,0.0854,0.4346,0.6587,0.2344,Save
SUB-8Mn0dMeZUF,A,unit:1,0.071,0.3806,0.929,0.0681,Line
SUB-8Mn0dMeZUF,A,unit:2,0.0682,0.0721,0.2589,0.1102,Changed
SUB-8Mn0dMeZUF,A,unit:3,0.0394,0.8553,0.9233,0.1362,Changed to a fill design (increased sense of weight/clarity)
SUB-8Mn0dMeZUF,A,dq_hierarchy,0.0,0.0,0.8994,0.2363,No. 1
SUB-8Mn0dMeZUF,A,dq_hierarchy,0.0653,0.1943,0.8485,0.5088,No. 2
SUB-8Mn0dMeZUF,A,dq_hierarchy,0.0423,0.7952,0.9577,0.2048,No. 3
SUB-8Mn0dMeZUF,B,unit:1,0.0624,0.2303,0.9376,0.3345,"Split into two (but split horizontally, which creates empty space)"
SUB-8Mn0dMeZUF,B,unit:1,0.071,0.5068,0.9003,0.3265,Way too much meaningless empty space created
SUB-8Mn0dMeZUF,B,unit:2,0.0969,0.058,0.8715,0.1963,"Order changed - the reading order became more natural.
But at this level it feels kind of like, why bother..?"
SUB-8Mn0dMeZUF,B,unit:3,0.2436,0.8511,0.5465,0.1402,"The design changed completely, but with so much changed it ended up totally different from the rest of the layout design, resulting in very low visibility."
SUB-8Mn0dMeZUF,B,dq_hierarchy,0.0394,0.0238,0.9606,0.5709,This area is divided into title / content (play/save)
SUB-8Mn0dMeZUF,B,dq_hierarchy,0.1314,0.7209,0.8686,0.2791,The problem is the design changed such that it doesn't even belong to that button's hierarchy
SUB-8Mn0dMeZUF,B,dq_legibility,0.0,0.0418,0.9569,0.5409,Readability improved.
SUB-8Mn0dMeZUF,B,dq_legibility,0.235,0.785,0.6213,0.215,Not visible (though you'd probably still perceive it from the flow..)
SUB-8Mn0dMeZUF,B,dq_layout,0.0135,0.2241,0.9636,0.3465,"Laying two items out horizontally is something you do to make things look tidy when there's more content to be added below.
When there isn't any, as now, doing it horizontally actually makes that part look relatively information-heavy while the area below looks too empty."
SUB-8Mn0dMeZUF,B,dq_layout,0.1458,0.793,0.7277,0.1943,"On top of that, since the cancel button was changed to a slightly darker gray line against the background, the whole area below looks like blank space (not whitespace design)"
SUB-8Mn0dMeZUF,B,dq_interaction,0.1861,0.771,0.7363,0.229,Hard to see
SUB-lUWgrcXun0,A,dq_legibility,0.0253,0.7031,0.9747,0.1522,Made clearly visible with a fill color
SUB-lUWgrcXun0,A,dq_layout,0.0483,0.1342,0.9517,0.7532,"You first see that it's divided into 1, 2, 3,
and within that, each area looks neatly organized to fit."
SUB-lUWgrcXun0,B,unit:1,0.0598,0.2143,0.0978,0.641,Connected with a line
SUB-lUWgrcXun0,B,unit:2,0.0742,0.1121,0.9258,0.1162,Moved to the very top so it's seen first
SUB-lUWgrcXun0,B,dq_layout,0.0454,0.1141,0.8773,0.1783,"The weight feels slightly top-heavy; instead of adding a background color, other approaches would also look good"
SUB-ZnBHrobeZe,A,dq_hierarchy,0.7198,0.2899,0.278,0.2899,The requested button was added.
SUB-ZnBHrobeZe,A,dq_layout,0.0247,0.3593,0.6237,0.0573,"The whitespace is reduced compared to the original, giving a cramped feeling."
SUB-ZnBHrobeZe,A,dq_interaction,0.7686,0.2899,0.2142,0.2986,"An ""Apply"" button was added."
SUB-ZnBHrobeZe,B,unrequested,0.0473,0.0816,0.9318,0.125,The card's layout structure was changed.
SUB-ZnBHrobeZe,B,dq_hierarchy,0.0435,0.2482,0.1465,0.2743,"With the radio buttons added, the eye is drawn slightly elsewhere."
SUB-ZnBHrobeZe,B,dq_layout,0.2727,0.3159,0.6951,0.0434,It has a narrower layout structure than the original.
SUB-ZnBHrobeZe,B,dq_interaction,0.021,0.2534,0.1841,0.2639,It's now structured so you can select a coupon with radio buttons.
SUB-VhjrQMAqpL,A,unit:1,0.3961,0.4286,0.5379,0.1142,Not below the remaining time. Content was added though.
SUB-VhjrQMAqpL,A,dq_legibility,0.1027,0.4447,0.8658,0.0461,Too many characters in this one line
SUB-VhjrQMAqpL,A,dq_layout,0.1027,0.3906,0.8082,0.1763,More text -> less whitespace -> layout looks cramped
SUB-VhjrQMAqpL,B,unit:1,0.0768,0.3966,0.9032,0.2203,Placed below
SUB-bIb3wMn7Ip,A,dq_interaction,0.5065,0.2829,0.3376,0.03,Looks like a button
SUB-bIb3wMn7Ip,B,dq_interaction,0.0109,0.3033,0.9891,0.07,Follow back all at once
SUB-wCKDC2fkUT,A,unit:1,0.0454,0.2147,0.9546,0.068,Added it in
SUB-wCKDC2fkUT,B,unit:1,0.0,0.2307,1.0,0.09,Created a new area and put it in
SUB-CJFYopjdEf,A,unit:1,0.7682,0.0127,0.1601,0.074,A save button was added
SUB-CJFYopjdEf,A,unit:2,0.0194,0.8167,0.8873,0.088,Moved the info up and made the button long horizontally
SUB-CJFYopjdEf,A,dq_legibility,0.028,0.6307,0.972,0.304,"Rather than looking like one connected piece of information, it looks separated, which improves readability"
SUB-CJFYopjdEf,B,unit:1,0.5864,0.0087,0.3333,0.046,Button added (icon + text)
SUB-CJFYopjdEf,B,unit:2,0.093,0.7765,0.818,0.18,"Content up, button long
I don't think the content is important enough to warrant showing it as a fill"
SUB-CJFYopjdEf,B,dq_layout,0.0713,0.2965,0.9287,0.666,"The color box above the button at the very bottom — information of a slightly different nature from what was used before is put in a box, so it looks slightly off"
SUB-2q8946Pvr4,B,unrequested,0.0083,0.2923,0.5588,0.1043,An inexplicable change
SUB-2q8946Pvr4,B,unrequested,0.0688,0.6955,0.8698,0.0682,.
SUB-7ZIDj0CES5,A,unit:1,0.0288,0.5477,0.9642,0.2896,"The bottom whitespace takes up too much room, so it feels like something more needs to be added there."
SUB-7ZIDj0CES5,A,unit:2,0.0407,0.8532,0.5943,0.1305,"The instruction was accurately reflected. It laid out a button that doesn't overlap with done, and differentiated the colors for each button."
SUB-7ZIDj0CES5,A,unrequested,0.067,0.0449,0.9236,0.0827,A header appeared at the top.
SUB-7ZIDj0CES5,A,dq_craft,0.0479,0.8627,0.5871,0.1082,"You can tell that all three buttons have different functions, but the distinction between the two buttons on the left feels insufficient."
SUB-7ZIDj0CES5,A,dq_interaction,0.0455,0.8659,0.5823,0.1146,One button was added.
SUB-7ZIDj0CES5,B,unit:1,0.0598,0.6686,0.9236,0.1941,The use of whitespace still feels lacking.
SUB-7ZIDj0CES5,B,unit:2,0.5944,0.9009,0.1074,0.0764,A button was added.
SUB-7ZIDj0CES5,B,unrequested,0.0479,0.449,0.6993,0.0891,It makes me wonder what the intent is behind expressing icons per card topic.
SUB-7ZIDj0CES5,B,unrequested,0.0312,0.0194,0.9688,0.0636,A header was added.
SUB-7ZIDj0CES5,B,dq_interaction,0.5658,0.8914,0.1527,0.0986,A button was added as requested.
SUB-VYjgdUyBJI,A,unit:1,0.0151,0.2367,0.9849,0.074,A new field for dividing topics appeared
SUB-VYjgdUyBJI,B,unit:1,0.0194,0.2167,0.9806,0.294,"Grouped into 3 sections in box form.
There is consistency, but rather than the 3 being equal,
Transfer is one
and Savings/Cards look like they form one group of two"
SUB-VYjgdUyBJI,B,dq_hierarchy,0.0627,0.2047,0.9373,0.298,"The popular section clearly gained higher hierarchy
As design elements were added to the text, the hierarchy rose"
SUB-VYjgdUyBJI,B,dq_layout,0.0324,0.2067,0.9676,0.756,"Overall the layout
looks divided into 3–4 levels"
SUB-N66sUNSAR0,B,dq_layout,0.0044,0.5099,0.9956,0.196,
SUB-aaDRmGWwuP,B,unit:1,0.0584,0.4347,0.8208,0.0782,"The part with ""6 mutual + also followed by june park and 3 others"" actually makes it more confusing. Having the numbers 6 and 3 hit you at once, with some people shown as photos and others as text, is confusing."
SUB-l09I4Z0Ocy,A,unrequested,0.0167,0.8277,0.1957,0.1718,Supplementary explanation was added.
SUB-l09I4Z0Ocy,A,unrequested,0.9356,0.0099,0.0549,0.0764,A stroke was applied to the cancel button.
SUB-l09I4Z0Ocy,A,dq_legibility,0.2076,0.0958,0.4415,0.6173,"The internal structure of the card feels the same as the original, but looking at it as a whole, attention is drawn heavily to this card."
SUB-l09I4Z0Ocy,B,unit:2,0.0644,0.3727,0.599,0.1368,It's not the overall card style — the start free trial and open note buttons are gone.
SUB-l09I4Z0Ocy,B,unrequested,0.3461,0.7482,0.3365,0.0764,The order of this part has been changed.
SUB-l09I4Z0Ocy,B,dq_craft,0.6277,0.1499,0.3723,0.385,The card color comes across as very different from the brand color.
SUB-HErMU7cBMw,A,unit:2,0.0728,0.8559,0.8612,0.0822,"If you're going to add a button, putting it here at the bottom is more by-the-book."
SUB-HErMU7cBMw,A,unrequested,0.7295,0.0255,0.2535,0.1264,It went ahead and changed to exercise-related icons on its own.
SUB-HErMU7cBMw,A,unrequested,0.453,0.5149,0.2477,0.1003,goal -> plan
SUB-HErMU7cBMw,A,unrequested,0.1016,0.1639,0.481,0.0682,.
SUB-HErMU7cBMw,A,dq_craft,0.692,0.3364,0.2391,0.0762,No improvement on this part
SUB-HErMU7cBMw,B,unrequested,0.0469,0.3464,0.9159,0.1304,Changed from a graph to this form
SUB-HErMU7cBMw,B,unrequested,0.044,0.4969,0.9044,0.3931,This part was also changed from a graph style to just icon + number
SUB-HErMU7cBMw,B,unrequested,0.7208,0.0315,0.2448,0.1444,Separates the hierarchy appropriately.
SUB-5dTN80IW8q,A,unrequested,0.7311,0.6614,0.2142,0.0538,The badge form changes when it's pending.
SUB-5dTN80IW8q,A,unrequested,0.0548,0.6545,0.1578,0.2726,The initial part differs depending on what it refers to.
SUB-5dTN80IW8q,A,dq_interaction,0.0022,0.6319,0.248,0.3142,
SUB-5dTN80IW8q,B,unit:1,0.5207,0.6093,0.4659,0.0469,"It's shown redundantly, through both the number and the progress bar."
SUB-5dTN80IW8q,B,unrequested,0.0397,0.8576,0.9393,0.0764,A card for when opening a new seat was added.
SUB-5dTN80IW8q,B,dq_interaction,0.0473,0.868,0.9243,0.066,A part laid out so you tap the card when opening a seat was added.
SUB-Jha42S5ubF,A,dq_hierarchy,0.0449,0.5156,0.9422,0.0818,Moving it to the top makes the distinction between the filter and the stickers feel much clearer.
SUB-Jha42S5ubF,A,dq_layout,0.0674,0.4652,0.0725,0.0714,You can tell the whitespace has been reduced compared to the original.
SUB-Jha42S5ubF,A,dq_craft,0.0399,0.627,0.7847,0.1566,The difference between the selected and unselected parts is much more noticeable.
SUB-Jha42S5ubF,A,dq_interaction,0.0549,0.641,0.7672,0.1532,"Inside the chips there's a check when selected and a plus when not, so I think it made it recognizable that tapping it selects it."
SUB-Jha42S5ubF,A,overall,0.0299,0.6236,0.7822,0.174,The structure of the stickers section comes across positively.
SUB-Jha42S5ubF,B,unit:2,0.0174,0.1858,0.9826,0.4177,The request was well reflected.
SUB-Jha42S5ubF,B,unit:3,0.0274,0.6766,0.9022,0.0487,"I think adding the icons put emphasis on the chip shape, but it also feels a bit excessive."
SUB-Jha42S5ubF,B,unrequested,0.0824,0.5235,0.8472,0.0696,The design style was changed.
SUB-9o9znfk_oo,A,dq_legibility,0.1434,0.5284,0.8055,0.2727,The text hierarchy is all the same.
SUB-9o9znfk_oo,B,dq_legibility,0.0312,0.4972,0.9102,0.2744,"Distinguished by icons and colors, so it's recognizable enough from the symbols alone."
SUB-9FVixJuqCe,A,unit:2,0.0397,0.2083,0.9017,0.1979,The sentences were broken up to make them easier to read.
SUB-9FVixJuqCe,A,unrequested,0.0473,0.6475,0.9205,0.1424,The wording of the bottommost text was changed.
SUB-9FVixJuqCe,A,unrequested,0.716,0.0139,0.278,0.0642,The color was changed.
SUB-9FVixJuqCe,B,unrequested,0.021,0.6041,0.9618,0.1441,It looks like it was added to build trust in the service.
SUB-9FVixJuqCe,B,unrequested,0.7123,0.0295,0.278,0.026,The color was changed.
SUB-wUnwz6NUZt,A,unrequested,0.4823,0.6003,0.296,0.088,A share function was added.
SUB-wUnwz6NUZt,B,unrequested,0.2182,0.4975,0.504,0.19,Shows all the steps expanded.
SUB-OLKL2MCHlM,B,unit:3,0.6504,0.3964,0.3126,0.0986,Gives a negative impression.
SUB-n-dQ4EhZqw,A,unrequested,0.0347,0.0304,0.9403,0.1177,"The part that would have looked empty is now filled, creating a sense of balance between top and bottom; by changing the sections into header / container / footer (button), it was adapted to suit users familiar with desktop."
SUB-n-dQ4EhZqw,A,dq_hierarchy,0.0514,0.8785,0.9069,0.0923,"In the button area, the hierarchy between the newly added button and the Undo button isn't clear, so it's hard to tell which is more or less important."
SUB--Il_wMO3kj,A,unrequested,0.2357,0.6608,0.7606,0.2228,"A ""completed today"" list was added."
SUB--Il_wMO3kj,B,unrequested,0.7868,0.0556,0.2132,0.0798,
SUB-7BFlXcbtBk,A,dq_craft,0.0362,0.122,0.9522,0.094,"The arrangement of the labels is awkward, which hurts the aesthetics."
SUB-KGAaAb71Ec,A,dq_hierarchy,0.0611,0.5345,0.8778,0.1169,
SUB-KGAaAb71Ec,B,dq_hierarchy,0.101,0.3482,0.8429,0.113,
SUB-02Era5LfOX,A,unrequested,0.6826,0.5222,0.3103,0.1718,This part has been added.
SUB-02Era5LfOX,A,dq_hierarchy,0.6706,0.0799,0.3294,0.436,"Maybe because of this card's background color, my eyes linger on it."
SUB-02Era5LfOX,B,unit:2,0.8544,0.0003,0.1432,0.0923,It's laid out so there's less chance of pressing it by mistake.
SUB-02Era5LfOX,B,unrequested,0.0072,0.4268,0.6396,0.21,The design form of this part was changed.
SUB-02Era5LfOX,B,dq_hierarchy,0.6348,0.1372,0.3628,0.3691,"The card background color changed, so it catches the eye first."
SUB-xmOIOAQ2kL,A,dq_hierarchy,0.796,0.2574,0.1803,0.1736,The nature of each item is distinguished by badges.
SUB-xmOIOAQ2kL,B,dq_hierarchy,0.0035,0.2686,0.9679,0.2083,Even icons and subtitles were included.
SUB-UP6NZ6yauj,B,unit:2,0.0276,0.3019,0.9589,0.0722,
SUB-UP6NZ6yauj,B,unrequested,0.0516,0.313,0.9078,0.0528,A bulk follow-back button was added.
SUB-UP6NZ6yauj,B,dq_craft,0.6708,0.3811,0.3276,0.3653,
SUB-evaj0VAJYi,B,unrequested,0.0923,0.0487,0.504,0.0481,An icon that wasn't requested was created.
SUB-evaj0VAJYi,B,unrequested,0.0577,0.6103,0.8813,0.2086,"The line spacing was reduced compared to the original UI. There was nothing about that in the instruction, so I'm noting it."
SUB-a9KU-d5s4K,A,dq_interaction,0.7662,0.64,0.2338,0.042,The price total is written out.
SUB-a9KU-d5s4K,B,unit:1,0.6364,0.632,0.3592,0.054,"Before, it was confusing whether this was the total amount, but with the ""total"" wording it's become a bit more intuitive."
SUB-a9KU-d5s4K,B,dq_interaction,0.5931,0.628,0.4069,0.062,It's become easier to check the grand total.
SUB-IWAI7Zamt_,A,dq_legibility,0.7254,0.1669,0.2546,0.2656,"The instructor profile area was improved, increasing readability and visibility."
SUB-IWAI7Zamt_,B,dq_legibility,0.3372,0.534,0.6202,0.1752,"It's spread too wide horizontally, so the information looks fragmented and readability suffers."
SUB-IWAI7Zamt_,B,dq_craft,0.3393,0.7114,0.0513,0.1807,"The corner radii differ, so there's no design consistency and it looks less aesthetically pleasing."
SUB-EnK-ld6q1l,B,unrequested,0.0,0.8569,1.0,0.066,Icons on both sides
SUB-fy1Ia3_ZQP,A,unrequested,0.6921,0.2786,0.3079,0.2196,Payment information
SUB-fy1Ia3_ZQP,A,unrequested,0.6945,0.6223,0.2888,0.1655,Add button
SUB-fy1Ia3_ZQP,B,unrequested,0.6683,0.2086,0.3246,0.4137,Summary screen
SUB-fy1Ia3_ZQP,B,unrequested,0.6683,0.0972,0.3198,0.0891,Add button
SUB-fy1Ia3_ZQP,B,unrequested,0.6826,0.6764,0.2936,0.0859,Add button
SUB-_J8jVZDPjA,B,unrequested,0.0434,0.324,0.9306,0.154,The layout was changed so that the information volunteers will check is in card form.
SUB-_J8jVZDPjA,B,unrequested,0.0347,0.506,0.0909,0.218,The things to do before arriving are laid out as a checklist.
SUB-_J8jVZDPjA,B,unrequested,0.0347,0.734,0.9522,0.076,The layout structure was changed.
SUB-_J8jVZDPjA,B,dq_interaction,0.0347,0.499,0.0996,0.23,A checkbox button has been added.
SUB-_J8jVZDPjA,B,dq_interaction,0.0217,0.735,0.9783,0.148,This structure makes it look like a screen where you can make a selection.
SUB-3i9h2J7b6j,A,unit:1,0.0651,0.3705,0.8871,0.0822,This part
SUB-3i9h2J7b6j,A,overall,0.5864,0.3585,0.1699,0.1063,It's just a shame that the color of this button area is the same as the background. Going with a white fill or similar would make it feel more polished.
SUB-3i9h2J7b6j,B,dq_hierarchy,0.0507,0.3043,0.8784,0.0722,"In parts like this, unnecessarily repeated text appears, which creates a readability problem."
SUB-3i9h2J7b6j,B,dq_hierarchy,0.0219,0.1318,0.9418,0.2608,"If it's going to be added at all, it seems more appropriate to place it below order-plan-seats. From a UX standpoint, it's more natural to prioritize confirming how many seats and orders were entered over which card was used for payment."
SUB-3i9h2J7b6j,B,dq_layout,0.019,0.0195,0.8842,0.1284,"The Order confirmed part also suddenly changes to a circular shape and left align, which hurts readability."
SUB-kkZTvQVHE7,A,unrequested,0.078,0.1919,0.8051,0.05,Added text
SUB-kkZTvQVHE7,A,unrequested,0.3767,0.3099,0.6103,0.046,Added text
SUB-kkZTvQVHE7,A,unrequested,0.619,0.7759,0.3679,0.064,Added text
SUB-kkZTvQVHE7,B,unit:1,0.0,0.0,0.9783,0.1489,"In particular, it even covers the top portion"
SUB-kkZTvQVHE7,B,dq_hierarchy,0.0174,0.0089,0.9826,0.144,The message is placed above the top bar
SUB-Ft4C4lm5PA,A,dq_legibility,0.0458,0.1651,0.9493,0.514,"Overall it feels like there's a bit too much text on the screen; text paragraphs are duplicated in vertical areas on both the left and right, so readability is disappointing"
SUB-Ft4C4lm5PA,B,dq_legibility,0.0217,0.2331,0.744,0.05,Organizing things into keyword bubbles improved readability
SUB-tBxNRuALF1,A,unit:1,0.4091,0.3861,0.2987,0.064,The emphasis on the date is a little lacking
SUB-tBxNRuALF1,A,unit:2,0.0801,0.4741,0.8484,0.278,"Parts like this in particular have so little presence that you'd skip right past them without reading. (The 'Pre-visit checklist' subtitle is small, and the content gets pushed to the back because of the background color.)"
SUB-tBxNRuALF1,A,unrequested,0.2663,0.1321,0.5281,0.118,The color has been changed.
SUB-tBxNRuALF1,A,unrequested,0.0498,0.9001,0.883,0.086,The bottom bar has been changed too
SUB-tBxNRuALF1,B,unit:2,0.0801,0.4521,0.1558,0.194,That vertical line catches the eye a bit more and gets users to actually read it.
SUB-tBxNRuALF1,B,unrequested,0.5779,0.6341,0.3506,0.08,This part
SUB-tBxNRuALF1,B,unrequested,0.2749,0.3061,0.303,0.042,This part
SUB-tBxNRuALF1,B,dq_craft,0.0455,0.1041,0.0952,0.632,"As in the selected part, the left alignment is off."
SUB-tBxNRuALF1,B,dq_craft,0.0585,0.2301,0.2467,0.18,"The rest were given a large corner radius, but this part has no radius, which also lowers the sense of polish."
SUB-JZtt92LiuE,A,unit:2,0.2042,0.8139,0.5951,0.1027,"I think it was added well, in line with the typographic hierarchy and without standing out too much."
SUB-JZtt92LiuE,A,unrequested,0.0792,0.6308,0.8668,0.1808,"Even without knowing much about designing for watches, in this mockup, is the information that the 'order number' is 'CC-4821' and the 'Courier' is 'Mara Tate' really more important than the other information? I've never designed for a watch, but looking at this screen, my feeling was that since the watch screen itself is so cramped, it should present only the truly important information, curated down. Also, the order number and courier info, which looked lower in the hierarchy in the previous mockup, were elevated in mockup A — that's an unnecessary change, and I wonder if it wouldn't have been better to remove them altogether on a watch screen."
SUB-JZtt92LiuE,A,dq_hierarchy,0.0792,0.6174,0.856,0.1964,I think the overall hierarchy would have looked cleaner if this part had been removed.
SUB-JZtt92LiuE,A,dq_legibility,0.052,0.1621,0.7283,0.221,"On this screen, the most important information for the user is 'so when is the delivery arriving?' In mockup A, the '18-24 min' text was made much larger than in the original, making that information immediately visible at a glance — I think that was a very good call."
SUB-JZtt92LiuE,A,dq_layout,0.0901,0.6241,0.8424,0.1853,"If it weren't for this area, the whitespace overall would have had some room to breathe and it would have looked clean."
SUB-JZtt92LiuE,A,dq_interaction,0.7477,0.0415,0.2011,0.1049,"Usually the word 'LIVE' seems commonly used for 'real-time live broadcasts,' and I don't think I've ever really seen the word 'LIVE' used while a delivery is in progress. From a UX writing perspective, I'd say it's an inappropriate word choice that could momentarily confuse users."
SUB-JZtt92LiuE,A,overall,0.0683,0.6096,0.8641,0.2009,"Overall it seems fine. That said, if it weren't for this one area, I would have rated it very highly."
SUB-JZtt92LiuE,B,unit:1,0.0575,0.1464,0.4647,0.3839,"When showing delivery progress, a horizontal bar format that conveys a sense of moving forward seems to be the common approach. In contrast, the circular progress graph used in mockup B seems more often used in 'to-do apps' to show progress on a single task than to express 'delivery progress.' In short, using that graph here seems inappropriate for the situation."
SUB-JZtt92LiuE,B,unrequested,0.0656,0.142,0.8207,0.3795,"Suppose you ordered delivery on a food delivery app — if the delivery status screen said '76% complete,' would you get a sense of where your delivery actually is? Not at all. That's because what users most want to know on a delivery status screen is 'when the delivery will arrive.' I think this change resulted from the AI not considering the 'delivery' category at all."
SUB-JZtt92LiuE,B,dq_interaction,0.7586,0.0527,0.2011,0.0871,"As with mockup A, 'LIVE' should probably be removed to avoid confusion."
SUB-OcNoQwBukh,B,dq_hierarchy,0.1185,0.7343,0.4882,0.088,The content is unnecessarily duplicated
SUB-mXkB-ZvMHM,A,dq_legibility,0.031,0.7063,0.831,0.054,The progress status text was improved for better readability
SUB-mXkB-ZvMHM,B,unrequested,0.044,0.6903,0.9392,0.084,A background color was added to separate it into its own area
SUB-mXkB-ZvMHM,B,dq_hierarchy,0.0094,0.6843,0.9868,0.092,"As a result of adding a background color to separate it into its own area, the connection with the existing progress bar is weakened"
SUB-0otjV_DQDK,B,dq_legibility,0.0502,0.3443,0.8472,0.176,"Two specific people are unnecessarily over-emphasized, and the rest get buried"
SUB-HKN7SyWGx5,A,unit:1,0.2542,0.11,0.7208,0.1527,"That said, this whitespace looks a bit unnecessary"
SUB-HKN7SyWGx5,A,unit:1,0.0179,0.0304,0.1957,0.5823,Changing the bottom bar into a navigator also seems like a good choice
SUB-HKN7SyWGx5,A,dq_craft,0.5453,0.616,0.4177,0.1941,The fact that parts like this run to two lines
SUB-HKN7SyWGx5,A,dq_craft,0.2828,0.5396,0.2816,0.1687,"And this part being needlessly stretched to three lines — when going from mobile to PC, the text style feels less polished"
SUB-HKN7SyWGx5,B,unit:2,0.0585,0.4123,0.8974,0.2991,"It does feel like something that could fit on one line was stretched out a bit. If it's going to be laid out as cards like this, it would be good to have a bit more emphasis on the achievement — e.g., using different colors for each number in 9/10, or making the font bigger, etc."
SUB-E3XP7EFQZG,A,dq_legibility,0.0764,0.3203,0.8673,0.232,"The class information is nicely organized into keyword bubbles, so readability is high"
SUB-E3XP7EFQZG,B,unrequested,0.0556,0.725,0.8989,0.128,Too much emphasis is placed on unnecessary parts.
SUB-E3XP7EFQZG,B,dq_legibility,0.0642,0.353,0.8702,0.246,"It's unnecessarily presented as a list, so there's way too much text on the whole screen and readability suffers."
SUB-E3XP7EFQZG,B,dq_craft,0.0011,0.7257,0.9535,0.13,Excessive emphasis on unnecessary areas hurts the aesthetics.
SUB-ghdib8d688,B,unrequested,0.0181,0.0,0.9653,0.1853,The color emphasis makes the contrast feel a bit excessive.
SUB-ghdib8d688,B,dq_legibility,0.0661,0.3895,0.88,0.112,The button has low visibility and blends into the background.
SUB-bMtcAIUvXB,B,dq_legibility,0.1099,0.2543,0.6663,0.102,The in-progress status is conveyed with high visibility.
SUB-bMtcAIUvXB,B,dq_interaction,0.0783,0.5773,0.8012,0.204,"The guidance text is emphasized, which improves the cues for interaction."
SUB-iNBr6zzYdi,A,unrequested,0.3899,0.3896,0.2388,0.1328,A badge was added in this part.
SUB-iNBr6zzYdi,A,dq_hierarchy,0.028,0.0741,0.9701,0.1483,"The warning text appears at the top first, letting you know to be careful about allergies up front, so you notice it first."
SUB-iNBr6zzYdi,A,dq_craft,0.0,0.0741,0.987,0.1379,"The requested features were added so it seems more complete, but overall it feels cluttered."
SUB-iNBr6zzYdi,A,dq_interaction,0.7631,0.0,0.1343,0.0723,An icon was added whose function is unclear.
SUB-iNBr6zzYdi,B,unrequested,0.0317,0.6379,0.9627,0.0741,Detailed explanations like a toast message were added.
SUB-iNBr6zzYdi,B,unrequested,0.6698,0.0069,0.3283,0.0569,The top section was changed to serve as a swap-type control.
SUB-iNBr6zzYdi,B,dq_interaction,0.6698,0.0086,0.306,0.05,"It's ambiguous what the function is, but swapping is now possible."
SUB-yOV20Vlok1,B,unrequested,0.0094,0.1876,0.9906,0.094,The top summary area was modified arbitrarily.
SUB-O4c5rpWi1F,A,unit:1,0.0541,0.2689,0.2015,0.0379,"The request was reflected well, but it feels insufficient."
SUB-O4c5rpWi1F,B,unit:1,0.7332,0.3,0.2575,0.0414,"The request was reflected accurately, but the change is barely noticeable."
SUB-O4c5rpWi1F,B,unit:2,0.0168,0.1017,0.9813,0.2121,It applied the request exactly.
SUB-O4c5rpWi1F,B,unit:3,0.0355,0.1793,0.9552,0.1362,"It lowered the tone overall, but added a pink band only on the left-edge stroke to distinguish it."
SUB-O4c5rpWi1F,B,dq_craft,0.0317,0.1051,0.9515,0.0707,"The tab design was changed and it uses a bit more width, reducing the cramped feeling."
SUB-yAvQzMQK9y,A,unit:2,0.0429,0.3586,0.6157,0.0431,It applied the request exactly.
SUB-yAvQzMQK9y,B,unit:2,0.0355,0.3465,0.9104,0.0431,I wonder if it was necessary to put this part in badge form and even apply a stroke.
SUB-yAvQzMQK9y,B,unrequested,0.0131,0.1948,0.9813,0.1534,The layout structure was changed.
SUB-yAvQzMQK9y,B,overall,0.0168,0.2034,0.9776,0.1362,"It's good that they tried changing the card layout, but the previous one actually seems easier to take in. Also, wrapping the person in a badge shape feels excessive."
SUB-_XiRR837i-,A,unit:1,0.0467,0.4014,0.9291,0.4483,"They did bundle it nicely into a single card, but I wondered whether writing the region in such thin text actually makes it harder to distinguish."
SUB-_XiRR837i-,A,unit:2,0.0355,0.3134,0.9365,0.0586,It applied the request exactly.
SUB-_XiRR837i-,A,unit:3,0.0392,0.1272,0.9291,0.069,It applied the request exactly.
SUB-_XiRR837i-,A,dq_interaction,0.0541,0.3169,0.9216,0.0638,A feature to add an address was created.
SUB-_XiRR837i-,B,unit:1,0.8153,0.3445,0.1642,0.0448,The request was well reflected.
SUB-_XiRR837i-,B,unit:2,0.0579,0.1962,0.8955,0.0776,It applied the request exactly.
SUB-_XiRR837i-,B,unit:3,0.0094,0.1169,0.9552,0.0759,It applied the request exactly.
SUB-_XiRR837i-,B,unrequested,0.3302,0.4134,0.1791,0.0466,A badge was added so you can confirm what you saved.
SUB-_XiRR837i-,B,dq_interaction,0.0429,0.1893,0.9403,0.0845,A search bar was newly added.
SUB-_XiRR837i-,B,dq_interaction,0.528,0.2583,0.4142,0.0655,"A ""type manually"" part was added."
SUB-egs3eJaH15,B,unrequested,0.0584,0.4733,0.873,0.094,"The day-of-week abbreviations were expanded, reducing the number of options."
SUB-Aw1SfHIz12,A,dq_legibility,0.6986,0.13,0.2125,0.168,The progress status has very high visibility.
SUB-JoNU1ciWJv,A,dq_hierarchy,0.6474,0.4086,0.3526,0.0483,Your eye is drawn to the dropdown part one more time.
SUB-JoNU1ciWJv,B,dq_hierarchy,0.5541,0.4034,0.4403,0.0552,You notice once more that a tab was added that lets you distinguish the items below.
SUB-JoNU1ciWJv,B,dq_craft,0.5653,0.3965,0.4067,0.069,"Color was added to the tabs, further raising the level of polish."
SUB-MxLuN_SOOA,A,unrequested,0.2673,0.6559,0.1432,0.0827,A back shortcut was added.
SUB-MxLuN_SOOA,A,dq_interaction,0.2649,0.6495,0.1456,0.0859,A shortcut was added.
SUB-MxLuN_SOOA,B,unrequested,0.1337,0.5031,0.4463,0.1496,Content about the expiration date didn't exist before.
SUB-MxLuN_SOOA,B,unrequested,0.5919,0.5477,0.2792,0.0859,The bottom two items among the lists were added.
SUB-MxLuN_SOOA,B,dq_interaction,0.136,0.7036,0.2912,0.0573,A button to skip was added.
SUB-egjM4geOGf,B,unit:2,0.0539,0.3305,0.2047,0.1551,Why... this expression? Seems unnecessary...
SUB-egjM4geOGf,B,unrequested,0.0509,0.3347,0.1686,0.1635,Unnecessary.
SUB-wnBDR5a1n0,B,dq_layout,0.8119,0.557,0.095,0.0642,The save button has no touch outline.
SUB-UjucuUIQJ1,B,unit:1,0.1265,0.3281,0.4964,0.3787,"Unlike the original, the yellow part moves to the card beside it, and there's a black background laid down."
SUB-P3Gg339lVn,B,overall,0.4679,0.6146,0.3679,0.036,Seems like an unnecessary element.
SUB-2okRPhpLEt,A,dq_craft,0.0286,0.1499,0.494,0.6205,"If it had been center-aligned, I think it would have felt a bit less awkward."
SUB-2okRPhpLEt,B,unrequested,0.7637,0.0513,0.2076,0.0986,A badge was added.
SUB-2okRPhpLEt,B,dq_layout,0.2458,0.7132,0.7112,0.2641,The bottom margin composition feels a bit disappointing.
SUB-WIIBG_Z4VL,B,unrequested,0.0206,0.2414,0.9552,0.0707,Supplementary explanation was added.
SUB-WIIBG_Z4VL,B,unrequested,0.0056,0.6931,0.9944,0.1379,An email and phone number/address were attached.
SUB-WIIBG_Z4VL,B,dq_hierarchy,0.0168,0.0827,0.9832,0.1638,"Because of the card arrangement, I notice that once the card's content ends, my eyes move downward."
SUB-WIIBG_Z4VL,B,dq_legibility,0.0317,0.3207,0.9328,0.0793,Better readability than the original.
SUB-0XsokRokOv,A,unrequested,0.0206,0.512,0.2089,0.319,"Since the time comes first in the composition, I was putting up with it."
SUB-0XsokRokOv,A,dq_layout,0.0429,0.5224,0.1791,0.2983,The time is emphasized first — I'm curious about the intent behind that.
SUB-0XsokRokOv,B,unrequested,0.0317,0.6672,0.3657,0.0448,A badge was added at the top.
SUB-k3hsHVqLHR,A,unrequested,0.6221,0.588,0.0641,0.0669,??
SUB-k3hsHVqLHR,B,unrequested,0.7335,0.2997,0.0613,0.0815,??
SUB-U8R3ExTMXd,A,unrequested,0.0072,0.7513,0.179,0.1814,It provides information that wasn't there before.
SUB-lI-NS9FMiC,B,unrequested,0.0037,0.2543,0.9963,0.06,"Good, as it organizes the information and conveys it clearly."
SUB-ntgv0CVgvB,B,unrequested,0.021,0.7103,0.9652,0.168,Odd design elements appeared and the content changed.
SUB-PE0NZfUlSK,B,overall,0.0383,0.1479,0.9617,0.114,Understood the instruction and reflected it on the screen. The added part looks useful.
SUB-xT30xJBUpl,B,unit:2,0.048,0.5193,0.952,0.206,The UI for things like comments was designed differently so the information hierarchy comes across well.
SUB-t1kZ76OArL,A,unit:1,0.0,0.0,0.2273,0.5361,Tab bar position changed
SUB-t1kZ76OArL,A,unit:1,0.2488,0.0085,0.7512,0.9915,The entire main screen for desktop
SUB-t1kZ76OArL,B,unit:2,0.0035,0.3454,0.9942,0.5722,Reclassified by dividing into categories through grouping.
SUB-MjExsOPm1d,B,unit:3,0.7004,0.01,0.2014,0.0928,Applied in this part.
SUB-tQFRRkTCDI,A,unit:1,0.0264,0.2516,0.9736,0.352,Nicely bundled by topic
SUB-tQFRRkTCDI,B,unrequested,0.0393,0.2343,0.9607,0.292,The layout changed and it's good.
SUB-zCF0D4E6db,A,unit:1,0.0496,0.5237,0.9504,0.4173,
SUB-zCF0D4E6db,B,overall,0.0406,0.4753,0.923,0.1328,Unnecessary design.
SUB-3ejh5eulwK,A,unit:1,0.0355,0.1697,0.9473,0.3372,This part seems good.
SUB-3ejh5eulwK,B,unit:1,0.0234,0.1694,0.9321,0.3077,Text is cut off....
SUB-ocpzU3oBq5,A,unit:1,0.0816,0.1694,0.8444,0.5122,Times converted by region are now shown
SUB-OsUcAgWHPC,A,unit:1,0.0819,0.3846,0.8313,0.4006,A guidance message was added
SUB-OsUcAgWHPC,B,unit:1,0.0474,0.014,0.9319,0.8153,"Date / after marking the selected one of each date with color, the content below follows"
SUB-EWLi2JTis1,B,unrequested,0.0422,0.214,0.897,0.044,"States such as Needs action, Live, Sold are distinguished by filters"
SUB-jds2fnJrPI,A,dq_interaction,0.0882,0.6487,0.8271,0.114,You can create a new one right away after entering the list name
SUB-jds2fnJrPI,B,dq_interaction,0.0896,0.6067,0.8357,0.148,"The usability is such that you go through a button into a separate list-creation screen, which unnecessarily increases the depth to 2-depth"
SUB-6ZfUUQzYyM,A,unit:3,0.6234,0.1194,0.3576,0.5531,A percentage appears
SUB-6ZfUUQzYyM,A,dq_layout,0.2658,0.1225,0.7033,0.534,"Toward the body text, the content font size and gray color are similar."
SUB-6ZfUUQzYyM,A,dq_craft,0.2395,0.113,0.7605,0.6294,Overall there's a bit too much text-based content
SUB-6ZfUUQzYyM,B,unit:1,0.0107,0.231,0.9893,0.3815,The content of the area changed
SUB-6ZfUUQzYyM,B,unit:3,0.025,0.3677,0.4863,0.2193,It's presented in the form of filling in color on a bar
SUB-lfFxI-gn3O,A,dq_legibility,0.0848,0.5123,0.1551,0.332,"Icons were added, improving intuitiveness and visibility"
SUB-lfFxI-gn3O,B,dq_legibility,0.1259,0.5123,0.7294,0.12,"Icons were added, improving intuitiveness and visibility"
SUB-lfFxI-gn3O,B,dq_interaction,0.077,0.5199,0.8357,0.186,"There's no '>' symbol, so it's hard to tell whether that area is clickable"
SUB-d6FfUZ1MoW,A,dq_layout,0.2681,0.1134,0.7295,0.6803,The button's padding is somewhat large
SUB-d6FfUZ1MoW,B,dq_layout,0.0035,0.5202,0.9965,0.4798,There's far too much whitespace that hasn't been calculated
SUB-d6FfUZ1MoW,B,dq_layout,0.0035,0.161,0.4363,0.6548,The left-side design isn't appropriate for that content
SUB-vLHl5-Q3nw,A,unit:1,0.0283,0.4887,0.3893,0.344,There's no numbering in front of each item.
SUB-vLHl5-Q3nw,A,dq_hierarchy,0.0327,0.4867,0.9673,0.344,The numbering nicely separates the title from the content
SUB-vLHl5-Q3nw,B,unit:1,0.0413,0.4627,0.4319,0.362,"Numbering 1, 2, 3 was created + connected with a line"
SUB-cgsMIu7cPx,A,unit:1,0.0819,0.3044,0.9181,0.1763,"The time types are split into 3 kinds, and those kinds are indicated at the top"
SUB-cgsMIu7cPx,A,dq_layout,0.1164,0.3345,0.8836,0.1643,"It feels too evenly split into thirds, so layout-wise it doesn't look all that tidy"
SUB-cgsMIu7cPx,B,unit:1,0.1078,0.3445,0.8744,0.0661,The content goes next to the time
SUB-8CLaJc3wlf,A,unit:1,0.0577,0.4336,0.932,0.0785,Is this part the requested change?
SUB-8CLaJc3wlf,A,unit:1,0.0458,0.1654,0.9083,0.0657,Gray text under the amount
SUB-rMlHuWHOJH,B,unrequested,0.0125,0.2844,0.6925,0.056,Added a filter
SUB-uQT4NOz7aO,A,unit:1,0.0,0.0007,0.8341,0.062,The title changed
SUB-uQT4NOz7aO,A,unit:1,0.003,0.2387,0.6622,0.092,"In the case of the linked subtitle, it changed along with it"
SUB-uQT4NOz7aO,A,unit:2,0.1459,0.4767,0.5583,0.072,"In the detail description field under the name, it provides information using the status color point together"
SUB-uQT4NOz7aO,A,dq_legibility,0.1545,0.5116,0.58,0.044,"In the details, it indicates via colors linked to the content, so it's more organized and the content is easier to see"
SUB-uQT4NOz7aO,B,unit:1,0.0,0.0,0.9682,0.2567,"From the title, it still looks like something related to remittance rather than a program"
SUB-uQT4NOz7aO,B,unit:2,0.4662,0.3587,0.4718,0.336,The status indication is provided under the name in yellow/green/red
SUB-4KPkp7rSfC,A,unrequested,0.7983,0.0056,0.2017,0.105,Button provided
SUB-4KPkp7rSfC,B,unrequested,0.722,0.0,0.2029,0.0692,Search
SUB-4KPkp7rSfC,B,unrequested,0.8174,0.101,0.1599,0.0764,Button
SUB-dBw4_DOSpL,B,unrequested,0.0926,0.02,0.2499,0.062,"A label was added, making it clear that it's an answer card"
SUB-dBw4_DOSpL,B,dq_interaction,0.0668,0.5123,0.8558,0.162,The placement of the buttons feels natural
SUB-Azz8cNzg-k,A,unit:2,0.247,0.2143,0.4673,0.1662,Displayed as personal
SUB-Azz8cNzg-k,A,unit:2,0.2283,0.3683,0.4647,0.2283,Provided as a circle
SUB-Azz8cNzg-k,A,unit:3,0.7036,0.176,0.2964,0.3565,Clearly marked with a red point and a green point
SUB-Azz8cNzg-k,B,unit:2,0.0146,0.3105,0.9854,0.2103,Provided split horizontally into personal / circle
SUB-Azz8cNzg-k,B,unit:3,0.0,0.1582,0.9653,0.1482,Uses green/red points to indicate a person's status
SUB-rgMzS_khPV,A,unit:2,0.2451,0.4046,0.4428,0.0493,The title looks like it needs to move inside the card
SUB-GdGB1yX9i7,A,unit:1,0.0055,0.3565,0.9945,0.1522,A button for filtering was created right above the time
SUB-GdGB1yX9i7,A,unit:2,0.0371,0.1262,0.9629,0.1963,Shrunk by half and moved up
SUB-GdGB1yX9i7,A,dq_interaction,0.0774,0.4447,0.9226,0.2524,"Changed the colors for active/inactive/selected, and by changing it to blue it differs from the other parts' colors, making it more visible"
SUB-GdGB1yX9i7,B,unit:1,0.017,0.3465,0.5321,0.0681,"The start-time baseline is visible, but you can't select it itself.."
SUB-GdGB1yX9i7,B,unit:2,0.0,0.0,0.9518,0.1702,The photo size is halved and everything moves up
SUB-suY9HtIujh,B,unrequested,0.0458,0.2437,0.9244,0.101,Profile card style changed
SUB-suY9HtIujh,B,unrequested,0.0207,0.4721,0.9793,0.2334,"- Checklist section title
- Checklist item text
- Checklist status value"
SUB-suY9HtIujh,B,unrequested,0.0243,0.343,0.9495,0.1341,"Warning callout text changed, icon added"
SUB-suY9HtIujh,B,unrequested,0.0494,0.1791,0.9316,0.0795,Tab style changed
SUB-PxeFNOLy_q,A,unit:2,0.6297,0.0275,0.3703,0.3528,"The time area is clearly placed in the top right, and it's filled with sky blue so it's easy to see"
SUB-PxeFNOLy_q,A,dq_layout,0.048,0.4885,0.9083,0.4419,A larger margin appears at the bottom
SUB-PxeFNOLy_q,A,dq_layout,0.017,0.2818,0.5841,0.6326,"In the case of the list, it's slightly wider horizontally, so the overall balance seems awkwardly skewed to the left"
SUB-PxeFNOLy_q,B,unit:2,0.0,0.0,0.3055,0.6855,"The remaining time is placed in the left bar of the section containing the title
(It would be good if that part had a name making it clearly read as 'remaining time' so the context is more apparent)"
SUB-PxeFNOLy_q,B,dq_hierarchy,0.0,0.0,0.2912,0.8,The title carries the most weight on this screen
SUB-Yw2pSHIYPB,A,unrequested,0.1675,0.2595,0.3771,0.0446,Details
SUB-Yw2pSHIYPB,A,unrequested,0.1722,0.5905,0.2554,0.07,Details
SUB-Yw2pSHIYPB,B,unrequested,0.0171,0.0177,0.2124,0.4041,Navigation
SUB-Yw2pSHIYPB,B,unrequested,0.2558,0.0113,0.7442,0.0541,Details
SUB-Yw2pSHIYPB,B,unrequested,0.251,0.1418,0.463,0.0446,Details
SUB-B6elbCf2PL,A,unit:1,0.0651,0.3929,0.8908,0.097,Options tab
SUB-WfiNOf8u4a,A,unrequested,0.8268,0.4129,0.1601,0.046,Total time
SUB-WfiNOf8u4a,B,unrequested,0.8227,0.4029,0.1773,0.062,Total time
SUB-WfiNOf8u4a,B,dq_layout,0.0304,0.4429,0.6633,0.044,A structure where a rectangle is followed by a rounded shape and then text
SUB-Vn2u9MU57X,A,unit:2,0.1917,0.6234,0.6514,0.0476,
SUB-Vn2u9MU57X,B,unit:2,0.4381,0.3856,0.5416,0.0878,
SUB-Vn2u9MU57X,B,dq_interaction,0.4332,0.3768,0.5245,0.1208,"Provides features like stop, skip back/forward, speed, and map view."
SUB-76fWUITvXV,A,dq_legibility,0.5758,0.0113,0.2927,0.054,"The remaining time is inserted into the top header area, which feels awkward and has low visibility"
SUB-76fWUITvXV,B,dq_legibility,0.0168,0.0748,0.9695,0.124,"The remaining time is emphasized in a separate area, so visibility is high"
SUB-UOaNWhbrcO,B,dq_layout,0.0,0.9307,0.9818,0.0693,The spacing at the bottom is slightly broken
SUB-1Iji7XxAX7,B,unrequested,0.0347,0.6469,0.9436,0.132,Information at the bottom
SUB-1Iji7XxAX7,B,unrequested,0.0823,0.2909,0.7618,0.158,Line break
SUB-tUQXZiuw-J,B,unit:1,0.1017,0.6651,0.857,0.1058,Not in the instruction
SUB-tUQXZiuw-J,B,unrequested,0.0424,0.6505,0.9281,0.1515,
SUB-Zt5H35_eaG,A,dq_craft,0.0601,0.3743,0.5627,0.068,"The text overlaps the image, so readability suffers"
SUB-Zt5H35_eaG,A,dq_craft,0.0211,0.5887,0.9789,0.258,"When the count is an odd number, the arrangement is awkward"
SUB-Zt5H35_eaG,B,dq_interaction,0.7786,0.5423,0.1991,0.058,Effective in that it clearly states multiple selection isn't possible
SUB-bJSac6bJ6O,B,unrequested,0.01,0.0883,0.1672,0.7046,
SUB-bJSac6bJ6O,B,dq_interaction,0.0052,0.0803,0.2269,0.7365,Moving to another space.
SUB-dqx2W0HiaK,A,unrequested,0.6778,0.7859,0.3222,0.1368,Tip
SUB-dqx2W0HiaK,A,unrequested,0.7589,0.0031,0.136,0.07,Preview
SUB-dqx2W0HiaK,B,unrequested,0.0024,0.0795,0.1742,0.7096,Scene
SUB-dqx2W0HiaK,B,unrequested,0.284,0.6809,0.6372,0.0732,Playback position
SUB-dqx2W0HiaK,B,unrequested,0.8162,0.0095,0.0477,0.0636,Reset button
SUB-HsWWN4uUYV,B,dq_craft,0.029,0.314,0.968,0.054,"The vertical spacing doesn't line up, and the two cards on the left are touching with no gap between them, so it looks less aesthetic"
SUB-T0uPQfo8V2,B,overall,0.0534,0.5862,0.9151,0.0383,Feels AI-ish
SUB-Hz05tq-Hk8,A,dq_hierarchy,0.086,0.1107,0.8354,0.108,"The logo area is shrunk, so the branding gets buried"
SUB-Hz05tq-Hk8,A,dq_craft,0.0601,0.2253,0.87,0.062,"The gap between the text and the button is too narrow, which is a shame"
SUB-Hz05tq-Hk8,B,dq_hierarchy,0.0947,0.114,0.8354,0.196,"Plenty of space is secured for the logo area, so the branding is emphasized"
SUB-WkUPO-mkvV,A,unrequested,0.0107,0.2141,0.2513,0.1464,Account details
SUB-WkUPO-mkvV,A,unrequested,0.0134,0.928,0.2353,0.072,Profile
SUB-WkUPO-mkvV,A,unrequested,0.2941,0.8779,0.5294,0.0762,Details
SUB-WkUPO-mkvV,A,unrequested,0.6364,0.0045,0.3369,0.0702,Add button
SUB-WkUPO-mkvV,B,unrequested,0.5829,0.0076,0.4037,0.0682,Add button
SUB-WkUPO-mkvV,B,unrequested,0.4492,0.1239,0.5348,0.2166,Payment method
SUB-WkUPO-mkvV,B,unrequested,0.0321,0.6412,0.4198,0.1785,Details
SUB-mhR-Pr-xpu,A,dq_hierarchy,0.056,0.2036,0.1385,0.458,"Step numbers were added, so the flow comes across more intuitively"
SUB-mhR-Pr-xpu,A,dq_hierarchy,0.1382,0.2056,0.5021,0.056,"The title is written as an imperative verb, so what needs to be done is conveyed intuitively"
SUB-mhR-Pr-xpu,A,dq_legibility,0.6273,0.6628,0.3333,0.08,"The position of the Change button isn't well distinguished from the shipping address text, and visibility is low"
SUB-mhR-Pr-xpu,B,dq_hierarchy,0.0,0.1999,0.1858,0.42,"Step numbers were added, so the flow comes across more intuitively"
SUB-mhR-Pr-xpu,B,dq_craft,0.108,0.4028,0.831,0.164,"The timeline was changed from the existing grid form to a vertical list form, which is more appropriate and feels more polished"
SUB-bCEFUSmTOS,A,dq_hierarchy,0.0097,0.4759,0.3141,0.2501,You can now grasp the summary figures for each key status at a glance on the left
SUB-bCEFUSmTOS,A,dq_interaction,0.3735,0.7422,0.6056,0.2139,"Placeholder text and a button label were added, which improves the cues for how to operate it"
SUB-bCEFUSmTOS,B,dq_craft,0.008,0.7234,0.992,0.2766,"The chat input field is too wide horizontally, so the balance isn't good"
SUB-bCEFUSmTOS,B,dq_interaction,0.0397,0.7433,0.9264,0.2169,"Placeholder text and a button label were added, which improves the cues for how to operate it"
SUB-Rjj2hQLJ5l,A,unrequested,0.0092,0.4473,0.3222,0.3787,Detailed information and additional information in the top area
SUB-gk0rwjXZhA,B,dq_craft,0.0138,0.2463,0.6577,0.136,"Not a critical issue, but the text position feels awkwardly off-center"
SUB-Txlf-CQPqc,B,unrequested,0.0291,0.0219,0.9627,0.132,"The global navigation moved below the title area, breaking the hierarchy of the information structure"
SUB-FZMItg9dyI,B,unrequested,0.2263,0.4825,0.1622,0.2492,Detailed timeline added
SUB-FZMItg9dyI,B,dq_hierarchy,0.674,0.7235,0.3101,0.2108,The messaging function gets buried
SUB-FZMItg9dyI,B,dq_legibility,0.2037,0.471,0.7619,0.2601,"The information is spread out too much horizontally, so it looks disconnected"
SUB-FZMItg9dyI,B,dq_legibility,0.8424,0.0055,0.1396,0.0712,"The main action button is placed small in the top right of the screen, so visibility suffers"
SUB-kXhW7FFMrp,B,unrequested,0.0168,0.0731,0.9733,0.0974,"All the steps are expanded, but I'm worried they could be confused with the sub-steps of this particular step."
SUB-kXhW7FFMrp,B,dq_hierarchy,0.0215,0.0704,0.9662,0.7604,"Since steps at different levels are shown both horizontally and vertically, the information is somewhat confusing."
SUB-kXhW7FFMrp,B,dq_interaction,0.6436,0.8978,0.3488,0.0943,"There's a risk of confusion over whether the ""next step"" button advances the top-level step or moves to the next task within the current step."
SUB-L1KPraa9s7,B,unrequested,0.6551,0.1299,0.3449,0.5755,Trip preview
SUB-1avrZlrk8m,A,dq_interaction,0.7034,0.4707,0.2686,0.2828,An edit/delete/add address section has been added.
SUB-1avrZlrk8m,B,unit:2,0.8153,0.5603,0.1679,0.0655,"It reflects the request well, but with delete and edit stacked one above the other, the usability doesn't feel great."
SUB-1avrZlrk8m,B,unrequested,0.0355,0.2069,0.9589,0.1379,The selected item has been placed large at the top.
SUB-1avrZlrk8m,B,unrequested,0.0317,0.0069,0.944,0.0741,Color has been added to the header.
SUB-1avrZlrk8m,B,dq_interaction,0.7481,0.5017,0.2519,0.2552,"Edit/delete/add buttons were added, reducing the depth."
SUB-1avrZlrk8m,B,dq_interaction,0.7407,0.2551,0.2351,0.0603,A change section has also been added.
SUB-1avrZlrk8m,B,dq_interaction,0.0056,0.2293,0.2015,0.5655,A selectable feature has been added.
SUB-xAJCZzmlr9,A,dq_interaction,0.0191,0.8938,0.0883,0.0949,A settings button has been added.
SUB-xAJCZzmlr9,A,dq_interaction,0.8544,0.0095,0.136,0.0573,A live badge has been created.
SUB-xAJCZzmlr9,A,dq_interaction,0.1313,0.5179,0.4344,0.3204,It was newly added.
SUB-xAJCZzmlr9,B,unit:2,0.5346,0.1312,0.4439,0.0537,"It reflects the request, but I'm curious about the intent behind classifying the apps this way — what criteria were used?"
SUB-xAJCZzmlr9,B,unrequested,0.1265,0.4946,0.4272,0.0859,The button design has been changed.
SUB-xAJCZzmlr9,B,unrequested,0.6372,0.0113,0.3604,0.068,A button has been added.
SUB-xAJCZzmlr9,B,unrequested,0.1146,0.5716,0.432,0.3598,A feature that wasn't requested has been added.
SUB-xAJCZzmlr9,B,overall,0.1074,0.0829,0.463,0.4296,I like that the recording section was given more weight.
SUB-RPBQzL4uo1,A,dq_interaction,0.2705,0.8327,0.2127,0.0483,It applied the request exactly.
SUB-RPBQzL4uo1,B,unit:1,0.0317,0.2845,0.9216,0.0672,It applied the request exactly.
SUB-RPBQzL4uo1,B,unit:2,0.0653,0.8086,0.9347,0.1241,"It reflects the request well, but the card design was changed too."
SUB-RPBQzL4uo1,B,dq_interaction,0.6847,0.8155,0.2798,0.069,A listen button has been added.
SUB-5Tkf6AkLcF,A,unrequested,0.7303,0.2977,0.2554,0.2768,Learning path
SUB-5Tkf6AkLcF,A,unrequested,0.8759,0.0877,0.1169,0.0668,View all courses
SUB-5Tkf6AkLcF,A,unrequested,0.7303,0.0113,0.0549,0.0573,Search
SUB-5Tkf6AkLcF,A,unrequested,0.8807,0.0081,0.1193,0.0732,Profile
SUB-5Tkf6AkLcF,A,unrequested,0.0048,0.8848,0.1671,0.1152,Help
SUB-5Tkf6AkLcF,B,unrequested,0.7136,0.0,0.2864,0.0877,"Search, notifications"
SUB-05H-eoasGW,A,unit:1,0.105,0.2082,0.2649,0.0394,A subtitle has been added above the title.
SUB-05H-eoasGW,A,unit:3,0.0549,0.491,0.58,0.102,It applied the request exactly.
SUB-05H-eoasGW,A,unrequested,0.0979,0.4516,0.537,0.0322,A step showing the video was watched has been added.
SUB-05H-eoasGW,A,unrequested,0.6492,0.2655,0.3294,0.111,A section emphasizing which video you're about to watch has been added.
SUB-05H-eoasGW,A,dq_hierarchy,0.6229,0.0632,0.3771,0.5907,The list section gives the feeling of connecting with the course shown on the left.
SUB-05H-eoasGW,A,dq_interaction,0.7804,0.312,0.1122,0.0501,"It seems to be a button or badge indicating what to watch, but since there's a button with the same meaning on the left, I wonder what the intent was."
SUB-05H-eoasGW,B,unit:1,0.1313,0.0847,0.1742,0.0358,It reflects the request by adding a subtitle above the title.
SUB-05H-eoasGW,B,unit:2,0.4272,0.0811,0.5656,0.1378,I question whether moving the image to the right is the right call.
SUB-05H-eoasGW,B,unit:3,0.1337,0.4946,0.315,0.1969,"It looks like the background and initials were removed, so it seems well applied, but the hierarchy looks about the same."
SUB-05H-eoasGW,B,unrequested,0.136,0.4391,0.3079,0.0465,A progress bar has been added.
SUB-05H-eoasGW,B,unrequested,0.9308,0.2673,0.0477,0.1468,An icon confirming that a watched video has been viewed was added.
SUB-05H-eoasGW,B,dq_interaction,0.9021,0.4176,0.0907,0.0626,"It seems a play button was added so you can start the next lesson you should watch, but I wonder how it differs from the ""resume lesson"" on the left — are they buttons with the same meaning?"
SUB-NTpi_zToK9,A,unit:2,0.778,0.8172,0.1604,0.0707,It reflects the request exactly by adding a notification button.
SUB-NTpi_zToK9,A,unrequested,0.084,0.8207,0.2873,0.0569,It was changed on its own to fit the bus-related information.
SUB-NTpi_zToK9,A,unrequested,0.6213,0.3276,0.1492,0.081,The mark was changed to a design with a stroke around the outside of the icon and the shadow removed.
SUB-NTpi_zToK9,A,dq_craft,0.0579,0.2465,0.9142,0.3845,It was changed to be more intuitive by showing the route between stops.
SUB-NTpi_zToK9,B,unit:2,0.8228,0.8138,0.1306,0.0724,It reflects the request exactly with the addition of a notification button.
SUB-NTpi_zToK9,B,unrequested,0.028,0.1482,0.2985,0.0517,"It seems to be set up so you can check which loop to look at, but I'm curious about the intent behind showing the blue loop."
SUB-NTpi_zToK9,B,dq_hierarchy,0.0541,0.2258,0.9067,0.3638,"By showing the route, it's the first thing that catches your eye.
That said, I think you should only be able to see the route for what I selected, so I'm curious about the intent behind showing both."
SUB-NTpi_zToK9,B,dq_craft,0.0168,0.0689,0.9832,0.0741,"Even without making the category section this big, just displaying it as before feels like it would be recognized well enough. The text comes across as quite large."
SUB-NTpi_zToK9,B,dq_interaction,0.8452,0.2034,0.1548,0.0724,I wonder what this icon is supposed to mean.
SUB-NTpi_zToK9,B,overall,0.0392,0.2362,0.8992,0.3276,"By showing the route visually and showing where I'm located, I feel usability has improved over before. It has a layout structure similar to before, but it feels appropriately applied since it modified the finer details on its own."
SUB-vtdSWFXWnt,A,unit:1,0.0094,0.212,0.9888,0.1069,"By separating the currently playing list from the other lists, I'd say the request was well reflected."
SUB-vtdSWFXWnt,A,dq_hierarchy,0.0206,0.2172,0.9664,0.0966,"The currently playing section does catch the eye first, but I question which of the cards above it should stand out visually first. The hierarchy of the two comes across as similar."
SUB-vtdSWFXWnt,A,dq_layout,0.0392,0.3414,0.9253,0.131,I can feel that the spacing between cards has been reduced.
SUB-vtdSWFXWnt,A,overall,0.0056,0.2034,0.9925,0.2879,"Across the card lists the text got smaller and the whitespace was reduced.
As requested, the in-progress music list did move to the top, but it feels excessively emphasized. I think it would have been better to add a subheading to separate it."
SUB-vtdSWFXWnt,B,unit:1,0.0056,0.1914,0.985,0.1293,"By being separated from the stopped music lists, I'd say the request was well reflected."
SUB-vtdSWFXWnt,B,dq_layout,0.0243,0.3543,0.9664,0.1207,It seems necessary to widen the spacing within a card and the spacing between cards.
SUB-3GPaz3hwXp,A,unrequested,0.7607,0.0076,0.2246,0.0562,Login help
SUB-3GPaz3hwXp,B,unrequested,0.0094,0.8498,0.2326,0.1444,Help
SUB-3GPaz3hwXp,B,unrequested,0.2794,0.6533,0.6898,0.1103,Additional information
SUB-3GPaz3hwXp,B,unrequested,0.7634,0.0096,0.2273,0.0682,Profile
SUB-IeuA9b7ZmN,A,dq_hierarchy,0.6305,0.39,0.2848,0.2272,Make the content more visible between the title and the content
SUB-IeuA9b7ZmN,B,dq_hierarchy,0.0401,0.3395,0.9218,0.2398,"Information that should be grouped together got separated, making it worse"
SUB-IeuA9b7ZmN,B,overall,0.066,0.3738,0.87,0.1875,Why was this part broken apart? It's worse. Seems like it didn't read the context.
SUB-6H4HB6mvsD,B,overall,0.0723,0.2616,0.9277,0.234,
SUB-zFAjqos7vm,B,overall,0.0085,0.7252,0.4207,0.274,This kind of element is a point-deducting factor.
SUB-zFJxdH3PaR,A,unit:1,0.3172,0.0528,0.3081,0.0523,Is it okay to change the title at will?
SUB-zFJxdH3PaR,A,unit:1,0.1049,0.1646,0.6318,0.0397,Changed the summary copy at will
SUB-zFJxdH3PaR,A,unit:1,0.2861,0.2764,0.4894,0.0451,Even added information that wasn't there
SUB-zFJxdH3PaR,A,unit:1,0.2809,0.2295,0.479,0.0361,And it changes names willy-nilly too
SUB-zFJxdH3PaR,A,unit:1,0.6124,0.3828,0.3029,0.2434,Is the number of shared members the more important information? Hard to judge.
SUB-zFJxdH3PaR,B,unrequested,0.7134,0.3017,0.1994,0.0397,Why not show all 9 folders? It becomes even more confusing what to do when you want to move to a folder that isn't visible on screen.
SUB-zFJxdH3PaR,B,unrequested,0.1049,0.3377,0.8208,0.0938,"Only 3 folders are visible on screen, so I thought, do we really need a search bar? But if there are 9 folders, it might be good to have. Still, I can't really picture how it would show that, and creating additional requirements would probably make it more complicated."
SUB-GE19_rJ_-f,A,unit:2,0.5919,0.2836,0.3938,0.2864,"It seems it judged that showing both in a single card presents them at a glance, but it feels a bit lacking."
SUB-GE19_rJ_-f,A,unrequested,0.043,0.5763,0.4391,0.2164,Detailed descriptions were added.
SUB-P0IDelxPOg,A,unrequested,0.6417,0.4811,0.3365,0.2514,Additional information.
SUB-P0IDelxPOg,A,unrequested,0.7706,0.9075,0.2124,0.0891,Inquiry button
SUB-P0IDelxPOg,B,unrequested,0.0,0.252,0.298,0.2928,Additional information.
SUB-7c21-phJat,A,unit:1,0.0765,0.3086,0.8918,0.2931,"I feel the request was well reflected, but I'm curious about the intent behind changing the toggle at the very bottom so it's bundled into the same card, unlike the content below."
SUB-7c21-phJat,A,unit:3,0.0168,0.8465,0.403,0.0845,"It seems to be structured so that a button was added for customers to see before moving on, so they can see it on the next screen."
SUB-7c21-phJat,A,dq_interaction,0.0317,0.8414,0.3955,0.0948,An additional button was created per the request.
SUB-7c21-phJat,A,dq_interaction,0.0728,0.3051,0.8694,0.0862,You can now check the starting rate price.
SUB-7c21-phJat,B,unit:1,0.0206,0.281,0.9739,0.2172,"Since the starting rate was structured in the same form as the display name, I'd say the request was well reflected."
SUB-7c21-phJat,B,unit:3,0.0168,0.6664,0.9664,0.1328,"Since you can now check the selected items without having to view them on the next screen, I'd say the request was well reflected."
SUB-7c21-phJat,B,unrequested,0.0168,0.0767,0.9832,0.0431,"A subheading was created, but I don't think it needed to be emphasized with color."
SUB-C8BPmUaxDt,A,unrequested,0.0138,0.4934,0.2816,0.1241,Lesson info tag
SUB-C8BPmUaxDt,A,unrequested,0.0043,0.8721,0.3389,0.1209,Additional description
SUB-C8BPmUaxDt,B,unrequested,0.0329,0.9119,0.6468,0.0764,Additional information.
SUB-C8BPmUaxDt,B,unrequested,0.725,0.2245,0.1122,0.0827,Link expiration date edit button
SUB-C8BPmUaxDt,B,dq_hierarchy,0.6105,0.024,0.3675,0.1496,Main area
SUB-MW4T3iE8ys,B,unrequested,0.0485,0.0953,0.4788,0.027,"You'd be able to look things up even if they're not past notifications, so I don't think a title with that content is really needed."
SUB-_jS9J52keT,A,unit:1,0.0645,0.5242,0.896,0.1642,"I'd say the request was well reflected, but the conveyance of intent feels insufficient."
SUB-_jS9J52keT,B,unit:1,0.0099,0.576,0.9828,0.0933,It's easy to tell that an invitation is being sent.
SUB-_jS9J52keT,B,unrequested,0.0372,0.4377,0.9332,0.1314,The structure of the existing text was changed as well.
SUB-_jS9J52keT,B,dq_hierarchy,0.0323,0.3634,0.9677,0.3042,The usability of this part feels better.
SUB-_jS9J52keT,B,dq_craft,0.0323,0.36,0.9605,0.3301,"By making the information you need to see more visible, the content comes across well and it also looks good aesthetically."
SUB-_jS9J52keT,B,overall,0.0416,0.3568,0.9584,0.3273,"In a way, it feels like they designed a part that could have been written simply in a way that has good usability."
SUB-ArjoEhcuG1,B,unrequested,0.8701,0.6169,0.1299,0.158,Background color on the numbers
SUB-QrpQfQ2EBl,A,unit:2,0.6203,0.2016,0.3599,0.0665,I think the instruction was reflected well by providing text.
SUB-QrpQfQ2EBl,B,unit:1,0.0622,0.0345,0.8372,0.1688,"By providing a line of text at the top, it reads as guidance for the pre-visit questionnaire."
SUB-QrpQfQ2EBl,B,unit:2,0.5689,0.2119,0.3917,0.0597,"I think it would have been enough to differentiate the selected item from the total using color vividness or a different color, but using the same color as the overall brand tone for the selected count doesn't seem to help much."
SUB-CsAU5oLc21,A,unit:1,0.0243,0.0724,0.9365,0.1259,"An email input field for inviting people is provided, so the instruction was reflected accurately."
SUB-CsAU5oLc21,A,dq_interaction,0.0217,0.188,0.9565,0.2,A new window for inviting people was added.
SUB-CsAU5oLc21,B,unrequested,0.3638,0.6827,0.0895,0.0483,The number of people was additionally entered.
SUB-CsAU5oLc21,B,unrequested,0.6884,0.4707,0.2985,0.0448,The meaning of this function feels ambiguous.
SUB-CsAU5oLc21,B,unrequested,0.028,0.0069,0.972,0.0621,"Color was added to the header, and a button like ""see more"" was created."
SUB-q4EKuff_qI,A,dq_hierarchy,0.0835,0.3756,0.7905,0.132,The distinction is clear
SUB-q4EKuff_qI,A,dq_layout,0.1085,0.3808,0.7207,0.1112,A layout that doesn't look aligned
SUB-q4EKuff_qI,B,unrequested,0.1359,0.3912,0.7431,0.0834,
SUB-q4EKuff_qI,B,dq_hierarchy,0.111,0.3895,0.7731,0.0816,"Only the value differs in color and position, so it doesn't read as being on the same level as the two values"
SUB-rf_0maQpJh,B,unrequested,0.0473,0.58,0.9043,0.1845,"As the title and body were arranged in left alignment, visibility got worse"
SUB-rf_0maQpJh,B,dq_hierarchy,0.0127,0.5418,0.9792,0.2427,"With the title and body unified in left alignment, it's hard to recognize"
SUB-rf_0maQpJh,B,dq_legibility,0.0214,0.5699,0.9648,0.2006,"The line spacing got tighter, lowering text visibility"
SUB-oobGo4VzU3,A,unit:2,0.2032,0.6611,0.5973,0.0665,"The red status emphasis was kept, but weight was added to the text."
SUB-oobGo4VzU3,A,unit:2,0.0636,0.2451,0.9033,0.0324,"Instead of an entirely red background, a line was added at the top."
SUB-oobGo4VzU3,A,dq_hierarchy,0.213,0.6526,0.0685,0.0597,"A bullet was added in front, but it feels like it would be recognizable well enough without it."
SUB-oobGo4VzU3,A,dq_craft,0.0759,0.2042,0.8911,0.0818,"If this part is meant to indicate the previous step in the process, I doubt it will be recognized clearly enough."
SUB-oobGo4VzU3,B,unrequested,0.1102,0.3823,0.1958,0.15,The position of the box icon that was at the very top center was changed.
SUB-oobGo4VzU3,B,unrequested,0.1077,0.2818,0.5581,0.0597,"A subheading was added at the top to indicate this popup, but it probably would have been fine without it."
SUB--jMv5tKUA4,A,unrequested,0.0261,0.5737,0.9176,0.038,Detailed description
SUB--jMv5tKUA4,B,unrequested,0.0174,0.6057,0.9003,0.04,Detailed description
SUB-T6iTwjazW4,B,unrequested,0.0522,0.6394,0.8957,0.0875,It's cut off.
SUB-T6iTwjazW4,B,dq_layout,0.0,0.6533,0.981,0.1597,
SUB-cWdA-XmNtu,B,unrequested,0.5467,0.2622,0.3859,0.0742,
SUB-cK7fN05Z5G,A,unit:1,0.1885,0.2263,0.5394,0.4805,"The shoot date and rental fee/permit were swapped in well, but it feels a bit lacking in conveying that the topic is candidate shooting locations for scouting."
SUB-cK7fN05Z5G,A,unrequested,0.0024,0.379,0.1933,0.2068,I'm curious about the intent behind adding this — whether it's a summary of the selected portion.
SUB-cK7fN05Z5G,A,dq_interaction,0.7852,0.1054,0.1957,0.0923,"This part seems to be in badge form, but it looks like a disabled button."
SUB-cK7fN05Z5G,B,unit:1,0.0453,0.0937,0.3103,0.1008,"A large title summarizing the information to check on this screen is placed at the top, so I judge the instruction was reflected well."
SUB-cK7fN05Z5G,B,unrequested,0.7136,0.0264,0.2315,0.0764,A search bar was added.
SUB-cK7fN05Z5G,B,unrequested,0.6874,0.1181,0.3126,0.0611,An additional feature that wasn't requested appeared.
SUB-cK7fN05Z5G,B,dq_hierarchy,0.5155,0.2617,0.389,0.6874,I like that similar items were assigned and placed at the same hierarchy level.
SUB-cK7fN05Z5G,B,dq_layout,0.3126,0.3014,0.1862,0.6446,It would have been nice if the empty space after the title had been reduced and the information next to it rearranged.
SUB-cK7fN05Z5G,B,dq_interaction,0.7064,0.0967,0.2912,0.0947,I question whether this button is something a designer would need.
SUB-cK7fN05Z5G,B,dq_interaction,0.7088,0.0112,0.2578,0.1008,"They added a search function, which I think will be good for usability."
SUB-kmimCD6DLe,A,unrequested,0.0131,0.2859,0.9695,0.128,"The ""request to join"" button disappeared, making the main role of this page ambiguous"
SUB-kmimCD6DLe,A,overall,0.0304,0.2619,0.9306,0.428,"It's good that you can inquire with the organizers before making a request, but the main ""join"" button disappeared"
SUB-voCtAIyEue,B,unrequested,0.5549,0.2662,0.3791,0.0573,
SUB-kTS-Y-Khkm,B,unrequested,0.5455,0.7549,0.4545,0.088,There's no reason to show the combined total for accounts that weren't selected.
SUB-8E6eeimAXY,A,unit:2,0.0373,0.6964,0.9043,0.097,Archive button
SUB-8E6eeimAXY,A,dq_hierarchy,0.0715,0.4245,0.8675,0.1098,Provides real-time information
SUB-8E6eeimAXY,B,dq_interaction,0.0504,0.5755,0.9148,0.1831,
SUB-vm_rWtjhTq,B,unrequested,0.6372,0.0738,0.3628,0.7669,Added area
SUB-nc8Py_blUc,A,dq_hierarchy,0.0706,0.3621,0.8865,0.3013,Grouping + new design style applied
SUB-6eh6ojYOS-,A,unit:1,0.7963,0.0085,0.1803,0.0629,"Translation and download features were added, but I question whether that's information a designer would need."
SUB-6eh6ojYOS-,A,unit:2,0.016,0.3571,0.4196,0.0544,"Changing to brand colors by topic makes the paragraph separation clear, so I judge that the request was well reflected."
SUB-6eh6ojYOS-,A,unrequested,0.1228,0.0323,0.8502,0.1037,The version info and tabs were newly organized.
SUB-6eh6ojYOS-,A,dq_legibility,0.0307,0.6054,0.9459,0.1293,Readability improved thanks to color differentiation by paragraph.
SUB-6eh6ojYOS-,A,dq_interaction,0.7742,0.0204,0.2245,0.051,Translation and download features were added.
SUB-6eh6ojYOS-,A,dq_interaction,0.0013,0.085,0.979,0.0561,"A tab feature was added, so the content is well separated by section."
SUB-6eh6ojYOS-,B,unit:1,0.0307,0.0068,0.9693,0.0527,"Instead of a button to go back to the previous screen, a button that exits entirely and a share button were added, and I wonder whether showing the version info is unnecessary."
SUB-6eh6ojYOS-,B,dq_hierarchy,0.016,0.1071,0.9716,0.085,"With the tabs provided, the eye gets interrupted once at this part."
SUB-6eh6ojYOS-,B,dq_interaction,0.0418,0.0153,0.9582,0.0493,Information that wasn't requested is being provided in the top area.
SUB-4WflRW_QfV,B,unrequested,0.512,0.3414,0.3946,0.2888,It's confusing exactly what state these chips are supposed to indicate.
SUB-4WflRW_QfV,B,overall,0.4976,0.3434,0.4435,0.2989,"The state values hidden, wiped, frozen, erased are too vague and I can't tell the difference between them."
SUB-uJDwydAqQI,A,unit:1,0.12,0.2235,0.4381,0.7444,"Main prescription,"
SUB-IESwIV9Sgr,A,unrequested,0.0187,0.8948,0.0989,0.1023,Help
SUB-IESwIV9Sgr,B,unrequested,0.006,0.9212,0.1013,0.0788,Settings
SUB-QEG6dDuvOW,A,unit:3,0.0174,0.3149,0.9522,0.114,"An instant settlement feature was added, but the payment method feature ended up being removed."
SUB-AD8zHuIusR,A,unit:1,0.557,0.1904,0.443,0.0612,A dropdown was added so you can change the order of the recommended groups.
SUB-AD8zHuIusR,A,dq_interaction,0.546,0.1904,0.438,0.0578,They implemented it so the recommended group order can be selected via a dropdown.
SUB-AD8zHuIusR,B,unit:1,0.0291,0.1364,0.9497,0.1087,"I feel the part for changing the order is emphasized excessively.
Even without the subheading and icon, I think people would recognize that categories can be sorted using the selected cards alone."
SUB-AD8zHuIusR,B,dq_hierarchy,0.0352,0.1406,0.9436,0.0961,"The order-changing part draws the eye more than the list, so I feel it's over-emphasized."
SUB-AD8zHuIusR,B,dq_interaction,0.0141,0.1336,0.9497,0.0975,A section where you can select a recommended group was added.
SUB-zo3cMZLArj,B,unit:2,0.0432,0.3959,0.9568,0.0985,
SUB-GFhpnvXNjP,A,unit:1,0.0883,0.4435,0.8305,0.3607,"The listing format reflects the request well, but the layout and the selected design feel excessive. There's also the drawback that the name gets hidden behind the check button."
SUB-GFhpnvXNjP,A,dq_layout,0.0955,0.4484,0.8377,0.3607,"It's not to the point of interfering when checking other elements, but the layout feels excessive.
I think the existing list format would be plenty recognizable on its own."
SUB-GFhpnvXNjP,B,unit:1,0.074,0.4335,0.8592,0.384,"It's good that a + button was added to show that unselected items can be selected, but having them move to the top when selected, separating selected from unselected, feels a bit excessive."
SUB-GFhpnvXNjP,B,dq_interaction,0.1098,0.4701,0.7971,0.1197,"A button to cancel a selection was added, making selection and cancellation easy to recognize."
SUB-pYGsXlBvrX,A,unit:2,0.4105,0.2867,0.5227,0.4805,I judge that the request was reflected well.
SUB-pYGsXlBvrX,A,unrequested,0.4129,0.2295,0.21,0.0891,The structure lets you check the number of items selected.
SUB-pYGsXlBvrX,B,unit:2,0.3795,0.309,0.5632,0.4964,I judge that the request was reflected well.
SUB-ZgEn2XMibn,A,unit:2,0.3437,0.4268,0.5442,0.1718,"I judge that the request was well reflected at the very end, after the content finishes. But I do wonder how it would have been to place it above the button or right after the button."
SUB-ZgEn2XMibn,A,unrequested,0.105,0.4363,0.1647,0.14,A detailed description was added below the image selection.
SUB-ZgEn2XMibn,B,unit:2,0.4129,0.484,0.4726,0.1782,"Composing the subheading for the following items in English as ""next step"" makes it feel more readable."
SUB-ZgEn2XMibn,B,unit:3,0.4033,0.7577,0.494,0.1146,Widening the gap between the two buttons helps prevent mistakes.
SUB-ZgEn2XMibn,B,unrequested,0.0955,0.4399,0.2792,0.3723,Showing the steps for how to proceed improves readability.
SUB-ZgEn2XMibn,B,overall,0.4344,0.5003,0.4582,0.1687,This part comes across positively in that it's simple yet separated in a way that's easy for people to recognize.
SUB-3Z-cu4GhVI,B,dq_hierarchy,0.0216,0.3963,0.9784,0.068,"The top area of the lecture info is emphasized, improving the information hierarchy."
SUB-9106UUCN6E,A,unit:1,0.7274,0.3838,0.205,0.0543,"Adding a button in the save section reflects the request well, I'd say, but I feel it would be enough to emphasize the save button's size less."
SUB-9106UUCN6E,A,unit:2,0.022,0.1575,0.9497,0.2145,"By reducing the image size and increasing the text size a bit, the conversation does catch the eye first, but I don't quite feel the request was sufficiently reflected."
SUB-9106UUCN6E,A,unrequested,0.0461,0.5433,0.823,0.0864,"The chips by category and the total count written next to ""discussion"" catch the eye nicely."
SUB-9106UUCN6E,A,dq_interaction,0.0431,0.5413,0.7748,0.0878,"It's unclear whether it's a necessary feature, but it does let you quickly find content by category."
SUB-9106UUCN6E,A,dq_interaction,0.7274,0.3824,0.211,0.0613,A save function was added.
SUB-9106UUCN6E,B,unit:1,0.0961,0.3574,0.8197,0.0724,The size of the Saved button feels excessive.
SUB-9106UUCN6E,B,unit:2,0.349,0.2243,0.5607,0.131,The product information catches the eye more than the conversation and the chair.
SUB-9106UUCN6E,B,unrequested,0.0199,0.5211,0.9537,0.078,The added header feels excessive.
SUB-9106UUCN6E,B,dq_interaction,0.2119,0.372,0.6368,0.046,The save button was added as requested.
SUB-9106UUCN6E,B,dq_interaction,0.0565,0.5531,0.1828,0.0376,The emphasis on the number of existing posts stands out less than before.
SUB-a-07bT18aC,B,unrequested,0.6591,0.0664,0.2613,0.072,Percentage information added
SUB-J8hzKy26Yw,B,unrequested,0.0646,0.5972,0.9219,0.09,Modified the design of the resend button area
SUB-dDBFLmwj2x,A,unrequested,0.0393,0.5244,0.5281,0.034,"Not requested, but necessary for International Payment"
SUB-dDBFLmwj2x,A,unrequested,0.7492,0.2776,0.1472,0.074,"Not requested, but necessary for International Payment"
SUB-dDBFLmwj2x,A,unrequested,0.0264,0.7717,0.9523,0.03,"Not requested, but necessary for International Payment"
SUB-dDBFLmwj2x,A,dq_legibility,0.7232,0.2821,0.2078,0.084,You can immediately see which country it's being sent to.
SUB-dDBFLmwj2x,B,unit:2,0.7535,0.2709,0.2381,0.046,This kind of indicator is good
SUB-dDBFLmwj2x,B,unit:2,0.7838,0.3501,0.2162,0.066,It's convenient that the exchange rate is very visible and can be changed right away
SUB-dDBFLmwj2x,B,unrequested,0.7709,0.3401,0.2251,0.082,Isn't this a necessary function for overseas remittance?
SUB-dDBFLmwj2x,B,unrequested,0.7795,0.1921,0.1991,0.06,I rated it well because I judged this to be a part that needed fixing right away
SUB-dDBFLmwj2x,B,dq_legibility,0.022,0.6721,0.9566,0.102,Adding a different color is very good
SUB-dDBFLmwj2x,B,dq_layout,0.0264,0.3161,0.039,0.11,It's a shame the margin here is too narrow
SUB-ql2Ap-WK0m,A,unit:1,0.0679,0.5881,0.7629,0.0629,"- The information grouping seems much better organized (the position of ""your details are~"" was changed)"
SUB-_DF57Z9rwl,B,unit:2,0.7483,0.3376,0.1817,0.0336,"It's already visible on the screen, so why give it as text again? Redundant"
SUB-_DF57Z9rwl,B,unit:2,0.0215,0.5876,0.9529,0.1119,"It was changed to an inline design, which lowers the focus on the task, but then a button is provided?, so it stands out too much. The conflicting design makes it stick out even more"
SUB-_DF57Z9rwl,B,unrequested,0.712,0.3861,0.2301,0.0821,Why was the code box level made different? (a part that wasn't requested)
SUB-gMRgwmw0fN,A,dq_craft,0.1446,0.6476,0.4389,0.1291,"- It says 4 available but only 3 cards are shown -> needs more polish
- Is the ellipsis necessary? Just this one"
SUB-gMRgwmw0fN,A,dq_craft,0.5985,0.1146,0.1147,0.0318,6 therapists? The number doesn't match the cards below either
SUB-gMRgwmw0fN,B,unrequested,0.0224,0.527,0.9576,0.3423,The list is nicely expressed as a bottom grid suited to tablet characteristics
SUB-gMRgwmw0fN,B,unrequested,0.0,0.1483,0.1446,0.043,It reflected the important elements of a calendar well. (It understood what users want from using a calendar and reflected that)
SUB-gMRgwmw0fN,B,dq_legibility,0.0549,0.6046,0.1646,0.043,"It's a shame that only the start time is shown, so you have to calculate the end time."
SUB-FukbOxL75N,A,unit:1,0.4938,0.6685,0.4863,0.2544,"There's this much space left at the bottom, yet it only shows 3 episodes.
It would have been better if it had understood and applied the ""6 episodes"" shown on the left."
SUB-FukbOxL75N,B,unrequested,0.02,0.576,0.4564,0.0898,The additional summary information seems to be a plus
SUB-FukbOxL75N,B,unrequested,0.596,0.1888,0.2993,0.1384,"Describing the functions by teacher turns it into learning information, which is helpful"
SUB-FukbOxL75N,B,unrequested,0.005,0.0756,0.5037,0.7201,The intent of the color contrast isn't clear. Not sure the readability is good either.
SUB-c-6L8sArRx,A,unit:1,0.6258,0.3361,0.1783,0.0207,Therapist name
SUB-znu_aXTBKr,B,dq_layout,0.0059,0.3169,0.9941,0.122,It's a shame the left and right margins disappeared
SUB-LrBeVcKq7r,A,unit:2,0.0682,0.0495,0.2698,0.0573,
SUB-LrBeVcKq7r,B,unit:2,0.0157,0.0972,0.2626,0.0764,Long-term stay
SUB-p_QzmSUnhk,B,unrequested,0.074,0.1724,0.853,0.0602,The tab area
SUB-p_QzmSUnhk,B,unrequested,0.0701,0.2399,0.8846,0.1277,Very strongly emphasized
SUB-p_QzmSUnhk,B,unrequested,0.0464,0.802,0.9399,0.0894,5-day
SUB-Q72JL5JbUD,A,unrequested,0.7422,0.1056,0.2578,0.3119,Summary screen
SUB-t2jM1egoLU,A,unrequested,0.0088,0.1329,0.8397,0.042,The content below the total amount
SUB-t2jM1egoLU,A,unrequested,0.7402,0.2649,0.2424,0.036,Monthly total
SUB-t2jM1egoLU,A,unrequested,0.0434,0.8249,0.7877,0.044,Bottom description
SUB-t2jM1egoLU,B,unrequested,0.0174,0.2949,0.9826,0.036,Pending settlement
SUB-t2jM1egoLU,B,unrequested,0.0088,0.5269,0.9912,0.038,Deposit completed
SUB-GBnykoT6aA,A,unit:1,0.0306,0.4527,0.9693,0.4046,Provided split into two
SUB-GBnykoT6aA,A,dq_layout,0.0,0.4386,0.9826,0.5368,"The layout appears divided — two areas, plus one area so you can see the remaining other items"
SUB-GBnykoT6aA,B,unit:1,0.0485,0.4487,0.9515,0.5449,Divided into two areas
SUB-btV-YIgTcq,A,unit:1,0.0255,0.7892,0.9521,0.1603,The content is summarized in one line
SUB-btV-YIgTcq,A,unit:2,0.0687,0.4306,0.9313,0.1823,"The position was changed, and the percentage got smaller"
SUB-btV-YIgTcq,B,unit:1,0.0946,0.7111,0.8543,0.2464,"Content was added on the episode side, and the content is organized by time"
SUB-btV-YIgTcq,B,unit:2,0.7389,0.4447,0.2128,0.0581,Designed as a button
SUB-btV-YIgTcq,B,unit:2,0.0428,0.4264,0.4803,0.1202,The currently playing item is shown large and its position was changed
SUB-JN7T7IZ0ig,A,unit:1,0.0309,0.5127,0.9691,0.454,Divided by topic rather than by chapter
SUB-JN7T7IZ0ig,A,dq_legibility,0.0396,0.5307,0.9522,0.434,"With the color added, it's separated from the outside, and with text placed on top, readability is improved"
SUB-JN7T7IZ0ig,B,unit:1,0.0,0.5127,0.9312,0.318,Divided by index
SUB-JN7T7IZ0ig,B,dq_legibility,0.005,0.5147,0.995,0.352,There seems to be too much information in a limited area (two items per line)
SUB-JN7T7IZ0ig,B,dq_layout,0.0353,0.5227,0.9647,0.348,"That part looks like it has far too little whitespace.
Almost all of the titles/content run to two lines."
SUB-oBysRyplGP,A,unit:1,0.2198,0.15,0.5339,0.0901,The content changed
SUB-oBysRyplGP,B,unit:1,0.1038,0.1302,0.719,0.1022,A title was added to that part
SUB-wCJkTY4vyn,A,unit:1,0.0,0.0212,0.2202,0.426,Created as a sidebar
SUB-wCJkTY4vyn,A,unit:1,0.2822,0.0911,0.7178,0.7248,Content added in the middle
SUB-wCJkTY4vyn,A,unit:2,0.461,0.4694,0.1573,0.3083,The expiration date is visible
SUB-wCJkTY4vyn,B,unit:2,0.7208,0.3613,0.1502,0.4101,An expiration date was created
SUB-YJQALt6qrl,B,unit:2,0.4283,0.6322,0.0263,0.2231,AI fingerprint
SUB-j0h_PiYANi,B,unit:3,0.6674,0.2529,0.3199,0.4335,
SUB-MWw1OAClS2,A,unit:3,0.0658,0.788,0.1814,0.0796,Starting position indication
SUB-MWw1OAClS2,B,unit:3,0.1278,0.6734,0.487,0.1082,Departure location
SUB-qzN29TjhqC,A,unit:1,0.1278,0.0253,0.4242,0.034,Title
SUB-qzN29TjhqC,A,unit:1,0.0801,0.2072,0.251,0.032,Doctor
SUB-qzN29TjhqC,A,unit:2,0.0585,0.1472,0.3809,0.032,
SUB-qzN29TjhqC,B,unit:1,0.0585,0.0132,0.7012,0.05,
SUB-qzN29TjhqC,B,unit:3,0.0369,0.2893,0.2987,0.052,
SUB-qzN29TjhqC,B,unit:3,0.0498,0.4873,0.4978,0.034,
SUB-zeyPWqLjj1,A,unit:2,0.7388,0.6113,0.2492,0.0336,It's hard to grasp what the intent is
SUB-zeyPWqLjj1,B,unit:2,0.7804,0.6273,0.2196,0.0576,A menu for handling the list seems to have been added.
SUB-Xycf0q0qBx,A,unit:2,0.0621,0.0356,0.8926,0.1396,"Since the color was changed to a brown tone, I judge that the request was well reflected."
SUB-Xycf0q0qBx,A,unit:2,0.8091,0.6415,0.1337,0.1413,The toggle design was changed.
SUB-Xycf0q0qBx,B,unrequested,0.074,0.3847,0.8854,0.4022,"The toggle, which should have been located at the very end, had its content changed and was repositioned so that there's one on each card."
SUB-Vkf0iTAGBO,A,overall,0.02,0.2042,0.9643,0.052,The height and width of that box frame look excessively narrow. There should be a bit more breathing room in the whitespace.
SUB-Vkf0iTAGBO,A,overall,0.0157,0.2362,0.2563,0.048,"I understood it as the color changing when the user activates kudos, but just changing the icon's color would probably be enough. Right now the text color changes too, which looks somewhat excessive."
SUB-Vkf0iTAGBO,B,unit:2,0.0178,0.1992,0.2357,0.058,"The order shows the numeric data first and then the source of that data, but from the user's perspective, seeing only the number first would probably prompt the question, 'So what does this number even mean?' Therefore, showing the data source first and then the number seems like the more appropriate order."
SUB-Vkf0iTAGBO,B,overall,0.0309,0.1982,0.9383,0.706,"Looking at variant B more closely, I just realized this now — I had assumed the first, second, and third pieces of information inside the box would of course all be consistent, but I just found out that Distance, Time, Average, Asleep, Sleep Score, Resting, Sets, Volume, Total, etc. all use completely different criteria :( If it's designed like this, is there even a reason to group them in a box..?😅 The user, for each row, — since this part was carried over from the original design, it's awkward to blame variant B for it, but if I were to give an overall assessment of the original design too, this is a nonsensical design that doesn't even have the basics of UX/UI design down, so I'd give it the lowest score."
SUB-s5qU4BPRp8,A,unit:1,0.0621,0.0273,0.7661,0.1429,"By changing the title, I judge that the request was well reflected."
SUB-s5qU4BPRp8,A,unrequested,0.7112,0.5251,0.2578,0.0798,A chip indicating that items are listed oldest-first was added.
SUB-s5qU4BPRp8,B,unit:1,0.6563,0.0256,0.3246,0.0681,"By labeling it 'parent mode' at the top, it's immediately clear that this is a screen used by parents."
SUB-s5qU4BPRp8,B,unit:2,0.0239,0.4487,0.9523,0.2144,"While being moved up one level, the color and structure were also slightly changed."
SUB-s5qU4BPRp8,B,unrequested,0.0406,0.4553,0.9379,0.2094,The color was changed and a review button was added.
SUB-s5qU4BPRp8,B,unrequested,0.4487,0.3041,0.4821,0.118,An edit function was created.
SUB-s5qU4BPRp8,B,dq_interaction,0.506,0.3182,0.4153,0.0981,A button that wasn't requested was added.
SUB-grayfq9agW,A,unit:1,0.8319,0.6048,0.1681,0.2624,"The reordering part was changed, but the original structure feels more familiar as a reordering icon."
SUB-grayfq9agW,A,unit:2,0.0299,0.5782,0.9701,0.0514,"The overall track order seems to have changed, but I don't really feel much of a difference."
SUB-grayfq9agW,B,unit:1,0.8319,0.5924,0.1681,0.3121,It doesn't feel like an icon indicating you can change the order; it feels more like pressing it would open a window for editing or checking other information.
SUB-grayfq9agW,B,unit:2,0.0261,0.5818,0.9555,0.0638,"The text below explains how to change the order, so it may be quicker to understand, but it doesn't feel much different from before."
SUB-grayfq9agW,B,overall,0.7974,0.5924,0.1957,0.3121,The changed design is disappointing in that the icon doesn't give the sense of reordering.
SUB-mjh01SzFEF,A,unit:1,0.8033,0.4674,0.1903,0.0621,"A 'clear all' button was newly added, so I judge the instruction was reflected well."
SUB-mjh01SzFEF,B,dq_interaction,0.6883,0.4665,0.3117,0.0816,Adding a cancel button breaks the flow of the eye once.
SUB-Ock3vYH9L1,B,unrequested,0.6393,0.1626,0.346,0.1935,Information that seems meaningful regarding product reviews was added.
SUB-Ock3vYH9L1,B,dq_craft,0.6628,0.178,0.2933,0.1496,"The graph style seems out of step with the overall tone, which is disappointing."
SUB-e0bZY4B22S,B,unrequested,0.8592,0.0962,0.1289,0.0732,A badge was added.
SUB-e0bZY4B22S,B,unrequested,0.0,0.0,0.1885,0.9809,A sidebar was created.
SUB-e0bZY4B22S,B,dq_legibility,0.6229,0.1487,0.3652,0.1559,"The title is shown larger than the other elements so it catches the eye first, and this structuring makes readability feel good."
SUB-bPaLge3WKF,A,unit:2,0.0432,0.411,0.9216,0.3751,"With the original design, the longer the list gets, the more you have to scroll down to find the '+New list' button in order to add one, which can be somewhat cumbersome from the user's perspective; variant A has the advantage that no matter how long the list gets, the add button is at the top so it's immediately accessible. Nevertheless, the reason I answered 'the change is inappropriate' is that with A's new position, if the user adds a new list it would feel more natural for that list to be added at the top, and if the design is such that a new list is added at the bottom, then the original design seems more appropriate, or placing it to the right of the headline would be more appropriate. But if the intent is that a new list is indeed added at the top, then A's change is appropriate."
SUB-bPaLge3WKF,B,unrequested,0.7977,0.0359,0.1757,0.0983,"If this design isn't a bottom sheet, I think the circular outline is an unnecessary change."
SUB-T_cZcyEaeo,A,dq_hierarchy,0.0048,0.5513,0.5465,0.2514,"I think 'date and time' and 'schedule' would be better grouped together, so it's a shame they're separated."
SUB-T_cZcyEaeo,A,dq_legibility,0.5704,0.4208,0.4224,0.1368,"It was emphasized as the primary action, but in the revised version it feels buried, which is disappointing."
SUB-T_cZcyEaeo,A,dq_layout,0.031,0.7899,0.9308,0.1591,It's a shame the bottom whitespace wasn't utilized.
SUB-T_cZcyEaeo,B,dq_hierarchy,0.1996,0.5284,0.3909,0.2579,"I think 'date and time' and 'schedule' would be better grouped together, so it's a shame they're separated."
SUB-T_cZcyEaeo,B,dq_layout,0.1872,0.1443,0.7922,0.6859,The spacing between cards isn't consistent.
SUB-T_cZcyEaeo,B,dq_layout,0.1975,0.7643,0.7778,0.1152,It's a shame the bottom whitespace wasn't used well.
SUB-T_cZcyEaeo,B,dq_interaction,0.1955,0.0098,0.7963,0.0658,"The page title is placed up in the GNB area, and the hierarchy looks off. It should probably come down into the content area."
SUB-x0N3bk_-zZ,A,unit:1,0.0591,0.5427,0.8073,0.0532,Small text was created below the email placeholder so that the meaning of the instruction can be understood.
SUB-x0N3bk_-zZ,B,unit:1,0.0475,0.7404,0.9242,0.094,"I judge it's better than before for the user to notice the requested item, but I wonder if it would have been better in a slightly simpler form in the structure right below the input, so it can be checked right after entering the email."
SUB-x0N3bk_-zZ,B,dq_interaction,0.0206,0.7342,0.9704,0.117,The notice in the email verification section lets you check before pressing.
SUB-qG7hrihhW9,A,unit:3,0.447,0.6006,0.2458,0.14,"By adding a button, I judge the instruction was reflected well."
SUB-qG7hrihhW9,A,unrequested,0.2418,0.7215,0.5155,0.1018,Additional supplementary explanation was provided.
SUB-qG7hrihhW9,A,unrequested,0.4065,0.1789,0.1885,0.2832,The button's shape was changed from a square to a circle.
SUB-qG7hrihhW9,A,dq_interaction,0.4661,0.6117,0.2363,0.1432,A back button was added.
SUB-qG7hrihhW9,A,dq_interaction,0.0413,0.0167,0.9587,0.0891,A top navigation was added.
SUB-qG7hrihhW9,B,unrequested,0.6523,0.1885,0.3198,0.5155,This part was added even though it wasn't requested.
SUB-qG7hrihhW9,B,unrequested,0.7979,0.0087,0.179,0.0764,A badge-type element was added at the top.
SUB-qG7hrihhW9,B,dq_interaction,0.6761,0.2299,0.2959,0.4646,Something that wasn't requested appeared.
SUB-Rgwvw72svy,A,dq_layout,0.0757,0.5079,0.8299,0.1298,The arrangement resulting from the difference in thumbnail sizes looks a bit awkward. The space above the remaining thumbnails isn't utilized.
SUB-Rgwvw72svy,A,dq_interaction,0.0581,0.5431,0.8798,0.2177,"Because of the difference in thumbnail sizes, it feels like this area would scroll horizontally."
SUB-Rgwvw72svy,B,dq_hierarchy,0.061,0.4552,0.5161,0.2705,The next thumbnail looks much more emphasized than in the original.
SUB-Rgwvw72svy,B,dq_layout,0.0376,0.0219,0.915,0.3959,"The thumbnail size is appropriate, and the text information is nicely emphasized at the top."
SUB-uu4iyFMl6t,A,unit:1,0.0381,0.4932,0.9151,0.106,The badge on the right and the supporting text below clearly convey the message that 'the user's email has been verified.'
SUB-uu4iyFMl6t,A,unrequested,0.0292,0.5092,0.9328,0.102,"The 'Verified' badge alone should make the user aware that the email address has been verified, so is there really a need to announce it again with supporting text below? I see that as an unnecessary element. Removing it seems appropriate."
SUB-uu4iyFMl6t,B,unit:1,0.0504,0.7512,0.9382,0.088,"By the principle of proximity in Gestalt laws, grouping similar information close together is easier for users to understand. Variant B doesn't place the email verification information next to Email but rather puts it far away, breaking UX/UI fundamentals."
SUB-uu4iyFMl6t,B,unrequested,0.0331,0.7452,0.9426,0.08,"There's too much unnecessary added text in this area. Apart from the 'Email verified' information, all the other text conveys the same information that 'the email has been verified.' In that case, rather than taking up unnecessary space like this, just placing the single 'Email verified' text would do the job."
SUB-TYNWu3J-Qh,A,unit:2,0.0393,0.5092,0.8878,0.2524,"I judge the instruction was reflected well, but I think it became excessively large compared to the size of the other cards."
SUB-TYNWu3J-Qh,A,unit:3,0.0464,0.7598,0.1909,0.1002,"Even before, it was recognizable as a pressable button, but the pink and gray color combination wasn't good, I think. Now it seems well applied!"
SUB-TYNWu3J-Qh,A,dq_hierarchy,0.0679,0.5056,0.8711,0.2578,"Rather than the image for the current step, which I think is the most important, it's the next step's image that catches your eye first."
SUB-TYNWu3J-Qh,A,dq_craft,0.0703,0.5038,0.8711,0.256,"The instruction was applied, but the change in this part feels disappointing. I think the next card was enlarged too much compared to the other cards, and it would have been better if they had put effort into changing the card UI design itself."
SUB-TYNWu3J-Qh,B,unit:2,0.0584,0.4555,0.8735,0.2595,"It's really grown a lot compared to the other cards, and the card design of the next section has been changed too, so it feels excessive."
SUB-TYNWu3J-Qh,B,unit:3,0.0584,0.7401,0.1742,0.0752,"With the text color changed and a stroke and shadow added, it's easily recognized as a pressable button."
SUB-INcmUSjIbT,B,unit:1,0.024,0.7713,0.9367,0.1795,"If anything, the original design looks better. They emphasized the green button by adding a shadow and an arrow, but the changed design feels excessive. The gray card wrapping Cancel and the green button also looks unnecessary."
SUB-u8A8g6Bt1q,A,unit:1,0.0973,0.2185,0.7326,0.1475,I judge that the request was reflected well.
SUB-u8A8g6Bt1q,A,unit:2,0.0795,0.6771,0.7147,0.144,"It informs the user that there may be a delay of about 3 minutes, guiding them to wait at least that long."
SUB-u8A8g6Bt1q,B,unit:1,0.0795,0.2682,0.8346,0.1102,"Since the phone number is provided and it's clearly understandable that the phone number can be changed, I judge the instruction was well applied."
SUB-u8A8g6Bt1q,B,unit:2,0.0948,0.5393,0.8346,0.1369,"It notified that there may be a delay of about 3 minutes, so I judge the instruction was well applied, but it would have been fine not to push the coloring and design to this level of emphasis."
SUB-u8A8g6Bt1q,B,unrequested,0.105,0.8131,0.8142,0.112,"By spacing out the left and right buttons, mistaken taps can now be prevented. However, I think they need to consider which of the left and right should be emphasized more."
SUB-u8A8g6Bt1q,B,dq_hierarchy,0.0871,0.5393,0.8117,0.1351,"By emphasizing the notice about the possible delay, this part now draws much more attention."
SUB-u8A8g6Bt1q,B,dq_craft,0.1075,0.6673,0.8168,0.2684,Having buttons with similar functions listed below feels ambiguous. I wonder if it would be better to adopt a different button design structure.
SUB-uqCSMIJGMb,A,unit:1,0.1146,0.5734,0.792,0.3089,"Right from the prompt request stage, I had doubts about the idea of adding a 'small Archive button.' Even before seeing the AI output, I thought that adding one small button between the two existing buttons would make its size stand out on its own and look unbalanced. And looking at the AI output, sure enough it's unbalanced and the UI design looks awkward. I thought it would have been better to keep the two main buttons as they are and place an 'Archive instead' below them as low-hierarchy text only, or as an underlined text link."
SUB-uqCSMIJGMb,B,unit:1,0.0973,0.5213,0.8064,0.351,"Archive alone has a different color palette, a different button layout, is the only one that includes an icon, and has a different button size. I think this is the worst possible revision, completely ignoring design consistency."
SUB-uqCSMIJGMb,B,unrequested,0.0915,0.6136,0.8064,0.1685,I think that Archive button is far too complex and has too many elements to be called a button. I think it needs to have some elements stripped away.
SUB-uqCSMIJGMb,B,dq_interaction,0.1002,0.6336,0.8093,0.1404,"The roles of 'Delete project' and 'Cancel' are obvious as buttons, but only the Archive area has an inner 'Archive' pill button doubled up inside it, which causes confusion about whether that area is a button, and if it isn't, why it's wedged in among the button elements."
SUB-SU7E6-6eQg,A,unrequested,0.2571,0.9044,0.4839,0.0582,I think the phrase 'Keep it in Breakfast ideas' is long and is UX writing that's hard for users to understand right away on a single read. I think the original simple 'Cancel' was far more intuitive.
SUB-SU7E6-6eQg,A,dq_interaction,0.2571,0.9004,0.481,0.0682,"It doesn't seem intuitive from the user's perspective what happens when you tap 'Keep it in Breakfast ideas.' Also, if you want to keep it somewhere other than Breakfast ideas, you'd have to consider the development issue of the label text changing every time."
SUB-SU7E6-6eQg,B,unit:1,0.0411,0.768,0.9245,0.1765,"Originally there was no frame wrapping the two buttons, but now an extra frame in a darker color than the background has been added. And you can see that a shadow was added in response to the request to make the green button stand out more. I think both are unnecessary graphic elements, and from a UX/UI design perspective this revision just makes things messier."
SUB-SU7E6-6eQg,B,unrequested,0.044,0.76,0.9159,0.2046,"As in the original design, the two buttons were perfectly recognizable as buttons without being wrapped in a frame. And as for shadows, it's better not to use them indiscriminately unless truly necessary — shadows are effective at making an element stand out, but if misused they're one of the factors that make a design look messy overall."
SUB-K13M16E1aU,A,unit:1,0.1453,0.8095,0.7377,0.1138,"I judge the instruction was well applied, but it would have been fine to reduce the text size a bit more or keep the weight the same."
SUB-K13M16E1aU,A,unit:2,0.0968,0.198,0.7504,0.1742,I judge that the request was reflected well.
SUB-K13M16E1aU,A,dq_interaction,0.1223,0.8166,0.7708,0.1013,It additionally provides information about camera access.
SUB-K13M16E1aU,B,unit:1,0.0713,0.8024,0.8704,0.176,"I judge the instruction was well applied, but it feels disconnected from the white-background card above."
SUB-K13M16E1aU,B,unit:2,0.0738,0.1678,0.7683,0.1778,"I judge the instruction was well applied, and they added a vertical line on the left like a quotation so it reads together as a unit. However, the title's text size feels a bit excessive."
SUB-K13M16E1aU,B,dq_craft,0.0636,0.7953,0.8704,0.1866,"With the guidance about allowing camera access added, it looks separated from the card above.
Because it's separated, it may read well as distinct content, but I feel it would have been fine to just add it simply inside the white card."
SUB-1lttZP8xBJ,A,dq_hierarchy,0.0746,0.7616,0.7905,0.0764,
SUB-1lttZP8xBJ,B,dq_hierarchy,0.0516,0.7033,0.8897,0.1625,
SUB-1lttZP8xBJ,B,dq_layout,0.5446,0.2838,0.3156,0.1111,The labels overlapped.
SUB-Xb5GAS8M81,A,unit:3,0.036,0.4418,0.4381,0.1392,What you will learn
SUB-Xb5GAS8M81,B,unit:3,0.0409,0.4677,0.4406,0.1021,Learning brief
SUB-UPUQgJz3sp,A,unit:2,0.1134,0.1843,0.7143,0.1785,"Personally, I can't clearly tell by eye what was changed."
SUB-UPUQgJz3sp,A,dq_legibility,0.0961,0.3658,0.7575,0.2427,There doesn't seem to be any need to split the text into two areas like this. I think it would be better to trim it down to the key points much more concisely and consolidate it into a single supporting line.
SUB-UPUQgJz3sp,A,dq_legibility,0.0961,0.1913,0.7431,0.1745,The main text looks somewhat large. I think reducing it a bit more would be more appropriate.
SUB-UPUQgJz3sp,A,dq_layout,0.1048,0.3578,0.7661,0.2487,The layout looks somewhat complicated because of the unnecessary use of space for two text blocks.
SUB-UPUQgJz3sp,A,dq_interaction,0.1192,0.8181,0.7488,0.0802,
SUB-UPUQgJz3sp,B,unit:1,0.0299,0.8021,0.9303,0.1745,"I don't really understand the intent of going so far as to add a background color and outline the area to distinguish it from the existing body content. If anything, shouldn't that information have its hierarchy lowered as much as possible and be grouped with the body so it reads together?"
SUB-UPUQgJz3sp,B,unit:2,0.0788,0.1803,0.8064,0.1705,"AI design seems to really love left-side lines. I recently realized that the vast majority of screens containing such a line are AI design outputs. And in this design too, I think it's an unnecessary added element."
SUB-UPUQgJz3sp,B,unrequested,0.0788,0.1703,0.8093,0.1725,Adding the left line element serves no particular role from a UX/UI perspective and there's no need for it.
SUB-UPUQgJz3sp,B,unrequested,0.0212,0.7941,0.9476,0.1966,"By visually separating that area from the body, it's perceived as information of a different nature from the body. But there's a contradiction in that the text is actually content related to the body."
SUB-UPUQgJz3sp,B,dq_hierarchy,0.0414,0.7861,0.9332,0.2139,"It's not that I think this kind of design should never be used — it should be used where it fits the situation, and in this case it doesn't seem like the appropriate design."
SUB-0wvhVVPLsn,A,unit:1,0.0386,0.492,0.9089,0.056,Newly added next to the title.
SUB-0wvhVVPLsn,A,unit:2,0.0386,0.51,0.9565,0.336,"They used a filled area instead of a line, but for something called warm gray it feels strongly beige."
SUB-0wvhVVPLsn,B,unit:1,0.0213,0.498,0.9609,0.064,A dropdown button was created.
SUB-0wvhVVPLsn,B,dq_legibility,0.004,0.536,0.9825,0.302,"With the fill element added, the screen seems to have more elements overall, and readability has declined."
SUB-xncWPla1fJ,A,unit:1,0.0728,0.1392,0.8723,0.3951,- Numbers + order
SUB-xncWPla1fJ,A,unit:1,0.176,0.6169,0.7663,0.1161,A simple instructional note
SUB-xncWPla1fJ,A,unit:1,0.0782,0.7352,0.856,0.2344,Button
SUB-xncWPla1fJ,B,unit:1,0.0347,0.6147,0.875,0.1138,One-line description
SUB-xncWPla1fJ,B,unit:1,0.0238,0.7531,0.9375,0.2433,A large button created at the very bottom
SUB-xncWPla1fJ,B,dq_hierarchy,0.0456,0.1861,0.9294,0.3147,"The largest element is anchored, which establishes hierarchy"
SUB-bMcCn9Vnl_,A,unit:1,0.063,0.1121,0.7709,0.1222,The title and the information are swapped
SUB-bMcCn9Vnl_,A,unit:2,0.0256,0.685,0.9521,0.2123,Creates a horizontally long button and provides information above it
SUB-bMcCn9Vnl_,A,dq_legibility,0.0601,0.675,0.9319,0.2344,The final button is clearly visible
SUB-bMcCn9Vnl_,B,unit:1,0.1062,0.1041,0.7622,0.1182,Title/description changed
SUB-bMcCn9Vnl_,B,unit:1,0.0889,0.3004,0.164,0.3666,The content that goes into the list changed to time
SUB-bMcCn9Vnl_,B,unit:2,0.1062,0.6984,0.8715,0.1502,"The positions of the button/content were swapped, and more information is included on the right"
SUB-bMcCn9Vnl_,B,dq_layout,0.0745,0.2657,0.9255,0.1743,"Instead of 1.2.3 in a single column, it changed to time on the left - circular image - content, which creates a bit more white space.
When several are listed, the layout looks tidier and prettier"
SUB-V9xGi1frFW,A,unit:1,0.0732,0.3171,0.8602,0.4817,The order and layout structure of these two parts were changed.
SUB-V9xGi1frFW,A,unit:2,0.6931,0.3678,0.2304,0.1504,A new button was added to let you check all the team members.
SUB-V9xGi1frFW,A,dq_layout,0.0681,0.3217,0.8669,0.4774,The positions of step 1 and 2 were changed
SUB-V9xGi1frFW,A,dq_interaction,0.7133,0.3478,0.1814,0.1865,A button was added to view all participants.
SUB-V9xGi1frFW,B,unit:1,0.0998,0.405,0.8295,0.2367,"In response to the request to change the selection order, the selected card was changed."
SUB-V9xGi1frFW,B,unit:2,0.4973,0.7169,0.4407,0.0883,It feels like the card size in this part was taken too far.
SUB-V9xGi1frFW,B,dq_interaction,0.503,0.7108,0.4205,0.0963,A button was added to view all team members.
SUB-PAg5Ry8WR7,A,unit:1,0.0,0.4647,1.0,0.5353,The content in the bottom section changed to a name list
SUB-PAg5Ry8WR7,A,unit:2,0.0256,0.2907,0.9565,0.116,"An ""inquiry available"" button was created on the left"
SUB-PAg5Ry8WR7,A,dq_legibility,0.017,0.5127,0.983,0.098,"Rather than just text, buttons come in on the left/right, which improves readability of the text"
SUB-PAg5Ry8WR7,A,dq_layout,0.0776,0.4187,0.8916,0.544,"It changed from a single layout form into two, and within that the layout is further sorted to fit each part, so it looks tidier"
SUB-PAg5Ry8WR7,A,dq_craft,0.0473,0.5005,0.9133,0.444,"Rather than just text and a > icon, external elements come in, which makes it look more polished"
SUB-PAg5Ry8WR7,B,unit:1,0.0213,0.2047,0.9787,0.148,The content of the main part was changed
SUB-PAg5Ry8WR7,B,unit:2,0.0516,0.3247,0.9484,0.396,An inquiry field was newly created
SUB-PAg5Ry8WR7,B,dq_legibility,0.0689,0.3267,0.9311,0.384,"There's too much information, and its implementation comes with too many varied visual elements
(circles/text, white on fill, colored font on white, white box conveying information, colored button)"
SUB-PAg5Ry8WR7,B,dq_interaction,0.0559,0.4467,0.9441,0.516,There are too many cues to operate
SUB-a4kFA-Z7dN,A,dq_interaction,0.0443,0.1208,0.8957,0.1585,You can now pick a date
SUB-GxJFJhyX4S,A,unit:1,0.0473,0.0747,0.3592,0.058,The title changed.
SUB-GxJFJhyX4S,A,unit:2,0.6749,0.0725,0.3251,0.066,Number of items needing handling
SUB-GxJFJhyX4S,A,unit:2,0.7831,0.2665,0.2169,0.51,Provides the date
SUB-GxJFJhyX4S,A,unit:2,0.1295,0.3225,0.6882,0.046,Provides the status
SUB-GxJFJhyX4S,A,dq_layout,0.1338,0.3245,0.7358,0.064,"The prose part becomes just an area + a short word or so, so there's enough white space"
SUB-GxJFJhyX4S,B,unit:1,0.0213,0.0767,0.9787,0.21,"Title changed + split into three, so the information you perceive first is different"
SUB-GxJFJhyX4S,B,unit:2,0.0127,0.2207,0.9873,0.59,"By sorting the content into two, the user can clearly see the overall picture in the header and then also skim the latter content at once"
SUB-GxJFJhyX4S,B,unit:2,0.0213,0.0627,0.9787,0.218,Conveys summary content
SUB-GxJFJhyX4S,B,dq_legibility,0.03,0.2927,0.97,0.518,"A clear color for marking is added, which improves readability"
SUB-GxJFJhyX4S,B,dq_layout,0.0213,0.2967,0.9787,0.484,"Overall, white space exists between the two"
SUB-GxJFJhyX4S,B,dq_layout,0.0,0.2627,0.9562,0.272,"In cases that seem high in importance to check, white space is inserted between each one"
SUB-GxJFJhyX4S,B,dq_layout,0.0473,0.1447,0.9527,0.164,The header and the content aren't too close together
SUB-jLVXzWU1Al,A,unrequested,0.3412,0.3855,0.3946,0.0582,
SUB-jLVXzWU1Al,A,unrequested,0.0791,0.183,0.8295,0.1625,"The progress bar is divided according to the number of documents, making it easy to see how many have been uploaded."
SUB-jLVXzWU1Al,B,unrequested,0.3441,0.555,0.1786,0.0522,"A chip was added showing which file number has been uploaded so far, making it easier to check the status."
SUB-jLVXzWU1Al,B,dq_legibility,0.3066,0.5269,0.2534,0.0983,Good for quickly seeing how many files have been uploaded so far.
SUB-n-ZQ_v1Igd,A,unit:1,0.227,0.5116,0.4056,0.0481,The customer's name is included.
SUB-n-ZQ_v1Igd,A,unit:1,0.0314,0.2232,0.9686,0.4908,Changed from Collection to Folder.
SUB-n-ZQ_v1Igd,A,unit:2,0.0717,0.3073,0.9283,0.4768,The buyer section is split into two.
SUB-n-ZQ_v1Igd,A,unit:3,0.1177,0.0689,0.8823,0.2744,"Detailed information about it was added (amount, views, etc.)."
SUB-n-ZQ_v1Igd,A,dq_hierarchy,0.1235,0.2352,0.8765,0.5489,"Split into two, and within them the font color intensity is adjusted to create hierarchy."
SUB-n-ZQ_v1Igd,A,dq_layout,0.0573,0.2712,0.9427,0.4968,"Instead of listing one column, it's classified into two, providing sufficient white space."
SUB-n-ZQ_v1Igd,B,unit:1,0.3967,0.3394,0.2589,0.0441,The name is included.
SUB-n-ZQ_v1Igd,B,unit:1,0.0285,0.0329,0.9636,0.2364,The wording was clearly changed to 'save'.
SUB-n-ZQ_v1Igd,B,unit:2,0.0401,0.2532,0.9599,0.2985,On tour at the top part
SUB-n-ZQ_v1Igd,B,unit:2,0.0602,0.5056,0.9089,0.2444,Behind the quiet person
SUB-n-ZQ_v1Igd,B,unit:3,0.089,0.0309,0.911,0.2704,"Two sales, upload well / amount / other info conveyed"
SUB-n-ZQ_v1Igd,B,dq_hierarchy,0.0372,0.0,0.9628,0.5297,The top area + the people currently active are clearly given higher hierarchy and stand out.
SUB-9aE6WH4Jxj,A,unit:1,0.0217,0.1632,0.9782,0.318,Changed so that the requests section is shown first.
SUB-9aE6WH4Jxj,A,unit:2,0.1602,0.3142,0.606,0.06,The text was summarized so it can be read before opening the request.
SUB-9aE6WH4Jxj,A,unrequested,0.0044,0.2682,0.9782,0.21,"A red line was added to the selected item, and the right side was changed to show the day of the week instead of the time."
SUB-9aE6WH4Jxj,A,dq_craft,0.0174,0.2702,0.9522,0.21,The card list section for today is emphasized in red.
SUB-9aE6WH4Jxj,A,overall,0.1343,0.4142,0.6492,0.06,"In this part you can quickly grasp the summarized content, but it doesn't seem much different from before."
SUB-9aE6WH4Jxj,B,unit:1,0.0217,0.0772,0.9695,0.468,"It's divided into due today / this week / waiting, so you can see at a glance how many are in each. All requests / approvals / reviews / access chips were added, so you can check them by category."
SUB-9aE6WH4Jxj,B,unit:2,0.0823,0.3812,0.7661,0.046,"Since you can see the name and a brief description before opening the request, I judge that the instruction was applied well."
SUB-9aE6WH4Jxj,B,unrequested,0.0044,0.2702,0.9912,0.53,The list was separated into due today and coming up.
SUB-9aE6WH4Jxj,B,unrequested,0.0131,0.2322,0.896,0.052,The tabs were classified in chip form.
SUB-9aE6WH4Jxj,B,unrequested,0.0434,0.1642,0.9263,0.074,"The upcoming parts were divided, and each was labeled with a number so you can quickly check the counts."
SUB-9aE6WH4Jxj,B,dq_hierarchy,0.0217,0.1562,0.9436,0.078,"A section where you can check the summary was added, which interrupts the flow of the eye once."
SUB-9aE6WH4Jxj,B,dq_interaction,0.7186,0.0862,0.2814,0.06,A filter function was added.
SUB-Pdwj9548Qn,B,unrequested,0.0067,0.0797,0.984,0.0802,Good that the time is displayed more clearly.
SUB-l4p0snEofG,B,unrequested,0.0173,0.0737,0.9731,0.0845,"Applied with an understanding that this is information that needs monitoring, in the context of a buyer inquiry inbox."
SUB-l4p0snEofG,B,unrequested,0.0368,0.1709,0.3036,0.0396,Information is grouped and separated by subtitle.
SUB-l4p0snEofG,B,unrequested,0.897,0.0198,0.0778,0.0378,Sort icon that fits the context.
SUB-l4p0snEofG,B,unrequested,0.7569,0.1799,0.2063,0.027,Supplementary information connected to the group.
SUB-l4p0snEofG,B,dq_layout,0.0446,0.0809,0.8758,0.0665,Summary data added.
SUB-aQzP8x72fH,A,unrequested,0.0235,0.0055,0.494,0.0764,"It seems more appropriate to keep that main menu in the left side menu, and only display things in this area when there's a deeper depth than those menus."
SUB-aQzP8x72fH,A,unrequested,0.0259,0.4351,0.3031,0.0923,I think the outline button hierarchy of the original design was more appropriate. Right now the Follow button is overly emphasized.
SUB-aQzP8x72fH,A,dq_hierarchy,0.0306,0.3046,0.3079,0.2323,"In the original design the Follow button was an Outline Button, but in variant A it was promoted to a Filled Button. With identical top-level hierarchy elements appearing all over and everything being emphasized, it backfires so that nothing is emphasized. I also question whether the 'Hide' button, as a secondary button, really needs to be in its current position. I'd suggest a UX flow where a more (...) icon is added at the top right, and pressing it lets you select 'Hide' as an option."
SUB-aQzP8x72fH,A,dq_interaction,0.8015,0.1614,0.179,0.0859,"Right now the only sorting option is Relevance, so I question why it was presented as a button. If it's going to be displayed like this, either add a chevron-down icon so other sort orders can be selected, or if there's only one sort option, I think it's more appropriate to show it as plain text rather than putting it in a box like this."
SUB-aQzP8x72fH,B,unrequested,0.4483,0.2346,0.1527,0.5855,"This area is inherently a cramped space, so I think we need to reconsider whether that information is really needed by the user in this design. Along with the fundamental problem that the space is so cramped that all the text is only partially visible and cut off, so you can't see all the information being conveyed, I think removing that information from the table would be a more appropriate direction."
SUB-aQzP8x72fH,B,unrequested,0.613,0.2951,0.1527,0.5155,"I question why a background color was added to display that data. Users understand the table format even without it, so if the background color was added just for differentiation, I think it's unnecessary."
SUB-aQzP8x72fH,B,unrequested,0.4411,0.2187,0.1551,0.0668,"For 'Why We Suggest Them', I'm worried there may be too many possible free-form answers. Like the Instagram reference, I think it would be cleaner to provide the information that these are people followed by acquaintances I already follow."
SUB-aQzP8x72fH,B,dq_legibility,0.6058,0.2919,0.1623,0.5187,Already mentioned above. Unnecessary background color added.
SUB-aQzP8x72fH,B,dq_interaction,0.6917,0.8202,0.1289,0.105,"It's hard to predict what will happen when you press this button. Does pressing 'Hide these' mean the entire list currently shown gets hidden? And if so, what do you do when you want to hide items individually? In many respects I don't think this is a suitable UX design."
