set_id,instruction,original_w,original_h
inst-0021,Make the upload title lead the header.,390,560
inst-0153,Make creator identity and audience performance the focus.,390,844
inst-0302,Add the scheduled end time as a short line beneath the remaining time.,390,560
inst-0544,Make the scheduled date and time stand out first.,390,560
inst-0593,Let users join the upcoming meeting directly from the footer actions.,390,560
inst-0618,Add saved booking access to the error card actions.,390,844
inst-0774,"Big countdown and ""min left"" directly under the green label, room title below them, smaller.",390,560
inst-0825,Make destructive account actions distinct from routine account actions.,390,560
inst-0882,Add a clear-all action to the reasons header.,390,844
inst-0921,Make the primary action feel calmer and more trustworthy.,390,560
inst-0978,Make the combined value of selected accounts visible too.,390,844
inst-0002,"Rebuild the whole screen for a wide tablet. Add a button for extending time to the bottom button row, and then make the progress read as live at a glance.",390,560
inst-0006,"Rework the email icon and introduction copy. Restyle the code entry card with a pale blue-gray surface, subtle gray outline, and minimal shadow.",390,844
inst-0007,"Under the Owner column label, add a short gray line with the count of unowned tasks this sprint. Then split the bottom row: main button full card width below, back left and skip right above.",390,560
inst-0008,Make the overall screen a wide desktop canvas with the activity card centered. Place the activity card’s larger main panel on the left and footer on the right.,390,560
inst-0009,Move this to a watch screen and drop the thumbnail. Then emphasize the remaining time so it reads first.,390,560
inst-0010,Change what shows first in note date. Replace the saved status in place with a compact button retaining its label and opening version history. Move the note formatting toolbar.,390,844
inst-0011,"Switch to knee rehab; streak line becomes pain-stop guidance. Hide finished ones so only what's left shows, and then adjust the second card's prominence.",390,844
inst-0012,"Change the empty-state card to introduce medication schedule setup. Change the primary button from green to navy, keeping its white label and current prominence.",390,560
inst-0013,"Split the three ""More information"" rows into two groups. Then change the app name tagline's content.",390,844
inst-0014,Make the overall feel different. Reorganize the structure of the video list.,390,844
inst-0015,Rebuild the whole screen for a wide tablet layout. Then make the Stops row do something.,390,844
inst-0016,Add a compact Referral history text button beside the Recent referrals title.,390,844
inst-0018,Adjust the emphasis of the three plan cards.,390,844
inst-0019,Make the displayed times easier to convert across regions.,390,560
inst-0020,Rework the progress bar's feel.,390,560
inst-0022,"Replace New and Earlier with two groups, teammate notifications and automatic updates, newest first inside each.",390,560
inst-0023,"Make the conversation screen a desktop layout with the thread in a centered, comfortably narrow column.",390,844
inst-0024,Make it read as a tutor checking one student.,390,844
inst-0026,"Rework the ""Waiting in queue"" row structure. Then, change how the top upload card feels.",390,844
inst-0029,Try changing the selection order. Add access to all teammates in the teammate row.,390,560
inst-0030,"Rebuild for desktop: suggestion cards on the left, ""Others in your program tried"" on the right, link under the cards. Then three rows under ""Others in your program tried"": change what reads first.",390,560
inst-0031,Make its context feel different. Make the flow clear from reserve setup to transfer scheduling. Apply financial brand treatment to the primary button.,390,844
inst-0032,Make a change to the brand mark.,390,844
inst-0034,"Turn the Perks screen into a community host earnings screen. On desktop, use a wide app shell and move the primary navigation into a left rail. Change what appears first.",390,844
inst-0035,"Make this about inviting coworkers to fill seats, not rewards. In each invite list row, add the access level as a short line under the name, and recolor the link copy row so it stands out.",390,560
inst-0037,Give the bottom delete row a different background fill.,390,560
inst-0039,"Make this a beginner live cooking-class feed — featured a class, tiles recipe collections, rows show time left. Add one more gray line under the meta line with instructor name and difficulty. Then make both section headings a step larger than the titles below, and add more space above each.",390,844
inst-0040,"Make praise versus problem reports obvious at a glance, and also show the written review count in the score block.",390,844
inst-0041,"Split the agenda into two groups by action required, put action-required first, and add small labels above each. Add an event filter to the calendar toolbar. Make event categories distinguishable at a glance.",390,844
inst-0044,"Make it my tutor's profile, not a followed guide; swap guides/followers for languages taught and years teaching. And add a line under the role line with the tutor's rating and review count.",390,560
inst-0045,Rework the structure of the sign-in form.,390,844
inst-0046,Make the problem row catch the eye first when scanning.,390,844
inst-0047,Divide the order list into “Completed” and “Refunded”; keep date years and remove duplicate row statuses. Add sorting to the category filter row.,390,844
inst-0048,Top dark block reads heaviest — recolor it. Then restructure the three agenda lines.,390,844
inst-0049,Change the Check Answer button’s feel.,390,844
inst-0052,"Turn the sleep schedule editor into a rotating-shift planner, with a shift-cycle selector replacing weekly repeat. Adapt the rotating-shift planner for desktop. Give the scheduled sleep summary more emphasis.",390,560
inst-0054,Make reviewing the terms conclude with consent. Add download functionality to the document title and version.,390,844
inst-0056,Structure the collection list differently.,390,844
inst-0057,Comments just stack in a row — group them into conversations.,390,560
inst-0058,Make the weekly spending story a shared household dining recap showing each member’s contribution to the increase. Make each member’s share of the dining increase clear.,390,844
inst-0060,Allow comments to be sorted by recency.,390,844
inst-0064,"Split the step line under the progress bar: step count on top, syncing institution · time left below. Then add a button in that empty gap to skip the wait.",390,844
inst-0065,Change the wallet screen to a parent-managed child wallet. Change the order in Recent activity.,390,560
inst-0067,Enable personalized pet-supply shopping setup. Regroup the preferences below the pet profile.,390,844
inst-0068,Make choosing a list flow directly into saving.,390,560
inst-0069,Let users edit the bedtime and wake times on that line.,390,560
inst-0071,"Organize the activity list differently. Make each event’s day context clear, and make the person tiles feel more distinct.",390,844
inst-0074,Change how the progress card is arranged. Change when the saved amount stands out. Reorder the target date information.,390,560
inst-0075,"Show my own rank inside the same ranking. And let users rank by sales or by order count, make the top read as separate from the list.",390,560
inst-0076,"Rework the date and time selection area. Add the lesson format to the tutor card, then make the final booking summary a white, thin dark-gray-outlined card, keeping the plum confirmation button.",390,560
inst-0079,Make the episode artwork moderately smaller and keep it centered above the episode details.,390,844
inst-0080,Rework the bottom two buttons' setup.,390,560
inst-0083,Make the Checkout button feel different.,390,844
inst-0084,"Make remaining stock catch the eye first, other three quiet.",390,844
inst-0085,Rework how “Suggested stops” is arranged.,390,844
inst-0086,All three read as one run — separate the picked dish.,390,560
inst-0087,Turn password recovery into a workspace-member flow with a workspace ID field before account email. Make the main heading slightly smaller so the recovery form carries more visual weight. Add a compact secondary recovery code button below the primary button and above the expiration note.,390,844
inst-0089,Rework the article for endurance athletes’ recovery lunches.,390,844
inst-0091,Turn the follower panel into a workspace access request panel. And change each row’s requester detail order. Separate pending and approved requests in the request list.,390,560
inst-0092,Make this a patient booking a blood draw at a lab. Split the time list into morning and afternoon. Then show each day's openings and why some are dimmed.,390,560
inst-0093,"Add one truncated line of the delivery address directly below the estimated-delivery row. In the order summary, make the product image smaller, left of a wider arrival information area. Change the status badge to a dark green background with white text.",390,560
inst-0095,"Adapt the screen for a computer environment. Make FAQs the wide left column; put contact support above help guides in the narrow right column. Give it a cleaner, recognizable health-service feel.",390,844
inst-0096,Adapt the screen for desktop review. Change how the screen is laid out.,390,560
inst-0097,"Change this to share a lab-result summary with the care team. Then split recipients into care team and patient-consent-needed groups, replacing the label above with the two headings.",390,560
inst-0098,Turn the screen into a desktop canvas with primary navigation on the left and a wide browsing area. Split the curated list into side-by-side labeled 'Collections' and 'Guides' groups in the main area. Then add the last-updated date to the metadata line beneath the featured guide title.,390,844
inst-0099,"Rebuild for desktop as two columns: confirmation and event card left, order summary right, tabs to top nav. Make the two Next steps rows a numbered sequence by timing, with a line down the left. And make the pink fills white with thin gray outlines, and the checkmark, total, step numbers navy.",390,844
inst-0100,Adapt the lesson suggestions screen for desktop. Arrange the featured lesson action area differently.,390,560
inst-0103,Change the amount/payment detail line-up.,390,560
inst-0104,"Switch to tablet: big viewfinder left, mode chips/capture row/history card right, tab bar to left rail.",390,844
inst-0105,Change the conversation to an accessible-stay search. Add a compact bookmark button to the top-right corner of each stay image.,390,844
inst-0110,"Show the host's earnings and whether they've been paid, filter row should do more. Then make the total under the title bigger, note smaller.",390,844
inst-0112,"Make this a wide desktop layout, and move the bottom tabs into a left column. Then make the filter row lighter, chosen one clearly brand-colored.",390,844
inst-0113,"Change the order of cancellation guidance. Make ""Cancel"" feel different.",390,560
inst-0115,Make the sleep window primary and supporting content lighter.,390,844
inst-0116,Change the Cancel this session button's color.,390,560
inst-0119,Change what leads in the order row. Let users open the full package tracking details.,390,844
inst-0120,Show how many files each item holds on its second line. And make the used amount bigger and the free-of-total smaller.,390,560
inst-0121,Make it viewable in a wider tablet environment. Split the main area into a narrow left storage summary and wider right saved-content list. Make the storage summary card navy with white text and a light blue storage track.,390,844
inst-0123,"Make the screen wider on tablet. Align the stay summary differently. At the bottom, place a secondary stay-details button first and the removal button second.",390,560
inst-0127,Make the selected location distinct from the other options. And make saved locations directly manageable. Make the location flow feel cleaner and higher-contrast.,390,844
inst-0129,Change what shows first in status line. Create a distinct neutral card feel while preserving red status emphasis.,390,560
inst-0130,"Rework what the card shows. And on a watch, only the essentials should read at a glance.",390,560
inst-0131,Let users choose the order of recommended groups.,390,844
inst-0132,"Move the attempts text left in the underline pink, slightly larger; push ""Forgot password"" to the right end.",390,844
inst-0133,Make the selected-location sheet feel different.,390,844
inst-0134,Rework the order and composition.,390,844
inst-0135,Give expectant parents stage-specific prenatal nutrition guidance.,390,560
inst-0136,Add a compact search icon button immediately before the top-right action in the header. Restyle the settings groups as white cards with light-gray row dividers and rounded outer corners.,390,844
inst-0137,"Make it a commuter fare wallet — pass fare balance, rides to a free ride, fare discounts. Then change the tag color under the first coupon to stand out.",390,560
inst-0139,Move the gray row with date and sleep times up.,390,560
inst-0141,"Turn the episode action menu into an audiobook menu, replacing episode details with book title and chapter progress.",390,560
inst-0142,Let viewers add each featured item right there.,390,560
inst-0143,Replace the tour’s vocabulary review with travel-phrase pronunciation coaching for adults and a speaking-and-listening visual. Change how the tip panel is presented.,390,560
inst-0144,"Should read as company accounts, showing which business each belongs to. Show the whole account order at a glance, first to last. Just — too bright; make it feel plainer, more businesslike.",390,560
inst-0146,Let the shared view open full screen during the call. Then change which round buttons read first.,390,844
inst-0147,Rework the right end of each track row. Then rework the tracks heading's reading order.,390,844
inst-0148,"Make the card stack a guided flow, with information before term and purchase amount cards. Add a compact edit button directly to the right of the purchase amount field. Keep the yield prominent and the overall tone restrained.",390,844
inst-0149,Add difficulty and points to the topic label above the question. Then add a mark-for-later option to the top title row. Make the progress bar under the title stand out — it's hard to see.,390,844
inst-0150,Change what appears first in the header.,390,560
inst-0151,Enable team members to move documents between shared project folders. Allow creating a destination when no folder fits.,390,560
inst-0154,Rework the tone of both buttons.,390,844
inst-0155,Adapt the call screen for roadside-assistance calls.,390,844
inst-0156,"Split the reasons into behavior and content groups, each with a blue uppercase caption, wider gap between groups.",390,560
inst-0157,1. Clarify what runners need before setup. 2. Let runners experience the alert before setup.,390,844
inst-0158,"Make the recipe detail allergy-aware, replacing the dish illustration with a compact dietary-risk summary. Regroup the ingredients in the list. Make the top actions work differently.",390,844
inst-0159,"The top card says too little. Change how much Save stands out, then give the selected days in Repeat their own color.",390,844
inst-0160,"Add a compact sort button at the filter tabs’ right end, opening newest-first and oldest-first options.",390,844
inst-0161,Rework what sits under Members you may know.,390,844
inst-0162,Change the screen content to a workout order planner. Make the exercise rows dark navy with light text and bright green icons and drag handles.,390,560
inst-0164,Emphasize the first popular guide card. Give the screen a distinctive travel-brand feel.,390,844
inst-0167,"Change what this notice is about. Put the two bottom buttons side by side in one row, with ""Retry"" wider on the right. And change the progress bar's color feel.",390,560
inst-0168,"Add an eye-icon visibility toggle to the right edge of the ""Password"" field.",390,844
inst-0169,"Rebuild for a smartwatch — keep only the purple delivery status steps full-width, drop the bottom tab bar.",390,844
inst-0170,Change the reply audience picker to document comment permissions. Make the permission scope clear before reviewing choices. Let workspace managers deliberately apply their selection.,390,560
inst-0171,"Make the deleted list read as two urgency levels, and let the card header filter the list by kind. Then keep the Empty trash button at the bottom outlined, but make its border and label red.",390,560
inst-0172,"Enable staff to review removed listings and removal reasons. Place the guidance notice below the queue heading, before listings, in a tighter, less prominent treatment.",390,844
inst-0173,"Time left read right after the title, host secondary. And the top bar reads separate — make it one block with the episode.",390,844
inst-0174,Make the episode screen an at-home PT session; replace summary host/release with assigned clinician and due date. Change the chapter list order.,390,844
inst-0175,1. Top title block — different structure. 2. Put each row's play order number where the initials are,390,560
inst-0176,"Turn the confirmation card into a patient appointment confirmation with a compact pre-visit checklist replacing sharing details. Turn the ""Pre-visit checklist"" into short numbered steps stacked in chronological order.",390,844
inst-0177,Combine the edge status and capture tip. Change the camera mode label into a compact corner-adjustment button at the viewfinder’s upper left.,390,844
inst-0178,Make it fit a wider desktop screen. Organize the product list by investment goal.,390,844
inst-0179,"Filter and sticker thumbnail tiles blend into the card — rework their tone. Then, show what each end of the strength slider means.",390,560
inst-0180,"Enable clinicians to choose an appropriate patient handoff recipient. Center a two-column recipient panel on desktop, with search and guidance beside the list and Share below.",390,560
inst-0182,Change the screen to a desktop detail page. Make the episode section progress in season order.,390,844
inst-0183,"Group the Episodes rows by watched and unwatched, and add a small outlined discussion button at the right end of the circle activity line, same baseline as the text.",390,844
inst-0184,Arrange the trip context row differently. Make the live recording state feel immediate and distinct.,390,844
inst-0185,"Split Members into joined people, then a 'Pending invites' group; drop the row tag. And each member should show when they were last active.",390,844
inst-0186,"Adapt the screen for desktop use. Support renters searching for a long-term home. Arrange the rental filter sections in side-by-side budget, home requirements, and availability groups.",390,844
inst-0187,"Swap the fund for a rental unit's monthly rent, drop the order note. Rework the list section structure, then add one small line under the rent with bedroom and bathroom count, floor area, neighbourhood.",390,560
inst-0188,"Make confirmation feel focused in the desktop view. Move the workout summary directly below the title, emphasize it slightly, then show the permanent consequence message.",390,560
inst-0189,"Rebuild for landscape tablet: recorder card left half, recent takes beside it, tab bar as left vertical rail. And let the ""Recent takes"" header row sort and filter too.",390,844
inst-0190,Adapt the full screen for desktop use. Change what stands out beside the document. Make the consent panel feel different.,390,844
inst-0191,"Change what this whole sheet filters. Change how early the sort card reads, and different tone for the selected color.",390,844
inst-0192,Stack each setting label above its selected value and align both left within the settings list.,390,560
inst-0194,Enable users to proceed into the app.,390,844
inst-0196,"Make the arrival picker a compact two-step sequence: date first, then time, under numbered step headings. Change the tone of the “Continue” button.",390,560
inst-0197,1. Let readers drop finished tasks and see only open ones. 2. Lighten the author row under the note title.,390,844
inst-0198,Change how the header is arranged.,390,560
inst-0199,"Move the Next tier percentage below the bar, right edge of the remaining-hours line.",390,560
inst-0203,Separate upload details from active controls and feedback. Clarify that remaining time depends on the current connection. Make the upload screen consistent and task-focused.,390,844
inst-0206,Add a category filter to the Help articles list. Top feels faint — make it the screen's clear anchor.,390,844
inst-0207,Change the screen to a tablet settings view with comfortable side margins around the content. Use the full width while keeping it easy to scan. Add a button to reset all preferences in the header.,390,844
inst-0208,"Make it clear at a glance which saved addresses are mine and which aren't. And let the search field also pick the spot on a map. Below the step count at the right of the header, add one short gray line naming the next step.",390,844
inst-0209,Give the main message a consistent reading edge.,390,560
inst-0210,Make this a guide-team departure briefing; replace read time under the author with departure date and party size.,390,844
inst-0211,Change the follow-up task list order. Make the meeting recap card feel different.,390,844
inst-0213,Make goal details and funding setup clearly distinct. Show current progress while reviewing the target amount.,390,560
inst-0214,"In the expired backup method row, add a 'Replace card' button below the card name, right-aligned — then emphasize just the next charge line.",390,844
inst-0217,"Make it on-site defect capture; location over folder. Then replace the four mode words above the shutter with numbered steps, done/pending marked, current in green.",390,844
inst-0218,Show whether common accessibility needs can be accommodated.,390,844
inst-0219,"Change the episode deletion confirmation card to member removal. Make the safer button first with full emphasis, and put the delete button below with less emphasis. Make the caution and consequences immediately clear.",390,560
inst-0220,"Reframe what this screen is about. Show the yearly total under the big amount, and then change the order the adjust row reads.",390,560
inst-0221,Add a compact paperclip icon and attachment label beside the billing support message date.,390,844
inst-0222,Different structure at the task card bottom.,390,560
inst-0223,Add suggested first-note topics to the empty-state guidance.,390,560
inst-0225,Change the profile setup screen for business travel. Structure the setup progress tabs differently. Add a compact policy import button to the right of the employer policy section header.,390,844
inst-0226,"Make this a shop owner's restock screen, not personal saves. Then split the list into two groups: urgent and the rest. Feels like a shopping app — make it read as a work tool.",390,844
inst-0227,"1. Replace the rightmost playback control with a bookmark button that saves the current episode. 2. Give the primary playback action a more distinct, rounded look.",390,560
inst-0228,Make it read like a desktop page using the width. And show how well each time suits the group before picking.,390,560
inst-0229,Make the screen a wider desktop layout with the report card centered in one compact column. Make the reported item identifiable before submission.,390,560
inst-0230,"Add a dark gray ""Shortest first"" sort at the right end of the ""Start with one course"" line, and for the three course rows, drop the dividers, pale warm-gray fill, photo-rounded corners, small gap between rows.",390,844
inst-0231,Use a different overall structure.,390,844
inst-0232,Rework the order list structure.,390,560
inst-0233,Change how the comments flow. Make the bottom comment composer stand out more.,390,844
inst-0235,Make home a desktop dashboard: resume card and today’s plan wide left; courses and upcoming session narrow right. Add one short line below the upcoming session details showing the meeting format. Add a compact search button between the brand and notification and profile actions in the top bar.,390,844
inst-0236,"Rework how the Recipients list is grouped. Give the title line more to do, and rework the tone of the document card.",390,560
inst-0237,Add a specific recovery benefit to the featured workout card.,390,560
inst-0238,Make it feel less boxy and softer overall.,390,560
inst-0239,"Make this show team company card spending, not one personal account.",390,844
inst-0241,Make the primary action feel decisive and high-contrast.,390,560
inst-0242,Show free space left after install in the size and time row.,390,560
inst-0243,Adapt the sign-in screen for desktop. Add a password security guidance note. Change the top image’s position and size.,390,844
inst-0244,"Make this read as a store restock, not personal. The three rows read as one lump; make them read as two groups, and then rework the top product panel's feel.",390,560
inst-0246,"Rebuild for desktop as two columns — details left, lineup right — bottom tabs into a left vertical nav. And make the reserve button feel different.",390,844
inst-0247,"Give active “Appreciate” a white background, dark text, and yellow only on its icon and slim bottom accent.",390,844
inst-0248,Change the friend referral screen to invite seller teammates.,390,844
inst-0249,Rework the line under the goal title.,390,560
inst-0250,Let nurses plan shifts and see each shift’s assignment. Move the daily shift agenda above the month grid and make its rows slightly taller.,390,844
inst-0251,"Rebuild the shop screen for desktop, move the bottom nav. Then add a star rating and review count line under the spec line on each best-seller card.",390,844
inst-0252,Put it together a bit differently.,390,560
inst-0253,"Make it reviews for picking a repair contractor, showing job type.",390,560
inst-0254,Make billing commitment clear before a plan is chosen. Change when the currency note gets noticed. Make features easy to compare across plans and feel lighter.,390,844
inst-0255,"Switch this to individual personal accounts, not workspace members. Then break the paragraph under the headline into stages. Send button blends in — make its tone stronger.",390,844
inst-0256,Use desktop space without stretching the follower list.,390,844
inst-0257,Fill the top story block with a clearly different tone.,390,844
inst-0258,Change the result card’s information order. Change when the merchant card gets noticed. Change the color of the confirmation mark.,390,560
inst-0261,Turn the email verification card into a driver SMS step showing the masked mobile number in the intro. Set expectations for possible carrier delays to verification messages.,390,560
inst-0262,"Make it a caregiver credential application, not personal signup, and then add a license photo attach button right under the license number input in the card.",390,844
inst-0263,"Use a desktop article detail layout: centered reading column, bottom navigation in a slim left rail.",390,844
inst-0265,"On desktop, place the balance summary in a left column and account details in a wider right column. Change the account list to equal summary cards side by side, grouping each label, caption, and value.",390,560
inst-0266,Too bright now — should feel like a dark night screen. And should immediately show how far the listener got.,390,560
inst-0268,"I'd like one row of small status filter chips right under the Invoices heading, leftmost chip selected. Then the top card white with a thin gray border, dark text, gray progress bar with dark fill.",390,844
inst-0269,Change how the seller leaderboard is grouped.,390,560
inst-0270,"Make ""Choose a room"" a dark, larger sentence-case heading, left-aligned, with more space above the card.",390,844
inst-0272,Restructure the line under the progress bar. Then change the color of only the progress bar's filled part.,390,560
inst-0273,Group the history timeline by activity type.,390,844
inst-0274,"Turn this into podcast downloads screen: lists become episodes and shows with running time, cart tab becomes library.",390,844
inst-0275,Rearrange the two buttons at the bottom.,390,560
inst-0278,Change the search card’s styling.,390,844
inst-0279,Change the time row's arrangement.,390,560
inst-0280,Change the app frame to a centered desktop canvas with wide landscape proportions. Rework the structure of the cart item list. Make it clearer when purchased licenses become available.,390,844
inst-0282,"Change the workspace pin card into a saved-recipe collection, give the dish images in each recipe row more emphasis. Add sorting to the saved recipe list heading.",390,560
inst-0284,"Make a desktop workspace: header in the left panel, study tasks in the wider right panel. Make the status groups clearly distinct. Make the next study session time clear.",390,560
inst-0285,"Make it a landscape tablet screen, and stand the bottom tab bar vertically on the left. Make it clear how far the restore has gotten, then put the logo beside the name and tagline, left-aligned along the card top; keep the name largest.",390,844
inst-0286,Change the screen layout on desktop. Group feed updates by type. Change what stands out in the header.,390,844
inst-0287,"Show the owner and their role on the community card. Make the invite link read first in the middle group, and then colour the top check mark and the bits around it.",390,844
inst-0288,"Let users clear the saved address from the email field. Keep the Send button in place, with a navy fill and white label.",390,844
inst-0289,Rethink what the Settings bar holds. And make the headings above the cards stand out more,390,844
inst-0290,"Make the scheduling form a compact three-step vertical stack: date, time, then review via the existing selection summary. Change what leads in first-step date note. Add a change option to the delivery address.",390,844
inst-0291,"Change the situation this screen serves. Change the preset list's reading order, then change what the top preset block says.",390,560
inst-0292,Add a compact transfer reference line beneath the timing row in the transfer card. Make the transfer status the first thing users notice. Make active progress visually distinct.,390,560
inst-0293,"Split ""Your circles"" into two labelled groups, ones with unread activity first. Add a small dismiss X at each suggestion row's far right, outside the Join button. And make the top bar's color different.",390,844
inst-0294,Create an experience suited to desktop. Change how the Helpful guides list is organized,390,844
inst-0295,"Add reward amount and sent date to the invite rows, and then fill the code block with the button's teal, text in white; flip Copy to white with teal text.",390,560
inst-0296,Make the tour screen a centered desktop panel with content and navigation spread across the wider frame. Turn the instruction list into a step-by-step flow. Add color contrast to the conversion diagram.,390,844
inst-0297,"Move the card counter to the progress bar's right end in small gray; keep only the date range. Add the change from last week with an up arrow under the amount, and shorten the sentence below. Then swap the cyan accent for warm orange everywhere — dark brown text on the filled tile and button.",390,844
inst-0298,Replace lodging details with sleeping capacity and a child-friendly amenity. Let parents narrow stays by family needs first.,390,844
inst-0299,"Turn the language-practice log into a rehab home-exercise log, skills → exercise groups, prescribing therapist under the total, and let patients start today's record from this screen.",390,560
inst-0301,"Restructure the coach row, and change the color tone of the top 'Yes, cancel session' button.",390,560
inst-0303,Make it a desktop window and move the bottom icons.,390,844
inst-0305,"Add a plus tile at the end of the photo row, shrink the thumbnails to keep one line. Then move 'Visible in shop' to the top of the list and make its label larger and bold. Input boxes all blend into the white page, add color.",390,844
inst-0306,Make it a post-appointment feedback screen with clinician and appointment details replacing the playlist in the session card. Change how the feedback form is organized.,390,844
inst-0307,"1. Add assigned team to each line; discount line becomes company rate. 2. In the product list card, split into two groups with small headings: live courses on top, self-paced below.",390,844
inst-0308,"Group the recommended groups list into compact goal-based sections under short category labels, keeping existing rows. Change the intro area's colors and typography.",390,844
inst-0310,Enable guardians to monitor a child’s pronunciation coaching and progress. Make the guardian-facing purpose primary and coach identity supporting. Enable a detailed view of the child's progress.,390,560
inst-0311,"Add the remaining days after the person's name on both ""Expiring soon"" rows' second line. Stack the total above ""Empty Trash"", and make ""Empty Trash"" a full-width line, larger and bolder. And the Restore chips blend into the row — strengthen their color.",390,844
inst-0312,Change the order in the instruction card. Change the scan frame’s order. Make capture panel translucent black and secondary controls white; keep bright cyan for active mode/capture button.,390,844
inst-0316,Make the screen a compact desktop dialog centered in a wider computer workspace. Make permanent note deletion distinct from reversible actions.,390,560
inst-0317,"Rework the card's bottom action area layout. Color reads like an alert; make it calm, financial, still loudest.",390,560
inst-0318,Create a clear four-stage flow covering every filter group. Create a clearly segmented look between current and remaining steps.,390,844
inst-0319,"Reframe the welcome screen as a desktop page within a wider horizontal canvas. Add a compact workspace preview with generic plan rows and status markers beside the welcome message. Shorten the primary button to fit its label and arrow, left-aligned beneath the introduction.",390,844
inst-0320,Separate the bottom primary button.,390,844
inst-0321,"Swap the inbox to buyer inquiries, time slot to reply deadline.",390,844
inst-0322,Regroup the event information section.,390,844
inst-0323,"It blends into the background, make it clearly lifted.",390,560
inst-0324,Make it useful for restaurant owners preparing menu item photos. Make the main focus appear before the styling controls.,390,560
inst-0325,Adapt the overall screen for desktop. Add a brief group purpose description to the profile summary. Make the main progress area more distinct and focused.,390,844
inst-0326,Make eligibility clear before activation. Give the top image a different feel.,390,560
inst-0327,"Make this about wildfire evacuation alerts, not card payments — and change the overall accent tone.",390,560
inst-0328,"Place the main title first, description beneath, and audience context smaller at the header bottom.",390,560
inst-0329,Show the board count in the lower list header too.,390,844
inst-0330,Adapt the screen for a desktop environment. Change the payment and delivery address area layout. Add receipt download to the header.,390,844
inst-0331,Make this show the seller's own selling activity. Show at a glance which listings need attention and which don't — and show how much interest each listing is getting.,390,844
inst-0332,"Turn the cart hold screen into a smartwatch view centered on remaining time, removing item details.",390,560
inst-0333,Let the bottom card's transaction list open the full history.,390,844
inst-0334,"Make related content come together by health area. Change the order in ""Readiness"".",390,844
inst-0335,"Change the headline, body, and note to a failed vet appointment. And make it clear which pet and what visit type.",390,844
inst-0336,"Make a field-service download screen; swap each item's workspace type and update date for site and visit schedule. Group the saved list into today’s and upcoming visit sections, placing relevant packs under each heading. Give the storage summary card a dark navy surface, white text, and high-contrast yellow usage bar.",390,844
inst-0337,Make public classroom resource recommendations teacher-focused with fit information. Emphasize subject and grade range in the resource summary.,390,560
inst-0338,"1. Rethink how the bottom buttons are arranged. 2. Photo full width in the preview box, title, date line, group stacked left-aligned below, title one step larger.",390,560
inst-0339,Structure the first article card’s info differently. Change what stands out in feed intro.,390,844
inst-0340,"Show whether files saved on devices get deleted too. And fill the ""Continue to delete"" button deep red instead of teal, keep the white label.",390,560
inst-0341,Make the overall flow feel different. Make choices easier to compare and emphasize the selection more.,390,560
inst-0342,"1. Replace the language-and-level line under the name with site and shift. 2. Make the first of the three bottom buttons half the row, the other two small beside it.",390,844
inst-0343,Make it immediately clear when the recording began. Make the active recording state feel urgent and distinctive.,390,844
inst-0344,"Add one line right under the ""Night 6 · Guided wind-down"" subtitle: nights finished, nights left; then, first row under ""Next in program"": title larger, darker, more space around it; two below smaller, tighter.",390,844
inst-0348,"Let users actually switch plans from this screen. Make the suggested plan column bigger than the other two, and it reads like a ruled grid — make it feel grouped.",390,844
inst-0349,Turn Payment Methods into a payout accounts screen. Add available balance and next payout to the intro. Add a direct payout action to the primary add button.,390,844
inst-0350,"Screen is still a phone column, lay it out for desktop. And split the comment list into answered and unanswered. Show more in the comment box.",390,560
inst-0354,"Let people tell what the next episode covers before playing, then make the episode count large on the left, percentage small on the right; leave the bar and end labels.",390,560
inst-0355,"Make the annotation screen a desktop workspace with wider editing and existing navigation fixed on the left. Combine frame metadata, note summary, and media status in that order into one review panel beside the canvas.",390,844
inst-0356,"Show remaining steps apart from the finished ones, keep finished visible. And fill the top hero with the same cream as the sections, make the title bigger, round the author initials.",390,844
inst-0359,Make it clear whether cancellation can be reversed.,390,560
inst-0362,"Center it as a desktop dialog over a dimmed page, two bottom buttons side by side at right, then restructure the quoted post block — reason choices should catch the eye before the intro text.",390,560
inst-0363,"Feels like a stretched phone — rebuild this layout for desktop. And split the four cards into two titled sections: photo and both fields, then interests and daily goal.",390,844
inst-0365,"Change how the coupon list is grouped. Then lay the top credit block on a light gray rounded panel, roomy inside, amount and button colors unchanged.",390,560
inst-0370,"Split the form into three compact numbered sections: “Meal details,” “Foods,” then final review. Change when the calorie total gets noticed.",390,560
inst-0373,Make it a museum exhibition audio tour; price/stock becomes gallery room. Then split the list below by floor and number the stops.,390,844
inst-0374,Turn the sign-in screen into a host portal with a property and guest management introduction. Make it feel professional and operational for hosts.,390,844
inst-0376,Change how the chapter list is organized.,390,844
inst-0377,"Make it watch-sized: stack the current stop and play under the title, drop the bottom tab bar.",390,844
inst-0379,Change how the completion message flows. Make the success illustration slightly smaller and place it closer to the completion heading. Make the completion state feel more distinct from standard information panels.,390,560
inst-0381,Rework category filters and product list structure.,390,844
inst-0382,Change the top balance card's tone.,390,844
inst-0383,"Rethink what this screen is for. On a landscape tablet, put course info left, lesson list right, tabs as a left rail, and tone down the three instructors block.",390,844
inst-0385,"Add a dark gray X at the far right of the title so you can leave without saving. Then change where the ""New list"" line sits.",390,560
inst-0386,Let users play the full series from the episode section.,390,844
inst-0387,"Reorder chapter rows: titles left, timestamps in a narrow right-aligned column, chevrons or playing marks far right.",390,844
inst-0388,Group the popular questions by topic.,390,844
inst-0389,Separate content by the kind of engagement received. Make it quick to create a new post.,390,844
inst-0390,Make it show what teammates did to shared files. And each row should read as one left-aligned block.,390,560
inst-0391,Make the lesson easier to verify before sharing.,390,560
inst-0392,Show order in the three middle rows.,390,844
inst-0394,"Turn the top card and to-dos into a shoot call sheet. Then rebuild the whole screen for a wide landscape tablet. Change the yellow's tone on badge, done circles, and tab marker.",390,844
inst-0396,Let a course be saved right from the results list. Then change the filter chips' color feel.,390,844
inst-0397,Add ride length and terminal arrival time to the time labels. And let the driver row do more.,390,560
inst-0398,Change how the situation feels. Change the date and time selection order. Make selected dates and times feel different.,390,560
inst-0400,"Card's bottom total larger and bolder than the two rows above, extra space above, same spot.",390,844
inst-0401,"Make eligibility central for individual students renewing education plans. Put the credit panel directly below the introduction, making its amount more prominent than the banner image. Make the other offers list feel different.",390,560
inst-0404,"Change how this screen is organized. In the top block, push the title, quiet the label. And round the white panel's corners more and lift it off the grey background with a light gray shadow.",390,560
inst-0405,Add a content summary to the episode details. Separate speed from the main playback controls.,390,560
inst-0406,"Add a text size control to the top bar. Then, change what stands out in the author info.",390,844
inst-0407,Give it a different overall feel. Separate company information from legal information. Add a copyright notice to the version details.,390,844
inst-0408,Group the list by notice type instead of New / Earlier. Then show the account or service name on each notification — and let me find one specific past notification.,390,844
inst-0409,"Turn the product listing editor into a workshop editor, replacing Condition with a date and time field.",390,560
inst-0410,Change title and the line under the button to magazine subscription.,390,560
inst-0411,Change the order in the editing toolbar.,390,844
inst-0413,"Turn the feed into local bird sightings, with species, place, and time in each post’s context line. Make the observed species the first detail people notice.",390,844
inst-0414,Group the email field through the send button into two stages. And colours all blend together — rework them.,390,844
inst-0415,Let parents manage a shared learning balance for linked learners. Change what stands out in activity details. Let parents distribute shared credits to a linked learner.,390,844
inst-0416,Change how the selected-date agenda is grouped. Change what appears first in month controls.,390,844
inst-0417,"Split ""Scanned today"" into meal groups, each led by a time-span and calorie subtotal row; drop per-row times. And retone the white area below the viewfinder.",390,844
inst-0418,Let teens report DMs and receive age-appropriate safety guidance.,390,560
inst-0419,Recommend button looks too loud — recolor it calmer.,390,560
inst-0420,Change the recipient line order. Change which support action stands out first.,390,560
inst-0422,Make this a desktop dashboard with left-rail navigation and financial summaries and lists across a wide two-column workspace. Give the spending summary a different feel.,390,844
inst-0423,"Rebuild for desktop: score and bars on the left, reviews on the right, no divider. And average score reads first; make the title lead instead.",390,560
inst-0424,Change the invite code panel’s color.,390,844
inst-0425,"Should read as canceling a clinic visit, time over price.",390,560
inst-0427,Make clear this email gets verified before tapping the button.,390,844
inst-0428,Add an edit-goal button to the bottom of the progress card.,390,560
inst-0429,Give the selected first place row a background color.,390,560
inst-0432,"Recompose for a smartwatch: drop the photo, number centered with minus/plus beside, save below, guidance one line.",390,560
inst-0433,Make the empty-state card about self-employed tax reserves. Change when the tax estimate note registers. Restyle the primary button in navy with slightly rounded corners and a clean sans-serif label.,390,560
inst-0434,Rebuild the whole billing screen for a wide tablet screen. Then let every invoice row download its receipt. Recolor the top card so pink stays only an accent.,390,844
inst-0436,Add a button to use that draft in the last bubble.,390,844
inst-0437,"Reduce the intro panel’s height and internal spacing, shrink the note thumbnail, keeping its title above the summary. Make the current selection immediately recognizable.",390,560
inst-0438,"1. Read as a wide desktop transfer panel, not a phone card. 2. Show current transfer speed too, not just time left.",390,560
inst-0439,Make the introductory heading smaller.,390,844
inst-0443,Turn the suggestions screen into a volunteer-candidate screen. Split up the candidate list. Add availability to each candidate’s name.,390,560
inst-0444,"Add position numbers before each thumbnail in ""Up next"", and a ""playing next"" label above the first row. Then a sort button showing the current order under the autoplay note in the ""Up next"" header. The play button's color should feel different.",390,844
inst-0445,"On tablet, make the transfer panel two columns: upload summary left, file details right.",390,844
inst-0446,Add a save action to the linked item. Keep the chair visible while making the discussion more prominent.,390,844
inst-0447,"Should read as a clinic pre-visit intake request, not money. Then, show selected-out-of-total count at the right end of the group label row above the list.",390,560
inst-0451,Add rarity information to the achievement details.,390,560
inst-0452,"Under the price range track, add the lowest and highest available price in small gray at each end.",390,560
inst-0453,Add the timezone to the practice reminder schedule. Make the content cards feel different.,390,844
inst-0454,Change the screen to a desktop booking workspace with left sidebar navigation and centered booking content beside it. Make each time clearly belong to its corresponding date. Change how much the advisor card explains.,390,844
inst-0455,"Add a line under the progress bar naming the stage in progress, in the same small gray. Show the place name and the line below it in full. That said, it reads as a warning — make it feel like steady progress.",390,560
inst-0457,"Add a line to the title explaining what this template is. The pink illustration band is too big, shrink it, and tone down the two unselected license rows.",390,844
inst-0459,"Rebuild for desktop: post summary in a left column, wider comment thread on the right, composer below it. Make the pinned comment read apart from the rest, and then make it clear which evening and which place right away.",390,560
inst-0460,"Add a last-updated date alongside the existing publication date and reading time. After the summary, show visual context before article provenance.",390,844
inst-0461,Make the status icon feel more cautionary.,390,560
inst-0462,Add a pick-another-region button to the bottom action area.,390,844
inst-0465,Change the Billing screen into a team workspace overview centered on organization-level seat billing. Change the next-charge card’s content order.,390,560
inst-0466,1. Group the bottom white card differently. 2. Add a pause control to the story top bar.,390,844
inst-0468,Split the track list into added and suggested groups.,390,844
inst-0470,"Turn the whole leaderboard into a department challenge — each row a team, the streak line a headcount.",390,560
inst-0471,Make time commitments easy to distinguish. Add saving to the featured collection card.,390,844
inst-0472,"Add one line of remaining listening time under the progress bar, left-aligned with the played count. Then make each recording title read before its initials.",390,844
inst-0474,"Replace the dot with a status word at each Marks row's end — open in violet, resolved in gray. Then add a filter to the Marks heading row. Make the tool bar feel as solid as the image above.",390,560
inst-0476,"Make the Live Activity a smartwatch layout: center arrival estimate and progress vertically, omitting the detailed footer. Change what stands out in status details",390,560
inst-0477,"Make what's done and what's left obvious at a glance. Then, add one gray line under the bar with the study time left and last completed date.",390,844
inst-0479,"Rework the order of lines around the title. Make the ""Up next"" list read as an ordered sequence. Then change the overall colour feel.",390,844
inst-0481,"Name the employee on each stay and show department budget in summary. Group each stay with its own extra under a destination heading, and drop the separate extras section. Trip strip under the title is too pale — rework its tone.",390,844
inst-0483,"Group ""Other ways to verify"" differently, and one more line under the timer.",390,844
inst-0485,"Link the three rows with a left purple line, make the in-progress step taller, status under the name. Under the finish date add this week's lessons done vs target, small dark gray like the date. Then add a button to the card to resume the unit.",390,560
inst-0486,Change the loading card’s position. Turn the loading note beneath the status message into a compact cancel-sharing text button.,390,844
inst-0487,Add total booked time and longest free gap to the header. And Accept and Decline to the last event too.,390,844
inst-0488,"Change the product list heading structure. Restyle the top bar in the assistant mark’s plum, with white title text and pale plum icon buttons.",390,844
inst-0489,"Add the download date to the saved-item metadata. Restyle the ""Device Storage"" panel.",390,844
inst-0491,"Keep only the essentials, readable at a glance on a watch.",390,560
inst-0493,Change how the result count is shown. Make the page title read first and service identity secondary.,390,844
inst-0494,Change what this screen is about. Then give the top button a different tone.,390,560
inst-0495,Make the main preview more prominent.,390,560
inst-0496,Show which card was charged right on this screen.,390,560
inst-0498,"Move the statistics strip directly above the model allocation rows in one at-a-glance block, followed by About. Add participation expectations to the About section. Let users open each full group note.",390,844
inst-0500,Turn the call screen into a remote care consultation. Replace the consultation metadata with the visit reason and scheduled time.,390,844
inst-0501,"Move the ""Attached readings"" block up, and make the top bar read as its own band.",390,844
inst-0502,Adapt the screen for a desktop display. Give the main card a different feel.,390,560
inst-0503,"Add a tappable 'Discard edits' at the right end of the top context line, red like the archive text below, and the weekly target line reads too loud, so make it quieter.",390,844
inst-0504,"Turn the booking history into equipment rental history, replacing each row’s destination with the pickup site. Differentiate the rental date from the reference number. Add equipment category filtering to the history tools row.",390,560
inst-0505,"Widen to a desktop window, center the follower list, move the bottom tabs to a left vertical nav. Add search to the follower list. Then make both group headings clearly larger and near-black, with more space above them than below.",390,844
inst-0506,Adapt the legal document screen for desktop. Change the feel of the Key Points panel.,390,844
inst-0507,Rework how the middle sections read in order. Then give the bottom order bar a tone apart from the content.,390,844
inst-0508,Add learner satisfaction to the course information. Make the bottom enrollment bar more prominent.,390,844
inst-0509,"Show the courier's progress in the run, not the shopper's parcel. Then fill a watch screen with the card, drop the top labels, center status, progress and time large.",390,560
inst-0510,"Change the order within the instruction block. Give the map preview an off-white base, light gray roads, and header-matching dark green route markers.",390,560
inst-0511,Change the subscription information order.,390,560
inst-0512,"Under the green hours figure, add the change vs last week with an arrow, in small dark gray.",390,560
inst-0513,Prioritize the courses in the course progress list. Make the active-course count behave differently.,390,844
inst-0514,"Show live buyer interest, not just cumulative totals, and let the seller keep photos and price history even when deleting.",390,560
inst-0515,"Show the recent followers list differently. Add a follow-back count to ""Recent followers"".",390,844
inst-0516,The subjects should read as two kinds at a glance. And let the reminder time be changed on that card.,390,844
inst-0517,"Swap headline through saved list to offline job packets, and show by when offline packets must be refreshed.",390,560
inst-0521,"Show more info per Ways to begin row. Make the options header count switch the sort order, and then let the heading and Deposit button lead the top.",390,844
inst-0523,"Rework how the ""New this week"" list is structured, Up next in your queue needs more info. And then give Continue listening panel more to do.",390,844
inst-0524,Change the podcast feedback screen to language-learning audiobook chapters. Change the satisfaction scale to measure chapter comprehension.,390,844
inst-0525,"Rebuild for tablet — big card left, small rows right, pin count footer full width below. And let readers reorder the smaller pinned rows.",390,560
inst-0527,Rework the trip summary and destination list.,390,560
inst-0528,Change what reads first in the People with access count.,390,844
inst-0529,Change the course access screen to a team language-training plan.,390,844
inst-0530,"Make card near-black, title and finished count white, small text light gray, label and progress bar magenta.",390,560
inst-0531,Adapt the screen for a desktop display. Change what stands out in invitations.,390,560
inst-0533,"Make this a blood-draw appointment booking with prep info. Make the selected date and time stand out more. And make the selected day, time slot, and confirm button deep green, with pale green fill for the day.",390,560
inst-0534,Add saved-plan editing to the bottom button. Make the success card feel different.,390,560
inst-0536,"Make the card a staff alert; swap the personal top line for the patient name and study night. Show clearly at which point the upload broke. And then, let the bottom buttons do more.",390,560
inst-0537,"Make the active learning item the first focus. Change the screen surfaces to white and light gray, with navy for active states and primary actions.",390,844
inst-0538,Make this a lesson room showing who's present — and make the initials squares feel different.,390,844
inst-0539,Lead from order confirmation to the next action before purchase details.,390,844
inst-0540,Let users read the full note before picking a reason.,390,560
inst-0541,"Turn the trip-stop reorder panel into a dispatcher delivery sequence, replacing stay details with delivery windows. Make the delivery sequence clearer in the stop rows.",390,560
inst-0542,Group the two dates under Schedule and redemption under Liquidity in compact sections on the offer details card. Make the issuer name under the product title clickable.,390,844
inst-0543,"Put a ""Soonest to expire"" sort control at the right end of the ""Removed from saved"" heading row, and make it obvious what to tap in each row.",390,844
inst-0545,Let readers sort by price or distance from the card top.,390,560
inst-0547,Top matches strip sits at the bottom — move it up.,390,844
inst-0548,Adapt the Account screen for tablet. Make this week’s comparison with last week immediately clear.,390,844
inst-0549,"Before sign-in, show this is business banking, not personal, and let users switch country right from the top bar.",390,844
inst-0550,Change what stands out in post details.,390,560
inst-0551,"Remove the outline on both list boxes, fill with very light warm gray, keep row dividers.",390,844
inst-0553,Make the serving count adjustable.,390,844
inst-0554,"Pull the grayed current-folder row out of the list into the ""Currently in"" line under the title.",390,560
inst-0555,"Split the session details list into two compact groups, with recording context above and storage destination below.",390,844
inst-0556,Let users apply a coupon without leaving this screen.,390,844
inst-0558,"Rework the featured items card structure. Then move the progress bar and times under the title, above the play row; thicker bar, larger times.",390,844
inst-0559,Add the card network before the ending digits in each saved card title.,390,844
inst-0560,Make the upload status the loudest thing on screen.,390,844
inst-0561,Rework the episode summary at the top. Make the chapter list feel different.,390,844
inst-0563,Adapt the confirmation dialog for desktop screens.,390,560
inst-0564,"Split the ""Your spaces"" list into today, this week, earlier, each with a gray label above.",390,844
inst-0567,Show what goes at grace period start versus the end.,390,560
inst-0568,Reduce the height of the bottom navigation. Emphasize the workout video playback controls.,390,844
inst-0569,"Episodes just run flat — should read as grouped by air timing. Then, make the top title block read as its own block.",390,844
inst-0571,"Turn this into a teacher grading a student's assignment. Then change finding people in the second group list — count next to title, what reads first.",390,560
inst-0572,Change the overall feel.,390,560
inst-0573,"Show every order's state, not just the refunded one.",390,844
inst-0574,Rework the “Featured Voices” card structure.,390,844
inst-0575,Fill the top item card with the light warm gray of the page background instead of pink.,390,560
inst-0576,Change the order under trashed items. Make all trashed items permanently removable at once.,390,560
inst-0577,"Switch to a landscape tablet layout: recorder card left, markers list right, bottom tab bar to a left rail. Keep timer-to-waveform unbroken; make the minor detail weakest. And recorder card, a different color feel.",390,844
inst-0578,Change the album list to a featured top-album block above a compact list of the rest.,390,560
inst-0579,Add a small dark gray round close button with a white X at the photo's top-right.,390,560
inst-0580,"Add a small bookmark save button right of Message, same height, narrow Follow a bit. Then move the rating to the left end of the strip and make its number much larger than the other two. Fill product cards with the Verified badge's pale plum, round the corners, price in plum too.",390,844
inst-0582,"Replace adult/child with department and role, drop the room note. Split the list of four into two groups. Then add a way to clear the whole selection to the ""2 of 4 selected"" line.",390,560
inst-0583,Split the form fields into groups.,390,560
inst-0584,Let users choose to stay signed in. Change when the library image gets noticed.,390,844
inst-0586,"Make this a wide desktop window for mouse use. Add a mic button in the input bar, just left of send, for voice input. And make the sleep score the first thing seen in ""Last night"".",390,844
inst-0587,Replace the schedule line in the “Recovery Focus” card with a one-line summary of today’s modified exercise guidance.,390,844
inst-0588,"Show who some mutual followers are, not just how many.",390,560
inst-0589,Change the Savings card content order. Change what stands out in credit summary. Make the nonprofit identity clearer and keep comparison easy.,390,560
inst-0590,"Make family health communications easier for caregivers to manage. In each message, place the subject first, sender and time second, and the preview last. Replace the list heading’s left label with the selected patient’s name and caregiver relationship on one line.",390,844
inst-0591,Change the friend referral screen to a teammate invitation screen. Organize the invitation activity list differently. Make it feel professional and suited to workspace administration.,390,844
inst-0592,"Make this a blood-donation milestone: rarity line becomes where donations went, photo becomes the donation center. Then rethink what goes at the very bottom — and make the progress so far instantly feel celebratory.",390,560
inst-0594,Make the two date headers group by activity kind.,390,560
inst-0595,Let the complete-terms label open the full agreement.,390,844
inst-0596,Make the group headings in the results list stand out more.,390,844
inst-0598,Make it feel like a different service. Fully explain role saving before prompting users to browse.,390,844
inst-0601,The screen looks hazy overall; it should read crisper.,390,844
inst-0602,"Add a compact ""Archive"" action between the ""Delete"" and ""Cancel"" buttons.",390,560
inst-0603,"Add a full-width outlined ""Browse all circles"" button below the last row, above the divider.",390,560
inst-0604,Change how the updates feed is organized.,390,844
inst-0605,"In the ""Popular this week"" header, swap the gray count for a purple sort link with a caret.",390,844
inst-0606,"Let sellers monitor earnings and payouts. Change the balance summary’s visual order. Add a compact earnings statement download button to the right of the ""Recent activity"" header.",390,560
inst-0608,Change what leads in the limit note. Let users defer preference setup without leaving the flow. Emphasize the selected planning style option more.,390,844
inst-0609,"Make it about picking a nearby Meridian branch for pickup instead. Change how the branch list groups, and show which branch is worth visiting today without tapping.",390,560
inst-0610,Vary how the goal card is arranged.,390,560
inst-0611,Add last-practiced timing to each Continue learning row.,390,844
inst-0612,Make the overall organization feel different.,390,844
inst-0613,The minus/plus buttons' tone should change.,390,560
inst-0615,"Add counts to the other filter chips too, and make group headings a step larger and dark gray, date at the right edge of the same line.",390,844
inst-0616,Compress the month grid vertically with shallower day cells to give the agenda more room below. Change the visual treatment of the agenda card.,390,844
inst-0617,"Let visitors keep this event from the top. Then put the two entry lines in one row on top, purple button full-width below.",390,844
inst-0619,Center checkout in a desktop workspace and move app navigation into a slim left sidebar. Make the structure feel different. Give the payment button a different feel.,390,844
inst-0620,Make this a wholesale restock confirmation for a shop buyer. Rework how the card rows are organized. Then rework the top success badge's feel.,390,844
inst-0621,"Add one search field with a magnifier icon right above the recipient list. And the share button should read as main, channels secondary.",390,560
inst-0623,"Make each row one buyer with area and last showing date; swap ""Private by default"" for buyer count. Lay out the All collections list differently, and let the pinned card do more.",390,844
inst-0625,"Pull the share price under the fund name at double size, label small and gray beside it.",390,844
inst-0626,Make it a desktop workspace with compact top navigation and centered content beneath. Make one category at a time easy to focus on. Add a compact clear-downloads button beside the current value in the storage summary row.,390,844
inst-0627,"Under the two count lines in the score column, add a recent-months average line, small dark gray. Add a star rating filter next to ""Recent reviews"". Then make the three score boxes taller, label on top and number below, bigger bold, centered.",390,844
inst-0628,Add new-list creation to the note below the destination list.,390,560
inst-0629,"Make this a physio appointment cancellation instead; replace the weekly goal row with the late-cancellation fee. Then put the keep-appointment button on top at full width, cancel below as a short centered text button. And put the two rows under the message in a light gray rounded panel, no dividers, values dark gray.",390,560
inst-0630,Rework the paid plan headers and billing details section.,390,844
inst-0631,Rework how the card's gray note sits.,390,844
inst-0632,Make the masked email address changeable. Change when the bottom tabs get noticed. Remove the shadow from the code entry card.,390,844
inst-0633,"Swap the card's booking info for which unit and when it was visited. Make the three chapter rows read as an order, and viewers should mark the current moment for later, in-player.",390,844
inst-0634,"Change the community discovery screen into a local book-club experience with book-focused imagery and labels. Make the next meeting time visible. Arrange the featured book-club card in one row: compact image left, details center, join button right.",390,844
inst-0635,Add the search stage sequence to the progress area. Make the active search progress appear earlier. Make the loading card feel different.,390,560
inst-0636,Make it a nurse sending a patient visit recording. Then make it read as a wide desktop screen using the full width. Make the sending order and each step's progress clear.,390,844
inst-0637,Help people managing diabetes become aware of carbohydrates.,390,844
inst-0638,"Add a full-width button below the last Behind you row, above the locking note, opening the full ranking.",390,560
inst-0640,"Change how those three rows group, and add fabric, weight and size to the top title block.",390,844
inst-0641,Make local events easy to narrow down by date. Replace the first event-date preset with a compact row showing a calendar icon and chosen date. Arrange the event-type chips in one evenly divided row directly below the section heading.,390,844
inst-0642,"Turn it into the tutor's post-session report on the learner; bottom note becomes one line saying the learner will see this summary. Then, on desktop, fit it into one screen without scrolling — and show where this session sits in the course beforehand.",390,560
inst-0645,"Under the studio-and-date line, add another small gray line with the device, browser, and city. Let her fix the email address right here, then fill the top bar with the send button blue, make the title and back arrow white, remove the divider.",390,844
inst-0646,Give the Leaderboard panel rounded corners and a light gray shadow around its edges.,390,560
inst-0649,Make the badge progress continuing-education credits toward license renewal; put license and renewal period under the name. And make done and not-done read clearly apart.,390,560
inst-0650,Arrange upcoming charge and payment method differently.,390,560
inst-0651,Change the goal card and lists to the child's assigned school reading.,390,844
inst-0653,Change what reads first in booking rows.,390,844
inst-0654,Allow the account to be reported directly and separately. Change the top accent strip to dark red while keeping its current form.,390,560
inst-0655,"Rework the order of the invites list, and the code block needs more information.",390,560
inst-0657,"Turn the removal list into labeled groups, placing each existing consequence under its relevant category.",390,844
inst-0658,The top block should read clearly heavier than the list.,390,844
inst-0659,Make space between the header and bottom navigation feel vertically balanced.,390,844
inst-0660,"Make “Photo filter” and “Update sticker” a two-step sequence, in that order.",390,560
inst-0661,"Wrap the product row and the button in one bordered card under ""In this story""; drop the divider between them.",390,844
inst-0662,Make the order summary more compact. Keep filter order and use a light gray segmented control with active selection filled blue and white text.,390,844
inst-0665,"Let users move to a week other than the one showing. And Coach should read with the session info, not last — the chosen time should read as clearly picked at a glance.",390,560
inst-0666,Let users open the replies that contributed to the achievement.,390,560
inst-0667,Only a percentage shows; add the current restore step name.,390,844
inst-0668,Turn the phone frame into a tablet canvas and expand the interface across a wider reading area. Enable facilities teams to coordinate shared office setup purchases. Move the “Completed” section somewhere else.,390,844
inst-0669,"Let users get to days after the last one shown. Make the price read stronger than the note beside it — and make the whole sheet crisper, outlines clearly visible.",390,560
inst-0670,Turn the transfer screen into a program disbursement flow. Add a compact payout eligibility status label at the end of each participant’s secondary line.,390,844
inst-0672,"Move to tablet, keep the card at moderate width, centered with generous gray space both sides. Also show the receiving account in the recipient block. Then pull the amount onto its own line below the name, left-aligned and much bigger, currency label beside it.",390,560
inst-0673,Keep the credit flow within the price calculation.,390,844
inst-0674,Remove the times from the bubbles and group messages under small centered time markers between stretches.,390,844
inst-0675,Make the upload icon pause the upload. Change the upload progress indicator’s feel.,390,560
inst-0676,Organize the curated collections by financial goal. Add a short typical goal timeframe line beneath the product count on each goal card.,390,844
inst-0677,"Drop the green tint behind the plan card and invoice list, and then billing info first, spaces as a minor note.",390,560
inst-0678,"On tablet, split the main content into two columns: storage summary left, saved file list right.",390,844
inst-0680,"Add a small gray label on the right of each template row saying studio-made or built-in. And starting from an existing board should work here too — the card's top photo is too tall, reduce its height.",390,844
inst-0683,Change how the key metrics are grouped.,390,844
inst-0684,Put a small round back arrow over the top-left corner of the photo.,390,560
inst-0688,"Group the list by kind of mail, not time, and make clear which account this mailbox belongs to — then make the search field feel tappable and distinct from the pills.",390,844
inst-0692,"Add one clipped line of episode summary under the season line, above the host row. Then emphasize the remaining time under the progress bar.",390,560
inst-0693,"1. Rebuild the whole screen for a wide desktop. 2. Split the task list into status groups. 3. Replace every red accent, tone down the meeting card.",390,844
inst-0694,Change the position of the following date. Make the following state immediately recognizable.,390,560
inst-0695,Change how the saved files list is organized. And the top should read as the heaviest on screen.,390,560
inst-0696,"Make course content appear sooner while keeping the city image recognizable. Set up the first lesson’s ""Preview"" differently. Alternate white and light gray lesson rows, keeping the lesson numbers and preview button red.",390,844
inst-0697,"Should let someone pick and book a nearby dental clinic. Rebuild this for desktop and relocate the bottom tabs, and add a smaller gray line under the count with the search area and how far out it reaches.",390,844
inst-0698,Make the Details label indicate the field is optional.,390,844
inst-0699,Add a notify-when-streaming-returns option to the buttons below the text.,390,844
inst-0702,"Turn focus session screen into a smartwatch card centered on remaining time, retaining progress and removing service/workspace details.",390,560
inst-0704,"Rebuild this for desktop and move the bottom tab bar. Then, the feature rows run flat — group them by type.",390,844
inst-0705,Make event details a seller check-in brief; replace bottom reservation area with assigned booth and setup status.,390,844
inst-0706,"Make the card one vertical story, placing the bedtime window between the introduction and numbered guidance. Make the header feel different.",390,844
inst-0707,"Rewrite the top post as a language-study log. Then put two or three reactor names and an ""and others"" count before the totals line above the buttons.",390,844
inst-0708,"Add a left-aligned sort label above the list with price and ship date, current one in orange — just, ""You viewed recently"" shouldn't read as a second main section.",390,560
inst-0710,"Put student name and level in the title, show last practice.",390,844
inst-0711,Help mobility-device users judge whether they can visit.,390,560
inst-0712,"Fill the watch face — drop thumbnails, subtitle, footer note, stack the three names and pin buttons in rows.",390,560
inst-0713,Reduce the event image to about two-thirds of its current size beside the vertically centered event information.,390,560
inst-0715,Make completing signup clearly feel like the main priority.,390,844
inst-0716,"Make it a wide desktop layout, month labels in a left column, so no row text is clipped.",390,560
inst-0718,"Make the guidance and task feel distinct. Add a short second line to the expiry note with expected delivery timing and where to look. Place ""Contact support"" beside ""Sign in"" as a compact pair of secondary links.",390,844
inst-0720,"Expand the main white card to the screen edges, keeping its content comfortably inset.",390,560
inst-0721,"Ask only the broad kind here, the specific reason later.",390,560
inst-0722,"Make it support language learning and show expected difficulty. Turn the lesson queue into connected, numbered vertical steps with one lesson per stage.",390,844
inst-0723,"Make the course line and narrator run-based; swap the side button. Then make it dark and high-contrast, readable in bright sun.",390,560
inst-0725,"Add a compact ""Cancel"" button beside ""Resend"" in each pending invitation row.",390,844
inst-0726,"Make the in-progress step under ""Status"" stand out.",390,844
inst-0729,"Make it read as a desktop screen using the full width. Group the list under ""Open for funding"" by property type, and then add one line under the split text showing the average target yield of selected properties.",390,844
inst-0731,"Restructure the area under ""6 minutes left"". Then add a button to start practice from the widget. Make the minutes-left line read as the main message.",390,560
inst-0733,Lay this screen out differently. Then make the recommended plan read first of the three.,390,844
inst-0734,"Add a short note below the buttons about enabling camera access later in device settings. Make the red uppercase label above the title slightly smaller and closer, forming a compact heading group.",390,560
inst-0735,1. Rework what sits in the top bar 2. Change the color of the numbered section headings.,390,844
inst-0736,"Keep the top-right button in place, with dark gray text in a pale gray outlined pill.",390,560
inst-0737,Make the likely folders read apart from the rest.,390,560
inst-0738,"Turn recipe detail into a kidney-friendly meal guide, with the nutrition summary focused on renal-diet nutrients.",390,844
inst-0739,"Change how ""Your groups"" is organized.",390,844
inst-0740,"I'd like the title, intro, and second lines reworked as a team admin's bin. It'd be good to group the sections by time left, not state, and then tone down each row's background and button.",390,560
inst-0742,"Change the top title from the evening Spanish review to a medication reminder, and add one line under it naming which family member it's for. On desktop split the card side by side: photo and big time left, days and settings right. Then group the bottom two setting rows into a tinted block with a small heading above; leave the repeat note with the day row.",390,560
inst-0743,"Widen the card into two desktop columns — title left, station rows right, save on top. Then split the station list into labelled lifting and conditioning blocks, each numbered from one.",390,560
inst-0744,Let the top show what step comes next.,390,844
inst-0747,Make the desktop guide spacious with clear content regions. Connect the right-column chapter list into one continuous journey. Add starting location to the episode details panel.,390,844
inst-0748,"Split the four options into playback and save groups, each with a small gray label and a divider between. Then change what stands out first in the top title row. Change the feel of the bottom Cancel.",390,560
inst-0750,Separate the immediate next episode from later episodes in “Up Next”. Add the episode release date after the host information on the same line. Change the audio cover treatment.,390,844
inst-0751,"Make it a rehab patient's account: yellow block = week's prescribed sessions, activity rows prescribed exercises, steps → pain level. Then rebuild for landscape tablet: profile and yellow week block left, exercise and account lists right, tabs vertical. Make the three numbers under the yellow block catch the eye first.",390,844
inst-0752,"Make the saved item a property listing and collections buyer folders; put the buyer's name where private/shared is. And split the folder list into two labelled groups — touring buyers first, dormant ones below. Change what the top card shows first.",390,560
inst-0753,Rebuild the entire quiz screen for wide desktop.,390,844
inst-0754,Make personal learner and school-managed login paths clear.,390,844
inst-0756,Show this meal’s share of the daily calorie allowance.,390,844
inst-0757,"Put each of the three coupon rows on a light gray rounded band, drop the dividers.",390,560
inst-0758,Adapt the app screen for desktop. Emphasize the timer section more. And add a way to invite participants in the header.,390,560
inst-0761,Make clear at a glance whether the refund includes shipping.,390,560
inst-0762,Structure featured offer and coupon list differently.,390,844
inst-0763,Add a location and photo credit caption to the top photo.,390,844
inst-0764,"Move the highlighted first track into a now-playing block above the heading, keeping the rest together below.",390,844
inst-0766,Vary the emphasis within Listener reviews. Add the genre to the album metadata. Give the album artwork a different feel.,390,844
inst-0767,Add one compact line beneath the trip date showing flight and stay confirmation status. Update the styling of the trip card.,390,560
inst-0768,"Add a one-line version identifier below the ""Effective Date"" row in the document metadata.",390,844
inst-0770,"Make quiz progression feel like one focused, linear flow. And make the remaining quiz time clear at a glance. Let learners save the current question to revisit after the quiz.",390,844
inst-0771,"Change the order information appears. Place ""Archive"" above with stronger emphasis, and keep ""Delete permanently"" as the lower secondary action.",390,560
inst-0772,"Make this the artist help centre — hero, both question groups and contact rows about uploads and payouts, and swap the bottom tab for releases. Then rework the how-to list's reading order.",390,844
inst-0773,"Turn the order summary card into a grocery order review, replacing artist details with substitution preferences.",390,844
inst-0775,Turn the sign-in verification screen into a patient portal with secure health-record service name and supporting message. Place the alternate verification explanation and resend action side by side in a compact row beneath the divider. Change the screen’s overall color palette.,390,560
inst-0776,"Make it a desktop layout with the featured block and stay list side by side, bottom tabs moved to a left vertical nav. Then add a price/rating sort next to ""See all"" in the last section header. Move the location pill from the right edge to just under the title, slightly smaller.",390,844
inst-0778,"Should read as businesses rating a person they hired. Show at a glance whether reviews are praise or complaints, and rating bars need a different tone.",390,560
inst-0780,Change what appears first. Make requests easier to scan before opening them.,390,844
inst-0782,"Group the recent account and the ""or"" rows at top under one heading, email/password below under its own. Add a centered text action ""Browse without signing in"" directly beneath the Sign in button. And make the Email and Password fields white with a thin gray outline instead of the gray fill.",390,844
inst-0783,State the speaking skill learners will gain in the lesson summary. Add a compact audio button beside the “Quick Check” heading to play the example aloud.,390,844
inst-0784,"The answer card blends in, so rework its border and corners. Then, letting readers keep this answer for later.",390,560
inst-0786,"Make it read as a wide desktop view, not one column. Then let users sort collections by item count or recent updates.",390,560
inst-0787,"Add an ""Edit goal"" button to the card header. Give the circular progress a different feel.",390,560
inst-0788,"Make the date and time selection form numbered steps: date first, time second.",390,560
inst-0789,"Add the total of the listed amounts at the right end of the ""Recent charges"" heading, same dark weight as the amounts below.",390,844
inst-0792,Make “Retry” step one and “Review connection” step two in a numbered recovery sequence.,390,844
inst-0793,Split the Latest card into today and earlier groups with headings; rows keep only the category.,390,844
inst-0794,Organize everything by the task it supports. Show the signed-in account in the header description. Make the current destination feel more strongly branded.,390,844
inst-0795,"Adapt the scheduling card for parents booking tutoring sessions. Change the date, start time, duration order. Add a compact line below the tutoring summary showing the student's name and grade.",390,560
inst-0796,"Should show roughly when the next milestone lands at this pace. And a full-width share button at the card bottom, progress-bar orange with white text. The badge name should lead the card, not the photo.",390,560
inst-0797,Change how the bottom buttons feel.,390,844
inst-0799,Swap the watchlist header's saved count for a sort control.,390,844
inst-0802,"Group the flat filter rows into two stages, and the top match-count banner's tone a bit different.",390,560
inst-0804,"Recast the sheet as a centered desktop dialog twice as wide, with Send at the bottom right. And show what recipients can do before sending.",390,560
inst-0805,Help parents and caregivers find family volunteering opportunities. Prioritize caregivers’ family suitability assessment over secondary details. Explain why the visible opportunities fit the family.,390,844
inst-0806,"Turn the wallet into a company travel allowance screen, replacing the funding button with “Request more”. Add a compact expense report button to the right of the ""Recent activity"" heading. Give the top bar a navy background with a white title and white icons.",390,844
inst-0807,Make it a supplier payment confirmation with invoice balance. Make the middle detail rows read as two kinds. And let users send this receipt to the supplier here.,390,844
inst-0810,"Each standings row should also show this week's movement. Top rank area reads as two pieces; make it one. Then the two section header lines look faint, strengthen their tone.",390,560
inst-0811,Change the confirmation panel to an account suspension review. Widen the page workspace on desktop. Make the decision feel unmistakably serious yet restrained.,390,560
inst-0813,Group promotions with the pricing details they affect.,390,844
inst-0814,Text in the purple charge block is faint — make it crisper.,390,560
inst-0815,Make the follower list avatars different for each person.,390,844
inst-0816,Change what the note under send says.,390,844
inst-0817,Update the About screen for a family budgeting service. Prioritize the service overview and family trust over release details.,390,844
inst-0818,"Group the notes under ""Also related"" by relation type. Then make the top match card navy with white text, chip and button white-outlined.",390,560
inst-0819,Add a small clear button at the trailing edge inside the maximum nightly price field.,390,560
inst-0820,The title should read before the rows below it.,390,844
inst-0821,"Support couriers coordinating active deliveries. Center the desktop main area as two columns: caller details left, delivery stop and call controls stacked right. Change what stands out in call controls.",390,844
inst-0822,"Make this show who's booked and with which therapist. Rebuild the whole screen layout for tablet — and month stepping is the row's main control, toggle separate.",390,844
inst-0823,"Change the article topic and intended audience. Turn the practice list into three compact groups for before, during, and after the discussion, with nested actions. Change the hero illustration’s feel.",390,844
inst-0824,"Make this a donor-facing campaign progress page; swap the next-transfer row for campaign time left. Change what the top photo shows, and make the accent read as the campaign color, all one family.",390,560
inst-0826,"Turn the impact list into a compact three-stage timeline: access removal, content erasure, then recovery period. Add affected shared workspaces to the account summary.",390,844
inst-0827,"Convert account creation to artist setup and remove social sign-up. Add a compact ""Artist Name"" field above ""Email"" in the signup form.",390,844
inst-0828,Make the tagline name the clinic site and the tech's role. Then make the loading bar and its label read like equipment status.,390,844
inst-0830,Make workout context and timing easier to scan in less space. Update the live indicator styling.,390,560
inst-0832,Show the cancellation deadline and refund eligibility in the confirmation summary.,390,844
inst-0833,Merge the logo square and app name into one unit.,390,844
inst-0834,"On desktop, center the invitation screen in two columns: form left, pending invitations right.",390,560
inst-0835,Move each row's quantity stepper somewhere else.,390,844
inst-0836,Change what stands out in the caption. Add a compact bookmark button to the top bar immediately before the close button.,390,844
inst-0837,"Make the transfer screen for overseas supplier payments, with invoice reference replacing the memo. Change the payment details card structure.",390,844
inst-0838,"Turn the visual picker into a classroom feedback badge picker for teachers, replacing stickers. Reorganize the selection flow in the picker body. Then add one short line below the selected badge name explaining its student-facing feedback meaning.",390,560
inst-0839,"Add a message count to each group heading. Filters should read as screen-wide, pinned card as first content. And pink highlights all pop — tone them down.",390,844
inst-0840,Change the recovery signals list order.,390,844
inst-0842,Make note search directly accessible. Make the process feel more visually rhythmic.,390,844
inst-0843,"Split the answer and submission area into stacked panels: choices first, then check action and helper text. Replace the right-hand completion percentage with a compact label showing the current question’s difficulty.",390,844
inst-0845,Make the situation feel different. And make keeping the booking feel safer and more prominent. Let diners modify their booking instead of canceling it.,390,560
inst-0846,"Make this a driver's licence test prep screen, not onboarding. Rework what's in the top bar, and relocate the small helper line above the red button.",390,844
inst-0849,Change the Activity screen layout for tablet.,390,844
inst-0851,Add a small gray line with the upcoming episode title and runtime below the channel line.,390,560
inst-0852,Let users leave without pinning the plan. Make room in the header for another action. Make the pinning prompt stand out with purple accents.,390,560
inst-0853,"Turn the hobby chips into services offered, add a starting rate line under the display name. The three middle sections, group them differently. And let them check the client view before moving on.",390,844
inst-0855,"Add a two-line note list right under the photo, one per pin: number, author initials, one comment line.",390,844
inst-0856,Make related answers easy to find together by topic.,390,844
inst-0857,"Fill the three rows with the beige behind the card, add left-right breathing room, darken dividers one shade.",390,560
inst-0858,"Add one compact line below the purchase count showing the remaining items’ combined price. Keep completed items below unfinished ones, and make them more compact with subtler images and details.",390,844
inst-0859,Make the order alone show which settings still need attention. Then add a white pill button right of the note line in the blue card that starts the step.,390,844
inst-0860,Change the product list to show a ranking. Add a short rating and review summary at the end of each product detail line. Add a small bookmark button beside each product price in the ranking.,390,844
inst-0861,Add an edit link to the stay details line.,390,560
inst-0863,"1. Add one line under the address with number of nights and check-out date, same small gray. 2. Let users start check-in from this card. 3. Move the countdown to its own line under the title, much larger; app name one step smaller.",390,560
inst-0864,Rework what reads first: code or Copy.,390,560
inst-0865,Turn the overall achievement screen into a tablet layout with the achievement card centered on a wider canvas. Strengthen the achievement identity and use space efficiently. Change the order below the milestone panel.,390,560
inst-0866,"I'd like this to be a patient check-in feed — rows show prescribed session and outcome, like/comment counts become a reviewed marker. Rework what comes first in check-ins. Then add therapist name and unreviewed check-in count to the top bar.",390,844
inst-0868,Card floats; make it read like a flat printed slip.,390,560
inst-0870,Make expiring items catch the eye before the saved list.,390,844
inst-0871,"Make each listening status easy to scan in sequence. Replace the track total right of ""Recordings"" with a compact title-and-duration sort button.",390,844
inst-0874,"Add manual code entry to the instruction panel. Keep all three scanner controls in one row, with the middle scan control wider than both side controls.",390,844
inst-0875,"Rework how the instructors are listed. And make both bottom buttons pills, fill the wide one deeper green than the chips, keep Reset white.",390,560
inst-0876,Offer busy families weekly meal ideas by time commitment. Make it read as an ordered journey from planning to preparation. Make the featured card feel different.,390,844
inst-0877,"Make the text beside the photo a workplace team step challenge, calories line → team rank. Widget as one narrow column for a smartwatch face, drop the photo, keep number and bar. Then add a full-width pill button right below the updated-time line that opens the full standings.",390,560
inst-0879,Make the overall organization feel different. Add the covered service period to each invoice row.,390,844
inst-0880,Make the curriculum feel like a progressive learning path. Change what's in the curriculum heading.,390,844
inst-0881,Rework what situation this screen is for. Then make the progress bar at the top stand out more.,390,844
inst-0883,Make pending and mutual followers clear at a glance.,390,844
inst-0884,Change the group profile to a volunteer organization profile. Let prospective volunteers contact organizers before committing.,390,844
inst-0885,"Make this about closing a departing teammate's account and their files, and make keeping read as the default and deleting take a second look.",390,560
inst-0887,"Rework what the 'Try another way' rows say. Make ""Didn't get the text?"" one block with the button above, and replace the six code boxes with thick dark gray underlines, last one green like the button.",390,560
inst-0889,Let me compare the edited result against the original directly.,390,844
inst-0890,Give all three cards dark gray outlines and remove their shadows for a flatter look.,390,844
inst-0892,Separate the three terms clauses. Replace the consent-date note with a decline-and-exit action.,390,844
inst-0893,Turn the move panel into a recipe-to-meal-plan mover with prep and cooking time in the preview.,390,560
inst-0894,Make times read right after the step numbers.,390,844
inst-0895,"Make the lower information area one timeline: compact trip-and-place summary, then recording start and markers chronologically. Let users rename the recording without leaving the screen. Give the waveform a different feel.",390,844
inst-0897,Make this a desktop page with wide centered content and primary navigation on the left. Make what stands out in reviews different. Make the rating overview card feel flatter and more integrated.,390,844
inst-0901,Make the renewal date visible too. Make the verification status badge open the verification details. Make account security appear earlier in the page flow.,390,844
inst-0902,"String 01–03 as circles on a vertical line at left, fill the first teal, drop dividers. Make the bottom button do more. And add one line under the supporting sentence with free members and storage, same gray, slightly smaller.",390,844
inst-0903,Adapt the screen for desktop. Make each collection’s current storefront position explicit.,390,560
inst-0904,"Show at a glance whether the average rose or fell, and total sleep read first, date second.",390,844
inst-0905,"Change the confirmation header's visual order. Make the ""Order Summary"" card white with a thin light-gray outline instead of peach. Arrange the bottom button differently.",390,560
inst-0906,"Rewrite the note under the button to name what's applied. Make the intensity read with the filters, not the stickers. And change how the sticker chips feel.",390,560
inst-0907,"Give the lead story card a very light purple background and purple outline, keeping its shape and content.",390,844
inst-0909,"Rebuild as a wide desktop panel: icon, heading, note left, detail rows right, buttons side by side. Then, add a small copy action with a copy icon right of the reference line at the card's bottom.",390,560
inst-0910,Change the welcome section to introduce local volunteer help.,390,844
inst-0911,Adapt the whole screen for desktop. Change the results list layout. Add search saving to the results heading.,390,844
inst-0913,Help sales teams compare reps by weekly closed revenue. Stack the larger current rank above the gap to the next place and left-align both.,390,560
inst-0915,"Rewrite title, subline, and row wording into a maintenance request inbox. Then regroup the two time-based sections by urgency. Add a request count to each filter chip.",390,844
inst-0917,Clarify whether they can be invited back in the removal explanation.,390,560
inst-0918,"Make the green button dominant, Cancel quieter.",390,560
inst-0919,"Make the card staff-side; show units held instead of price. Then split the middle rows into two groups with small grey headings — soon-to-be-cleared on top, rest below.",390,560
inst-0920,"In the featured episode card, shrink artwork, center details, and place a larger play button far right.",390,844
inst-0922,Keep yellow only on the progress bar.,390,844
inst-0923,"Looks like a phone; make it read as a tablet sign-in. Show account name and last sign-in in the greeting, and arrange the two other sign-in rows differently.",390,844
inst-0924,"Change the reminder editor for caregiver-managed medication. Move the time setting row directly below the large time display and above the recipient-and-dose line. Then, add a compact change-recipient button at the end of the medication recipient line.",390,844
inst-0927,Make it feel like a saved recipe collection for home cooks. Make the bottom button narrower and center it beneath the photograph.,390,560
inst-0928,"Pull the score and stars into a centered full-width row above the bars, larger, count centered under. Then drop the divider lines, put each review on a light gray rounded block, initials circle white.",390,844
inst-0929,"Turn the conversation into a volunteer event coordination thread, replacing meetup talk with availability and handoff details. Indent the second comment beneath the first and make its content area slightly narrower. Make the header solid navy with white controls and title, keeping the supporting line secondary.",390,844
inst-0930,"Add a small clear button inside the right end of the email field. Move the Sign in prompt to the bottom of the screen and keep it centered. Change the top header to dark gray with white navigation, service name, and help text.",390,844
inst-0931,Group the feature comparison table rows.,390,844
inst-0933,"Drop the trip bookings row, add cash pickup point. Then rework how the recent list is grouped — and make the top amount panel darker than the blocks below.",390,844
inst-0934,Turn the right-side channel labels into compact blue pill badges with white text.,390,560
inst-0935,Let users narrow the list to one event kind here.,390,560
inst-0936,Change how the screen is organized. Make the workout something people can follow in order. Also add required equipment to the workout facts row.,390,844
inst-0937,"Add a share action to the top header. Move the card with the arrow rows up, then fill the two unselected tabs with light gray and drop their outlines.",390,844
inst-0941,Address patients whose clinic appointment booking failed. Change the bottom link to contact the clinic directly.,390,560
inst-0942,Change the map screen into a campus shuttle map. Add a compact bell button beside the selected stop card’s primary action for departure reminders.,390,844
inst-0943,Add a share button to this card. Then shrink the top photo to a small square and place it left of the title.,390,560
inst-0945,Separate the preferred method from the others in saved methods. Add a compact make-default button at each other-method row’s end beside its account details. Make the preferred and other method groups visually distinct.,390,560
inst-0946,"Change the monthly member goal to a neighborhood food drive, with donated-item total replacing member count. Add one line beneath the deadline showing where to take collected items. In the progress area, stack the ring above the details and center the group on screen.",390,560
inst-0947,"Let readers judge each block's intensity before joining. Make the bottom attendee line purple with a chevron on the right, tapping opens the full roster, and then move the remaining spots card higher up.",390,844
inst-0948,Use a tablet layout: place the Series card left and stack Teacher and Episode cards right. Make each episode's skill focus visible. Give the course detail a learning-focused editorial feel.,390,844
inst-0950,Make the selection stages clearly ordered.,390,560
inst-0951,Make it fit parents using a school-family communication service.,390,560
inst-0952,"Read as a wide desktop dashboard, not a phone screen.",390,844
inst-0954,"Restructure the three numbered steps, and the feature name should be seen before the photo.",390,560
inst-0955,"Create a desktop workspace: primary navigation in a left rail, existing content centered. Add the exact expiration date to each record’s details.",390,844
inst-0957,Make timeline sections immediately recognizable. Then distribute the three folder tabs evenly across the full width of the tab row.,390,844
inst-0958,"Adapt the screen for a desktop environment. Add owner and last-updated information to the trip details. Add offline copy download to ""Archive"".",390,560
inst-0959,"Add a ""Message"" button next to Following too. Change where the follower counts read, and then change the tone of the bottom notification row.",390,560
inst-0961,"Add one line under the meter bar with days left and average daily use, in the same light lavender as the labels.",390,844
inst-0962,Make it feel more personal and profile-like.,390,844
inst-0963,Enlarge the image and name in the top featured block.,390,844
inst-0964,Show the available credit expiration date. Change how the coupon header is arranged. Make first coupon’s expiry badge feel different.,390,844
inst-0965,Add that the selected quality uses more data.,390,844
inst-0968,Rework how the divider row is arranged.,390,560
inst-0969,"On desktop, make the loading card wider, with the spinner left and text right.",390,560
inst-0970,Give the Overdue badge its own color.,390,560
inst-0971,"Make the briefing cover navy with white type, keeping its existing content and layout.",390,844
inst-0974,"Change what this screen identifies. Make recent scans read first by when they were taken — and need a way to find plants by name, without the camera.",390,844
inst-0975,Adapt the profile list for desktop.,390,560
inst-0976,Change how the two checkboxes group.,390,844
inst-0977,"Split the card into two labelled groups — recipient and arrival on top, reference under a divider. Then one short gray line with the send date and time right under that gray line.",390,844
inst-0979,"Fill the ""Add card or bank account"" strip with the ""Expired"" red, label and plus white.",390,844
inst-0980,Show the product row differently.,390,844
inst-0983,"Make the Balance screen a desktop layout with the balance summary beside recent earnings. Turn the recent earnings list into a compact table with separate release, royalty detail, and amount columns. Make the balance card feel different.",390,560
inst-0984,"Add license coverage and refund terms near the buy button. Make the product title lead and the price read as detail, and the screen feels too warm — make it cooler and crisper.",390,844
inst-0001,Change this screen for restaurant reservations so diners can find openings. Adapt the screen for desktop. Change the restaurant result cards’ visual style.,390,844
inst-0003,Change the screen to a local food bank volunteer schedule and replace each message preview with shift times. Make same-day shifts feel like one group. Change the top header background to dark green and the title and icons to white.,390,844
inst-0004,Make the screen desktop-wide and easy to scan.,390,560
inst-0005,Change what this badge card is about.,390,560
inst-0017,Rebuild this screen for desktop.,390,560
inst-0025,"Adapt the screen for desktop, keeping the goal and both queues visible. Make the total remaining time visible at a glance.",390,560
inst-0027,Make it a children’s language-practice service parents can trust. Add a compact full-width button directly below the child-privacy summary that opens parental controls.,390,844
inst-0028,Rebuild this screen for a tablet. Then the three tag chips fill-free with a thin purple outline and fully rounded ends.,390,844
inst-0033,Show more discount detail in the order summary.,390,844
inst-0036,Make the screen use tablet space without widening its content column.,390,844
inst-0038,Change the screen to a desktop view. Arrange the rankings with leading members in a podium above a compact list of remaining members. Change the color treatment of the podium area.,390,560
inst-0042,"Rebuild this screen for desktop. Rearrange the three product rows in the first answer, then change the reply chips' look a bit.",390,844
inst-0043,Adapt the screen for desktop. Change the deletion card’s surface styling.,390,560
inst-0050,Make the filled part of the progress bar stand out.,390,560
inst-0051,Adapt the booking screen for desktop. Make lodging context and urgent booking tasks easy to scan together.,390,560
inst-0053,"Let me filter the ""Start time"" list. Top photo banner's too tall — halve its height so the times move up, and then rework the coloring of the time chips.",390,560
inst-0055,"Let one topic's help all sit together. Then make the top band white with near-black title, and the search field a light gray rounded pill.",390,844
inst-0059,"Make the screen smartwatch-sized, vote count visible at a glance. Then split the reaction area into two labelled groups — my vote and everyone else's — and drop the divider.",390,560
inst-0061,"Change this so library users can report damage to borrowed books. Move the institution name below and right of the task title, and make it smaller. Use cream backgrounds and dark navy lines in the damage-type list, with very pale blue on selected items.",390,560
inst-0062,"Merge the saved places and recent searches cards into one list grouped by city, with a single header keeping the manage link. Add another way to enter an address in the search block. And then make clear which nights this address is for, here.",390,844
inst-0063,Change the target user for this screen. Reorganize the crop panel controls.,390,844
inst-0066,"Retarget to a property manager: top totals units, rows list building, units, last inspection; drop the lock icon. Then rebuild the screen for tablet: summary beside the building lists, bottom tab bar as a left rail.",390,844
inst-0070,Change the order of the at-a-glance list. Add estimated reading time to the publication and update date line. Change the color treatment of the “Full policy” button.,390,844
inst-0072,"Switch to technician view; make the price panel a work order. Then group the list under the video by progress order. Make the footage clearer, keep controls easy to read.",390,844
inst-0073,"Switch it to the homeowner, showing today's on-site progress — and make the caption card feel heaviest, still easy to read.",390,844
inst-0077,Add information about who each reply author is. Change what leads in the product preview.,390,844
inst-0078,"Make the screen a tablet layout. And the dots under the dates barely show — make them dark navy, bigger, and more spaced.",390,844
inst-0081,Adapt the screen for desktop and keep attention on the decision. Make the decision area compact and the primary action clear. Make the permission note expandable.,390,560
inst-0082,"Change the screen to a desktop version. Each invoice row should let you download the PDF, and move the title block to a full-width band above both columns, name much bigger than the amount.",390,560
inst-0088,Add a way to clear the email field. The clock card's order in the form should change. Change the top bar's color.,390,844
inst-0090,"Make the screen desktop: chat list on the left, thread and composer wide center, no bottom tabs.",390,844
inst-0094,"Retarget the screen to shop owners watching wholesale restocks and cost; bottom line lists covered supplier catalogues. Then split into two labelled groups — what the owner sets up, what runs automatically — and drop the numbers. Fill the top banner with the same solid yellow as the bottom button, icon in dark gray line work.",390,844
inst-0101,Move this screen to desktop. And then let people check the password they typed.,390,844
inst-0102,Change the booking screen for desktop. Use the width and show the message and next step together. Add a saved-stays button to the top bar.,390,844
inst-0106,"Make the screen desktop, using the full width. And add one more action to the bottom buttons.",390,560
inst-0107,Add more management information to the guidance section.,390,560
inst-0108,Make this screen a desktop layout.,390,844
inst-0109,"Make the screen tablet-friendly, showing invites and pending items together. Change the invitation panel’s order and grouping. Make the remaining time visible for each pending invitation.",390,844
inst-0111,Change this screen's target audience. Let learners start a question from the course screen.,390,844
inst-0114,"Switch the card to nursing alumni mentoring and replace the people rows, and then turn the bottom three thumbnails into ordered steps.",390,560
inst-0117,Make the screen use the wider desktop workspace. Separate the content in the chart card. Add report export to the page heading.,390,844
inst-0118,Change the target user for this screen. Split the bottom sliders into groups by type — and then let sellers see what the original photo is before cropping.,390,844
inst-0122,"Switch to a warehouse picking app so pickers speak hands-free. Move the screen to a smartwatch — drop the top photo, keep the headline and one line. Then keep them stacked but make allow taller with a bigger label, and shrink decline to a small centered line with a gap above.",390,560
inst-0124,Move this screen to tablet. And show personal and circle chats as separate blocks in unread — show each person's presence status in Active now.,390,844
inst-0125,Make it serve community volunteers preparing for assigned shifts.,390,844
inst-0126,Restyle the Chapters timestamps to stand out more.,390,844
inst-0128,"Make this screen a business trip approval request. Show which days and how many nights at each stop, and add a plain ""save and finish later"" text action centered under the bottom button.",390,844
inst-0138,Adapt the screen for desktop.,390,844
inst-0140,"This screen should move to desktop. Change how the comments are grouped, and then show who uploaded the document and when it was updated.",390,844
inst-0145,Make the screen feel properly proportioned for desktop. Make the recommendation and visibility note easy to scan together.,390,560
inst-0152,"Shift the screen to desktop so everything shows without scrolling. Then group by when circles meet, not membership.",390,844
inst-0163,Make the transaction being moved read before the folder list. And put color on the selected folder row.,390,560
inst-0165,"Change the bottom list to a different service, then change the screen for tablet.",390,844
inst-0166,Adapt the screen for tablet use. Add an episode synopsis to the Now Playing section. Reposition the playback preferences panel.,390,560
inst-0181,Change how information is arranged in review card headers. Make the rating breakdown more distinctive and visually engaging.,390,844
inst-0193,Switch to school IT admins; show install and support info.,390,844
inst-0195,Let people find one kind of activity without scanning every row.,390,560
inst-0200,Adapt the screen for desktop. Change how the checklist is grouped by status. Add a compact line beneath the privacy note with the circle name and meeting date.,390,844
inst-0201,Move the screen to desktop for messaging with item context visible. Make the item's appearance and condition clear at a glance. Let users confirm the proposed pickup from the conversation.,390,844
inst-0202,"Make the screen a tablet layout that uses the width. Under ""Coming up"", enlarge only the next step's thumbnail, and make Back look pressable, still weaker than Next.",390,560
inst-0204,"Change the target user for the store profile card. Rebuild the whole screen for desktop, and then add the dish name and price to each bottom thumbnail.",390,560
inst-0205,"Adapt the screen for a tablet. Make the featured offer one side-by-side card, with image left and details and action right.",390,844
inst-0212,"Make the screen read as built for desktop. Then the ""Ranked 3rd"" note needs a different spot.",390,560
inst-0215,"Make the screen desktop-friendly so achievements are comfortable to view. Arrange the achievement card in a balanced side-by-side layout, with the header left and description and details right. Change the achievement header’s color treatment.",390,560
inst-0216,Change the screen for desktop. Make the question count information more detailed. Add another navigation action to the answer controls.,390,844
inst-0224,Move this room screen to desktop.,390,844
inst-0234,Rebuild this screen for desktop. And the yellow block reads as a warning — keep it first but friendlier.,390,844
inst-0240,"Adapt the screen for desktop. Make end call faster to find without sidelining other actions. Give the consultation details card a pale purple background, dark purple heading, and purple-gray dividers, without changing content.",390,844
inst-0245,Adapt the screen for tablet and keep the error message clear. Make the failure state more visually distinct.,390,844
inst-0259,"Change the top heading to a manager's move-out inspection. Move the screen to tablet so the photo is large and the mark list stays visible, then add a short severity word to each mark row, after the description, before the time.",390,560
inst-0260,Make this a public charging session timer showing charge and cost.,390,560
inst-0264,"Change the search rows to renal-patient view, show sodium and potassium. Let food results be sorted by mineral value, and reposition the ""Saved meals"" block.",390,844
inst-0267,Adapt the screen for a tablet. Group the results by content type.,390,844
inst-0271,Make the lodging story a first-time park hiking guide; replace the featured stay with a compact readiness summary. Recast the headline and description as a short stacked itinerary with time-of-day stage labels.,390,844
inst-0276,Adapt the screen for desktop. Change how the track list is grouped. Change the header's color treatment.,390,844
inst-0277,"Change how the three lines in ""Reserved"" are grouped, and let users change or cancel the booking here. Also, change the color of the top purple banner.",390,844
inst-0281,Switch to food-safety certification prep with situation-based questions. Change the screen to a tablet layout. Then add a small flag button in the top bar right of the question count to mark for later.,390,844
inst-0283,Make this a desktop screen. And add a bit more info to the two dates. Shift things around within the three invited rows.,390,844
inst-0300,"Rework the screen for desktop. Add a download button at the far right of each invoice row, after the amount.",390,560
inst-0304,"Make the screen feel native as a desktop experience. Split the transfer workspace into side-by-side stages: recipient selection and recent people, then amount entry and review. Change the styling of the amount-entry stage.",390,844
inst-0309,"Change who this screen is for, then group the member list by whether they hit target.",390,560
inst-0313,Make this screen a tablet layout. Let me open other weeks from Curriculum. And move the progress line and change its size.,390,844
inst-0314,Change the screen to a desktop format. Make the learning progression easy to scan by stage.,390,844
inst-0315,Add timing information to the next-step guidance.,390,560
inst-0345,"Change the whole screen to customer support ticket routing and show priority in the current ticket summary. Give the queue list title a create action. Stack the bottom ""Move"" button above ""Cancel,"" with both buttons the same width.",390,560
inst-0346,"Make the screen desktop so everything reads at once without scrolling. Make the card's top label read first, then make the magenta bar under the chart white-filled with magenta outline, text and icon; keep size and place.",390,560
inst-0347,"Make the product detail screen caregiver-focused for older adults, replacing purchase options with medication and health-condition cautions. Change the per-serving section’s order on the page. Make the top product introduction panel pale gray, with navy headings, dark gray text, and blue chips.",390,844
inst-0351,Change how the detail list groups information. Add another action to the version badge. Give the app mark a different brand feel.,390,844
inst-0352,"Move this screen to a tablet. Show more time detail in each agenda row, and change the color of the calendar bars.",390,844
inst-0353,Make this screen a medication planner for family caregivers. Rework the medication plan summary in the reply.,390,844
inst-0357,"Adapt the screen for desktop. Make signup methods easier to compare with less scrolling. Add explanatory text to the ""Work email"" field.",390,844
inst-0358,"1. Switch the screen to desktop: widen the waiting card into a centered panel, drop the phone-width frame. 2. Add a cancel button at the bottom of the card. 3. Move the progress bar up and make it thicker",390,560
inst-0360,"Make it a shared-desk clinic staff sign-in; add a work-site line under the password, drop recent accounts.",390,844
inst-0361,Change this to a different service. Adapt the screen for desktop. Add more information to the alert cards.,390,844
inst-0364,Adapt the screen for desktop. Make balance and plan progress easy to compare at a glance.,390,560
inst-0366,"Turn ""Recently Deleted"" into a team recycle bin, replacing thumbnails with file-type previews. Add the deleting team member’s name to the metadata line beneath each file name.",390,844
inst-0367,"Rebuild the editing screen for desktop, and then separate the Size slider from the angle sliders.",390,844
inst-0368,Change the screen to a desktop view. Change the upgrade card’s visual styling.,390,844
inst-0369,Let me tap the sort text by 'All followers'. And make the profile spot stand out when scanning rows.,390,844
inst-0371,"First, move this screen to desktop. Second, add one more piece of info to each folder row.",390,560
inst-0372,"Make the screen a desktop view with one compact content column in a wider, centered workspace. Add a reversal action to the ""Save"" button.",390,560
inst-0375,Make the screen desktop so repeat settings show at a glance. And the three date rows look heavy — change their background.,390,844
inst-0378,Change this screen to target a different audience. Add a small add-recipient button at the right edge of the reminder delivery row.,390,844
inst-0380,"Replace the terms text with a clinical trial consent form. Then rebuild the whole screen for desktop, and enlarge the version and date, split off the section count.",390,844
inst-0384,"Make it for drivers extending parking, with location and added cost. Make it possible to confirm and pay for the selected extension.",390,560
inst-0393,Change the target audience for this screen. Reorganize the service terms clause list. Then add the employer’s information access scope to the top review notice.,390,844
inst-0395,Adapt the screen for desktop. Rearrange the retention chart and chapter breakdown.,390,844
inst-0399,Change the screen for tablet use.,390,844
inst-0402,"Make the screen a desktop layout — a centered floating dialog, and drop the drag handle. Then regroup the actions under the button — and make the top summary tell more.",390,560
inst-0403,Make it for patients to check healthcare communications. Show the next appointment date and time. And make the care topic catch the eye first.,390,844
inst-0412,Change the screen for desktop. Add flow guidance above the primary button.,390,560
inst-0421,Retarget to traveling nurses picking housing near their hospital. And move this screen to a tablet layout.,390,844
inst-0426,Adapt the screen for tablet.,390,844
inst-0430,Move the screen to desktop and use the full width.,390,844
inst-0431,Change the checkout screen to caregiver order review.,390,844
inst-0435,Make the question stand out without changing the layout.,390,844
inst-0440,Make it a desktop screen showing all stories at once.,390,844
inst-0441,"Adapt the screen for desktop. Divide feature comparison into labeled course access, learning support, and account benefit sections; keep plan columns aligned.",390,844
inst-0442,Rebuild this whole screen for a smartwatch. And rearrange the badge art and title at the top.,390,560
inst-0448,Add a collection action to the lodging photo.,390,844
inst-0449,Move this screen to desktop.,390,844
inst-0450,"Move the screen to desktop, all visible without scrolling. Show how much of the shared plan is used. And make the listening summary card the first thing seen.",390,844
inst-0456,Make the screen a full-window desktop experience with existing content in a centered workspace. Create a stronger focal point in the wider workspace. Let users also leave the failed portfolio view.,390,844
inst-0458,Adapt the screen for tablet viewing. Make workout discovery focus on low-impact activities for older adults. Let people assess suitability before seeing matching activities.,390,844
inst-0463,Make the screen wide and mouse-friendly for desktop. Rearrange what appears first in the main area.,390,844
inst-0464,Move the booking screen to desktop. Then group the start times differently.,390,560
inst-0467,Adapt the screen for a smartwatch.,390,560
inst-0469,Make the screen tablet-sized with selection and next controls visible.,390,560
inst-0473,"Make the screen desktop-ready, using width without stretching content. Make the latest support request and progress visible at a glance. Make the next action clear and distinct from help content.",390,844
inst-0475,Add a support contact to the Information card. Then rework how much vertical room the green hero takes.,390,844
inst-0478,Make the screen desktop-ready for editing products while reviewing orders. Change the discount grouping in the promotion details. Give each product another action users can take.,390,844
inst-0480,Adapt this screen for desktop use. Let users switch between front and back body views to annotate.,390,844
inst-0482,Make the screen a desktop overview for quick comparison. Let users move the weekly date period backward and forward.,390,560
inst-0484,Make this screen for teachers signing up for school use. Make account and school information read as distinct stages. Change the primary button’s styling.,390,844
inst-0490,Adapt the screen for desktop.,390,560
inst-0492,Change the screen for desktop use. Group the task sections by financial account. Add review reasons to the open task details.,390,844
inst-0497,Change the action started by the bottom button.,390,560
inst-0499,"Move the screen to tablet as a centered card on a dimmed backdrop, buttons shrunk into a row. And add what's missing to the middle benefit list. Center the pin icon, app label and headline, and make the icon twice as big.",390,560
inst-0518,Change the screen to a tablet layout.,390,844
inst-0519,Move this screen to desktop.,390,844
inst-0520,Change the recommendation card’s target audience. Emphasize the recommendation image and caption. Add another action to the bottom recommendation button.,390,560
inst-0522,Change this screen for a different target audience. Make the screen use wider desktop space well. Reorganize the shift information below the title.,390,844
inst-0526,Add composition grid show/hide to the camera tools. Make sure the posting audience is confirmed before capture. Change how the focus frame lines look.,390,844
inst-0532,"Change the screen to desktop, fitting a wide window, and then group the settings by something else.",390,844
inst-0535,"Group the Comments list into threads: indent replies under their parent, keep dividers only between threads. And add some group activity info to the byline.",390,844
inst-0546,Allow review of the filters currently applied.,390,844
inst-0552,"1. Change the screen for tablet.
2. Make the ingredient amounts change with the serving count.
3. Change what reads first in the nutrition row.",390,844
inst-0557,Adapt the screen for desktop. Rearrange the content in the goal card.,390,560
inst-0562,"Rebuild the whole screen for desktop, and then recolor the map area, different from now.",390,844
inst-0565,Change the screen to a tablet layout. Change the look of the rating summary panel.,390,844
inst-0566,"Turn this card into tonight's act lineup, and replace each row's price-and-stock line with set length. Then rearrange the bottom row's layout.",390,560
inst-0570,Change the booking screen for desktop. Add result filtering to the weekend availability section header. Vary the look of each stay result.,390,844
inst-0581,Make the screen a desktop version. Add a note about the next step. Change how the action buttons are arranged.,390,560
inst-0585,Adapt the screen for desktop. Rearrange status and actions in the timer card. Add a time-adjustment action to the controls.,390,560
inst-0597,Make the screen tablet-ready so plans and targets need less scrolling. Let users add progress without leaving the dashboard.,390,844
inst-0599,Group the three rows under play by kind. Then show more info in the top episode block.,390,560
inst-0600,Make the selected study card use space differently.,390,844
inst-0607,"Rebuild the whole screen for desktop. Move the author row to a different spot in the card, and then let readers ask the author for more detail here.",390,560
inst-0614,Make the screen tablet-friendly without feeling stretched or sparse. Add one line naming the organizer below the venue in the event summary.,390,844
inst-0622,"Turn the community post into one for home cooks, replacing the product card with a compact recipe summary. Turn the recipe summary directly beneath the photo into a short numbered cooking sequence. Keep the header controls and spacing, with a cream background and dark green text and icons.",390,844
inst-0624,Crop the main artwork.,390,560
inst-0639,Make the screen a smartwatch glance for immediate delivery progress. Add a last-updated time to the delivery status.,390,560
inst-0643,"Make the screen desktop-ready, spacious without feeling stretched. Change the arrangement of the member list; make the full member list selectable in one action.",390,560
inst-0644,"Move the screen to desktop, use the extra width. Split the input fields into groups, then put more info in the top step counter.",390,844
inst-0647,Fill the bottom 'Continue to review' button deep navy with white label; leave the small links as they are.,390,844
inst-0648,Adapt the screen for desktop. Make the service’s ownership information available on the page.,390,844
inst-0652,Change the screen for desktop use.,390,844
inst-0656,Change the target user for this card.,390,560
inst-0663,"Move the screen to desktop: cover and form fields left, materials list beside, tab bar to left nav. And show attachment count and total size under Materials heading.",390,844
inst-0664,Rework this screen for desktop. Change how the result list groups by price. Add more content to the product detail lines.,390,844
inst-0671,"Make the screen desktop, class info and Enroll seen together. Then the top should show what you can do after the class.",390,844
inst-0679,Change this screen to a different service. Change the order within the class details section.,390,844
inst-0681,Add more policy detail to the explanatory notice. Add one more action to the lesson summary. Reorder the emphasis of the two bottom buttons.,390,560
inst-0682,"Change the screen for desktop. Change the two bottom buttons' placement and order, and make the lesson block a box with a background.",390,560
inst-0685,Add a compact edit-order text button to the right side of the order summary.,390,560
inst-0686,Make the tracking number copyable in one tap.,390,844
inst-0687,"Make the rows under ""Information"" read as two kinds. Add more info under the tagline, and let me request an update check from the ""last checked for updates"" line.",390,844
inst-0689,Make account information consistent beneath each follower’s name. Make the two options carry equal weight across the width.,390,560
inst-0690,"Move this screen to desktop. Then split the follower list into not-followed-back first, already-following below, each group with a count heading.",390,560
inst-0691,Change to a different target audience. Change how account details are grouped.,390,844
inst-0700,Rework the screen for desktop. Group related items in the benefit list. Change the color of the primary button.,390,844
inst-0701,"Move the screen to desktop so video and people show together. Then merge the tiles and text rows into one list split into ""on camera"" and ""no video"" groups with counts, and drop the heading. Fill each control as a circle in gray lighter than the panel with white icons; keep mic and leave colors.",390,844
inst-0703,Change the order of the Keep and Delete buttons.,390,560
inst-0709,Make consecutive posts from one person read as one contribution.,390,844
inst-0714,Rework the whole screen into a desktop layout.,390,844
inst-0717,Change the screen for workspace administrators. Reposition the actions in the team-document rows. Add bulk recovery to the “Trash” heading.,390,560
inst-0719,"Make this a desktop screen, and split the ""What gets removed"" list into two labelled groups: deleted now, deleted later. Then show more detail in the account block up top.",390,844
inst-0724,"Turn the help and support screen into a seller hub, replacing shopper guidance with seller operations guidance. Change where the Contact support section appears. Add a way to expand FAQ rows.",390,844
inst-0727,Adapt the screen for desktop.,390,560
inst-0728,"Group the purchase options and delivery quantity together. And add billing information to the purchase summary bar. Give the product summary card a white background, dark gray outline, and narrow dark green top accent.",390,844
inst-0730,Adapt the screen for desktop use. Make preferred payment methods come first regardless of type. Make it easier to judge which saved methods are still relevant.,390,844
inst-0732,Change the trip plan for field-service coordinators. Adapt the screen for desktop.,390,844
inst-0741,Make the date range under the title selectable. Change the most-active-day note's order; change the stacked bars’ color palette.,390,560
inst-0745,Rework the screen for desktop.,390,844
inst-0746,"Change what this page is about. Move the screen to tablet, use the width well. Then split the service rows into same-day call-outs and scheduled projects, each with a small heading above.",390,844
inst-0749,"Turn this into a picker for the booked road-test centre. Move this screen to a tablet, and give the selected top row a pale blue fill, title in the check's blue.",390,844
inst-0755,Let users control order from the chip row too.,390,844
inst-0759,Make this screen work on desktop. Add a swap-currency button at the right end of the conversion line so the amount can be entered in euros. Then change what stands out first in that card.,390,844
inst-0760,Change the personal-finance documentary detail screen to beginner home workouts; replace the expert section with an equipment-and-difficulty summary.,390,844
inst-0765,Make this a tutor feed with student bookings and homework.,390,844
inst-0769,Adapt this screen for desktop. Rearrange the course editing form.,390,844
inst-0777,"Change the editor content for agents, fitting it to property tours. Make the screen desktop-friendly for precise editing. Split crop controls into composition then perspective, with Ratio and Zoom under composition and remaining adjustments under perspective.",390,844
inst-0779,Change the screen to a tablet layout. Add product search to the “Browse” button. And give the illustration panel a dark navy background and show the bag in white and existing lime green.,390,560
inst-0781,Adapt the screen for desktop. Add a compact reported-post preview below the introduction with the author and a one-line excerpt. Change how the report card content is divided.,390,560
inst-0785,"Make the screen use desktop space without making discussion feel sparse. Add a small ""Instructor"" badge beside the author name on the indented reply.",390,844
inst-0790,Make the screen use wider space and desktop navigation patterns. Make stays easier to scan by area. Add a travel-time filter to the weekend trips header.,390,844
inst-0791,"Make the screen a tablet layout — widen the card, heading, goal value and slider on the left, adjustment row and closing note on the right. Add an outlined ""Discard changes"" button left of the save button, same row. Then thicken the slider track into a rounded gray bar, fill it with the save button magenta, and make the knob a magenta circle with a white inner ring.",390,560
inst-0798,Show at a glance whether stays are seaside or in town.,390,844
inst-0800,Adapt the screen for desktop.,390,560
inst-0801,Adapt this screen for desktop use. Let learners judge ability fit before joining.,390,844
inst-0803,"Change the variant information in product details. Then change the ""Save"" panel’s sense of depth.",390,560
inst-0808,Make the screen feel native on desktop. Change the position of the comments section.,390,844
inst-0809,Change the screen to a smartwatch view. Add project information to the task details. Allow the session to be ended directly.,390,560
inst-0812,"Make the screen a desktop layout. Group the lesson list by section, then change the empty band's colour above the course card.",390,844
inst-0829,Restructure the sequence of the task instructions. Add more content to the header lesson information. Then change the look of the sentence sheet.,390,560
inst-0831,"Switch the whole booking screen to desktop, and add a taxes-and-fees-included total to the card's price summary.",390,560
inst-0841,Change what this screen is about.,390,844
inst-0844,"Make the card background near-black, headline white, body and fine print light gray; keep the orange button and link as the only warm color. Then put the nearby circles chip somewhere else.",390,560
inst-0847,"Make the screen comfortable on tablet without disrupting the purchase flow. Add an annual option beside the monthly option, showing its billing period and savings. Rearrange the paywall body.",390,844
inst-0848,Group the three middle blocks into two. The product row needs more detail shown. And then add a one-line cancellation reason picker right above the dark confirm button.,390,560
inst-0850,Show more prep detail in the pinned session block.,390,844
inst-0854,Rearrange the tutorial progress indicator.,390,844
inst-0862,"Adapt the screen for desktop. Add a stay-signed-in checkbox below the password recovery row and above the sign-in button. Make the top bar dark navy, with the service name and help link white.",390,844
inst-0867,Change the screen for desktop.,390,844
inst-0869,Change the screen to desktop for easier date-group comparison.,390,560
inst-0872,1. Add connection status to the progress details area. 2. Change the button arrangement in the bottom area. 3. Change the upload progress bar’s end styling.,390,560
inst-0873,"Switch the screen to tablet, and readers should know what changed in this version first. And numbered section headings blend into the body — make them much bigger, with more space above than below.",390,844
inst-0878,"Make this screen for desktop. Add more info to each Properties row, then recolour the top total card deep navy, keep the amount white, make the status pill text navy.",390,844
inst-0886,"Enable transfer approval after reviewing recipient and payment total. Change the position of the security note. Retain the six code boxes’ row and size, with white fills, thin navy outlines, and less-rounded corners.",390,560
inst-0888,Add sync information to the bottom-right source note.,390,560
inst-0891,"Move this screen to a smartwatch, one thing at a time.",390,560
inst-0896,"Switch the screen to desktop. Make the stay name lead and 'Unpin from top' read secondary, then restyle the pin buttons on each row.",390,560
inst-0898,Change it for venue crews and show needed operational information. Then change the set schedule’s sequence and flow structure.,390,844
inst-0899,"Adapt the screen for desktop. Then, change the completion card layout.",390,844
inst-0900,"First, make the stay lists a scout's shoot locations — day rate, permit status, shoot dates instead of guests. Second, change the screen to a desktop layout.",390,844
inst-0908,Change the location chooser to another service. Add filtering to the pickup-point results header.,390,844
inst-0912,"Change this screen into reporting a money request. Group the reason list by kind, then add something about the outcome to the review note.",390,560
inst-0914,Switch this screen to a patient's telehealth call. And add a note button to the call control tiles.,390,844
inst-0916,Give the season chip beside Episodes a different look.,390,844
inst-0925,"Adapt the screen for desktop. Make the transfer setup a step-based form: choose recipient, enter amount, add details, finish with existing review. Let senders verify where the money will go before continuing.",390,844
inst-0926,"Move this screen to a smartwatch. Make the two bottom buttons differ in size, and then change the color feel of the timer card.",390,560
inst-0932,"Change the booking screen for tablet. Reorganize booking sections into left-side date and time choices, then right-side summary and confirmation. Make dates outside the visible range accessible.",390,560
inst-0938,Add the total earned reward to Recent Referrals. Reorder the two sections below the invite card.,390,844
inst-0939,"Show time and duration on the moved stop too. And make the ""Ends at"" line catch the eye before the buttons.",390,560
inst-0940,Adapt the screen for tablet use. Make the sequence and current stage clear.,390,844
inst-0944,"Change the screen to desktop. Then make ""Later today"" a stepped run from the session above, times as markers on the spine — and make the map read as background behind the panel.",390,844
inst-0949,"Move the screen to tablet and fill the full width. Let me tell how full the chosen list already is. Then move the ""start a new list"" line; it's easy to miss.",390,560
inst-0953,Change how upcoming events are grouped over time. Change how the calendar event markers use color.,390,844
inst-0956,"Restructure the Markers list so order shows, and make the status row's color stand out differently.",390,844
inst-0960,Change the session player for prescribed rehabilitation routines.,390,844
inst-0966,"Make the screen fill a desktop display, no empty sides.",390,844
inst-0967,Adapt the screen for desktop to use more horizontal space.,390,560
inst-0972,Rebuild the whole screen for a smartwatch.,390,560
inst-0973,Make the shared-workspace purpose come through more specifically. Make the way into the product easy to see. Change the brand symbol’s color treatment.,390,844
inst-0981,Change the screen to a desktop environment. Rearrange the lesson summary and saved-list form. Add a management action to the saved-list chooser.,390,560
inst-0982,"Make the screen desktop, drop the top drag handle. Group the ""Send to"" list into sent and not-sent-yet, and show the expiry date in the link row too.",390,560
inst-0985,"Move the “Pending fulfillment” card first, keeping the remaining cards in their current order. Add a way to view all orders from “Recent Orders”.",390,844
inst-0986,Change the screen for desktop. Split the category chart into groups.,390,560
inst-0987,"Change the weekly sleep progress screen to medication adherence, replacing bedtime guidance with the prescribed dosing schedule. Change the order content appears in the header. Let users record their next dose from this screen.",390,560
inst-0988,Make the flow of new listeners visible by date.,390,844
inst-0989,Make it for families living apart to coordinate care. Change the styling of the bottom primary button.,390,844
inst-0990,Change the screen for desktop use.,390,844
inst-0991,Make each headline the first thing readers notice.,390,844
inst-0992,"Rework the screen for desktop. Make the information flow from collection to use to user control. Add a brief note beneath the data-use explanation: retain while needed, then remove or de-identify per legal/security rules.",390,844
inst-0993,"Add a filter button at the right end of the date header to pick one activity type. And put each post's stats on a light gray band — figures near-black, labels gray, blue only for actions.",390,844
inst-0994,"Add a small line under the email with the plan name and signup date, in the intro's gray. Then move the hold-period text above ""Will be erased"", same size and dark as the intro.",390,560
inst-0995,"Change the screen to tablet: tracking and items left, payment summary beside them, tab bar as a left vertical rail. Then change the total row's position and size, and make the top block read apart from the white page.",390,844
inst-0996,"Annual should read as the main pick at a glance, Monthly lesser.",390,844
inst-0997,"Move this screen to desktop, and change how the assets list is grouped.",390,844
inst-0998,Move this whole screen to desktop.,390,844
inst-0999,Make it clear who the group leads are first.,390,844
inst-1000,"Make this a health insurance claim app: the matched row becomes the open claim, drop the square crop chip. Restructure the bottom tabs to read in order. Then add a legibility rating to the crop size label.",390,844
