set_id,unit_ordinal,target_name,method_level,text
inst-0001,1,"Situation, Context & Scenario",3,Change this screen for restaurant reservations so diners can find openings.
inst-0001,2,Environment,4,Adapt the screen for desktop.
inst-0001,3,Style,2,Change the restaurant result cards’ visual style.
inst-0002,1,Environment,2,Rebuild the whole screen for a wide tablet.
inst-0002,2,Functionality & Behavior,2,Add a button for extending time to the bottom button row.
inst-0002,3,Style,3,Make the progress read as live at a glance.
inst-0003,1,"Situation, Context & Scenario",1,Change the screen to a local food bank volunteer schedule and replace each message preview with shift times.
inst-0003,2,Flow & Information Architecture,3,Make same-day shifts feel like one group.
inst-0003,3,Style,1,Change the top header background to dark green and the title and icons to white.
inst-0004,1,Environment,3,Make the screen desktop-wide and easy to scan.
inst-0005,1,"Situation, Context & Scenario",4,Change what this badge card is about.
inst-0006,1,Layout & Hierarchy,2,Rework the email icon and introduction copy.
inst-0006,2,Style,1,"Restyle the code entry card with a pale blue-gray surface, subtle gray outline, and minimal shadow."
inst-0007,1,Content & Information,1,"Under the Owner column label, add a short gray line with the count of unowned tasks this sprint."
inst-0007,2,Layout & Hierarchy,1,"Split the bottom row: main button full card width below, back left and skip right above."
inst-0008,1,Environment,1,Make the overall screen a wide desktop canvas with the activity card centered.
inst-0008,2,Layout & Hierarchy,1,Place the activity card’s larger main panel on the left and footer on the right.
inst-0009,1,Environment,2,Move this to a watch screen and drop the thumbnail.
inst-0009,2,Layout & Hierarchy,2,Emphasize the remaining time so it reads first.
inst-0010,1,Content & Information,4,Change what shows first in note date
inst-0010,2,Functionality & Behavior,1,Replace the saved status in place with a compact button retaining its label and opening version history.
inst-0010,3,Layout & Hierarchy,2,Move the note formatting toolbar.
inst-0011,1,"Situation, Context & Scenario",2,Switch to knee rehab; streak line becomes pain-stop guidance.
inst-0011,2,Functionality & Behavior,3,Hide finished ones so only what's left shows
inst-0011,3,Layout & Hierarchy,4,Adjust the second card's prominence.
inst-0012,1,"Situation, Context & Scenario",2,Change the empty-state card to introduce medication schedule setup.
inst-0012,2,Style,1,"Change the primary button from green to navy, keeping its white label and current prominence."
inst-0013,1,Flow & Information Architecture,2,"Split the three ""More information"" rows into two groups."
inst-0013,2,Content & Information,4,Change the app name tagline's content.
inst-0014,1,"Situation, Context & Scenario",4,Make the overall feel different.
inst-0014,2,Flow & Information Architecture,2,Reorganize the structure of the video list.
inst-0015,1,Environment,2,Rebuild the whole screen for a wide tablet layout.
inst-0015,2,Functionality & Behavior,4,Make the Stops row do something
inst-0016,1,Functionality & Behavior,1,Add a compact Referral history text button beside the Recent referrals title.
inst-0017,1,Environment,2,Rebuild this screen for desktop.
inst-0018,1,Layout & Hierarchy,2,Adjust the emphasis of the three plan cards.
inst-0019,1,Content & Information,3,Make the displayed times easier to convert across regions.
inst-0020,1,Style,4,Rework the progress bar's feel.
inst-0021,1,Layout & Hierarchy,3,Make the upload title lead the header.
inst-0022,1,Flow & Information Architecture,1,"Replace New and Earlier with two groups, teammate notifications and automatic updates, newest first inside each."
inst-0023,1,Environment,1,"Make the conversation screen a desktop layout with the thread in a centered, comfortably narrow column."
inst-0024,1,"Situation, Context & Scenario",3,Make it read as a tutor checking one student.
inst-0025,1,Environment,3,"Adapt the screen for desktop, keeping the goal and both queues visible."
inst-0025,2,Content & Information,3,Make the total remaining time visible at a glance.
inst-0026,1,Functionality & Behavior,4,"Rework the ""Waiting in queue"" row structure."
inst-0026,2,Style,4,Change how the top upload card feels.
inst-0027,1,"Situation, Context & Scenario",3,Make it a children’s language-practice service parents can trust.
inst-0027,2,Functionality & Behavior,1,Add a compact full-width button directly below the child-privacy summary that opens parental controls.
inst-0028,1,Environment,4,Rebuild this screen for a tablet.
inst-0028,2,Style,1,Make the three tag chips fill-free with a thin purple outline and fully rounded ends.
inst-0029,1,Flow & Information Architecture,4,Try changing the selection order.
inst-0029,2,Functionality & Behavior,2,Add access to all teammates in the teammate row.
inst-0030,1,Environment,1,"Rebuild for desktop: suggestion cards on the left, ""Others in your program tried"" on the right, link under the cards."
inst-0030,2,Content & Information,4,"Three rows under ""Others in your program tried"": change what reads first."
inst-0031,1,"Situation, Context & Scenario",4,Make its context feel different
inst-0031,2,Flow & Information Architecture,3,Make the flow clear from reserve setup to transfer scheduling.
inst-0031,3,Style,2,Apply financial brand treatment to the primary button.
inst-0032,1,Style,2,Make a change to the brand mark.
inst-0033,1,Content & Information,4,Show more discount detail in the order summary.
inst-0034,1,"Situation, Context & Scenario",2,Turn the Perks screen into a community host earnings screen.
inst-0034,2,Environment,1,"On desktop, use a wide app shell and move the primary navigation into a left rail."
inst-0034,3,Layout & Hierarchy,4,Change what appears first.
inst-0035,1,"Situation, Context & Scenario",3,"Make this about inviting coworkers to fill seats, not rewards."
inst-0035,2,Content & Information,1,"In each invite list row, add the access level as a short line under the name."
inst-0035,3,Style,2,Recolor the link copy row so it stands out.
inst-0036,1,Environment,3,Make the screen use tablet space without widening its content column.
inst-0037,1,Style,2,Give the bottom delete row a different background fill.
inst-0038,1,Environment,2,Change the screen to a desktop view.
inst-0038,2,Flow & Information Architecture,1,Arrange the rankings with leading members in a podium above a compact list of remaining members.
inst-0038,3,Style,2,Change the color treatment of the podium area.
inst-0039,1,"Situation, Context & Scenario",1,"Make this a beginner live cooking-class feed — featured a class, tiles recipe collections, rows show time left."
inst-0039,2,Content & Information,1,Add one more gray line under the meta line with instructor name and difficulty.
inst-0039,3,Layout & Hierarchy,1,"Make both section headings a step larger than the titles below, and add more space above each."
inst-0040,1,Flow & Information Architecture,3,Make praise versus problem reports obvious at a glance.
inst-0040,2,Content & Information,2,Also show the written review count in the score block.
inst-0041,1,Flow & Information Architecture,1,"Split the agenda into two groups by action required, put action-required first, and add small labels above each."
inst-0041,2,Functionality & Behavior,2,Add an event filter to the calendar toolbar.
inst-0041,3,Style,3,Make event categories distinguishable at a glance.
inst-0042,1,Environment,4,Rebuild this screen for desktop.
inst-0042,2,Layout & Hierarchy,4,Rearrange the three product rows in the first answer.
inst-0042,3,Style,4,Change the reply chips' look a bit.
inst-0043,1,Environment,4,Adapt the screen for desktop.
inst-0043,2,Style,4,Change the deletion card’s surface styling.
inst-0044,1,"Situation, Context & Scenario",1,"Make it my tutor's profile, not a followed guide; swap guides/followers for languages taught and years teaching."
inst-0044,2,Content & Information,1,Add a line under the role line with the tutor's rating and review count.
inst-0045,1,Layout & Hierarchy,2,Rework the structure of the sign-in form.
inst-0046,1,Style,3,Make the problem row catch the eye first when scanning.
inst-0047,1,Flow & Information Architecture,1,Divide the order list into “Completed” and “Refunded”; keep date years and remove duplicate row statuses.
inst-0047,2,Functionality & Behavior,2,Add sorting to the category filter row.
inst-0048,1,Style,2,Top dark block reads heaviest — recolor it.
inst-0048,2,Content & Information,4,Restructure the three agenda lines.
inst-0049,1,Style,4,Change the Check Answer button’s feel.
inst-0050,1,Style,2,Make the filled part of the progress bar stand out.
inst-0051,1,Environment,2,Adapt the booking screen for desktop.
inst-0051,2,Layout & Hierarchy,3,Make lodging context and urgent booking tasks easy to scan together.
inst-0052,1,"Situation, Context & Scenario",1,"Turn the sleep schedule editor into a rotating-shift planner, with a shift-cycle selector replacing weekly repeat."
inst-0052,2,Environment,2,Adapt the rotating-shift planner for desktop.
inst-0052,3,Layout & Hierarchy,2,Give the scheduled sleep summary more emphasis.
inst-0053,1,Functionality & Behavior,4,"Let me filter the ""Start time"" list."
inst-0053,2,Layout & Hierarchy,1,Top photo banner's too tall — halve its height so the times move up.
inst-0053,3,Style,4,Rework the coloring of the time chips.
inst-0054,1,Flow & Information Architecture,3,Make reviewing the terms conclude with consent.
inst-0054,2,Functionality & Behavior,2,Add download functionality to the document title and version.
inst-0055,1,Flow & Information Architecture,3,Let one topic's help all sit together.
inst-0055,2,Style,1,"Make the top band white with near-black title, and the search field a light gray rounded pill."
inst-0056,1,Flow & Information Architecture,4,Structure the collection list differently.
inst-0057,1,Flow & Information Architecture,2,Comments just stack in a row — group them into conversations.
inst-0058,1,"Situation, Context & Scenario",1,Make the weekly spending story a shared household dining recap showing each member’s contribution to the increase.
inst-0058,2,Flow & Information Architecture,3,Make each member’s share of the dining increase clear.
inst-0059,1,Environment,3,"Make the screen smartwatch-sized, vote count visible at a glance"
inst-0059,2,Flow & Information Architecture,1,Split the reaction area into two labelled groups — my vote and everyone else's — and drop the divider.
inst-0060,1,Functionality & Behavior,3,Allow comments to be sorted by recency.
inst-0061,1,"Situation, Context & Scenario",3,Change this so library users can report damage to borrowed books.
inst-0061,2,Layout & Hierarchy,1,"Move the institution name below and right of the task title, and make it smaller."
inst-0061,3,Style,1,"Use cream backgrounds and dark navy lines in the damage-type list, with very pale blue on selected items."
inst-0062,1,Flow & Information Architecture,1,"Merge the saved places and recent searches cards into one list grouped by city, with a single header keeping the manage link."
inst-0062,2,Functionality & Behavior,4,Add another way to enter an address in the search block.
inst-0062,3,Content & Information,3,"Make clear which nights this address is for, here."
inst-0063,1,"Situation, Context & Scenario",4,Change the target user for this screen.
inst-0063,2,Flow & Information Architecture,2,Reorganize the crop panel controls.
inst-0064,1,Content & Information,1,"Split the step line under the progress bar: step count on top, syncing institution · time left below."
inst-0064,2,Functionality & Behavior,2,Add a button in that empty gap to skip the wait
inst-0065,1,"Situation, Context & Scenario",2,Change the wallet screen to a parent-managed child wallet.
inst-0065,2,Functionality & Behavior,4,Change the order in Recent activity
inst-0066,1,"Situation, Context & Scenario",1,"Retarget to a property manager: top totals units, rows list building, units, last inspection; drop the lock icon."
inst-0066,2,Environment,1,"Rebuild the screen for tablet: summary beside the building lists, bottom tab bar as a left rail."
inst-0067,1,"Situation, Context & Scenario",3,Enable personalized pet-supply shopping setup.
inst-0067,2,Flow & Information Architecture,2,Regroup the preferences below the pet profile.
inst-0068,1,Layout & Hierarchy,3,Make choosing a list flow directly into saving.
inst-0069,1,Functionality & Behavior,2,Let users edit the bedtime and wake times on that line.
inst-0070,1,Flow & Information Architecture,2,Change the order of the at-a-glance list.
inst-0070,2,Content & Information,2,Add estimated reading time to the publication and update date line.
inst-0070,3,Style,2,Change the color treatment of the “Full policy” button.
inst-0071,1,Flow & Information Architecture,4,Organize the activity list differently.
inst-0071,2,Content & Information,3,Make each event’s day context clear.
inst-0071,3,Style,2,Make the person tiles feel more distinct.
inst-0072,1,"Situation, Context & Scenario",2,Switch to technician view; make the price panel a work order.
inst-0072,2,Flow & Information Architecture,2,Group the list under the video by progress order.
inst-0072,3,Style,3,"Make the footage clearer, keep controls easy to read."
inst-0073,1,"Situation, Context & Scenario",3,"Switch it to the homeowner, showing today's on-site progress."
inst-0073,2,Style,3,"Make the caption card feel heaviest, still easy to read."
inst-0074,1,"Situation, Context & Scenario",4,Change how the progress card is arranged.
inst-0074,2,Layout & Hierarchy,4,Change when the saved amount stands out
inst-0074,3,Functionality & Behavior,4,Reorder the target date information.
inst-0075,1,Flow & Information Architecture,3,Show my own rank inside the same ranking.
inst-0075,2,Functionality & Behavior,3,Let users rank by sales or by order count.
inst-0075,3,Style,3,Make the top read as separate from the list.
inst-0076,1,Flow & Information Architecture,2,Rework the date and time selection area.
inst-0076,2,Content & Information,2,Add the lesson format to the tutor card.
inst-0076,3,Style,1,"Make the final booking summary a white, thin dark-gray-outlined card, keeping the plum confirmation button."
inst-0077,1,Content & Information,4,Add information about who each reply author is.
inst-0077,2,Layout & Hierarchy,4,Change what leads in the product preview.
inst-0078,1,Environment,4,Make the screen a tablet layout.
inst-0078,2,Style,1,"The dots under the dates barely show — make them dark navy, bigger, and more spaced."
inst-0079,1,Layout & Hierarchy,1,Make the episode artwork moderately smaller and keep it centered above the episode details.
inst-0080,1,Functionality & Behavior,4,Rework the bottom two buttons' setup.
inst-0081,1,Environment,3,Adapt the screen for desktop and keep attention on the decision.
inst-0081,2,Layout & Hierarchy,3,Make the decision area compact and the primary action clear.
inst-0081,3,Functionality & Behavior,4,Make the permission note expandable.
inst-0082,1,Environment,2,Change the screen to a desktop version.
inst-0082,2,Functionality & Behavior,2,Each invoice row should let you download the PDF.
inst-0082,3,Layout & Hierarchy,1,"Move the title block to a full-width band above both columns, name much bigger than the amount."
inst-0083,1,Style,4,Make the Checkout button feel different.
inst-0084,1,Layout & Hierarchy,3,"Make remaining stock catch the eye first, other three quiet."
inst-0085,1,Functionality & Behavior,4,Rework how “Suggested stops” is arranged.
inst-0086,1,Flow & Information Architecture,2,All three read as one run — separate the picked dish.
inst-0087,1,"Situation, Context & Scenario",1,Turn password recovery into a workspace-member flow with a workspace ID field before account email.
inst-0087,2,Layout & Hierarchy,1,Make the main heading slightly smaller so the recovery form carries more visual weight.
inst-0087,3,Functionality & Behavior,1,Add a compact secondary recovery code button below the primary button and above the expiration note.
inst-0088,1,Functionality & Behavior,4,Add a way to clear the email field.
inst-0088,2,Layout & Hierarchy,4,The clock card's order in the form should change.
inst-0088,3,Style,4,Change the top bar's color.
inst-0089,1,"Situation, Context & Scenario",2,Rework the article for endurance athletes’ recovery lunches.
inst-0090,1,Environment,1,"Make the screen desktop: chat list on the left, thread and composer wide center, no bottom tabs."
inst-0091,1,"Situation, Context & Scenario",2,Turn the follower panel into a workspace access request panel.
inst-0091,2,Content & Information,4,Change each row’s requester detail order.
inst-0091,3,Layout & Hierarchy,2,Separate pending and approved requests in the request list.
inst-0092,1,"Situation, Context & Scenario",3,Make this a patient booking a blood draw at a lab.
inst-0092,2,Flow & Information Architecture,2,Split the time list into morning and afternoon.
inst-0092,3,Content & Information,3,Show each day's openings and why some are dimmed.
inst-0093,1,Content & Information,1,Add one truncated line of the delivery address directly below the estimated-delivery row.
inst-0093,2,Layout & Hierarchy,1,"In the order summary, make the product image smaller, left of a wider arrival information area."
inst-0093,3,Style,1,Change the status badge to a dark green background with white text.
inst-0094,1,"Situation, Context & Scenario",1,Retarget the screen to shop owners watching wholesale restocks and cost; bottom line lists covered supplier catalogues.
inst-0094,2,Flow & Information Architecture,1,"Split into two labelled groups — what the owner sets up, what runs automatically — and drop the numbers."
inst-0094,3,Style,1,"Fill the top banner with the same solid yellow as the bottom button, icon in dark gray line work."
inst-0095,1,Environment,2,Adapt the screen for a computer environment.
inst-0095,2,Layout & Hierarchy,1,Make FAQs the wide left column; put contact support above help guides in the narrow right column.
inst-0095,3,Style,3,"Give it a cleaner, recognizable health-service feel."
inst-0096,1,Environment,2,Adapt the screen for desktop review.
inst-0096,2,Flow & Information Architecture,4,Change how the screen is laid out.
inst-0097,1,"Situation, Context & Scenario",2,Change this to share a lab-result summary with the care team.
inst-0097,2,Flow & Information Architecture,1,"Split recipients into care team and patient-consent-needed groups, replacing the label above with the two headings."
inst-0098,1,Environment,1,Turn the screen into a desktop canvas with primary navigation on the left and a wide browsing area.
inst-0098,2,Flow & Information Architecture,1,Split the curated list into side-by-side labeled 'Collections' and 'Guides' groups in the main area.
inst-0098,3,Content & Information,1,Add the last-updated date to the metadata line beneath the featured guide title.
inst-0099,1,Environment,1,"Rebuild for desktop as two columns: confirmation and event card left, order summary right, tabs to top nav."
inst-0099,2,Flow & Information Architecture,1,"Make the two Next steps rows a numbered sequence by timing, with a line down the left."
inst-0099,3,Style,1,"Make the pink fills white with thin gray outlines, and the checkmark, total, step numbers navy."
inst-0100,1,Environment,2,Adapt the lesson suggestions screen for desktop.
inst-0100,2,Functionality & Behavior,4,Arrange the featured lesson action area differently.
inst-0101,1,Environment,4,Move this screen to desktop.
inst-0101,2,Functionality & Behavior,3,Let people check the password they typed.
inst-0102,1,Environment,2,Change the booking screen for desktop.
inst-0102,2,Layout & Hierarchy,3,Use the width and show the message and next step together.
inst-0102,3,Functionality & Behavior,2,Add a saved-stays button to the top bar.
inst-0103,1,Layout & Hierarchy,4,Change the amount/payment detail line-up
inst-0104,1,Environment,1,"Switch to tablet: big viewfinder left, mode chips/capture row/history card right, tab bar to left rail."
inst-0105,1,"Situation, Context & Scenario",2,Change the conversation to an accessible-stay search.
inst-0105,2,Functionality & Behavior,1,Add a compact bookmark button to the top-right corner of each stay image.
inst-0106,1,Environment,3,"Make the screen desktop, using the full width."
inst-0106,2,Functionality & Behavior,4,Add one more action to the bottom buttons.
inst-0107,1,Content & Information,4,Add more management information to the guidance section.
inst-0108,1,Environment,4,Make this screen a desktop layout.
inst-0109,1,Environment,3,"Make the screen tablet-friendly, showing invites and pending items together."
inst-0109,2,Flow & Information Architecture,4,Change the invitation panel’s order and grouping.
inst-0109,3,Content & Information,3,Make the remaining time visible for each pending invitation.
inst-0110,1,"Situation, Context & Scenario",3,Show the host's earnings and whether they've been paid.
inst-0110,2,Functionality & Behavior,4,Filter row should do more.
inst-0110,3,Layout & Hierarchy,2,"Make the total under the title bigger, note smaller."
inst-0111,1,"Situation, Context & Scenario",4,Change this screen's target audience.
inst-0111,2,Functionality & Behavior,3,Let learners start a question from the course screen.
inst-0112,1,Environment,1,"Make this a wide desktop layout, and move the bottom tabs into a left column."
inst-0112,2,Style,3,"Make the filter row lighter, chosen one clearly brand-colored."
inst-0113,1,Content & Information,4,Change the order of cancellation guidance.
inst-0113,2,Style,4,"Make ""Cancel"" feel different."
inst-0114,1,"Situation, Context & Scenario",2,Switch the card to nursing alumni mentoring; replace the people rows.
inst-0114,2,Flow & Information Architecture,2,Turn the bottom three thumbnails into ordered steps.
inst-0115,1,Style,3,Make the sleep window primary and supporting content lighter.
inst-0116,1,Style,4,Change the Cancel this session button's color.
inst-0117,1,Environment,3,Make the screen use the wider desktop workspace.
inst-0117,2,Flow & Information Architecture,2,Separate the content in the chart card.
inst-0117,3,Functionality & Behavior,2,Add report export to the page heading.
inst-0118,1,"Situation, Context & Scenario",4,Change the target user for this screen.
inst-0118,2,Flow & Information Architecture,2,Split the bottom sliders into groups by type.
inst-0118,3,Content & Information,3,Let sellers see what the original photo is before cropping.
inst-0119,1,Layout & Hierarchy,4,Change what leads in the order row.
inst-0119,2,Functionality & Behavior,3,Let users open the full package tracking details.
inst-0120,1,Content & Information,2,Show how many files each item holds on its second line.
inst-0120,2,Layout & Hierarchy,2,Make the used amount bigger and the free-of-total smaller.
inst-0121,1,Environment,3,Make it viewable in a wider tablet environment.
inst-0121,2,Layout & Hierarchy,1,Split the main area into a narrow left storage summary and wider right saved-content list.
inst-0121,3,Style,1,Make the storage summary card navy with white text and a light blue storage track.
inst-0122,1,"Situation, Context & Scenario",3,Switch to a warehouse picking app so pickers speak hands-free.
inst-0122,2,Environment,1,"Move the screen to a smartwatch — drop the top photo, keep the headline and one line."
inst-0122,3,Layout & Hierarchy,1,"Keep them stacked but make allow taller with a bigger label, and shrink decline to a small centered line with a gap above."
inst-0123,1,Environment,2,Make the screen wider on tablet.
inst-0123,2,Layout & Hierarchy,4,Align the stay summary differently.
inst-0123,3,Functionality & Behavior,1,"At the bottom, place a secondary stay-details button first and the removal button second."
inst-0124,1,Environment,4,Move this screen to tablet.
inst-0124,2,Flow & Information Architecture,3,Show personal and circle chats as separate blocks in unread
inst-0124,3,Content & Information,2,Show each person's presence status in Active now.
inst-0125,1,"Situation, Context & Scenario",3,Make it serve community volunteers preparing for assigned shifts.
inst-0126,1,Style,4,Restyle the Chapters timestamps to stand out more.
inst-0127,1,Flow & Information Architecture,3,Make the selected location distinct from the other options.
inst-0127,2,Functionality & Behavior,3,Make saved locations directly manageable.
inst-0127,3,Style,3,Make the location flow feel cleaner and higher-contrast.
inst-0128,1,"Situation, Context & Scenario",2,Make this screen a business trip approval request.
inst-0128,2,Content & Information,3,Show which days and how many nights at each stop.
inst-0128,3,Functionality & Behavior,1,"Add a plain ""save and finish later"" text action centered under the bottom button."
inst-0129,1,Content & Information,4,Change what shows first in status line
inst-0129,2,Style,3,Create a distinct neutral card feel while preserving red status emphasis.
inst-0130,1,"Situation, Context & Scenario",4,Rework what the card shows.
inst-0130,2,Environment,3,"On a watch, only the essentials should read at a glance."
inst-0131,1,Functionality & Behavior,3,Let users choose the order of recommended groups.
inst-0132,1,Layout & Hierarchy,1,"Move the attempts text left in the underline pink, slightly larger; push ""Forgot password"" to the right end."
inst-0133,1,Style,4,Make the selected-location sheet feel different.
inst-0134,1,"Situation, Context & Scenario",4,Rework the order and composition.
inst-0135,1,"Situation, Context & Scenario",3,Give expectant parents stage-specific prenatal nutrition guidance.
inst-0136,1,Functionality & Behavior,1,Add a compact search icon button immediately before the top-right action in the header.
inst-0136,2,Style,1,Restyle the settings groups as white cards with light-gray row dividers and rounded outer corners.
inst-0137,1,"Situation, Context & Scenario",1,"Make it a commuter fare wallet — pass fare balance, rides to a free ride, fare discounts."
inst-0137,2,Style,2,Change the tag color under the first coupon to stand out.
inst-0138,1,Environment,4,Adapt the screen for desktop.
inst-0139,1,Layout & Hierarchy,2,Move the gray row with date and sleep times up.
inst-0140,1,Environment,4,This screen should move to desktop.
inst-0140,2,Flow & Information Architecture,4,Change how the comments are grouped.
inst-0140,3,Content & Information,2,Show who uploaded the document and when it was updated.
inst-0141,1,"Situation, Context & Scenario",1,"Turn the episode action menu into an audiobook menu, replacing episode details with book title and chapter progress."
inst-0142,1,Functionality & Behavior,3,Let viewers add each featured item right there.
inst-0143,1,"Situation, Context & Scenario",1,Replace the tour’s vocabulary review with travel-phrase pronunciation coaching for adults and a speaking-and-listening visual.
inst-0143,2,Functionality & Behavior,4,Change how the tip panel is presented.
inst-0144,1,"Situation, Context & Scenario",3,"Should read as company accounts, showing which business each belongs to."
inst-0144,2,Flow & Information Architecture,3,"Show the whole account order at a glance, first to last."
inst-0144,3,Style,3,"Too bright — make it feel plainer, more businesslike."
inst-0145,1,Environment,3,Make the screen feel properly proportioned for desktop.
inst-0145,2,Layout & Hierarchy,3,Make the recommendation and visibility note easy to scan together.
inst-0146,1,Functionality & Behavior,3,Let the shared view open full screen during the call.
inst-0146,2,Layout & Hierarchy,4,Change which round buttons read first.
inst-0147,1,Functionality & Behavior,4,Rework the right end of each track row.
inst-0147,2,Layout & Hierarchy,4,Rework the tracks heading's reading order.
inst-0148,1,Flow & Information Architecture,1,"Make the card stack a guided flow, with information before term and purchase amount cards."
inst-0148,2,Functionality & Behavior,1,Add a compact edit button directly to the right of the purchase amount field.
inst-0148,3,Style,3,Keep the yield prominent and the overall tone restrained.
inst-0149,1,Content & Information,2,Add difficulty and points to the topic label above the question.
inst-0149,2,Functionality & Behavior,2,Add a mark-for-later option to the top title row.
inst-0149,3,Layout & Hierarchy,2,Make the progress bar under the title stand out.
inst-0150,1,Layout & Hierarchy,4,Change what appears first in the header.
inst-0151,1,"Situation, Context & Scenario",3,Enable team members to move documents between shared project folders.
inst-0151,2,Functionality & Behavior,3,Allow creating a destination when no folder fits.
inst-0152,1,Environment,3,Shift the screen to desktop so everything shows without scrolling.
inst-0152,2,Flow & Information Architecture,3,"Group by when circles meet, not membership."
inst-0153,1,"Situation, Context & Scenario",3,Make creator identity and audience performance the focus.
inst-0154,1,Style,4,Rework the tone of both buttons.
inst-0155,1,"Situation, Context & Scenario",2,Adapt the call screen for roadside-assistance calls.
inst-0156,1,Flow & Information Architecture,1,"Split the reasons into behavior and content groups, each with a blue uppercase caption, wider gap between groups."
inst-0157,1,Content & Information,3,Clarify what runners need before setup.
inst-0157,2,Functionality & Behavior,3,Let runners experience the alert before setup.
inst-0158,1,"Situation, Context & Scenario",1,"Make the recipe detail allergy-aware, replacing the dish illustration with a compact dietary-risk summary."
inst-0158,2,Flow & Information Architecture,2,Regroup the ingredients in the list.
inst-0158,3,Functionality & Behavior,4,Make the top actions work differently.
inst-0159,1,Content & Information,4,The top card says too little.
inst-0159,2,Layout & Hierarchy,4,Change how much Save stands out.
inst-0159,3,Style,2,Give the selected days in Repeat their own color.
inst-0160,1,Functionality & Behavior,1,"Add a compact sort button at the filter tabs’ right end, opening newest-first and oldest-first options."
inst-0161,1,Functionality & Behavior,4,Rework what sits under Members you may know
inst-0162,1,"Situation, Context & Scenario",2,Change the screen content to a workout order planner.
inst-0162,2,Style,1,Make the exercise rows dark navy with light text and bright green icons and drag handles.
inst-0163,1,Layout & Hierarchy,3,Make the transaction being moved read before the folder list.
inst-0163,2,Style,2,Put color on the selected folder row.
inst-0164,1,Flow & Information Architecture,2,Emphasize the first popular guide card.
inst-0164,2,Style,3,Give the screen a distinctive travel-brand feel.
inst-0165,1,"Situation, Context & Scenario",4,Change the bottom list to a different service.
inst-0165,2,Environment,4,Change the screen for tablet.
inst-0166,1,Environment,4,Adapt the screen for tablet use.
inst-0166,2,Content & Information,2,Add an episode synopsis to the Now Playing section.
inst-0166,3,Layout & Hierarchy,4,Reposition the playback preferences panel.
inst-0167,1,"Situation, Context & Scenario",4,Change what this notice is about.
inst-0167,2,Layout & Hierarchy,1,"Put the two bottom buttons side by side in one row, with ""Retry"" wider on the right."
inst-0167,3,Style,4,Change the progress bar's color feel.
inst-0168,1,Functionality & Behavior,1,"Add an eye-icon visibility toggle to the right edge of the ""Password"" field."
inst-0169,1,Environment,1,"Rebuild for a smartwatch — keep only the purple delivery status steps full-width, drop the bottom tab bar."
inst-0170,1,"Situation, Context & Scenario",2,Change the reply audience picker to document comment permissions.
inst-0170,2,Layout & Hierarchy,3,Make the permission scope clear before reviewing choices.
inst-0170,3,Functionality & Behavior,3,Let workspace managers deliberately apply their selection.
inst-0171,1,Flow & Information Architecture,3,Make the deleted list read as two urgency levels.
inst-0171,2,Functionality & Behavior,2,Let the card header filter the list by kind.
inst-0171,3,Style,1,"Keep the Empty trash button at the bottom outlined, but make its border and label red."
inst-0172,1,"Situation, Context & Scenario",3,Enable staff to review removed listings and removal reasons.
inst-0172,2,Layout & Hierarchy,1,"Place the guidance notice below the queue heading, before listings, in a tighter, less prominent treatment."
inst-0173,1,Layout & Hierarchy,3,"Time left read right after the title, host secondary."
inst-0173,2,Style,3,Top bar reads separate — make it one block with the episode.
inst-0174,1,"Situation, Context & Scenario",1,Make the episode screen an at-home PT session; replace summary host/release with assigned clinician and due date.
inst-0174,2,Flow & Information Architecture,4,Change the chapter list order.
inst-0175,1,"Situation, Context & Scenario",4,Top title block — different structure.
inst-0175,2,Flow & Information Architecture,2,Put each row's play order number where the initials are
inst-0176,1,"Situation, Context & Scenario",1,Turn the confirmation card into a patient appointment confirmation with a compact pre-visit checklist replacing sharing details.
inst-0176,2,Flow & Information Architecture,1,"Turn the ""Pre-visit checklist"" into short numbered steps stacked in chronological order."
inst-0177,1,Flow & Information Architecture,2,Combine the edge status and capture tip.
inst-0177,2,Functionality & Behavior,1,Change the camera mode label into a compact corner-adjustment button at the viewfinder’s upper left.
inst-0178,1,Environment,3,Make it fit a wider desktop screen.
inst-0178,2,Flow & Information Architecture,2,Organize the product list by investment goal.
inst-0179,1,Style,2,Filter and sticker thumbnail tiles blend into the card — rework their tone.
inst-0179,2,Content & Information,2,Show what each end of the strength slider means.
inst-0180,1,"Situation, Context & Scenario",3,Enable clinicians to choose an appropriate patient handoff recipient.
inst-0180,2,Environment,1,"Center a two-column recipient panel on desktop, with search and guidance beside the list and Share below."
inst-0181,1,Layout & Hierarchy,4,Change how information is arranged in review card headers.
inst-0181,2,Style,3,Make the rating breakdown more distinctive and visually engaging.
inst-0182,1,Environment,2,Change the screen to a desktop detail page.
inst-0182,2,Flow & Information Architecture,2,Make the episode section progress in season order.
inst-0183,1,Flow & Information Architecture,2,Group the Episodes rows by watched and unwatched.
inst-0183,2,Functionality & Behavior,1,"Add a small outlined discussion button at the right end of the circle activity line, same baseline as the text."
inst-0184,1,Functionality & Behavior,4,Arrange the trip context row differently.
inst-0184,2,Style,3,Make the live recording state feel immediate and distinct.
inst-0185,1,Flow & Information Architecture,1,"Split Members into joined people, then a 'Pending invites' group; drop the row tag."
inst-0185,2,Content & Information,3,Each member should show when they were last active.
inst-0186,1,Environment,2,Adapt the screen for desktop use.
inst-0186,2,"Situation, Context & Scenario",3,Support renters searching for a long-term home.
inst-0186,3,Flow & Information Architecture,1,"Arrange the rental filter sections in side-by-side budget, home requirements, and availability groups."
inst-0187,1,"Situation, Context & Scenario",2,"Swap the fund for a rental unit's monthly rent, drop the order note."
inst-0187,2,Flow & Information Architecture,4,Rework the list section structure.
inst-0187,3,Content & Information,1,"Add one small line under the rent with bedroom and bathroom count, floor area, neighbourhood."
inst-0188,1,Environment,3,Make confirmation feel focused in the desktop view.
inst-0188,2,Layout & Hierarchy,1,"Move the workout summary directly below the title, emphasize it slightly, then show the permanent consequence message."
inst-0189,1,Environment,1,"Rebuild for landscape tablet: recorder card left half, recent takes beside it, tab bar as left vertical rail."
inst-0189,2,Functionality & Behavior,2,"Let the ""Recent takes"" header row sort and filter too."
inst-0190,1,Environment,2,Adapt the full screen for desktop use.
inst-0190,2,Content & Information,4,Change what stands out beside the document.
inst-0190,3,Style,4,Make the consent panel feel different.
inst-0191,1,"Situation, Context & Scenario",4,Change what this whole sheet filters.
inst-0191,2,Layout & Hierarchy,4,Change how early the sort card reads
inst-0191,3,Style,4,Different tone for the selected color
inst-0192,1,Layout & Hierarchy,1,Stack each setting label above its selected value and align both left within the settings list.
inst-0193,1,"Situation, Context & Scenario",3,Switch to school IT admins; show install and support info.
inst-0194,1,Functionality & Behavior,3,Enable users to proceed into the app.
inst-0195,1,Flow & Information Architecture,3,Let people find one kind of activity without scanning every row.
inst-0196,1,Flow & Information Architecture,1,"Make the arrival picker a compact two-step sequence: date first, then time, under numbered step headings."
inst-0196,2,Style,2,Change the tone of the “Continue” button.
inst-0197,1,Functionality & Behavior,3,Let readers drop finished tasks and see only open ones.
inst-0197,2,Layout & Hierarchy,2,Lighten the author row under the note title.
inst-0198,1,Functionality & Behavior,4,Change how the header is arranged.
inst-0199,1,Layout & Hierarchy,1,"Move the Next tier percentage below the bar, right edge of the remaining-hours line."
inst-0200,1,Environment,4,Adapt the screen for desktop.
inst-0200,2,Flow & Information Architecture,4,Change how the checklist is grouped by status.
inst-0200,3,Content & Information,1,Add a compact line beneath the privacy note with the circle name and meeting date.
inst-0201,1,Environment,3,Move the screen to desktop for messaging with item context visible.
inst-0201,2,Content & Information,3,Make the item's appearance and condition clear at a glance.
inst-0201,3,Functionality & Behavior,3,Let users confirm the proposed pickup from the conversation.
inst-0202,1,Environment,3,Make the screen a tablet layout that uses the width
inst-0202,2,Layout & Hierarchy,2,"Under ""Coming up"", enlarge only the next step's thumbnail."
inst-0202,3,Style,3,"Make Back look pressable, still weaker than Next."
inst-0203,1,Flow & Information Architecture,3,Separate upload details from active controls and feedback.
inst-0203,2,Content & Information,3,Clarify that remaining time depends on the current connection.
inst-0203,3,Style,3,Make the upload screen consistent and task-focused.
inst-0204,1,"Situation, Context & Scenario",4,Change the target user for the store profile card.
inst-0204,2,Environment,2,Rebuild the whole screen for desktop.
inst-0204,3,Content & Information,2,Add the dish name and price to each bottom thumbnail.
inst-0205,1,Environment,4,Adapt the screen for a tablet.
inst-0205,2,Layout & Hierarchy,1,"Make the featured offer one side-by-side card, with image left and details and action right."
inst-0206,1,Functionality & Behavior,2,Add a category filter to the Help articles list.
inst-0206,2,Style,3,Top feels faint — make it the screen's clear anchor.
inst-0207,1,Environment,1,Change the screen to a tablet settings view with comfortable side margins around the content.
inst-0207,2,Layout & Hierarchy,3,Use the full width while keeping it easy to scan.
inst-0207,3,Functionality & Behavior,2,Add a button to reset all preferences in the header.
inst-0208,1,Flow & Information Architecture,3,Make it clear at a glance which saved addresses are mine and which aren't.
inst-0208,2,Functionality & Behavior,2,Let the search field also pick the spot on a map.
inst-0208,3,Content & Information,1,"Below the step count at the right of the header, add one short gray line naming the next step."
inst-0209,1,Layout & Hierarchy,3,Give the main message a consistent reading edge.
inst-0210,1,"Situation, Context & Scenario",1,Make this a guide-team departure briefing; replace read time under the author with departure date and party size.
inst-0211,1,Flow & Information Architecture,4,Change the follow-up task list order.
inst-0211,2,Style,4,Make the meeting recap card feel different.
inst-0212,1,Environment,3,Make the screen read as built for desktop.
inst-0212,2,Layout & Hierarchy,4,"The ""Ranked 3rd"" note needs a different spot."
inst-0213,1,Flow & Information Architecture,3,Make goal details and funding setup clearly distinct.
inst-0213,2,Content & Information,3,Show current progress while reviewing the target amount.
inst-0214,1,Functionality & Behavior,1,"In the expired backup method row, add a 'Replace card' button below the card name, right-aligned."
inst-0214,2,Layout & Hierarchy,2,Emphasize just the next charge line.
inst-0215,1,Environment,3,Make the screen desktop-friendly so achievements are comfortable to view.
inst-0215,2,Layout & Hierarchy,1,"Arrange the achievement card in a balanced side-by-side layout, with the header left and description and details right."
inst-0215,3,Style,2,Change the achievement header’s color treatment.
inst-0216,1,Environment,4,Change the screen for desktop.
inst-0216,2,Content & Information,4,Make the question count information more detailed.
inst-0216,3,Functionality & Behavior,4,Add another navigation action to the answer controls.
inst-0217,1,"Situation, Context & Scenario",3,Make it on-site defect capture; location over folder.
inst-0217,2,Flow & Information Architecture,1,"Replace the four mode words above the shutter with numbered steps, done/pending marked, current in green."
inst-0218,1,Content & Information,3,Show whether common accessibility needs can be accommodated.
inst-0219,1,"Situation, Context & Scenario",2,Change the episode deletion confirmation card to member removal.
inst-0219,2,Layout & Hierarchy,1,"Make the safer button first with full emphasis, and put the delete button below with less emphasis."
inst-0219,3,Style,3,Make the caution and consequences immediately clear.
inst-0220,1,"Situation, Context & Scenario",4,Reframe what this screen is about.
inst-0220,2,Content & Information,2,Show the yearly total under the big amount.
inst-0220,3,Layout & Hierarchy,4,Change the order the adjust row reads
inst-0221,1,Content & Information,1,Add a compact paperclip icon and attachment label beside the billing support message date.
inst-0222,1,Functionality & Behavior,4,Different structure at the task card bottom
inst-0223,1,Content & Information,2,Add suggested first-note topics to the empty-state guidance.
inst-0224,1,Environment,4,Move this room screen to desktop
inst-0225,1,"Situation, Context & Scenario",2,Change the profile setup screen for business travel.
inst-0225,2,Flow & Information Architecture,4,Structure the setup progress tabs differently
inst-0225,3,Functionality & Behavior,1,Add a compact policy import button to the right of the employer policy section header.
inst-0226,1,"Situation, Context & Scenario",3,"Make this a shop owner's restock screen, not personal saves."
inst-0226,2,Flow & Information Architecture,2,Split the list into two groups: urgent and the rest.
inst-0226,3,Style,3,Feels like a shopping app — make it read as a work tool.
inst-0227,1,Functionality & Behavior,1,Replace the rightmost playback control with a bookmark button that saves the current episode.
inst-0227,2,Style,3,"Give the primary playback action a more distinct, rounded look."
inst-0228,1,Environment,3,Make it read like a desktop page using the width.
inst-0228,2,Content & Information,3,Show how well each time suits the group before picking.
inst-0229,1,Environment,1,Make the screen a wider desktop layout with the report card centered in one compact column.
inst-0229,2,Content & Information,3,Make the reported item identifiable before submission.
inst-0230,1,Functionality & Behavior,1,"Add a dark gray ""Shortest first"" sort at the right end of the ""Start with one course"" line."
inst-0230,2,Style,1,"Three course rows: drop the dividers, pale warm-gray fill, photo-rounded corners, small gap between rows."
inst-0231,1,"Situation, Context & Scenario",4,Use a different overall structure.
inst-0232,1,Flow & Information Architecture,4,Rework the order list structure.
inst-0233,1,Flow & Information Architecture,4,Change how the comments flow.
inst-0233,2,Style,2,Make the bottom comment composer stand out more.
inst-0234,1,Environment,2,Rebuild this screen for desktop.
inst-0234,2,Style,3,The yellow block reads as a warning — keep it first but friendlier.
inst-0235,1,Environment,1,Make home a desktop dashboard: resume card and today’s plan wide left; courses and upcoming session narrow right.
inst-0235,2,Content & Information,1,Add one short line below the upcoming session details showing the meeting format.
inst-0235,3,Functionality & Behavior,1,Add a compact search button between the brand and notification and profile actions in the top bar.
inst-0236,1,Flow & Information Architecture,4,Rework how the Recipients list is grouped.
inst-0236,2,Functionality & Behavior,4,Give the title line more to do.
inst-0236,3,Style,4,Rework the tone of the document card.
inst-0237,1,Content & Information,2,Add a specific recovery benefit to the featured workout card.
inst-0238,1,Style,3,Make it feel less boxy and softer overall.
inst-0239,1,"Situation, Context & Scenario",3,"Make this show team company card spending, not one personal account."
inst-0240,1,Environment,4,Adapt the screen for desktop.
inst-0240,2,Layout & Hierarchy,3,Make end call faster to find without sidelining other actions.
inst-0240,3,Style,1,"Give the consultation details card a pale purple background, dark purple heading, and purple-gray dividers, without changing content."
inst-0241,1,Style,3,Make the primary action feel decisive and high-contrast.
inst-0242,1,Content & Information,2,Show free space left after install in the size and time row.
inst-0243,1,Environment,2,Adapt the sign-in screen for desktop.
inst-0243,2,Content & Information,2,Add a password security guidance note.
inst-0243,3,Layout & Hierarchy,2,Change the top image’s position and size.
inst-0244,1,"Situation, Context & Scenario",3,"Make this read as a store restock, not personal."
inst-0244,2,Flow & Information Architecture,3,The three rows read as one lump; make them read as two groups.
inst-0244,3,Style,4,Rework the top product panel's feel.
inst-0245,1,Environment,3,Adapt the screen for tablet and keep the error message clear.
inst-0245,2,Style,3,Make the failure state more visually distinct.
inst-0246,1,Environment,1,"Rebuild for desktop as two columns — details left, lineup right — bottom tabs into a left vertical nav."
inst-0246,2,Style,4,Make the reserve button feel different
inst-0247,1,Style,1,"Give active “Appreciate” a white background, dark text, and yellow only on its icon and slim bottom accent."
inst-0248,1,"Situation, Context & Scenario",2,Change the friend referral screen to invite seller teammates.
inst-0249,1,Content & Information,4,Rework the line under the goal title.
inst-0250,1,"Situation, Context & Scenario",3,Let nurses plan shifts and see each shift’s assignment.
inst-0250,2,Layout & Hierarchy,1,Move the daily shift agenda above the month grid and make its rows slightly taller.
inst-0251,1,Environment,2,"Rebuild the shop screen for desktop, move the bottom nav."
inst-0251,2,Content & Information,1,Add a star rating and review count line under the spec line on each best-seller card.
inst-0252,1,"Situation, Context & Scenario",4,Put it together a bit differently.
inst-0253,1,"Situation, Context & Scenario",3,"Make it reviews for picking a repair contractor, showing job type."
inst-0254,1,Content & Information,3,Make billing commitment clear before a plan is chosen.
inst-0254,2,Layout & Hierarchy,4,Change when the currency note gets noticed.
inst-0254,3,Style,3,Make features easy to compare across plans and feel lighter.
inst-0255,1,"Situation, Context & Scenario",2,"Switch this to individual personal accounts, not workspace members."
inst-0255,2,Flow & Information Architecture,2,Break the paragraph under the headline into stages.
inst-0255,3,Style,2,Send button blends in — make its tone stronger
inst-0256,1,Environment,3,Use desktop space without stretching the follower list.
inst-0257,1,Style,2,Fill the top story block with a clearly different tone.
inst-0258,1,"Situation, Context & Scenario",4,Change the result card’s information order.
inst-0258,2,Layout & Hierarchy,4,Change when the merchant card gets noticed.
inst-0258,3,Style,2,Change the color of the confirmation mark.
inst-0259,1,"Situation, Context & Scenario",2,Change the top heading to a manager's move-out inspection.
inst-0259,2,Environment,3,Move the screen to tablet so the photo is large and the mark list stays visible
inst-0259,3,Content & Information,1,"Add a short severity word to each mark row, after the description, before the time."
inst-0260,1,"Situation, Context & Scenario",3,Make this a public charging session timer showing charge and cost.
inst-0261,1,"Situation, Context & Scenario",1,Turn the email verification card into a driver SMS step showing the masked mobile number in the intro.
inst-0261,2,Content & Information,3,Set expectations for possible carrier delays to verification messages.
inst-0262,1,"Situation, Context & Scenario",3,"Make it a caregiver credential application, not personal signup."
inst-0262,2,Functionality & Behavior,1,Add a license photo attach button right under the license number input in the card.
inst-0263,1,Environment,1,"Use a desktop article detail layout: centered reading column, bottom navigation in a slim left rail."
inst-0264,1,"Situation, Context & Scenario",2,"Change the search rows to renal-patient view, show sodium and potassium."
inst-0264,2,Functionality & Behavior,3,Let food results be sorted by mineral value
inst-0264,3,Layout & Hierarchy,2,"Reposition the ""Saved meals"" block."
inst-0265,1,Environment,1,"On desktop, place the balance summary in a left column and account details in a wider right column."
inst-0265,2,Flow & Information Architecture,1,"Change the account list to equal summary cards side by side, grouping each label, caption, and value."
inst-0266,1,Style,3,Too bright now — should feel like a dark night screen.
inst-0266,2,Content & Information,3,Should immediately show how far the listener got.
inst-0267,1,Environment,2,Adapt the screen for a tablet.
inst-0267,2,Flow & Information Architecture,2,Group the results by content type.
inst-0268,1,Functionality & Behavior,1,"Add one row of small status filter chips right under the Invoices heading, leftmost chip selected."
inst-0268,2,Style,1,"Make the top card white with a thin gray border, dark text, gray progress bar with dark fill."
inst-0269,1,Flow & Information Architecture,4,Change how the seller leaderboard is grouped
inst-0270,1,Layout & Hierarchy,1,"Make ""Choose a room"" a dark, larger sentence-case heading, left-aligned, with more space above the card."
inst-0271,1,"Situation, Context & Scenario",1,Make the lodging story a first-time park hiking guide; replace the featured stay with a compact readiness summary.
inst-0271,2,Flow & Information Architecture,1,Recast the headline and description as a short stacked itinerary with time-of-day stage labels.
inst-0272,1,Content & Information,4,Restructure the line under the progress bar
inst-0272,2,Style,2,Change the color of only the progress bar's filled part.
inst-0273,1,Flow & Information Architecture,2,Group the history timeline by activity type.
inst-0274,1,"Situation, Context & Scenario",1,"Turn this into podcast downloads screen: lists become episodes and shows with running time, cart tab becomes library."
inst-0275,1,Layout & Hierarchy,2,Rearrange the two buttons at the bottom.
inst-0276,1,Environment,4,Adapt the screen for desktop.
inst-0276,2,Flow & Information Architecture,4,Change how the track list is grouped.
inst-0276,3,Style,4,Change the header's color treatment.
inst-0277,1,Flow & Information Architecture,4,"Change how the three lines in ""Reserved"" are grouped."
inst-0277,2,Functionality & Behavior,3,Let users change or cancel the booking here.
inst-0277,3,Style,2,Change the color of the top purple banner.
inst-0278,1,Style,2,Change the search card’s styling.
inst-0279,1,Functionality & Behavior,4,Change the time row's arrangement.
inst-0280,1,Environment,1,Change the app frame to a centered desktop canvas with wide landscape proportions.
inst-0280,2,Flow & Information Architecture,2,Rework the structure of the cart item list.
inst-0280,3,Content & Information,3,Make it clearer when purchased licenses become available.
inst-0281,1,"Situation, Context & Scenario",3,Switch to food-safety certification prep with situation-based questions.
inst-0281,2,Environment,4,Change the screen to a tablet layout.
inst-0281,3,Functionality & Behavior,1,Add a small flag button in the top bar right of the question count to mark for later.
inst-0282,1,"Situation, Context & Scenario",2,Change the workspace pin card into a saved-recipe collection.
inst-0282,2,Layout & Hierarchy,2,Give the dish images in each recipe row more emphasis.
inst-0282,3,Functionality & Behavior,2,Add sorting to the saved recipe list heading.
inst-0283,1,Environment,4,Make this a desktop screen.
inst-0283,2,Content & Information,4,Add a bit more info to the two dates.
inst-0283,3,Layout & Hierarchy,4,Shift things around within the three invited rows.
inst-0284,1,Environment,1,"Make a desktop workspace: header in the left panel, study tasks in the wider right panel."
inst-0284,2,Flow & Information Architecture,3,Make the status groups clearly distinct.
inst-0284,3,Content & Information,3,Make the next study session time clear.
inst-0285,1,Environment,1,"Make it a landscape tablet screen, and stand the bottom tab bar vertically on the left."
inst-0285,2,Content & Information,3,Make it clear how far the restore has gotten.
inst-0285,3,Layout & Hierarchy,1,"Put the logo beside the name and tagline, left-aligned along the card top; keep the name largest."
inst-0286,1,Environment,2,Change the screen layout on desktop.
inst-0286,2,Flow & Information Architecture,2,Group feed updates by type.
inst-0286,3,Functionality & Behavior,4,Change what stands out in the header
inst-0287,1,Content & Information,2,Show the owner and their role on the community card.
inst-0287,2,Layout & Hierarchy,3,Make the invite link read first in the middle group.
inst-0287,3,Style,2,Colour the top check mark and the bits around it.
inst-0288,1,Functionality & Behavior,2,Let users clear the saved address from the email field.
inst-0288,2,Style,1,"Keep the Send button in place, with a navy fill and white label."
inst-0289,1,Content & Information,4,Rethink what the Settings bar holds.
inst-0289,2,Layout & Hierarchy,4,Make the headings above the cards stand out more
inst-0290,1,Flow & Information Architecture,1,"Make the scheduling form a compact three-step vertical stack: date, time, then review via the existing selection summary."
inst-0290,2,Content & Information,4,Change what leads in first-step date note.
inst-0290,3,Functionality & Behavior,2,Add a change option to the delivery address.
inst-0291,1,"Situation, Context & Scenario",4,Change the situation this screen serves.
inst-0291,2,Flow & Information Architecture,4,Change the preset list's reading order.
inst-0291,3,Content & Information,4,Change what the top preset block says.
inst-0292,1,Content & Information,1,Add a compact transfer reference line beneath the timing row in the transfer card.
inst-0292,2,Layout & Hierarchy,3,Make the transfer status the first thing users notice.
inst-0292,3,Style,3,Make active progress visually distinct.
inst-0293,1,Flow & Information Architecture,1,"Split ""Your circles"" into two labelled groups, ones with unread activity first."
inst-0293,2,Functionality & Behavior,1,"Add a small dismiss X at each suggestion row's far right, outside the Join button."
inst-0293,3,Style,4,Make the top bar's color different.
inst-0294,1,Environment,3,Create an experience suited to desktop.
inst-0294,2,Functionality & Behavior,4,Change how the Helpful guides list is organized
inst-0295,1,Content & Information,2,Add reward amount and sent date to the invite rows.
inst-0295,2,Style,1,"Fill the code block with the button's teal, text in white; flip Copy to white with teal text."
inst-0296,1,Environment,1,Make the tour screen a centered desktop panel with content and navigation spread across the wider frame.
inst-0296,2,Flow & Information Architecture,2,Turn the instruction list into a step-by-step flow.
inst-0296,3,Style,2,Add color contrast to the conversion diagram.
inst-0297,1,Flow & Information Architecture,1,Move the card counter to the progress bar's right end in small gray; keep only the date range.
inst-0297,2,Content & Information,1,"Add the change from last week with an up arrow under the amount, and shorten the sentence below."
inst-0297,3,Style,1,Swap the cyan accent for warm orange everywhere; dark brown text on the filled tile and button.
inst-0298,1,"Situation, Context & Scenario",2,Replace lodging details with sleeping capacity and a child-friendly amenity.
inst-0298,2,Functionality & Behavior,3,Let parents narrow stays by family needs first.
inst-0299,1,"Situation, Context & Scenario",1,"Turn the language-practice log into a rehab home-exercise log, skills → exercise groups, prescribing therapist under the total."
inst-0299,2,Functionality & Behavior,3,Let patients start today's record from this screen.
inst-0300,1,Environment,2,Rework the screen for desktop.
inst-0300,2,Functionality & Behavior,1,"Add a download button at the far right of each invoice row, after the amount."
inst-0301,1,Content & Information,4,Restructure the coach row.
inst-0301,2,Style,2,"Change the color tone of the top 'Yes, cancel session' button"
inst-0302,1,Content & Information,1,Add the scheduled end time as a short line beneath the remaining time.
inst-0303,1,Environment,2,Make it a desktop window and move the bottom icons.
inst-0304,1,Environment,3,Make the screen feel native as a desktop experience.
inst-0304,2,Flow & Information Architecture,1,"Split the transfer workspace into side-by-side stages: recipient selection and recent people, then amount entry and review."
inst-0304,3,Style,2,Change the styling of the amount-entry stage.
inst-0305,1,Functionality & Behavior,1,"Add a plus tile at the end of the photo row, shrink the thumbnails to keep one line."
inst-0305,2,Layout & Hierarchy,1,Move 'Visible in shop' to the top of the list and make its label larger and bold.
inst-0305,3,Style,2,"Input boxes all blend into the white page, add color."
inst-0306,1,"Situation, Context & Scenario",1,Make it a post-appointment feedback screen with clinician and appointment details replacing the playlist in the session card.
inst-0306,2,Flow & Information Architecture,2,Change how the feedback form is organized.
inst-0307,1,"Situation, Context & Scenario",2,Add assigned team to each line; discount line becomes company rate.
inst-0307,2,Flow & Information Architecture,1,"In the product list card, split into two groups with small headings: live courses on top, self-paced below."
inst-0308,1,Flow & Information Architecture,1,"Group the recommended groups list into compact goal-based sections under short category labels, keeping existing rows."
inst-0308,2,Style,2,Change the intro area's colors and typography.
inst-0309,1,"Situation, Context & Scenario",4,Change who this screen is for.
inst-0309,2,Flow & Information Architecture,2,Group the member list by whether they hit target.
inst-0310,1,"Situation, Context & Scenario",3,Enable guardians to monitor a child’s pronunciation coaching and progress.
inst-0310,2,Layout & Hierarchy,3,Make the guardian-facing purpose primary and coach identity supporting.
inst-0310,3,Functionality & Behavior,3,Enable a detailed view of the child's progress.
inst-0311,1,Content & Information,1,"Add the remaining days after the person's name on both ""Expiring soon"" rows' second line."
inst-0311,2,Layout & Hierarchy,1,"Stack the total above ""Empty Trash"", and make ""Empty Trash"" a full-width line, larger and bolder."
inst-0311,3,Style,2,Restore chips blend into the row — strengthen their color.
inst-0312,1,Layout & Hierarchy,4,Change the order in the instruction card.
inst-0312,2,Content & Information,4,Change the scan frame’s order.
inst-0312,3,Style,1,Make capture panel translucent black and secondary controls white; keep bright cyan for active mode/capture button.
inst-0313,1,Environment,4,Make this screen a tablet layout.
inst-0313,2,Functionality & Behavior,4,Let me open other weeks from Curriculum.
inst-0313,3,Layout & Hierarchy,4,Move the progress line and change its size
inst-0314,1,Environment,2,Change the screen to a desktop format.
inst-0314,2,Flow & Information Architecture,3,Make the learning progression easy to scan by stage.
inst-0315,1,Content & Information,4,Add timing information to the next-step guidance.
inst-0316,1,Environment,1,Make the screen a compact desktop dialog centered in a wider computer workspace.
inst-0316,2,Functionality & Behavior,3,Make permanent note deletion distinct from reversible actions.
inst-0317,1,Functionality & Behavior,4,Rework the card's bottom action area layout.
inst-0317,2,Style,3,"Color reads like an alert; make it calm, financial, still loudest."
inst-0318,1,Flow & Information Architecture,3,Create a clear four-stage flow covering every filter group.
inst-0318,2,Style,3,Create a clearly segmented look between current and remaining steps.
inst-0319,1,Environment,1,Reframe the welcome screen as a desktop page within a wider horizontal canvas.
inst-0319,2,Content & Information,1,Add a compact workspace preview with generic plan rows and status markers beside the welcome message.
inst-0319,3,Layout & Hierarchy,1,"Shorten the primary button to fit its label and arrow, left-aligned beneath the introduction."
inst-0320,1,Layout & Hierarchy,2,Separate the bottom primary button.
inst-0321,1,"Situation, Context & Scenario",2,"Swap the inbox to buyer inquiries, time slot to reply deadline"
inst-0322,1,Flow & Information Architecture,2,Regroup the event information section.
inst-0323,1,Style,3,"It blends into the background, make it clearly lifted."
inst-0324,1,"Situation, Context & Scenario",3,Make it useful for restaurant owners preparing menu item photos.
inst-0324,2,Layout & Hierarchy,3,Make the main focus appear before the styling controls.
inst-0325,1,Environment,2,Adapt the overall screen for desktop.
inst-0325,2,Content & Information,2,Add a brief group purpose description to the profile summary.
inst-0325,3,Style,3,Make the main progress area more distinct and focused.
inst-0326,1,Content & Information,3,Make eligibility clear before activation.
inst-0326,2,Style,4,Give the top image a different feel.
inst-0327,1,"Situation, Context & Scenario",3,"Make this about wildfire evacuation alerts, not card payments."
inst-0327,2,Style,4,Change the overall accent tone.
inst-0328,1,Layout & Hierarchy,1,"Place the main title first, description beneath, and audience context smaller at the header bottom."
inst-0329,1,Content & Information,2,Show the board count in the lower list header too.
inst-0330,1,Environment,2,Adapt the screen for a desktop environment.
inst-0330,2,Layout & Hierarchy,2,Change the payment and delivery address area layout.
inst-0330,3,Functionality & Behavior,2,Add receipt download to the header.
inst-0331,1,"Situation, Context & Scenario",3,Make this show the seller's own selling activity.
inst-0331,2,Flow & Information Architecture,3,Show at a glance which listings need attention and which don't.
inst-0331,3,Content & Information,3,Show how much interest each listing is getting.
inst-0332,1,Environment,1,"Turn the cart hold screen into a smartwatch view centered on remaining time, removing item details."
inst-0333,1,Functionality & Behavior,2,Let the bottom card's transaction list open the full history.
inst-0334,1,Flow & Information Architecture,3,Make related content come together by health area.
inst-0334,2,Content & Information,4,"Change the order in ""Readiness""."
inst-0335,1,"Situation, Context & Scenario",2,"Change the headline, body, and note to a failed vet appointment."
inst-0335,2,Content & Information,3,Make it clear which pet and what visit type.
inst-0336,1,"Situation, Context & Scenario",1,Make a field-service download screen; swap each item's workspace type and update date for site and visit schedule.
inst-0336,2,Flow & Information Architecture,1,"Group the saved list into today’s and upcoming visit sections, placing relevant packs under each heading."
inst-0336,3,Style,1,"Give the storage summary card a dark navy surface, white text, and high-contrast yellow usage bar."
inst-0337,1,"Situation, Context & Scenario",3,Make public classroom resource recommendations teacher-focused with fit information.
inst-0337,2,Layout & Hierarchy,2,Emphasize subject and grade range in the resource summary.
inst-0338,1,Functionality & Behavior,4,Rethink how the bottom buttons are arranged.
inst-0338,2,Layout & Hierarchy,1,"Photo full width in the preview box, title, date line, group stacked left-aligned below, title one step larger."
inst-0339,1,Content & Information,4,Structure the first article card’s info differently.
inst-0339,2,Layout & Hierarchy,4,Change what stands out in feed intro
inst-0340,1,Content & Information,3,Show whether files saved on devices get deleted too.
inst-0340,2,Style,1,"Fill the ""Continue to delete"" button deep red instead of teal, keep the white label."
inst-0341,1,"Situation, Context & Scenario",4,Make the overall flow feel different.
inst-0341,2,Layout & Hierarchy,3,Make choices easier to compare and emphasize the selection more.
inst-0342,1,"Situation, Context & Scenario",2,Replace the language-and-level line under the name with site and shift.
inst-0342,2,Layout & Hierarchy,1,"Make the first of the three bottom buttons half the row, the other two small beside it."
inst-0343,1,Content & Information,3,Make it immediately clear when the recording began.
inst-0343,2,Style,3,Make the active recording state feel urgent and distinctive.
inst-0344,1,Content & Information,1,"Add one line right under the ""Night 6 · Guided wind-down"" subtitle: nights finished, nights left."
inst-0344,2,Layout & Hierarchy,1,"First row under ""Next in program"": title larger, darker, more space around it; two below smaller, tighter."
inst-0345,1,"Situation, Context & Scenario",1,Change the whole screen to customer support ticket routing and show priority in the current ticket summary.
inst-0345,2,Functionality & Behavior,4,Give the queue list title a create action.
inst-0345,3,Layout & Hierarchy,1,"Stack the bottom ""Move"" button above ""Cancel,"" with both buttons the same width."
inst-0346,1,Environment,3,Make the screen desktop so everything reads at once without scrolling.
inst-0346,2,Layout & Hierarchy,4,Make the card's top label read first.
inst-0346,3,Style,1,"Make the magenta bar under the chart white-filled with magenta outline, text and icon; keep size and place."
inst-0347,1,"Situation, Context & Scenario",1,"Make the product detail screen caregiver-focused for older adults, replacing purchase options with medication and health-condition cautions."
inst-0347,2,Layout & Hierarchy,4,Change the per-serving section’s order on the page.
inst-0347,3,Style,1,"Make the top product introduction panel pale gray, with navy headings, dark gray text, and blue chips."
inst-0348,1,Functionality & Behavior,3,Let users actually switch plans from this screen.
inst-0348,2,Layout & Hierarchy,2,Make the suggested plan column bigger than the other two.
inst-0348,3,Style,3,Reads like a ruled grid — make it feel grouped.
inst-0349,1,"Situation, Context & Scenario",2,Turn Payment Methods into a payout accounts screen.
inst-0349,2,Content & Information,2,Add available balance and next payout to the intro.
inst-0349,3,Functionality & Behavior,2,Add a direct payout action to the primary add button.
inst-0350,1,Environment,2,"Screen is still a phone column, lay it out for desktop."
inst-0350,2,Flow & Information Architecture,2,Split the comment list into answered and unanswered.
inst-0350,3,Content & Information,4,Show more in the comment box
inst-0351,1,Flow & Information Architecture,4,Change how the detail list groups information.
inst-0351,2,Functionality & Behavior,4,Add another action to the version badge.
inst-0351,3,Style,4,Give the app mark a different brand feel.
inst-0352,1,Environment,4,Move this screen to a tablet.
inst-0352,2,Content & Information,4,Show more time detail in each agenda row.
inst-0352,3,Style,4,Change the color of the calendar bars.
inst-0353,1,"Situation, Context & Scenario",2,Make this screen a medication planner for family caregivers.
inst-0353,2,Flow & Information Architecture,2,Rework the medication plan summary in the reply.
inst-0354,1,Content & Information,3,Let people tell what the next episode covers before playing
inst-0354,2,Layout & Hierarchy,1,"Make the episode count large on the left, percentage small on the right; leave the bar and end labels."
inst-0355,1,Environment,1,Make the annotation screen a desktop workspace with wider editing and existing navigation fixed on the left.
inst-0355,2,Flow & Information Architecture,1,"Combine frame metadata, note summary, and media status in that order into one review panel beside the canvas."
inst-0356,1,Flow & Information Architecture,3,"Show remaining steps apart from the finished ones, keep finished visible."
inst-0356,2,Style,1,"Fill the top hero with the same cream as the sections, make the title bigger, round the author initials."
inst-0357,1,Environment,2,Adapt the screen for desktop.
inst-0357,2,Layout & Hierarchy,3,Make signup methods easier to compare with less scrolling.
inst-0357,3,Content & Information,4,"Add explanatory text to the ""Work email"" field."
inst-0358,1,Environment,1,"Switch the screen to desktop: widen the waiting card into a centered panel, drop the phone-width frame."
inst-0358,2,Functionality & Behavior,2,Add a cancel button at the bottom of the card.
inst-0358,3,Layout & Hierarchy,2,Move the progress bar up and make it thicker
inst-0359,1,Content & Information,3,Make it clear whether cancellation can be reversed.
inst-0360,1,"Situation, Context & Scenario",1,"Make it a shared-desk clinic staff sign-in; add a work-site line under the password, drop recent accounts."
inst-0361,1,"Situation, Context & Scenario",4,Change this to a different service.
inst-0361,2,Environment,4,Adapt the screen for desktop.
inst-0361,3,Content & Information,4,Add more information to the alert cards.
inst-0362,1,Environment,1,"Center it as a desktop dialog over a dimmed page, two bottom buttons side by side at right."
inst-0362,2,Functionality & Behavior,4,Restructure the quoted post block
inst-0362,3,Layout & Hierarchy,3,Reason choices should catch the eye before the intro text.
inst-0363,1,Environment,2,Feels like a stretched phone — rebuild this layout for desktop.
inst-0363,2,Flow & Information Architecture,1,"Split the four cards into two titled sections: photo and both fields, then interests and daily goal."
inst-0364,1,Environment,2,Adapt the screen for desktop.
inst-0364,2,Layout & Hierarchy,3,Make balance and plan progress easy to compare at a glance.
inst-0365,1,Flow & Information Architecture,4,Change how the coupon list is grouped.
inst-0365,2,Style,1,"Lay the top credit block on a light gray rounded panel, roomy inside, amount and button colors unchanged."
inst-0366,1,"Situation, Context & Scenario",1,"Turn ""Recently Deleted"" into a team recycle bin, replacing thumbnails with file-type previews."
inst-0366,2,Content & Information,1,Add the deleting team member’s name to the metadata line beneath each file name.
inst-0367,1,Environment,4,Rebuild the editing screen for desktop.
inst-0367,2,Flow & Information Architecture,2,Separate the Size slider from the angle sliders.
inst-0368,1,Environment,4,Change the screen to a desktop view.
inst-0368,2,Style,2,Change the upgrade card’s visual styling.
inst-0369,1,Functionality & Behavior,4,Let me tap the sort text by 'All followers'.
inst-0369,2,Style,3,Make the profile spot stand out when scanning rows.
inst-0370,1,Flow & Information Architecture,1,"Split the form into three compact numbered sections: “Meal details,” “Foods,” then final review."
inst-0370,2,Content & Information,4,Change when the calorie total gets noticed.
inst-0371,1,Environment,4,Move this screen to desktop.
inst-0371,2,Content & Information,4,Add one more piece of info to each folder row.
inst-0372,1,Environment,1,"Make the screen a desktop view with one compact content column in a wider, centered workspace."
inst-0372,2,Functionality & Behavior,4,"Add a reversal action to the ""Save"" button."
inst-0373,1,"Situation, Context & Scenario",2,Make it a museum exhibition audio tour; price/stock becomes gallery room.
inst-0373,2,Flow & Information Architecture,2,Split the list below by floor and number the stops.
inst-0374,1,"Situation, Context & Scenario",1,Turn the sign-in screen into a host portal with a property and guest management introduction.
inst-0374,2,Style,3,Make it feel professional and operational for hosts.
inst-0375,1,Environment,3,Make the screen desktop so repeat settings show at a glance
inst-0375,2,Style,2,The three date rows look heavy — change their background.
inst-0376,1,Flow & Information Architecture,4,Change how the chapter list is organized.
inst-0377,1,Environment,1,"Make it watch-sized: stack the current stop and play under the title, drop the bottom tab bar."
inst-0378,1,"Situation, Context & Scenario",4,Change this screen to target a different audience.
inst-0378,2,Functionality & Behavior,1,Add a small add-recipient button at the right edge of the reminder delivery row.
inst-0379,1,Content & Information,4,Change how the completion message flows.
inst-0379,2,Layout & Hierarchy,1,Make the success illustration slightly smaller and place it closer to the completion heading.
inst-0379,3,Style,3,Make the completion state feel more distinct from standard information panels.
inst-0380,1,"Situation, Context & Scenario",2,Replace the terms text with a clinical trial consent form.
inst-0380,2,Environment,2,Rebuild the whole screen for desktop.
inst-0380,3,Layout & Hierarchy,2,"Enlarge the version and date, split off the section count."
inst-0381,1,Flow & Information Architecture,4,Rework category filters and product list structure.
inst-0382,1,Style,4,Change the top balance card's tone.
inst-0383,1,"Situation, Context & Scenario",4,Rethink what this screen is for.
inst-0383,2,Environment,1,"On a landscape tablet, put course info left, lesson list right, tabs as a left rail."
inst-0383,3,Layout & Hierarchy,2,Tone down the three instructors block.
inst-0384,1,"Situation, Context & Scenario",3,"Make it for drivers extending parking, with location and added cost."
inst-0384,2,Functionality & Behavior,3,Make it possible to confirm and pay for the selected extension.
inst-0385,1,Functionality & Behavior,1,Add a dark gray X at the far right of the title so you can leave without saving.
inst-0385,2,Layout & Hierarchy,4,"Change where the ""New list"" line sits."
inst-0386,1,Functionality & Behavior,3,Let users play the full series from the episode section.
inst-0387,1,Layout & Hierarchy,1,"Reorder chapter rows: titles left, timestamps in a narrow right-aligned column, chevrons or playing marks far right."
inst-0388,1,Flow & Information Architecture,2,Group the popular questions by topic.
inst-0389,1,Flow & Information Architecture,3,Separate content by the kind of engagement received.
inst-0389,2,Functionality & Behavior,3,Make it quick to create a new post.
inst-0390,1,"Situation, Context & Scenario",3,Make it show what teammates did to shared files.
inst-0390,2,Layout & Hierarchy,3,Each row should read as one left-aligned block.
inst-0391,1,Content & Information,3,Make the lesson easier to verify before sharing.
inst-0392,1,Flow & Information Architecture,4,Show order in the three middle rows
inst-0393,1,"Situation, Context & Scenario",4,Change the target audience for this screen.
inst-0393,2,Flow & Information Architecture,2,Reorganize the service terms clause list.
inst-0393,3,Content & Information,2,Add the employer’s information access scope to the top review notice.
inst-0394,1,"Situation, Context & Scenario",2,Turn the top card and to-dos into a shoot call sheet.
inst-0394,2,Environment,2,Rebuild the whole screen for a wide landscape tablet.
inst-0394,3,Style,2,"Change the yellow's tone on badge, done circles, and tab marker."
inst-0395,1,Environment,4,Adapt the screen for desktop.
inst-0395,2,Layout & Hierarchy,2,Rearrange the retention chart and chapter breakdown.
inst-0396,1,Functionality & Behavior,3,Let a course be saved right from the results list.
inst-0396,2,Style,4,Change the filter chips' color feel.
inst-0397,1,Content & Information,2,Add ride length and terminal arrival time to the time labels.
inst-0397,2,Functionality & Behavior,4,Let the driver row do more.
inst-0398,1,"Situation, Context & Scenario",4,Change how the situation feels.
inst-0398,2,Flow & Information Architecture,4,Change the date and time selection order.
inst-0398,3,Style,4,Make selected dates and times feel different.
inst-0399,1,Environment,4,Change the screen for tablet use.
inst-0400,1,Layout & Hierarchy,1,"Card's bottom total larger and bolder than the two rows above, extra space above, same spot."
inst-0401,1,"Situation, Context & Scenario",3,Make eligibility central for individual students renewing education plans.
inst-0401,2,Layout & Hierarchy,1,"Put the credit panel directly below the introduction, making its amount more prominent than the banner image."
inst-0401,3,Style,4,Make the other offers list feel different.
inst-0402,1,Environment,1,"Make the screen a desktop layout — a centered floating dialog, and drop the drag handle."
inst-0402,2,Flow & Information Architecture,4,Regroup the actions under the button.
inst-0402,3,Content & Information,4,Make the top summary tell more.
inst-0403,1,"Situation, Context & Scenario",3,Make it for patients to check healthcare communications.
inst-0403,2,Content & Information,3,Show the next appointment date and time.
inst-0403,3,Layout & Hierarchy,3,Make the care topic catch the eye first.
inst-0404,1,"Situation, Context & Scenario",4,Change how this screen is organized.
inst-0404,2,Layout & Hierarchy,2,"In the top block, push the title, quiet the label."
inst-0404,3,Style,1,Round the white panel's corners more and lift it off the grey background with a light gray shadow.
inst-0405,1,Content & Information,2,Add a content summary to the episode details.
inst-0405,2,Layout & Hierarchy,2,Separate speed from the main playback controls.
inst-0406,1,Functionality & Behavior,2,Add a text size control to the top bar.
inst-0406,2,Layout & Hierarchy,4,Change what stands out in the author info.
inst-0407,1,"Situation, Context & Scenario",4,Give it a different overall feel.
inst-0407,2,Flow & Information Architecture,3,Separate company information from legal information.
inst-0407,3,Content & Information,2,Add a copyright notice to the version details.
inst-0408,1,Flow & Information Architecture,2,Group the list by notice type instead of New / Earlier.
inst-0408,2,Content & Information,2,Show the account or service name on each notification.
inst-0408,3,Functionality & Behavior,3,Let me find one specific past notification.
inst-0409,1,"Situation, Context & Scenario",1,"Turn the product listing editor into a workshop editor, replacing Condition with a date and time field."
inst-0410,1,"Situation, Context & Scenario",2,Change title and the line under the button to magazine subscription.
inst-0411,1,Content & Information,4,Change the order in the editing toolbar.
inst-0412,1,Environment,2,Change the screen for desktop.
inst-0412,2,Content & Information,4,Add flow guidance above the primary button.
inst-0413,1,"Situation, Context & Scenario",1,"Turn the feed into local bird sightings, with species, place, and time in each post’s context line."
inst-0413,2,Layout & Hierarchy,3,Make the observed species the first detail people notice.
inst-0414,1,Flow & Information Architecture,2,Group the email field through the send button into two stages.
inst-0414,2,Style,4,Colours all blend together — rework them.
inst-0415,1,"Situation, Context & Scenario",3,Let parents manage a shared learning balance for linked learners.
inst-0415,2,Content & Information,4,Change what stands out in activity details.
inst-0415,3,Functionality & Behavior,3,Let parents distribute shared credits to a linked learner.
inst-0416,1,Flow & Information Architecture,4,Change how the selected-date agenda is grouped.
inst-0416,2,Functionality & Behavior,4,Change what appears first in month controls
inst-0417,1,Flow & Information Architecture,1,"Split ""Scanned today"" into meal groups, each led by a time-span and calorie subtotal row; drop per-row times."
inst-0417,2,Style,4,Retone the white area below the viewfinder
inst-0418,1,"Situation, Context & Scenario",3,Let teens report DMs and receive age-appropriate safety guidance.
inst-0419,1,Style,2,Recommend button looks too loud — recolor it calmer.
inst-0420,1,Functionality & Behavior,4,Change the recipient line order.
inst-0420,2,Layout & Hierarchy,4,Change which support action stands out first
inst-0421,1,"Situation, Context & Scenario",3,Retarget to traveling nurses picking housing near their hospital.
inst-0421,2,Environment,4,Move this screen to a tablet layout.
inst-0422,1,Environment,1,Make this a desktop dashboard with left-rail navigation and financial summaries and lists across a wide two-column workspace.
inst-0422,2,Style,4,Give the spending summary a different feel
inst-0423,1,Environment,1,"Rebuild for desktop: score and bars on the left, reviews on the right, no divider."
inst-0423,2,Layout & Hierarchy,3,Average score reads first; make the title lead instead.
inst-0424,1,Style,2,Change the invite code panel’s color.
inst-0425,1,"Situation, Context & Scenario",3,"Should read as canceling a clinic visit, time over price."
inst-0426,1,Environment,4,Adapt the screen for tablet.
inst-0427,1,Content & Information,3,Make clear this email gets verified before tapping the button.
inst-0428,1,Functionality & Behavior,2,Add an edit-goal button to the bottom of the progress card.
inst-0429,1,Style,2,Give the selected first place row a background color.
inst-0430,1,Environment,3,Move the screen to desktop and use the full width.
inst-0431,1,"Situation, Context & Scenario",2,Change the checkout screen to caregiver order review.
inst-0432,1,Environment,1,"Recompose for a smartwatch: drop the photo, number centered with minus/plus beside, save below, guidance one line."
inst-0433,1,"Situation, Context & Scenario",2,Make the empty-state card about self-employed tax reserves.
inst-0433,2,Content & Information,4,Change when the tax estimate note registers.
inst-0433,3,Style,1,Restyle the primary button in navy with slightly rounded corners and a clean sans-serif label.
inst-0434,1,Environment,2,Rebuild the whole billing screen for a wide tablet screen.
inst-0434,2,Functionality & Behavior,2,Let every invoice row download its receipt.
inst-0434,3,Style,2,Recolor the top card so pink stays only an accent.
inst-0435,1,Style,3,Make the question stand out without changing the layout.
inst-0436,1,Functionality & Behavior,2,Add a button to use that draft in the last bubble.
inst-0437,1,Layout & Hierarchy,1,"Reduce the intro panel’s height and internal spacing, shrink the note thumbnail, keeping its title above the summary."
inst-0437,2,Style,3,Make the current selection immediately recognizable.
inst-0438,1,Environment,3,"Read as a wide desktop transfer panel, not a phone card."
inst-0438,2,Content & Information,3,"Show current transfer speed too, not just time left."
inst-0439,1,Layout & Hierarchy,2,Make the introductory heading smaller.
inst-0440,1,Environment,3,Make it a desktop screen showing all stories at once.
inst-0441,1,Environment,4,Adapt the screen for desktop.
inst-0441,2,Flow & Information Architecture,1,"Divide feature comparison into labeled course access, learning support, and account benefit sections; keep plan columns aligned."
inst-0442,1,Environment,4,Rebuild this whole screen for a smartwatch.
inst-0442,2,Layout & Hierarchy,2,Rearrange the badge art and title at the top.
inst-0443,1,"Situation, Context & Scenario",2,Turn the suggestions screen into a volunteer-candidate screen.
inst-0443,2,Flow & Information Architecture,2,Split up the candidate list.
inst-0443,3,Content & Information,2,Add availability to each candidate’s name.
inst-0444,1,Flow & Information Architecture,1,"Add position numbers before each thumbnail in ""Up next"", and a ""playing next"" label above the first row."
inst-0444,2,Functionality & Behavior,1,"Add a sort button showing the current order under the autoplay note in the ""Up next"" header."
inst-0444,3,Style,4,Make the play button's color feel different.
inst-0445,1,Environment,1,"On tablet, make the transfer panel two columns: upload summary left, file details right."
inst-0446,1,Functionality & Behavior,2,Add a save action to the linked item.
inst-0446,2,Layout & Hierarchy,3,Keep the chair visible while making the discussion more prominent.
inst-0447,1,"Situation, Context & Scenario",3,"Should read as a clinic pre-visit intake request, not money"
inst-0447,2,Content & Information,1,Show selected-out-of-total count at the right end of the group label row above the list.
inst-0448,1,Functionality & Behavior,4,Add a collection action to the lodging photo.
inst-0449,1,Environment,4,Move this screen to desktop
inst-0450,1,Environment,3,"Move the screen to desktop, all visible without scrolling."
inst-0450,2,Content & Information,3,Show how much of the shared plan is used.
inst-0450,3,Style,3,Make the listening summary card the first thing seen.
inst-0451,1,Content & Information,2,Add rarity information to the achievement details.
inst-0452,1,Content & Information,1,"Under the price range track, add the lowest and highest available price in small gray at each end."
inst-0453,1,Content & Information,2,Add the timezone to the practice reminder schedule.
inst-0453,2,Style,4,Make the content cards feel different.
inst-0454,1,Environment,1,Change the screen to a desktop booking workspace with left sidebar navigation and centered booking content beside it.
inst-0454,2,Flow & Information Architecture,3,Make each time clearly belong to its corresponding date.
inst-0454,3,Content & Information,4,Change how much the advisor card explains
inst-0455,1,Content & Information,1,"Add a line under the progress bar naming the stage in progress, in the same small gray."
inst-0455,2,Layout & Hierarchy,3,Show the place name and the line below it in full.
inst-0455,3,Style,3,It reads as a warning — make it feel like steady progress.
inst-0456,1,Environment,1,Make the screen a full-window desktop experience with existing content in a centered workspace.
inst-0456,2,Layout & Hierarchy,3,Create a stronger focal point in the wider workspace.
inst-0456,3,Functionality & Behavior,3,Let users also leave the failed portfolio view.
inst-0457,1,Content & Information,2,Add a line to the title explaining what this template is.
inst-0457,2,Layout & Hierarchy,2,"The pink illustration band is too big, shrink it."
inst-0457,3,Style,2,Tone down the two unselected license rows.
inst-0458,1,Environment,4,Adapt the screen for tablet viewing.
inst-0458,2,"Situation, Context & Scenario",2,Make workout discovery focus on low-impact activities for older adults.
inst-0458,3,Flow & Information Architecture,3,Let people assess suitability before seeing matching activities.
inst-0459,1,Environment,1,"Rebuild for desktop: post summary in a left column, wider comment thread on the right, composer below it."
inst-0459,2,Flow & Information Architecture,3,Make the pinned comment read apart from the rest.
inst-0459,3,Content & Information,3,Make it clear which evening and which place right away.
inst-0460,1,Content & Information,1,Add a last-updated date alongside the existing publication date and reading time.
inst-0460,2,Layout & Hierarchy,3,"After the summary, show visual context before article provenance."
inst-0461,1,Style,2,Make the status icon feel more cautionary.
inst-0462,1,Functionality & Behavior,2,Add a pick-another-region button to the bottom action area.
inst-0463,1,Environment,3,Make the screen wide and mouse-friendly for desktop.
inst-0463,2,Layout & Hierarchy,4,Rearrange what appears first in the main area.
inst-0464,1,Environment,2,Move the booking screen to desktop.
inst-0464,2,Flow & Information Architecture,4,Group the start times differently.
inst-0465,1,"Situation, Context & Scenario",1,Change the Billing screen into a team workspace overview centered on organization-level seat billing.
inst-0465,2,Content & Information,4,Change the next-charge card’s content order.
inst-0466,1,Flow & Information Architecture,4,Group the bottom white card differently.
inst-0466,2,Functionality & Behavior,2,Add a pause control to the story top bar.
inst-0467,1,Environment,4,Adapt the screen for a smartwatch.
inst-0468,1,Flow & Information Architecture,2,Split the track list into added and suggested groups.
inst-0469,1,Environment,3,Make the screen tablet-sized with selection and next controls visible.
inst-0470,1,"Situation, Context & Scenario",1,"Turn the whole leaderboard into a department challenge — each row a team, the streak line a headcount."
inst-0471,1,Flow & Information Architecture,3,Make time commitments easy to distinguish.
inst-0471,2,Functionality & Behavior,2,Add saving to the featured collection card.
inst-0472,1,Content & Information,1,"Add one line of remaining listening time under the progress bar, left-aligned with the played count."
inst-0472,2,Layout & Hierarchy,3,Make each recording title read before its initials.
inst-0473,1,Environment,3,"Make the screen desktop-ready, using width without stretching content."
inst-0473,2,Content & Information,3,Make the latest support request and progress visible at a glance.
inst-0473,3,Style,3,Make the next action clear and distinct from help content.
inst-0474,1,Content & Information,1,"Replace the dot with a status word at each Marks row's end — open in violet, resolved in gray."
inst-0474,2,Functionality & Behavior,2,Add a filter to the Marks heading row.
inst-0474,3,Style,3,Make the tool bar feel as solid as the image above.
inst-0475,1,Content & Information,2,Add a support contact to the Information card.
inst-0475,2,Layout & Hierarchy,4,Rework how much vertical room the green hero takes.
inst-0476,1,Environment,1,"Make the Live Activity a smartwatch layout: center arrival estimate and progress vertically, omitting the detailed footer."
inst-0476,2,Content & Information,4,Change what stands out in status details
inst-0477,1,Flow & Information Architecture,3,Make what's done and what's left obvious at a glance.
inst-0477,2,Content & Information,1,Add one gray line under the bar with the study time left and last completed date.
inst-0478,1,Environment,3,Make the screen desktop-ready for editing products while reviewing orders.
inst-0478,2,Flow & Information Architecture,4,Change the discount grouping in the promotion details.
inst-0478,3,Functionality & Behavior,4,Give each product another action users can take.
inst-0479,1,"Situation, Context & Scenario",4,Rework the order of lines around the title.
inst-0479,2,Flow & Information Architecture,2,"Make the ""Up next"" list read as an ordered sequence."
inst-0479,3,Style,4,Change the overall colour feel.
inst-0480,1,Environment,4,Adapt this screen for desktop use.
inst-0480,2,Functionality & Behavior,3,Let users switch between front and back body views to annotate.
inst-0481,1,"Situation, Context & Scenario",2,Name the employee on each stay; show department budget in summary.
inst-0481,2,Flow & Information Architecture,1,"Group each stay with its own extra under a destination heading, and drop the separate extras section."
inst-0481,3,Style,2,Trip strip under the title is too pale — rework its tone.
inst-0482,1,Environment,3,Make the screen a desktop overview for quick comparison.
inst-0482,2,Functionality & Behavior,2,Let users move the weekly date period backward and forward.
inst-0483,1,Flow & Information Architecture,4,"Group ""Other ways to verify"" differently"
inst-0483,2,Content & Information,4,One more line under the timer
inst-0484,1,"Situation, Context & Scenario",3,Make this screen for teachers signing up for school use.
inst-0484,2,Flow & Information Architecture,3,Make account and school information read as distinct stages.
inst-0484,3,Style,2,Change the primary button’s styling.
inst-0485,1,Flow & Information Architecture,1,"Link the three rows with a left purple line, make the in-progress step taller, status under the name."
inst-0485,2,Content & Information,1,"Under the finish date add this week's lessons done vs target, small dark gray like the date."
inst-0485,3,Functionality & Behavior,2,Add a button to the card to resume the unit.
inst-0486,1,Layout & Hierarchy,2,Change the loading card’s position.
inst-0486,2,Functionality & Behavior,1,Turn the loading note beneath the status message into a compact cancel-sharing text button.
inst-0487,1,Content & Information,2,Add total booked time and longest free gap to the header.
inst-0487,2,Functionality & Behavior,2,Add Accept and Decline to the last event.
inst-0488,1,Functionality & Behavior,4,Change the product list heading structure.
inst-0488,2,Style,1,"Restyle the top bar in the assistant mark’s plum, with white title text and pale plum icon buttons."
inst-0489,1,Content & Information,2,Add the download date to the saved-item metadata.
inst-0489,2,Style,2,"Restyle the ""Device Storage"" panel."
inst-0490,1,Environment,2,Adapt the screen for desktop.
inst-0491,1,Environment,3,"Keep only the essentials, readable at a glance on a watch."
inst-0492,1,Environment,2,Change the screen for desktop use.
inst-0492,2,Flow & Information Architecture,2,Group the task sections by financial account.
inst-0492,3,Content & Information,2,Add review reasons to the open task details.
inst-0493,1,Functionality & Behavior,4,Change how the result count is shown.
inst-0493,2,Layout & Hierarchy,3,Make the page title read first and service identity secondary.
inst-0494,1,"Situation, Context & Scenario",4,Change what this screen is about.
inst-0494,2,Style,4,Give the top button a different tone.
inst-0495,1,Layout & Hierarchy,2,Make the main preview more prominent.
inst-0496,1,Content & Information,3,Show which card was charged right on this screen.
inst-0497,1,Functionality & Behavior,4,Change the action started by the bottom button.
inst-0498,1,Flow & Information Architecture,1,"Move the statistics strip directly above the model allocation rows in one at-a-glance block, followed by About."
inst-0498,2,Content & Information,2,Add participation expectations to the About section.
inst-0498,3,Functionality & Behavior,3,Let users open each full group note.
inst-0499,1,Environment,1,"Move the screen to tablet as a centered card on a dimmed backdrop, buttons shrunk into a row"
inst-0499,2,Content & Information,4,Add what's missing to the middle benefit list.
inst-0499,3,Layout & Hierarchy,1,"Center the pin icon, app label and headline, and make the icon twice as big."
inst-0500,1,"Situation, Context & Scenario",2,Turn the call screen into a remote care consultation.
inst-0500,2,Content & Information,2,Replace the consultation metadata with the visit reason and scheduled time.
inst-0501,1,Layout & Hierarchy,2,"Move the ""Attached readings"" block up."
inst-0501,2,Style,3,Make the top bar read as its own band.
inst-0502,1,Environment,2,Adapt the screen for a desktop display.
inst-0502,2,Style,4,Give the main card a different feel.
inst-0503,1,Functionality & Behavior,1,"Add a tappable 'Discard edits' at the right end of the top context line, red like the archive text below."
inst-0503,2,Layout & Hierarchy,2,"Weekly target line reads too loud, make it quieter."
inst-0504,1,"Situation, Context & Scenario",1,"Turn the booking history into equipment rental history, replacing each row’s destination with the pickup site."
inst-0504,2,Layout & Hierarchy,2,Differentiate the rental date from the reference number.
inst-0504,3,Functionality & Behavior,2,Add equipment category filtering to the history tools row.
inst-0505,1,Environment,1,"Widen to a desktop window, center the follower list, move the bottom tabs to a left vertical nav."
inst-0505,2,Functionality & Behavior,2,Add search to the follower list.
inst-0505,3,Layout & Hierarchy,1,"Make both group headings clearly larger and near-black, with more space above them than below."
inst-0506,1,Environment,2,Adapt the legal document screen for desktop.
inst-0506,2,Style,2,Change the feel of the Key Points panel.
inst-0507,1,Flow & Information Architecture,4,Rework how the middle sections read in order.
inst-0507,2,Style,2,Give the bottom order bar a tone apart from the content
inst-0508,1,Content & Information,2,Add learner satisfaction to the course information.
inst-0508,2,Style,2,Make the bottom enrollment bar more prominent.
inst-0509,1,"Situation, Context & Scenario",3,"Show the courier's progress in the run, not the shopper's parcel."
inst-0509,2,Environment,1,"Fill a watch screen with the card, drop the top labels, center status, progress and time large."
inst-0510,1,Layout & Hierarchy,4,Change the order within the instruction block.
inst-0510,2,Style,1,"Give the map preview an off-white base, light gray roads, and header-matching dark green route markers."
inst-0511,1,Layout & Hierarchy,4,Change the subscription information order.
inst-0512,1,Content & Information,1,"Under the green hours figure, add the change vs last week with an arrow, in small dark gray"
inst-0513,1,Flow & Information Architecture,2,Prioritize the courses in the course progress list.
inst-0513,2,Functionality & Behavior,4,Make the active-course count behave differently.
inst-0514,1,Content & Information,3,"Show live buyer interest, not just cumulative totals."
inst-0514,2,Functionality & Behavior,3,Let the seller keep photos and price history even when deleting.
inst-0515,1,Flow & Information Architecture,4,Show the recent followers list differently.
inst-0515,2,Content & Information,2,"Add a follow-back count to ""Recent followers""."
inst-0516,1,Flow & Information Architecture,3,The subjects should read as two kinds at a glance.
inst-0516,2,Functionality & Behavior,2,Let the reminder time be changed on that card.
inst-0517,1,"Situation, Context & Scenario",2,Swap headline through saved list to offline job packets.
inst-0517,2,Content & Information,3,Show by when offline packets must be refreshed.
inst-0518,1,Environment,4,Change the screen to a tablet layout.
inst-0519,1,Environment,4,Move this screen to desktop.
inst-0520,1,"Situation, Context & Scenario",4,Change the recommendation card’s target audience.
inst-0520,2,Layout & Hierarchy,2,Emphasize the recommendation image and caption.
inst-0520,3,Functionality & Behavior,4,Add another action to the bottom recommendation button.
inst-0521,1,Content & Information,4,Show more info per Ways to begin row
inst-0521,2,Functionality & Behavior,2,Make the options header count switch the sort order.
inst-0521,3,Layout & Hierarchy,3,Let the heading and Deposit button lead the top.
inst-0522,1,"Situation, Context & Scenario",4,Change this screen for a different target audience.
inst-0522,2,Environment,3,Make the screen use wider desktop space well.
inst-0522,3,Flow & Information Architecture,2,Reorganize the shift information below the title.
inst-0523,1,Flow & Information Architecture,4,"Rework how the ""New this week"" list is structured."
inst-0523,2,Content & Information,4,Up next in your queue needs more info.
inst-0523,3,Functionality & Behavior,4,Give Continue listening panel more to do.
inst-0524,1,"Situation, Context & Scenario",2,Change the podcast feedback screen to language-learning audiobook chapters.
inst-0524,2,Content & Information,2,Change the satisfaction scale to measure chapter comprehension.
inst-0525,1,Environment,1,"Rebuild for tablet — big card left, small rows right, pin count footer full width below."
inst-0525,2,Functionality & Behavior,2,Let readers reorder the smaller pinned rows.
inst-0526,1,Functionality & Behavior,2,Add composition grid show/hide to the camera tools.
inst-0526,2,Layout & Hierarchy,3,Make sure the posting audience is confirmed before capture.
inst-0526,3,Style,4,Change how the focus frame lines look.
inst-0527,1,Flow & Information Architecture,2,Rework the trip summary and destination list.
inst-0528,1,Content & Information,4,Change what reads first in the People with access count.
inst-0529,1,"Situation, Context & Scenario",2,Change the course access screen to a team language-training plan.
inst-0530,1,Style,1,"Make card near-black, title and finished count white, small text light gray, label and progress bar magenta."
inst-0531,1,Environment,2,Adapt the screen for a desktop display.
inst-0531,2,Layout & Hierarchy,4,Change what stands out in invitations.
inst-0532,1,Environment,3,"Change the screen to desktop, fitting a wide window."
inst-0532,2,Flow & Information Architecture,4,Group the settings by something else.
inst-0533,1,"Situation, Context & Scenario",3,Make this a blood-draw appointment booking with prep info.
inst-0533,2,Layout & Hierarchy,2,Make the selected date and time stand out more.
inst-0533,3,Style,1,"Make the selected day, time slot, and confirm button deep green, with pale green fill for the day."
inst-0534,1,Functionality & Behavior,2,Add saved-plan editing to the bottom button.
inst-0534,2,Style,4,Make the success card feel different.
inst-0535,1,Flow & Information Architecture,1,"Group the Comments list into threads: indent replies under their parent, keep dividers only between threads."
inst-0535,2,Content & Information,2,Add some group activity info to the byline.
inst-0536,1,"Situation, Context & Scenario",1,Make the card a staff alert; swap the personal top line for the patient name and study night.
inst-0536,2,Flow & Information Architecture,3,Show clearly at which point the upload broke.
inst-0536,3,Functionality & Behavior,4,Let the bottom buttons do more.
inst-0537,1,Layout & Hierarchy,3,Make the active learning item the first focus.
inst-0537,2,Style,1,"Change the screen surfaces to white and light gray, with navy for active states and primary actions."
inst-0538,1,"Situation, Context & Scenario",3,Make this a lesson room showing who's present.
inst-0538,2,Style,4,Make the initials squares feel different
inst-0539,1,Flow & Information Architecture,3,Lead from order confirmation to the next action before purchase details.
inst-0540,1,Functionality & Behavior,3,Let users read the full note before picking a reason.
inst-0541,1,"Situation, Context & Scenario",1,"Turn the trip-stop reorder panel into a dispatcher delivery sequence, replacing stay details with delivery windows."
inst-0541,2,Layout & Hierarchy,2,Make the delivery sequence clearer in the stop rows.
inst-0542,1,Flow & Information Architecture,1,Group the two dates under Schedule and redemption under Liquidity in compact sections on the offer details card.
inst-0542,2,Functionality & Behavior,2,Make the issuer name under the product title clickable.
inst-0543,1,Functionality & Behavior,1,"Put a ""Soonest to expire"" sort control at the right end of the ""Removed from saved"" heading row."
inst-0543,2,Style,3,Make it obvious what to tap in each row.
inst-0544,1,Layout & Hierarchy,3,Make the scheduled date and time stand out first.
inst-0545,1,Functionality & Behavior,3,Let readers sort by price or distance from the card top.
inst-0546,1,Functionality & Behavior,3,Allow review of the filters currently applied.
inst-0547,1,Layout & Hierarchy,2,Top matches strip sits at the bottom — move it up.
inst-0548,1,Environment,2,Adapt the Account screen for tablet.
inst-0548,2,Content & Information,3,Make this week’s comparison with last week immediately clear.
inst-0549,1,"Situation, Context & Scenario",3,"Before sign-in, show this is business banking, not personal"
inst-0549,2,Functionality & Behavior,3,Let users switch country right from the top bar.
inst-0550,1,Content & Information,4,Change what stands out in post details
inst-0551,1,Style,1,"Remove the outline on both list boxes, fill with very light warm gray, keep row dividers."
inst-0552,1,Environment,4,Change the screen for tablet.
inst-0552,2,Functionality & Behavior,3,Make the ingredient amounts change with the serving count.
inst-0552,3,Layout & Hierarchy,4,Change what reads first in the nutrition row.
inst-0553,1,Functionality & Behavior,2,Make the serving count adjustable.
inst-0554,1,Flow & Information Architecture,1,"Pull the grayed current-folder row out of the list into the ""Currently in"" line under the title."
inst-0555,1,Flow & Information Architecture,1,"Split the session details list into two compact groups, with recording context above and storage destination below."
inst-0556,1,Functionality & Behavior,3,Let users apply a coupon without leaving this screen.
inst-0557,1,Environment,4,Adapt the screen for desktop.
inst-0557,2,Layout & Hierarchy,2,Rearrange the content in the goal card.
inst-0558,1,Functionality & Behavior,4,Rework the featured items card structure.
inst-0558,2,Layout & Hierarchy,1,"Move the progress bar and times under the title, above the play row; thicker bar, larger times."
inst-0559,1,Content & Information,1,Add the card network before the ending digits in each saved card title.
inst-0560,1,Style,3,Make the upload status the loudest thing on screen.
inst-0561,1,Layout & Hierarchy,2,Rework the episode summary at the top.
inst-0561,2,Style,4,Make the chapter list feel different.
inst-0562,1,Environment,2,Rebuild the whole screen for desktop.
inst-0562,2,Style,4,"Recolor the map area, different from now."
inst-0563,1,Environment,2,Adapt the confirmation dialog for desktop screens.
inst-0564,1,Flow & Information Architecture,1,"Split the ""Your spaces"" list into today, this week, earlier, each with a gray label above."
inst-0565,1,Environment,4,Change the screen to a tablet layout.
inst-0565,2,Style,2,Change the look of the rating summary panel.
inst-0566,1,"Situation, Context & Scenario",1,"Turn this card into tonight's act lineup, and replace each row's price-and-stock line with set length."
inst-0566,2,Layout & Hierarchy,4,Rearrange the bottom row's layout.
inst-0567,1,Flow & Information Architecture,3,Show what goes at grace period start versus the end.
inst-0568,1,Layout & Hierarchy,2,Reduce the height of the bottom navigation.
inst-0568,2,Style,2,Emphasize the workout video playback controls.
inst-0569,1,Flow & Information Architecture,3,Episodes just run flat — should read as grouped by air timing.
inst-0569,2,Style,3,Make the top title block read as its own block.
inst-0570,1,Environment,2,Change the booking screen for desktop.
inst-0570,2,Functionality & Behavior,2,Add result filtering to the weekend availability section header.
inst-0570,3,Style,4,Vary the look of each stay result.
inst-0571,1,"Situation, Context & Scenario",3,Turn this into a teacher grading a student's assignment.
inst-0571,2,Functionality & Behavior,4,Change finding people in the second group list
inst-0571,3,Layout & Hierarchy,4,"Count next to title, what reads first"
inst-0572,1,Style,4,Change the overall feel.
inst-0573,1,Content & Information,3,"Show every order's state, not just the refunded one."
inst-0574,1,Layout & Hierarchy,2,Rework the “Featured Voices” card structure.
inst-0575,1,Style,1,Fill the top item card with the light warm gray of the page background instead of pink.
inst-0576,1,Content & Information,4,Change the order under trashed items.
inst-0576,2,Functionality & Behavior,3,Make all trashed items permanently removable at once.
inst-0577,1,Environment,1,"Switch to a landscape tablet layout: recorder card left, markers list right, bottom tab bar to a left rail."
inst-0577,2,Layout & Hierarchy,3,Keep timer-to-waveform unbroken; make the minor detail weakest.
inst-0577,3,Style,4,"Recorder card, a different color feel"
inst-0578,1,Flow & Information Architecture,1,Change the album list to a featured top-album block above a compact list of the rest.
inst-0579,1,Functionality & Behavior,1,Add a small dark gray round close button with a white X at the photo's top-right.
inst-0580,1,Functionality & Behavior,1,"Add a small bookmark save button right of Message, same height, narrow Follow a bit."
inst-0580,2,Layout & Hierarchy,1,Move the rating to the left end of the strip and make its number much larger than the other two.
inst-0580,3,Style,1,"Fill product cards with the Verified badge's pale plum, round the corners, price in plum too."
inst-0581,1,Environment,2,Make the screen a desktop version.
inst-0581,2,Content & Information,4,Add a note about the next step.
inst-0581,3,Layout & Hierarchy,4,Change how the action buttons are arranged.
inst-0582,1,"Situation, Context & Scenario",2,"Replace adult/child with department and role, drop the room note."
inst-0582,2,Flow & Information Architecture,2,Split the list of four into two groups.
inst-0582,3,Functionality & Behavior,2,"Add a way to clear the whole selection to the ""2 of 4 selected"" line."
inst-0583,1,Flow & Information Architecture,2,Split the form fields into groups.
inst-0584,1,Functionality & Behavior,3,Let users choose to stay signed in.
inst-0584,2,Layout & Hierarchy,4,Change when the library image gets noticed.
inst-0585,1,Environment,4,Adapt the screen for desktop.
inst-0585,2,Layout & Hierarchy,4,Rearrange status and actions in the timer card.
inst-0585,3,Functionality & Behavior,4,Add a time-adjustment action to the controls.
inst-0586,1,Environment,3,Make this a wide desktop window for mouse use.
inst-0586,2,Functionality & Behavior,1,"Add a mic button in the input bar, just left of send, for voice input."
inst-0586,3,Layout & Hierarchy,3,"Make the sleep score the first thing seen in ""Last night""."
inst-0587,1,Content & Information,1,Replace the schedule line in the “Recovery Focus” card with a one-line summary of today’s modified exercise guidance.
inst-0588,1,Content & Information,3,"Show who some mutual followers are, not just how many."
inst-0589,1,"Situation, Context & Scenario",4,Change the Savings card content order.
inst-0589,2,Layout & Hierarchy,4,Change what stands out in credit summary
inst-0589,3,Style,3,Make the nonprofit identity clearer and keep comparison easy.
inst-0590,1,"Situation, Context & Scenario",3,Make family health communications easier for caregivers to manage.
inst-0590,2,Layout & Hierarchy,1,"In each message, place the subject first, sender and time second, and the preview last."
inst-0590,3,Content & Information,1,Replace the list heading’s left label with the selected patient’s name and caregiver relationship on one line.
inst-0591,1,"Situation, Context & Scenario",2,Change the friend referral screen to a teammate invitation screen.
inst-0591,2,Flow & Information Architecture,4,Organize the invitation activity list differently.
inst-0591,3,Style,3,Make it feel professional and suited to workspace administration.
inst-0592,1,"Situation, Context & Scenario",1,"Make this a blood-donation milestone: rarity line becomes where donations went, photo becomes the donation center."
inst-0592,2,Functionality & Behavior,4,Rethink what goes at the very bottom.
inst-0592,3,Style,3,Make the progress so far instantly feel celebratory.
inst-0593,1,Functionality & Behavior,2,Let users join the upcoming meeting directly from the footer actions.
inst-0594,1,Flow & Information Architecture,2,Make the two date headers group by activity kind.
inst-0595,1,Functionality & Behavior,2,Let the complete-terms label open the full agreement.
inst-0596,1,Layout & Hierarchy,2,Make the group headings in the results list stand out more.
inst-0597,1,Environment,3,Make the screen tablet-ready so plans and targets need less scrolling.
inst-0597,2,Functionality & Behavior,3,Let users add progress without leaving the dashboard.
inst-0598,1,"Situation, Context & Scenario",4,Make it feel like a different service.
inst-0598,2,Flow & Information Architecture,3,Fully explain role saving before prompting users to browse.
inst-0599,1,Flow & Information Architecture,2,Group the three rows under play by kind.
inst-0599,2,Content & Information,4,Show more info in the top episode block.
inst-0600,1,Layout & Hierarchy,4,Make the selected study card use space differently.
inst-0601,1,Style,3,The screen looks hazy overall; it should read crisper.
inst-0602,1,Functionality & Behavior,1,"Add a compact ""Archive"" action between the ""Delete"" and ""Cancel"" buttons."
inst-0603,1,Functionality & Behavior,1,"Add a full-width outlined ""Browse all circles"" button below the last row, above the divider."
inst-0604,1,Flow & Information Architecture,2,Change how the updates feed is organized.
inst-0605,1,Functionality & Behavior,1,"In the ""Popular this week"" header, swap the gray count for a purple sort link with a caret."
inst-0606,1,"Situation, Context & Scenario",3,Let sellers monitor earnings and payouts.
inst-0606,2,Layout & Hierarchy,4,Change the balance summary’s visual order.
inst-0606,3,Functionality & Behavior,1,"Add a compact earnings statement download button to the right of the ""Recent activity"" header."
inst-0607,1,Environment,2,Rebuild the whole screen for desktop.
inst-0607,2,Layout & Hierarchy,2,Move the author row to a different spot in the card.
inst-0607,3,Functionality & Behavior,3,Let readers ask the author for more detail here.
inst-0608,1,Content & Information,4,Change what leads in the limit note.
inst-0608,2,Functionality & Behavior,3,Let users defer preference setup without leaving the flow.
inst-0608,3,Layout & Hierarchy,2,Emphasize the selected planning style option more.
inst-0609,1,"Situation, Context & Scenario",2,Make it about picking a nearby Meridian branch for pickup instead.
inst-0609,2,Flow & Information Architecture,4,Change how the branch list groups.
inst-0609,3,Content & Information,3,Show which branch is worth visiting today without tapping.
inst-0610,1,Functionality & Behavior,4,Vary how the goal card is arranged.
inst-0611,1,Content & Information,2,Add last-practiced timing to each Continue learning row
inst-0612,1,"Situation, Context & Scenario",4,Make the overall organization feel different.
inst-0613,1,Style,4,The minus/plus buttons' tone should change.
inst-0614,1,Environment,3,Make the screen tablet-friendly without feeling stretched or sparse.
inst-0614,2,Content & Information,1,Add one line naming the organizer below the venue in the event summary.
inst-0615,1,Content & Information,2,Add counts to the other filter chips too.
inst-0615,2,Layout & Hierarchy,1,"Make group headings a step larger and dark gray, date at the right edge of the same line."
inst-0616,1,Layout & Hierarchy,1,Compress the month grid vertically with shallower day cells to give the agenda more room below.
inst-0616,2,Style,2,Change the visual treatment of the agenda card.
inst-0617,1,Functionality & Behavior,3,Let visitors keep this event from the top.
inst-0617,2,Layout & Hierarchy,1,"Put the two entry lines in one row on top, purple button full-width below."
inst-0618,1,Functionality & Behavior,2,Add saved booking access to the error card actions.
inst-0619,1,Environment,1,Center checkout in a desktop workspace and move app navigation into a slim left sidebar.
inst-0619,2,Flow & Information Architecture,4,Make the structure feel different.
inst-0619,3,Style,4,Give the payment button a different feel.
inst-0620,1,"Situation, Context & Scenario",3,Make this a wholesale restock confirmation for a shop buyer.
inst-0620,2,Flow & Information Architecture,4,Rework how the card rows are organized.
inst-0620,3,Style,4,Rework the top success badge's feel.
inst-0621,1,Functionality & Behavior,1,Add one search field with a magnifier icon right above the recipient list.
inst-0621,2,Layout & Hierarchy,3,"Share button should read as main, channels secondary."
inst-0622,1,"Situation, Context & Scenario",1,"Turn the community post into one for home cooks, replacing the product card with a compact recipe summary."
inst-0622,2,Flow & Information Architecture,1,Turn the recipe summary directly beneath the photo into a short numbered cooking sequence.
inst-0622,3,Style,1,"Keep the header controls and spacing, with a cream background and dark green text and icons."
inst-0623,1,"Situation, Context & Scenario",1,"Make each row one buyer with area and last showing date; swap ""Private by default"" for buyer count"
inst-0623,2,Flow & Information Architecture,4,Lay out the All collections list differently.
inst-0623,3,Functionality & Behavior,4,Let the pinned card do more.
inst-0624,1,Style,2,Crop the main artwork.
inst-0625,1,Layout & Hierarchy,1,"Pull the share price under the fund name at double size, label small and gray beside it."
inst-0626,1,Environment,1,Make it a desktop workspace with compact top navigation and centered content beneath.
inst-0626,2,Flow & Information Architecture,3,Make one category at a time easy to focus on.
inst-0626,3,Functionality & Behavior,1,Add a compact clear-downloads button beside the current value in the storage summary row.
inst-0627,1,Content & Information,1,"Under the two count lines in the score column, add a recent-months average line, small dark gray."
inst-0627,2,Functionality & Behavior,2,"Add a star rating filter next to ""Recent reviews""."
inst-0627,3,Layout & Hierarchy,1,"Make the three score boxes taller, label on top and number below, bigger bold, centered."
inst-0628,1,Functionality & Behavior,2,Add new-list creation to the note below the destination list.
inst-0629,1,"Situation, Context & Scenario",1,Make this a physio appointment cancellation instead; replace the weekly goal row with the late-cancellation fee.
inst-0629,2,Layout & Hierarchy,1,"Put the keep-appointment button on top at full width, cancel below as a short centered text button."
inst-0629,3,Style,1,"Put the two rows under the message in a light gray rounded panel, no dividers, values dark gray."
inst-0630,1,Flow & Information Architecture,2,Rework the paid plan headers and billing details section.
inst-0631,1,Layout & Hierarchy,4,Rework how the card's gray note sits.
inst-0632,1,Functionality & Behavior,2,Make the masked email address changeable.
inst-0632,2,Layout & Hierarchy,4,Change when the bottom tabs get noticed.
inst-0632,3,Style,2,Remove the shadow from the code entry card.
inst-0633,1,"Situation, Context & Scenario",2,Swap the card's booking info for which unit and when it was visited.
inst-0633,2,Flow & Information Architecture,2,Make the three chapter rows read as an order.
inst-0633,3,Functionality & Behavior,3,"Viewers should mark the current moment for later, in-player."
inst-0634,1,"Situation, Context & Scenario",1,Change the community discovery screen into a local book-club experience with book-focused imagery and labels.
inst-0634,2,Content & Information,3,Make the next meeting time visible.
inst-0634,3,Layout & Hierarchy,1,"Arrange the featured book-club card in one row: compact image left, details center, join button right."
inst-0635,1,Content & Information,2,Add the search stage sequence to the progress area.
inst-0635,2,Layout & Hierarchy,3,Make the active search progress appear earlier.
inst-0635,3,Style,4,Make the loading card feel different.
inst-0636,1,"Situation, Context & Scenario",3,Make it a nurse sending a patient visit recording.
inst-0636,2,Environment,3,Make it read as a wide desktop screen using the full width.
inst-0636,3,Flow & Information Architecture,3,Make the sending order and each step's progress clear.
inst-0637,1,"Situation, Context & Scenario",3,Help people managing diabetes become aware of carbohydrates.
inst-0638,1,Functionality & Behavior,1,"Add a full-width button below the last Behind you row, above the locking note, opening the full ranking."
inst-0639,1,Environment,3,Make the screen a smartwatch glance for immediate delivery progress.
inst-0639,2,Content & Information,2,Add a last-updated time to the delivery status.
inst-0640,1,Flow & Information Architecture,4,Change how those three rows group
inst-0640,2,Content & Information,2,"Add fabric, weight and size to the top title block."
inst-0641,1,"Situation, Context & Scenario",3,Make local events easy to narrow down by date.
inst-0641,2,Functionality & Behavior,1,Replace the first event-date preset with a compact row showing a calendar icon and chosen date.
inst-0641,3,Layout & Hierarchy,1,Arrange the event-type chips in one evenly divided row directly below the section heading.
inst-0642,1,"Situation, Context & Scenario",1,Turn it into the tutor's post-session report on the learner; bottom note becomes one line saying the learner will see this summary.
inst-0642,2,Environment,3,"On desktop, fit it into one screen without scrolling."
inst-0642,3,Content & Information,3,Show where this session sits in the course beforehand.
inst-0643,1,Environment,3,"Make the screen desktop-ready, spacious without feeling stretched."
inst-0643,2,Layout & Hierarchy,2,Change the arrangement of the member list.
inst-0643,3,Functionality & Behavior,3,Make the full member list selectable in one action.
inst-0644,1,Environment,3,"Move the screen to desktop, use the extra width."
inst-0644,2,Flow & Information Architecture,4,Split the input fields into groups.
inst-0644,3,Content & Information,4,Put more info in the top step counter.
inst-0645,1,Content & Information,1,"Under the studio-and-date line, add another small gray line with the device, browser, and city."
inst-0645,2,Functionality & Behavior,3,Let her fix the email address right here.
inst-0645,3,Style,1,"Fill the top bar with the send button blue, make the title and back arrow white, remove the divider."
inst-0646,1,Style,1,Give the Leaderboard panel rounded corners and a light gray shadow around its edges.
inst-0647,1,Style,1,Fill the bottom 'Continue to review' button deep navy with white label; leave the small links as they are.
inst-0648,1,Environment,4,Adapt the screen for desktop.
inst-0648,2,Content & Information,3,Make the service’s ownership information available on the page.
inst-0649,1,"Situation, Context & Scenario",1,Make the badge progress continuing-education credits toward license renewal; put license and renewal period under the name.
inst-0649,2,Flow & Information Architecture,3,Make done and not-done read clearly apart.
inst-0650,1,Flow & Information Architecture,4,Arrange upcoming charge and payment method differently.
inst-0651,1,"Situation, Context & Scenario",2,Change the goal card and lists to the child's assigned school reading.
inst-0652,1,Environment,4,Change the screen for desktop use.
inst-0653,1,Layout & Hierarchy,4,Change what reads first in booking rows
inst-0654,1,Functionality & Behavior,3,Allow the account to be reported directly and separately.
inst-0654,2,Style,1,Change the top accent strip to dark red while keeping its current form.
inst-0655,1,Flow & Information Architecture,4,Rework the order of the invites list.
inst-0655,2,Content & Information,4,The code block needs more information.
inst-0656,1,"Situation, Context & Scenario",4,Change the target user for this card.
inst-0657,1,Flow & Information Architecture,1,"Turn the removal list into labeled groups, placing each existing consequence under its relevant category."
inst-0658,1,Style,3,The top block should read clearly heavier than the list.
inst-0659,1,Layout & Hierarchy,3,Make space between the header and bottom navigation feel vertically balanced.
inst-0660,1,Flow & Information Architecture,1,"Make “Photo filter” and “Update sticker” a two-step sequence, in that order."
inst-0661,1,Flow & Information Architecture,1,"Wrap the product row and the button in one bordered card under ""In this story""; drop the divider between them."
inst-0662,1,Layout & Hierarchy,2,Make the order summary more compact.
inst-0662,2,Style,1,Keep filter order and use a light gray segmented control with active selection filled blue and white text.
inst-0663,1,Environment,1,"Move the screen to desktop: cover and form fields left, materials list beside, tab bar to left nav."
inst-0663,2,Content & Information,2,Show attachment count and total size under Materials heading.
inst-0664,1,Environment,4,Rework this screen for desktop.
inst-0664,2,Flow & Information Architecture,4,Change how the result list groups by price.
inst-0664,3,Content & Information,4,Add more content to the product detail lines.
inst-0665,1,Functionality & Behavior,3,Let users move to a week other than the one showing.
inst-0665,2,Layout & Hierarchy,3,"Coach should read with the session info, not last."
inst-0665,3,Style,3,The chosen time should read as clearly picked at a glance.
inst-0666,1,Functionality & Behavior,3,Let users open the replies that contributed to the achievement.
inst-0667,1,Content & Information,2,Only a percentage shows; add the current restore step name.
inst-0668,1,Environment,1,Turn the phone frame into a tablet canvas and expand the interface across a wider reading area.
inst-0668,2,"Situation, Context & Scenario",3,Enable facilities teams to coordinate shared office setup purchases.
inst-0668,3,Layout & Hierarchy,2,Move the “Completed” section somewhere else.
inst-0669,1,Functionality & Behavior,3,Let users get to days after the last one shown.
inst-0669,2,Layout & Hierarchy,3,Make the price read stronger than the note beside it.
inst-0669,3,Style,3,"Make the whole sheet crisper, outlines clearly visible."
inst-0670,1,"Situation, Context & Scenario",2,Turn the transfer screen into a program disbursement flow.
inst-0670,2,Content & Information,1,Add a compact payout eligibility status label at the end of each participant’s secondary line.
inst-0671,1,Environment,3,"Make the screen desktop, class info and Enroll seen together."
inst-0671,2,Content & Information,3,Top should show what you can do after the class.
inst-0672,1,Environment,1,"Move to tablet, keep the card at moderate width, centered with generous gray space both sides."
inst-0672,2,Content & Information,2,Also show the receiving account in the recipient block.
inst-0672,3,Layout & Hierarchy,1,"Pull the amount onto its own line below the name, left-aligned and much bigger, currency label beside it."
inst-0673,1,Flow & Information Architecture,3,Keep the credit flow within the price calculation.
inst-0674,1,Flow & Information Architecture,1,Remove the times from the bubbles and group messages under small centered time markers between stretches.
inst-0675,1,Functionality & Behavior,2,Make the upload icon pause the upload.
inst-0675,2,Style,4,Change the upload progress indicator’s feel.
inst-0676,1,Flow & Information Architecture,2,Organize the curated collections by financial goal.
inst-0676,2,Content & Information,1,Add a short typical goal timeframe line beneath the product count on each goal card.
inst-0677,1,Style,2,Drop the green tint behind the plan card and invoice list.
inst-0677,2,Layout & Hierarchy,3,"Billing info first, spaces as a minor note."
inst-0678,1,Environment,1,"On tablet, split the main content into two columns: storage summary left, saved file list right."
inst-0679,1,"Situation, Context & Scenario",4,Change this screen to a different service.
inst-0679,2,Layout & Hierarchy,4,Change the order within the class details section.
inst-0680,1,Content & Information,1,Add a small gray label on the right of each template row saying studio-made or built-in.
inst-0680,2,Functionality & Behavior,3,Starting from an existing board should work here too.
inst-0680,3,Layout & Hierarchy,2,The card's top photo is too tall — reduce its height.
inst-0681,1,Content & Information,4,Add more policy detail to the explanatory notice.
inst-0681,2,Functionality & Behavior,4,Add one more action to the lesson summary.
inst-0681,3,Layout & Hierarchy,4,Reorder the emphasis of the two bottom buttons.
inst-0682,1,Environment,2,Change the screen for desktop.
inst-0682,2,Layout & Hierarchy,4,Change the two bottom buttons' placement and order.
inst-0682,3,Style,2,Make the lesson block a box with a background.
inst-0683,1,Flow & Information Architecture,4,Change how the key metrics are grouped.
inst-0684,1,Functionality & Behavior,1,Put a small round back arrow over the top-left corner of the photo.
inst-0685,1,Functionality & Behavior,1,Add a compact edit-order text button to the right side of the order summary.
inst-0686,1,Functionality & Behavior,3,Make the tracking number copyable in one tap
inst-0687,1,Flow & Information Architecture,3,"Make the rows under ""Information"" read as two kinds."
inst-0687,2,Content & Information,4,Add more info under the tagline
inst-0687,3,Functionality & Behavior,4,"Let me request an update check from the ""last checked for updates"" line."
inst-0688,1,Flow & Information Architecture,3,"Group the list by kind of mail, not time."
inst-0688,2,Content & Information,3,Make clear which account this mailbox belongs to.
inst-0688,3,Style,3,Make the search field feel tappable and distinct from the pills.
inst-0689,1,Content & Information,3,Make account information consistent beneath each follower’s name.
inst-0689,2,Layout & Hierarchy,3,Make the two options carry equal weight across the width.
inst-0690,1,Environment,4,Move this screen to desktop.
inst-0690,2,Flow & Information Architecture,1,"Split the follower list into not-followed-back first, already-following below, each group with a count heading."
inst-0691,1,"Situation, Context & Scenario",4,Change to a different target audience.
inst-0691,2,Flow & Information Architecture,4,Change how account details are grouped.
inst-0692,1,Content & Information,1,"Add one clipped line of episode summary under the season line, above the host row."
inst-0692,2,Layout & Hierarchy,2,Emphasize the remaining time under the progress bar.
inst-0693,1,Environment,2,Rebuild the whole screen for a wide desktop.
inst-0693,2,Flow & Information Architecture,2,Split the task list into status groups.
inst-0693,3,Style,2,"Replace every red accent, tone down the meeting card."
inst-0694,1,Layout & Hierarchy,2,Change the position of the following date.
inst-0694,2,Style,3,Make the following state immediately recognizable.
inst-0695,1,Flow & Information Architecture,4,Change how the saved files list is organized.
inst-0695,2,Style,3,The top should read as the heaviest on screen.
inst-0696,1,Layout & Hierarchy,3,Make course content appear sooner while keeping the city image recognizable.
inst-0696,2,Functionality & Behavior,4,"Set up the first lesson’s ""Preview"" differently."
inst-0696,3,Style,1,"Alternate white and light gray lesson rows, keeping the lesson numbers and preview button red."
inst-0697,1,"Situation, Context & Scenario",3,Should let someone pick and book a nearby dental clinic.
inst-0697,2,Environment,2,Rebuild this for desktop and relocate the bottom tabs.
inst-0697,3,Content & Information,1,Add a smaller gray line under the count with the search area and how far out it reaches.
inst-0698,1,Content & Information,2,Make the Details label indicate the field is optional.
inst-0699,1,Functionality & Behavior,2,Add a notify-when-streaming-returns option to the buttons below the text.
inst-0700,1,Environment,2,Rework the screen for desktop.
inst-0700,2,Flow & Information Architecture,2,Group related items in the benefit list.
inst-0700,3,Style,2,Change the color of the primary button.
inst-0701,1,Environment,3,Move the screen to desktop so video and people show together.
inst-0701,2,Flow & Information Architecture,1,"Merge the tiles and text rows into one list split into ""on camera"" and ""no video"" groups with counts, and drop the heading."
inst-0701,3,Style,1,Fill each control as a circle in gray lighter than the panel with white icons; keep mic and leave colors.
inst-0702,1,Environment,1,"Turn focus session screen into a smartwatch card centered on remaining time, retaining progress and removing service/workspace details."
inst-0703,1,Layout & Hierarchy,4,Change the order of the Keep and Delete buttons.
inst-0704,1,Environment,2,Rebuild this for desktop and move the bottom tab bar.
inst-0704,2,Flow & Information Architecture,2,The feature rows run flat — group them by type.
inst-0705,1,"Situation, Context & Scenario",1,Make event details a seller check-in brief; replace bottom reservation area with assigned booth and setup status.
inst-0706,1,Flow & Information Architecture,1,"Make the card one vertical story, placing the bedtime window between the introduction and numbered guidance."
inst-0706,2,Style,4,Make the header feel different.
inst-0707,1,"Situation, Context & Scenario",2,Rewrite the top post as a language-study log.
inst-0707,2,Content & Information,1,"Put two or three reactor names and an ""and others"" count before the totals line above the buttons."
inst-0708,1,Functionality & Behavior,1,"Add a left-aligned sort label above the list with price and ship date, current one in orange."
inst-0708,2,Layout & Hierarchy,3,"""You viewed recently"" shouldn't read as a second main section."
inst-0709,1,Flow & Information Architecture,3,Make consecutive posts from one person read as one contribution.
inst-0710,1,"Situation, Context & Scenario",2,"Put student name and level in the title, show last practice."
inst-0711,1,"Situation, Context & Scenario",3,Help mobility-device users judge whether they can visit.
inst-0712,1,Environment,1,"Fill the watch face — drop thumbnails, subtitle, footer note, stack the three names and pin buttons in rows."
inst-0713,1,Layout & Hierarchy,1,Reduce the event image to about two-thirds of its current size beside the vertically centered event information.
inst-0714,1,Environment,2,Rework the whole screen into a desktop layout.
inst-0715,1,Layout & Hierarchy,3,Make completing signup clearly feel like the main priority.
inst-0716,1,Environment,1,"Make it a wide desktop layout, month labels in a left column, so no row text is clipped."
inst-0717,1,"Situation, Context & Scenario",2,Change the screen for workspace administrators.
inst-0717,2,Layout & Hierarchy,2,Reposition the actions in the team-document rows.
inst-0717,3,Functionality & Behavior,2,Add bulk recovery to the “Trash” heading.
inst-0718,1,Flow & Information Architecture,3,Make the guidance and task feel distinct.
inst-0718,2,Content & Information,1,Add a short second line to the expiry note with expected delivery timing and where to look.
inst-0718,3,Functionality & Behavior,1,"Place ""Contact support"" beside ""Sign in"" as a compact pair of secondary links."
inst-0719,1,Environment,4,Make this a desktop screen.
inst-0719,2,Flow & Information Architecture,1,"Split the ""What gets removed"" list into two labelled groups: deleted now, deleted later."
inst-0719,3,Content & Information,4,Show more detail in the account block up top.
inst-0720,1,Layout & Hierarchy,1,"Expand the main white card to the screen edges, keeping its content comfortably inset."
inst-0721,1,Flow & Information Architecture,3,"Ask only the broad kind here, the specific reason later."
inst-0722,1,"Situation, Context & Scenario",3,Make it support language learning and show expected difficulty.
inst-0722,2,Flow & Information Architecture,1,"Turn the lesson queue into connected, numbered vertical steps with one lesson per stage."
inst-0723,1,"Situation, Context & Scenario",2,Make the course line and narrator run-based; swap the side button.
inst-0723,2,Style,3,"Make it dark and high-contrast, readable in bright sun."
inst-0724,1,"Situation, Context & Scenario",1,"Turn the help and support screen into a seller hub, replacing shopper guidance with seller operations guidance."
inst-0724,2,Layout & Hierarchy,4,Change where the Contact support section appears.
inst-0724,3,Functionality & Behavior,4,Add a way to expand FAQ rows.
inst-0725,1,Functionality & Behavior,1,"Add a compact ""Cancel"" button beside ""Resend"" in each pending invitation row."
inst-0726,1,Layout & Hierarchy,2,"Make the in-progress step under ""Status"" stand out."
inst-0727,1,Environment,2,Adapt the screen for desktop.
inst-0728,1,Flow & Information Architecture,2,Group the purchase options and delivery quantity together.
inst-0728,2,Content & Information,4,Add billing information to the purchase summary bar.
inst-0728,3,Style,1,"Give the product summary card a white background, dark gray outline, and narrow dark green top accent."
inst-0729,1,Environment,3,Make it read as a desktop screen using the full width.
inst-0729,2,Flow & Information Architecture,2,"Group the list under ""Open for funding"" by property type."
inst-0729,3,Content & Information,1,Add one line under the split text showing the average target yield of selected properties.
inst-0730,1,Environment,4,Adapt the screen for desktop use.
inst-0730,2,Flow & Information Architecture,3,Make preferred payment methods come first regardless of type.
inst-0730,3,Content & Information,3,Make it easier to judge which saved methods are still relevant.
inst-0731,1,Content & Information,4,"Restructure the area under ""6 minutes left""."
inst-0731,2,Functionality & Behavior,2,Add a button to start practice from the widget.
inst-0731,3,Layout & Hierarchy,3,Make the minutes-left line read as the main message.
inst-0732,1,"Situation, Context & Scenario",2,Change the trip plan for field-service coordinators.
inst-0732,2,Environment,4,Adapt the screen for desktop.
inst-0733,1,"Situation, Context & Scenario",4,Lay this screen out differently.
inst-0733,2,Layout & Hierarchy,3,Make the recommended plan read first of the three.
inst-0734,1,Content & Information,1,Add a short note below the buttons about enabling camera access later in device settings.
inst-0734,2,Layout & Hierarchy,1,"Make the red uppercase label above the title slightly smaller and closer, forming a compact heading group."
inst-0735,1,Functionality & Behavior,4,Rework what sits in the top bar
inst-0735,2,Style,2,Change the color of the numbered section headings.
inst-0736,1,Style,1,"Keep the top-right button in place, with dark gray text in a pale gray outlined pill."
inst-0737,1,Flow & Information Architecture,3,Make the likely folders read apart from the rest.
inst-0738,1,"Situation, Context & Scenario",1,"Turn recipe detail into a kidney-friendly meal guide, with the nutrition summary focused on renal-diet nutrients."
inst-0739,1,Flow & Information Architecture,4,"Change how ""Your groups"" is organized."
inst-0740,1,"Situation, Context & Scenario",2,"Rework title, intro, and second lines as a team admin's bin."
inst-0740,2,Flow & Information Architecture,2,"Group the sections by time left, not state."
inst-0740,3,Style,2,Tone down each row's background and button.
inst-0741,1,Functionality & Behavior,4,Make the date range under the title selectable.
inst-0741,2,Layout & Hierarchy,4,Change the most-active-day note's order.
inst-0741,3,Style,4,Change the stacked bars’ color palette.
inst-0742,1,"Situation, Context & Scenario",1,"Change the top title from the evening Spanish review to a medication reminder, and add one line under it naming which family member it's for."
inst-0742,2,Environment,1,"On desktop split the card side by side: photo and big time left, days and settings right."
inst-0742,3,Flow & Information Architecture,1,Group the bottom two setting rows into a tinted block with a small heading above; leave the repeat note with the day row.
inst-0743,1,Environment,1,"Widen the card into two desktop columns — title left, station rows right, save on top."
inst-0743,2,Flow & Information Architecture,1,"Split the station list into labelled lifting and conditioning blocks, each numbered from one."
inst-0744,1,Content & Information,3,Let the top show what step comes next
inst-0745,1,Environment,2,Rework the screen for desktop.
inst-0746,1,"Situation, Context & Scenario",4,Change what this page is about.
inst-0746,2,Environment,4,"Move the screen to tablet, use the width well"
inst-0746,3,Flow & Information Architecture,1,"Split the service rows into same-day call-outs and scheduled projects, each with a small heading above."
inst-0747,1,Environment,3,Make the desktop guide spacious with clear content regions.
inst-0747,2,Flow & Information Architecture,2,Connect the right-column chapter list into one continuous journey.
inst-0747,3,Content & Information,2,Add starting location to the episode details panel.
inst-0748,1,Flow & Information Architecture,1,"Split the four options into playback and save groups, each with a small gray label and a divider between."
inst-0748,2,Functionality & Behavior,4,Change what stands out first in the top title row.
inst-0748,3,Style,4,Change the feel of the bottom Cancel.
inst-0749,1,"Situation, Context & Scenario",2,Turn this into a picker for the booked road-test centre.
inst-0749,2,Environment,4,Move this screen to a tablet.
inst-0749,3,Style,1,"Give the selected top row a pale blue fill, title in the check's blue."
inst-0750,1,Flow & Information Architecture,2,Separate the immediate next episode from later episodes in “Up Next”.
inst-0750,2,Content & Information,1,Add the episode release date after the host information on the same line.
inst-0750,3,Style,2,Change the audio cover treatment.
inst-0751,1,"Situation, Context & Scenario",1,"Make it a rehab patient's account: yellow block = week's prescribed sessions, activity rows prescribed exercises, steps → pain level."
inst-0751,2,Environment,1,"Rebuild for landscape tablet: profile and yellow week block left, exercise and account lists right, tabs vertical."
inst-0751,3,Layout & Hierarchy,2,Make the three numbers under the yellow block catch the eye first.
inst-0752,1,"Situation, Context & Scenario",1,Make the saved item a property listing and collections buyer folders; put the buyer's name where private/shared is.
inst-0752,2,Flow & Information Architecture,1,"Split the folder list into two labelled groups — touring buyers first, dormant ones below."
inst-0752,3,Content & Information,4,Change what the top card shows first
inst-0753,1,Environment,2,Rebuild the entire quiz screen for wide desktop.
inst-0754,1,Content & Information,3,Make personal learner and school-managed login paths clear.
inst-0755,1,Functionality & Behavior,4,Let users control order from the chip row too
inst-0756,1,Content & Information,3,Show this meal’s share of the daily calorie allowance.
inst-0757,1,Style,1,"Put each of the three coupon rows on a light gray rounded band, drop the dividers."
inst-0758,1,Environment,2,Adapt the app screen for desktop.
inst-0758,2,Layout & Hierarchy,2,Emphasize the timer section more.
inst-0758,3,Functionality & Behavior,2,Add a way to invite participants in the header.
inst-0759,1,Environment,4,Make this screen work on desktop.
inst-0759,2,Functionality & Behavior,1,Add a swap-currency button at the right end of the conversion line so the amount can be entered in euros.
inst-0759,3,Layout & Hierarchy,4,Change what stands out first in that card.
inst-0760,1,"Situation, Context & Scenario",1,Change the personal-finance documentary detail screen to beginner home workouts; replace the expert section with an equipment-and-difficulty summary.
inst-0761,1,Content & Information,3,Make clear at a glance whether the refund includes shipping.
inst-0762,1,Flow & Information Architecture,4,Structure featured offer and coupon list differently
inst-0763,1,Content & Information,2,Add a location and photo credit caption to the top photo
inst-0764,1,Flow & Information Architecture,1,"Move the highlighted first track into a now-playing block above the heading, keeping the rest together below."
inst-0765,1,"Situation, Context & Scenario",2,Make this a tutor feed with student bookings and homework.
inst-0766,1,Flow & Information Architecture,2,Vary the emphasis within Listener reviews.
inst-0766,2,Content & Information,2,Add the genre to the album metadata.
inst-0766,3,Style,4,Give the album artwork a different feel.
inst-0767,1,Content & Information,1,Add one compact line beneath the trip date showing flight and stay confirmation status.
inst-0767,2,Style,2,Update the styling of the trip card.
inst-0768,1,Content & Information,1,"Add a one-line version identifier below the ""Effective Date"" row in the document metadata."
inst-0769,1,Environment,4,Adapt this screen for desktop.
inst-0769,2,Layout & Hierarchy,2,Rearrange the course editing form.
inst-0770,1,Flow & Information Architecture,3,"Make quiz progression feel like one focused, linear flow."
inst-0770,2,Content & Information,3,Make the remaining quiz time clear at a glance.
inst-0770,3,Functionality & Behavior,3,Let learners save the current question to revisit after the quiz.
inst-0771,1,"Situation, Context & Scenario",4,Change the order information appears
inst-0771,2,Layout & Hierarchy,1,"Place ""Archive"" above with stronger emphasis, and keep ""Delete permanently"" as the lower secondary action."
inst-0772,1,"Situation, Context & Scenario",1,"Make this the artist help centre — hero, both question groups and contact rows about uploads and payouts, and swap the bottom tab for releases."
inst-0772,2,Flow & Information Architecture,4,Rework the how-to list's reading order.
inst-0773,1,"Situation, Context & Scenario",1,"Turn the order summary card into a grocery order review, replacing artist details with substitution preferences."
inst-0774,1,Layout & Hierarchy,1,"Big countdown and ""min left"" directly under the green label, room title below them, smaller."
inst-0775,1,"Situation, Context & Scenario",1,Turn the sign-in verification screen into a patient portal with secure health-record service name and supporting message.
inst-0775,2,Layout & Hierarchy,1,Place the alternate verification explanation and resend action side by side in a compact row beneath the divider.
inst-0775,3,Style,2,Change the screen’s overall color palette.
inst-0776,1,Environment,1,"Make it a desktop layout with the featured block and stay list side by side, bottom tabs moved to a left vertical nav."
inst-0776,2,Functionality & Behavior,1,"Add a price/rating sort next to ""See all"" in the last section header."
inst-0776,3,Layout & Hierarchy,1,"Move the location pill from the right edge to just under the title, slightly smaller."
inst-0777,1,"Situation, Context & Scenario",2,"Change the editor content for agents, fitting it to property tours."
inst-0777,2,Environment,3,Make the screen desktop-friendly for precise editing.
inst-0777,3,Flow & Information Architecture,1,"Split crop controls into composition then perspective, with Ratio and Zoom under composition and remaining adjustments under perspective."
inst-0778,1,"Situation, Context & Scenario",3,Should read as businesses rating a person they hired.
inst-0778,2,Flow & Information Architecture,3,Show at a glance whether reviews are praise or complaints.
inst-0778,3,Style,4,Rating bars need a different tone.
inst-0779,1,Environment,4,Change the screen to a tablet layout.
inst-0779,2,Functionality & Behavior,2,Add product search to the “Browse” button.
inst-0779,3,Style,1,Give the illustration panel a dark navy background and show the bag in white and existing lime green.
inst-0780,1,"Situation, Context & Scenario",4,Change what appears first.
inst-0780,2,Layout & Hierarchy,3,Make requests easier to scan before opening them.
inst-0781,1,Environment,4,Adapt the screen for desktop.
inst-0781,2,Content & Information,1,Add a compact reported-post preview below the introduction with the author and a one-line excerpt.
inst-0781,3,Layout & Hierarchy,4,Change how the report card content is divided.
inst-0782,1,Flow & Information Architecture,1,"Group the recent account and the ""or"" rows at top under one heading, email/password below under its own."
inst-0782,2,Functionality & Behavior,1,"Add a centered text action ""Browse without signing in"" directly beneath the Sign in button."
inst-0782,3,Style,1,Make the Email and Password fields white with a thin gray outline instead of the gray fill.
inst-0783,1,Content & Information,2,State the speaking skill learners will gain in the lesson summary.
inst-0783,2,Functionality & Behavior,1,Add a compact audio button beside the “Quick Check” heading to play the example aloud.
inst-0784,1,Style,2,"The answer card blends in, so rework its border and corners."
inst-0784,2,Functionality & Behavior,3,Let readers keep this answer for later.
inst-0785,1,Environment,3,Make the screen use desktop space without making discussion feel sparse.
inst-0785,2,Content & Information,1,"Add a small ""Instructor"" badge beside the author name on the indented reply."
inst-0786,1,Environment,3,"Make it read as a wide desktop view, not one column."
inst-0786,2,Functionality & Behavior,3,Let users sort collections by item count or recent updates.
inst-0787,1,Functionality & Behavior,2,"Add an ""Edit goal"" button to the card header."
inst-0787,2,Style,4,Give the circular progress a different feel.
inst-0788,1,Flow & Information Architecture,1,"Make the date and time selection form numbered steps: date first, time second."
inst-0789,1,Content & Information,1,"Add the total of the listed amounts at the right end of the ""Recent charges"" heading, same dark weight as the amounts below."
inst-0790,1,Environment,3,Make the screen use wider space and desktop navigation patterns.
inst-0790,2,Flow & Information Architecture,3,Make stays easier to scan by area.
inst-0790,3,Functionality & Behavior,2,Add a travel-time filter to the weekend trips header.
inst-0791,1,Environment,1,"Make the screen a tablet layout — widen the card, heading, goal value and slider on the left, adjustment row and closing note on the right."
inst-0791,2,Functionality & Behavior,1,"Add an outlined ""Discard changes"" button left of the save button, same row."
inst-0791,3,Style,1,"Thicken the slider track into a rounded gray bar, fill it with the save button magenta, and make the knob a magenta circle with a white inner ring."
inst-0792,1,Flow & Information Architecture,1,Make “Retry” step one and “Review connection” step two in a numbered recovery sequence.
inst-0793,1,Flow & Information Architecture,1,Split the Latest card into today and earlier groups with headings; rows keep only the category.
inst-0794,1,Flow & Information Architecture,3,Organize everything by the task it supports.
inst-0794,2,Content & Information,2,Show the signed-in account in the header description.
inst-0794,3,Style,3,Make the current destination feel more strongly branded.
inst-0795,1,"Situation, Context & Scenario",2,Adapt the scheduling card for parents booking tutoring sessions.
inst-0795,2,Flow & Information Architecture,4,"Change the date, start time, duration order."
inst-0795,3,Content & Information,1,Add a compact line below the tutoring summary showing the student's name and grade.
inst-0796,1,Content & Information,3,Should show roughly when the next milestone lands at this pace.
inst-0796,2,Functionality & Behavior,1,"Add a full-width share button at the card bottom, progress-bar orange with white text."
inst-0796,3,Layout & Hierarchy,3,"The badge name should lead the card, not the photo."
inst-0797,1,Style,4,Change how the bottom buttons feel.
inst-0798,1,Flow & Information Architecture,3,Show at a glance whether stays are seaside or in town
inst-0799,1,Functionality & Behavior,2,Swap the watchlist header's saved count for a sort control.
inst-0800,1,Environment,4,Adapt the screen for desktop.
inst-0801,1,Environment,4,Adapt this screen for desktop use.
inst-0801,2,Content & Information,3,Let learners judge ability fit before joining.
inst-0802,1,Flow & Information Architecture,2,Group the flat filter rows into two stages.
inst-0802,2,Style,4,Make the top match-count banner's tone different.
inst-0803,1,Content & Information,4,Change the variant information in product details.
inst-0803,2,Style,2,"Change the ""Save"" panel’s sense of depth."
inst-0804,1,Environment,1,"Recast the sheet as a centered desktop dialog twice as wide, with Send at the bottom right."
inst-0804,2,Content & Information,3,Show what recipients can do before sending.
inst-0805,1,"Situation, Context & Scenario",3,Help parents and caregivers find family volunteering opportunities.
inst-0805,2,Flow & Information Architecture,3,Prioritize caregivers’ family suitability assessment over secondary details.
inst-0805,3,Content & Information,3,Explain why the visible opportunities fit the family.
inst-0806,1,"Situation, Context & Scenario",1,"Turn the wallet into a company travel allowance screen, replacing the funding button with “Request more”."
inst-0806,2,Functionality & Behavior,1,"Add a compact expense report button to the right of the ""Recent activity"" heading."
inst-0806,3,Style,1,Give the top bar a navy background with a white title and white icons.
inst-0807,1,"Situation, Context & Scenario",3,Make it a supplier payment confirmation with invoice balance.
inst-0807,2,Flow & Information Architecture,3,Make the middle detail rows read as two kinds.
inst-0807,3,Functionality & Behavior,3,Let users send this receipt to the supplier here.
inst-0808,1,Environment,3,Make the screen feel native on desktop.
inst-0808,2,Layout & Hierarchy,2,Change the position of the comments section.
inst-0809,1,Environment,4,Change the screen to a smartwatch view.
inst-0809,2,Content & Information,2,Add project information to the task details.
inst-0809,3,Functionality & Behavior,3,Allow the session to be ended directly.
inst-0810,1,Content & Information,2,Each standings row should also show this week's movement.
inst-0810,2,Layout & Hierarchy,3,Top rank area reads as two pieces; make it one.
inst-0810,3,Style,2,"The two section header lines look faint, strengthen their tone."
inst-0811,1,"Situation, Context & Scenario",2,Change the confirmation panel to an account suspension review.
inst-0811,2,Environment,2,Widen the page workspace on desktop.
inst-0811,3,Style,3,Make the decision feel unmistakably serious yet restrained.
inst-0812,1,Environment,4,Make the screen a desktop layout.
inst-0812,2,Flow & Information Architecture,2,Group the lesson list by section.
inst-0812,3,Style,4,Change the empty band's colour above the course card
inst-0813,1,Flow & Information Architecture,3,Group promotions with the pricing details they affect.
inst-0814,1,Style,2,Text in the purple charge block is faint — make it crisper.
inst-0815,1,Style,2,Make the follower list avatars different for each person.
inst-0816,1,Content & Information,4,Change what the note under send says.
inst-0817,1,"Situation, Context & Scenario",2,Update the About screen for a family budgeting service.
inst-0817,2,Layout & Hierarchy,3,Prioritize the service overview and family trust over release details.
inst-0818,1,Flow & Information Architecture,2,"Group the notes under ""Also related"" by relation type."
inst-0818,2,Style,1,"Make the top match card navy with white text, chip and button white-outlined."
inst-0819,1,Functionality & Behavior,1,Add a small clear button at the trailing edge inside the maximum nightly price field.
inst-0820,1,Layout & Hierarchy,3,The title should read before the rows below it.
inst-0821,1,"Situation, Context & Scenario",3,Support couriers coordinating active deliveries.
inst-0821,2,Environment,1,"Center the desktop main area as two columns: caller details left, delivery stop and call controls stacked right."
inst-0821,3,Functionality & Behavior,4,Change what stands out in call controls
inst-0822,1,"Situation, Context & Scenario",3,Make this show who's booked and with which therapist.
inst-0822,2,Environment,2,Rebuild the whole screen layout for tablet.
inst-0822,3,Layout & Hierarchy,3,"Month stepping is the row's main control, toggle separate."
inst-0823,1,"Situation, Context & Scenario",2,Change the article topic and intended audience.
inst-0823,2,Flow & Information Architecture,1,"Turn the practice list into three compact groups for before, during, and after the discussion, with nested actions."
inst-0823,3,Style,4,Change the hero illustration’s feel.
inst-0824,1,"Situation, Context & Scenario",1,Make this a donor-facing campaign progress page; swap the next-transfer row for campaign time left.
inst-0824,2,Content & Information,4,Change what the top photo shows.
inst-0824,3,Style,3,"Make the accent read as the campaign color, all one family."
inst-0825,1,Layout & Hierarchy,3,Make destructive account actions distinct from routine account actions.
inst-0826,1,Flow & Information Architecture,1,"Turn the impact list into a compact three-stage timeline: access removal, content erasure, then recovery period."
inst-0826,2,Content & Information,2,Add affected shared workspaces to the account summary.
inst-0827,1,"Situation, Context & Scenario",2,Convert account creation to artist setup and remove social sign-up.
inst-0827,2,Content & Information,1,"Add a compact ""Artist Name"" field above ""Email"" in the signup form."
inst-0828,1,"Situation, Context & Scenario",2,Make the tagline name the clinic site and the tech's role.
inst-0828,2,Style,2,Make the loading bar and its label read like equipment status.
inst-0829,1,Flow & Information Architecture,4,Restructure the sequence of the task instructions.
inst-0829,2,Content & Information,4,Add more content to the header lesson information.
inst-0829,3,Style,4,Change the look of the sentence sheet.
inst-0830,1,Layout & Hierarchy,3,Make workout context and timing easier to scan in less space.
inst-0830,2,Style,2,Update the live indicator styling.
inst-0831,1,Environment,2,Switch the whole booking screen to desktop.
inst-0831,2,Content & Information,2,Add a taxes-and-fees-included total to the card's price summary.
inst-0832,1,Content & Information,2,Show the cancellation deadline and refund eligibility in the confirmation summary.
inst-0833,1,Layout & Hierarchy,2,Merge the logo square and app name into one unit.
inst-0834,1,Environment,1,"On desktop, center the invitation screen in two columns: form left, pending invitations right."
inst-0835,1,Layout & Hierarchy,2,Move each row's quantity stepper somewhere else.
inst-0836,1,Layout & Hierarchy,4,Change what stands out in the caption
inst-0836,2,Functionality & Behavior,1,Add a compact bookmark button to the top bar immediately before the close button.
inst-0837,1,"Situation, Context & Scenario",1,"Make the transfer screen for overseas supplier payments, with invoice reference replacing the memo."
inst-0837,2,Flow & Information Architecture,4,Change the payment details card structure.
inst-0838,1,"Situation, Context & Scenario",1,"Turn the visual picker into a classroom feedback badge picker for teachers, replacing stickers."
inst-0838,2,Flow & Information Architecture,2,Reorganize the selection flow in the picker body.
inst-0838,3,Content & Information,1,Add one short line below the selected badge name explaining its student-facing feedback meaning.
inst-0839,1,Content & Information,2,Add a message count to each group heading.
inst-0839,2,Layout & Hierarchy,3,"Filters should read as screen-wide, pinned card as first content."
inst-0839,3,Style,2,Pink highlights all pop — tone them down.
inst-0840,1,Layout & Hierarchy,4,Change the recovery signals list order.
inst-0841,1,"Situation, Context & Scenario",4,Change what this screen is about.
inst-0842,1,Functionality & Behavior,3,Make note search directly accessible.
inst-0842,2,Style,3,Make the process feel more visually rhythmic.
inst-0843,1,Flow & Information Architecture,1,"Split the answer and submission area into stacked panels: choices first, then check action and helper text."
inst-0843,2,Content & Information,1,Replace the right-hand completion percentage with a compact label showing the current question’s difficulty.
inst-0844,1,Style,1,"Make the card background near-black, headline white, body and fine print light gray; keep the orange button and link as the only warm color."
inst-0844,2,Layout & Hierarchy,4,Put the nearby circles chip somewhere else.
inst-0845,1,"Situation, Context & Scenario",4,Make the situation feel different.
inst-0845,2,Layout & Hierarchy,3,Make keeping the booking feel safer and more prominent.
inst-0845,3,Functionality & Behavior,3,Let diners modify their booking instead of canceling it.
inst-0846,1,"Situation, Context & Scenario",3,"Make this a driver's licence test prep screen, not onboarding."
inst-0846,2,Functionality & Behavior,4,Rework what's in the top bar.
inst-0846,3,Layout & Hierarchy,2,Relocate the small helper line above the red button.
inst-0847,1,Environment,3,Make the screen comfortable on tablet without disrupting the purchase flow.
inst-0847,2,Content & Information,1,"Add an annual option beside the monthly option, showing its billing period and savings."
inst-0847,3,Layout & Hierarchy,2,Rearrange the paywall body.
inst-0848,1,Flow & Information Architecture,2,Group the three middle blocks into two.
inst-0848,2,Content & Information,4,The product row needs more detail shown.
inst-0848,3,Functionality & Behavior,1,Add a one-line cancellation reason picker right above the dark confirm button.
inst-0849,1,Environment,2,Change the Activity screen layout for tablet.
inst-0850,1,Content & Information,4,Show more prep detail in the pinned session block.
inst-0851,1,Content & Information,1,Add a small gray line with the upcoming episode title and runtime below the channel line.
inst-0852,1,Functionality & Behavior,3,Let users leave without pinning the plan.
inst-0852,2,Layout & Hierarchy,3,Make room in the header for another action.
inst-0852,3,Style,3,Make the pinning prompt stand out with purple accents.
inst-0853,1,"Situation, Context & Scenario",1,"Turn the hobby chips into services offered, add a starting rate line under the display name."
inst-0853,2,Flow & Information Architecture,4,Group the three middle sections differently.
inst-0853,3,Functionality & Behavior,3,Let them check the client view before moving on.
inst-0854,1,Layout & Hierarchy,2,Rearrange the tutorial progress indicator.
inst-0855,1,Content & Information,1,"Add a two-line note list right under the photo, one per pin: number, author initials, one comment line."
inst-0856,1,Flow & Information Architecture,3,Make related answers easy to find together by topic.
inst-0857,1,Style,1,"Fill the three rows with the beige behind the card, add left-right breathing room, darken dividers one shade."
inst-0858,1,Content & Information,1,Add one compact line below the purchase count showing the remaining items’ combined price.
inst-0858,2,Layout & Hierarchy,1,"Keep completed items below unfinished ones, and make them more compact with subtler images and details."
inst-0859,1,Flow & Information Architecture,3,Make the order alone show which settings still need attention.
inst-0859,2,Functionality & Behavior,1,Add a white pill button right of the note line in the blue card that starts the step.
inst-0860,1,Flow & Information Architecture,2,Change the product list to show a ranking.
inst-0860,2,Content & Information,1,Add a short rating and review summary at the end of each product detail line.
inst-0860,3,Functionality & Behavior,1,Add a small bookmark button beside each product price in the ranking.
inst-0861,1,Functionality & Behavior,2,Add an edit link to the stay details line.
inst-0862,1,Environment,4,Adapt the screen for desktop.
inst-0862,2,Functionality & Behavior,1,Add a stay-signed-in checkbox below the password recovery row and above the sign-in button.
inst-0862,3,Style,1,"Make the top bar dark navy, with the service name and help link white."
inst-0863,1,Content & Information,1,"Add one line under the address with number of nights and check-out date, same small gray."
inst-0863,2,Functionality & Behavior,3,Let users start check-in from this card.
inst-0863,3,Layout & Hierarchy,1,"Move the countdown to its own line under the title, much larger; app name one step smaller."
inst-0864,1,Layout & Hierarchy,4,Rework what reads first: code or Copy
inst-0865,1,Environment,1,Turn the overall achievement screen into a tablet layout with the achievement card centered on a wider canvas.
inst-0865,2,Layout & Hierarchy,3,Strengthen the achievement identity and use space efficiently.
inst-0865,3,Content & Information,4,Change the order below the milestone panel
inst-0866,1,"Situation, Context & Scenario",1,"Make this a patient check-in feed — rows show prescribed session and outcome, like/comment counts become a reviewed marker."
inst-0866,2,Flow & Information Architecture,4,Rework what comes first in check-ins
inst-0866,3,Content & Information,2,Add therapist name and unreviewed check-in count to the top bar.
inst-0867,1,Environment,2,Change the screen for desktop.
inst-0868,1,Style,3,Card floats; make it read like a flat printed slip.
inst-0869,1,Environment,3,Change the screen to desktop for easier date-group comparison.
inst-0870,1,Layout & Hierarchy,3,Make expiring items catch the eye before the saved list.
inst-0871,1,Flow & Information Architecture,3,Make each listening status easy to scan in sequence.
inst-0871,2,Functionality & Behavior,1,"Replace the track total right of ""Recordings"" with a compact title-and-duration sort button."
inst-0872,1,Content & Information,2,Add connection status to the progress details area.
inst-0872,2,Layout & Hierarchy,4,Change the button arrangement in the bottom area
inst-0872,3,Style,4,Change the upload progress bar’s end styling.
inst-0873,1,Environment,4,Switch the screen to tablet.
inst-0873,2,Content & Information,3,Readers should know what changed in this version first.
inst-0873,3,Layout & Hierarchy,1,"Numbered section headings blend into the body — make them much bigger, with more space above than below."
inst-0874,1,Functionality & Behavior,2,Add manual code entry to the instruction panel.
inst-0874,2,Layout & Hierarchy,1,"Keep all three scanner controls in one row, with the middle scan control wider than both side controls."
inst-0875,1,Flow & Information Architecture,4,Rework how the instructors are listed.
inst-0875,2,Style,1,"Make both bottom buttons pills, fill the wide one deeper green than the chips, keep Reset white."
inst-0876,1,"Situation, Context & Scenario",3,Offer busy families weekly meal ideas by time commitment.
inst-0876,2,Flow & Information Architecture,3,Make it read as an ordered journey from planning to preparation.
inst-0876,3,Style,4,Make the featured card feel different.
inst-0877,1,"Situation, Context & Scenario",1,"Make the text beside the photo a workplace team step challenge, calories line → team rank"
inst-0877,2,Environment,1,"Widget as one narrow column for a smartwatch face, drop the photo, keep number and bar."
inst-0877,3,Functionality & Behavior,1,Add a full-width pill button right below the updated-time line that opens the full standings.
inst-0878,1,Environment,4,Make this screen for desktop.
inst-0878,2,Content & Information,4,Add more info to each Properties row.
inst-0878,3,Style,1,"Recolour the top total card deep navy, keep the amount white, make the status pill text navy."
inst-0879,1,"Situation, Context & Scenario",4,Make the overall organization feel different.
inst-0879,2,Content & Information,2,Add the covered service period to each invoice row.
inst-0880,1,Flow & Information Architecture,3,Make the curriculum feel like a progressive learning path.
inst-0880,2,Functionality & Behavior,4,Change what's in the curriculum heading.
inst-0881,1,"Situation, Context & Scenario",4,Rework what situation this screen is for.
inst-0881,2,Layout & Hierarchy,2,Make the progress bar at the top stand out more.
inst-0882,1,Functionality & Behavior,2,Add a clear-all action to the reasons header.
inst-0883,1,Flow & Information Architecture,3,Make pending and mutual followers clear at a glance.
inst-0884,1,"Situation, Context & Scenario",2,Change the group profile to a volunteer organization profile.
inst-0884,2,Functionality & Behavior,3,Let prospective volunteers contact organizers before committing.
inst-0885,1,"Situation, Context & Scenario",3,Make this about closing a departing teammate's account and their files.
inst-0885,2,Layout & Hierarchy,3,Make keeping read as the default and deleting take a second look.
inst-0886,1,"Situation, Context & Scenario",3,Enable transfer approval after reviewing recipient and payment total.
inst-0886,2,Layout & Hierarchy,2,Change the position of the security note.
inst-0886,3,Style,1,"Retain the six code boxes’ row and size, with white fills, thin navy outlines, and less-rounded corners."
inst-0887,1,Content & Information,4,Rework what the 'Try another way' rows say.
inst-0887,2,Layout & Hierarchy,3,"Make ""Didn't get the text?"" one block with the button above."
inst-0887,3,Style,1,"Replace the six code boxes with thick dark gray underlines, last one green like the button."
inst-0888,1,Content & Information,4,Add sync information to the bottom-right source note.
inst-0889,1,Functionality & Behavior,3,Let me compare the edited result against the original directly.
inst-0890,1,Style,1,Give all three cards dark gray outlines and remove their shadows for a flatter look.
inst-0891,1,Environment,4,"Move this screen to a smartwatch, one thing at a time"
inst-0892,1,Flow & Information Architecture,2,Separate the three terms clauses.
inst-0892,2,Functionality & Behavior,2,Replace the consent-date note with a decline-and-exit action.
inst-0893,1,"Situation, Context & Scenario",1,Turn the move panel into a recipe-to-meal-plan mover with prep and cooking time in the preview.
inst-0894,1,Layout & Hierarchy,3,Make times read right after the step numbers.
inst-0895,1,Flow & Information Architecture,1,"Make the lower information area one timeline: compact trip-and-place summary, then recording start and markers chronologically."
inst-0895,2,Functionality & Behavior,3,Let users rename the recording without leaving the screen.
inst-0895,3,Style,4,Give the waveform a different feel.
inst-0896,1,Environment,4,Switch the screen to desktop.
inst-0896,2,Layout & Hierarchy,3,Make the stay name lead and 'Unpin from top' read secondary.
inst-0896,3,Style,4,Restyle the pin buttons on each row.
inst-0897,1,Environment,1,Make this a desktop page with wide centered content and primary navigation on the left.
inst-0897,2,Flow & Information Architecture,4,Make what stands out in reviews different.
inst-0897,3,Style,2,Make the rating overview card feel flatter and more integrated.
inst-0898,1,"Situation, Context & Scenario",3,Change it for venue crews and show needed operational information.
inst-0898,2,Flow & Information Architecture,4,Change the set schedule’s sequence and flow structure.
inst-0899,1,Environment,4,Adapt the screen for desktop.
inst-0899,2,Layout & Hierarchy,2,Change the completion card layout.
inst-0900,1,"Situation, Context & Scenario",1,"Make the stay lists a scout's shoot locations — day rate, permit status, shoot dates instead of guests."
inst-0900,2,Environment,2,Change the screen to a desktop layout.
inst-0901,1,Content & Information,3,Make the renewal date visible too.
inst-0901,2,Functionality & Behavior,2,Make the verification status badge open the verification details.
inst-0901,3,Layout & Hierarchy,3,Make account security appear earlier in the page flow.
inst-0902,1,Flow & Information Architecture,1,"String 01–03 as circles on a vertical line at left, fill the first teal, drop dividers."
inst-0902,2,Functionality & Behavior,4,Make the bottom button do more.
inst-0902,3,Content & Information,1,"Add one line under the supporting sentence with free members and storage, same gray, slightly smaller."
inst-0903,1,Environment,2,Adapt the screen for desktop.
inst-0903,2,Content & Information,3,Make each collection’s current storefront position explicit.
inst-0904,1,Content & Information,3,Show at a glance whether the average rose or fell.
inst-0904,2,Layout & Hierarchy,3,"Total sleep read first, date second."
inst-0905,1,Layout & Hierarchy,4,Change the confirmation header's visual order.
inst-0905,2,Style,1,"Make the ""Order Summary"" card white with a thin light-gray outline instead of peach."
inst-0905,3,Functionality & Behavior,4,Arrange the bottom button differently.
inst-0906,1,Content & Information,2,Rewrite the note under the button to name what's applied.
inst-0906,2,Layout & Hierarchy,3,"Make the intensity read with the filters, not the stickers."
inst-0906,3,Style,4,Change how the sticker chips feel.
inst-0907,1,Style,1,"Give the lead story card a very light purple background and purple outline, keeping its shape and content."
inst-0908,1,"Situation, Context & Scenario",4,Change the location chooser to another service.
inst-0908,2,Functionality & Behavior,4,Add filtering to the pickup-point results header.
inst-0909,1,Environment,1,"Rebuild as a wide desktop panel: icon, heading, note left, detail rows right, buttons side by side."
inst-0909,2,Functionality & Behavior,1,Add a small copy action with a copy icon right of the reference line at the card's bottom.
inst-0910,1,"Situation, Context & Scenario",2,Change the welcome section to introduce local volunteer help.
inst-0911,1,Environment,2,Adapt the whole screen for desktop
inst-0911,2,Layout & Hierarchy,2,Change the results list layout.
inst-0911,3,Functionality & Behavior,2,Add search saving to the results heading.
inst-0912,1,"Situation, Context & Scenario",2,Change this screen into reporting a money request.
inst-0912,2,Flow & Information Architecture,4,Group the reason list by kind.
inst-0912,3,Content & Information,4,Add something about the outcome to the review note.
inst-0913,1,"Situation, Context & Scenario",3,Help sales teams compare reps by weekly closed revenue.
inst-0913,2,Layout & Hierarchy,1,Stack the larger current rank above the gap to the next place and left-align both.
inst-0914,1,"Situation, Context & Scenario",2,Switch this screen to a patient's telehealth call.
inst-0914,2,Functionality & Behavior,2,Add a note button to the call control tiles.
inst-0915,1,"Situation, Context & Scenario",2,"Rewrite title, subline, and row wording into a maintenance request inbox."
inst-0915,2,Flow & Information Architecture,2,Regroup the two time-based sections by urgency.
inst-0915,3,Content & Information,2,Add a request count to each filter chip.
inst-0916,1,Style,4,Give the season chip beside Episodes a different look.
inst-0917,1,Content & Information,2,Clarify whether they can be invited back in the removal explanation.
inst-0918,1,Layout & Hierarchy,2,"Make the green button dominant, Cancel quieter."
inst-0919,1,"Situation, Context & Scenario",2,Make the card staff-side; show units held instead of price.
inst-0919,2,Flow & Information Architecture,1,"Split the middle rows into two groups with small grey headings — soon-to-be-cleared on top, rest below."
inst-0920,1,Layout & Hierarchy,1,"In the featured episode card, shrink artwork, center details, and place a larger play button far right."
inst-0921,1,Style,3,Make the primary action feel calmer and more trustworthy.
inst-0922,1,Style,3,Keep yellow only on the progress bar
inst-0923,1,Environment,3,Looks like a phone; make it read as a tablet sign-in.
inst-0923,2,Content & Information,2,Show account name and last sign-in in the greeting.
inst-0923,3,Layout & Hierarchy,4,Arrange the two other sign-in rows differently.
inst-0924,1,"Situation, Context & Scenario",2,Change the reminder editor for caregiver-managed medication.
inst-0924,2,Layout & Hierarchy,1,Move the time setting row directly below the large time display and above the recipient-and-dose line.
inst-0924,3,Functionality & Behavior,1,Add a compact change-recipient button at the end of the medication recipient line.
inst-0925,1,Environment,4,Adapt the screen for desktop.
inst-0925,2,Flow & Information Architecture,1,"Make the transfer setup a step-based form: choose recipient, enter amount, add details, finish with existing review."
inst-0925,3,Content & Information,3,Let senders verify where the money will go before continuing.
inst-0926,1,Environment,4,Move this screen to a smartwatch.
inst-0926,2,Layout & Hierarchy,4,Make the two bottom buttons differ in size
inst-0926,3,Style,4,Change the color feel of the timer card.
inst-0927,1,"Situation, Context & Scenario",3,Make it feel like a saved recipe collection for home cooks.
inst-0927,2,Layout & Hierarchy,1,Make the bottom button narrower and center it beneath the photograph.
inst-0928,1,Layout & Hierarchy,1,"Pull the score and stars into a centered full-width row above the bars, larger, count centered under."
inst-0928,2,Style,1,"Drop the divider lines, put each review on a light gray rounded block, initials circle white."
inst-0929,1,"Situation, Context & Scenario",1,"Turn the conversation into a volunteer event coordination thread, replacing meetup talk with availability and handoff details."
inst-0929,2,Layout & Hierarchy,1,Indent the second comment beneath the first and make its content area slightly narrower.
inst-0929,3,Style,1,"Make the header solid navy with white controls and title, keeping the supporting line secondary."
inst-0930,1,Functionality & Behavior,1,Add a small clear button inside the right end of the email field.
inst-0930,2,Layout & Hierarchy,1,Move the Sign in prompt to the bottom of the screen and keep it centered.
inst-0930,3,Style,1,"Change the top header to dark gray with white navigation, service name, and help text."
inst-0931,1,Flow & Information Architecture,2,Group the feature comparison table rows.
inst-0932,1,Environment,2,Change the booking screen for tablet.
inst-0932,2,Flow & Information Architecture,1,"Reorganize booking sections into left-side date and time choices, then right-side summary and confirmation."
inst-0932,3,Functionality & Behavior,3,Make dates outside the visible range accessible.
inst-0933,1,"Situation, Context & Scenario",2,"Drop the trip bookings row, add cash pickup point."
inst-0933,2,Flow & Information Architecture,4,Rework how the recent list is grouped.
inst-0933,3,Style,2,Make the top amount panel darker than the blocks below.
inst-0934,1,Style,1,Turn the right-side channel labels into compact blue pill badges with white text.
inst-0935,1,Functionality & Behavior,3,Let users narrow the list to one event kind here.
inst-0936,1,"Situation, Context & Scenario",4,Change how the screen is organized.
inst-0936,2,Flow & Information Architecture,3,Make the workout something people can follow in order.
inst-0936,3,Content & Information,2,Also add required equipment to the workout facts row.
inst-0937,1,Functionality & Behavior,2,Add a share action to the top header.
inst-0937,2,Layout & Hierarchy,2,Move the card with the arrow rows up.
inst-0937,3,Style,1,Fill the two unselected tabs with light gray and drop their outlines.
inst-0938,1,Content & Information,2,Add the total earned reward to Recent Referrals.
inst-0938,2,Layout & Hierarchy,4,Reorder the two sections below the invite card.
inst-0939,1,Content & Information,2,Show time and duration on the moved stop too.
inst-0939,2,Layout & Hierarchy,4,"Make the ""Ends at"" line catch the eye before the buttons."
inst-0940,1,Environment,4,Adapt the screen for tablet use.
inst-0940,2,Flow & Information Architecture,3,Make the sequence and current stage clear.
inst-0941,1,"Situation, Context & Scenario",3,Address patients whose clinic appointment booking failed.
inst-0941,2,Functionality & Behavior,2,Change the bottom link to contact the clinic directly.
inst-0942,1,"Situation, Context & Scenario",2,Change the map screen into a campus shuttle map.
inst-0942,2,Functionality & Behavior,1,Add a compact bell button beside the selected stop card’s primary action for departure reminders.
inst-0943,1,Functionality & Behavior,2,Add a share button to this card.
inst-0943,2,Layout & Hierarchy,1,Shrink the top photo to a small square and place it left of the title.
inst-0944,1,Environment,2,Change the screen to desktop.
inst-0944,2,Flow & Information Architecture,1,"Make ""Later today"" a stepped run from the session above, times as markers on the spine"
inst-0944,3,Style,3,Make the map read as background behind the panel.
inst-0945,1,Flow & Information Architecture,2,Separate the preferred method from the others in saved methods.
inst-0945,2,Functionality & Behavior,1,Add a compact make-default button at each other-method row’s end beside its account details.
inst-0945,3,Style,2,Make the preferred and other method groups visually distinct.
inst-0946,1,"Situation, Context & Scenario",1,"Change the monthly member goal to a neighborhood food drive, with donated-item total replacing member count."
inst-0946,2,Content & Information,1,Add one line beneath the deadline showing where to take collected items.
inst-0946,3,Layout & Hierarchy,1,"In the progress area, stack the ring above the details and center the group on screen."
inst-0947,1,Content & Information,3,Let readers judge each block's intensity before joining.
inst-0947,2,Functionality & Behavior,1,"Make the bottom attendee line purple with a chevron on the right, tapping opens the full roster."
inst-0947,3,Layout & Hierarchy,2,Move the remaining spots card higher up.
inst-0948,1,Environment,1,Use a tablet layout: place the Series card left and stack Teacher and Episode cards right.
inst-0948,2,Content & Information,3,Make each episode's skill focus visible.
inst-0948,3,Style,3,Give the course detail a learning-focused editorial feel.
inst-0949,1,Environment,3,Move the screen to tablet and fill the full width.
inst-0949,2,Content & Information,3,Let me tell how full the chosen list already is.
inst-0949,3,Layout & Hierarchy,2,"Move the ""start a new list"" line; it's easy to miss."
inst-0950,1,Flow & Information Architecture,3,Make the selection stages clearly ordered.
inst-0951,1,"Situation, Context & Scenario",3,Make it fit parents using a school-family communication service.
inst-0952,1,Environment,3,"Read as a wide desktop dashboard, not a phone screen"
inst-0953,1,Flow & Information Architecture,4,Change how upcoming events are grouped over time.
inst-0953,2,Style,4,Change how the calendar event markers use color.
inst-0954,1,Content & Information,4,Restructure the three numbered steps.
inst-0954,2,Layout & Hierarchy,3,The feature name should be seen before the photo.
inst-0955,1,Environment,1,"Create a desktop workspace: primary navigation in a left rail, existing content centered."
inst-0955,2,Content & Information,2,Add the exact expiration date to each record’s details.
inst-0956,1,Flow & Information Architecture,4,Restructure the Markers list so order shows.
inst-0956,2,Style,4,Make the status row's color stand out differently
inst-0957,1,Content & Information,3,Make timeline sections immediately recognizable.
inst-0957,2,Layout & Hierarchy,1,Distribute the three folder tabs evenly across the full width of the tab row.
inst-0958,1,Environment,2,Adapt the screen for a desktop environment.
inst-0958,2,Content & Information,2,Add owner and last-updated information to the trip details.
inst-0958,3,Functionality & Behavior,2,"Add offline copy download to ""Archive""."
inst-0959,1,Functionality & Behavior,2,"Add a ""Message"" button next to Following too."
inst-0959,2,Layout & Hierarchy,4,Change where the follower counts read.
inst-0959,3,Style,2,Change the tone of the bottom notification row.
inst-0960,1,"Situation, Context & Scenario",2,Change the session player for prescribed rehabilitation routines.
inst-0961,1,Content & Information,1,"Add one line under the meter bar with days left and average daily use, in the same light lavender as the labels."
inst-0962,1,Style,3,Make it feel more personal and profile-like.
inst-0963,1,Layout & Hierarchy,2,Enlarge the image and name in the top featured block.
inst-0964,1,Content & Information,3,Show the available credit expiration date.
inst-0964,2,Functionality & Behavior,4,Change how the coupon header is arranged.
inst-0964,3,Style,4,Make first coupon’s expiry badge feel different.
inst-0965,1,Content & Information,2,Add that the selected quality uses more data.
inst-0966,1,Environment,3,"Make the screen fill a desktop display, no empty sides."
inst-0967,1,Environment,3,Adapt the screen for desktop to use more horizontal space.
inst-0968,1,Functionality & Behavior,4,Rework how the divider row is arranged.
inst-0969,1,Environment,1,"On desktop, make the loading card wider, with the spinner left and text right."
inst-0970,1,Style,2,Give the Overdue badge its own color.
inst-0971,1,Style,1,"Make the briefing cover navy with white type, keeping its existing content and layout."
inst-0972,1,Environment,2,Rebuild the whole screen for a smartwatch.
inst-0973,1,Content & Information,3,Make the shared-workspace purpose come through more specifically.
inst-0973,2,Functionality & Behavior,3,Make the way into the product easy to see.
inst-0973,3,Style,2,Change the brand symbol’s color treatment.
inst-0974,1,"Situation, Context & Scenario",4,Change what this screen identifies
inst-0974,2,Flow & Information Architecture,3,Make recent scans read first by when they were taken.
inst-0974,3,Functionality & Behavior,3,"Need a way to find plants by name, without the camera."
inst-0975,1,Environment,2,Adapt the profile list for desktop.
inst-0976,1,Flow & Information Architecture,4,Change how the two checkboxes group.
inst-0977,1,Flow & Information Architecture,1,"Split the card into two labelled groups — recipient and arrival on top, reference under a divider."
inst-0977,2,Content & Information,1,Add one short gray line with the send date and time right under that gray line.
inst-0978,1,Content & Information,3,Make the combined value of selected accounts visible too.
inst-0979,1,Style,1,"Fill the ""Add card or bank account"" strip with the ""Expired"" red, label and plus white."
inst-0980,1,Functionality & Behavior,4,Show the product row differently.
inst-0981,1,Environment,4,Change the screen to a desktop environment.
inst-0981,2,Layout & Hierarchy,2,Rearrange the lesson summary and saved-list form.
inst-0981,3,Functionality & Behavior,4,Add a management action to the saved-list chooser.
inst-0982,1,Environment,2,"Make the screen desktop, drop the top drag handle."
inst-0982,2,Flow & Information Architecture,2,"Group the ""Send to"" list into sent and not-sent-yet."
inst-0982,3,Content & Information,2,Show the expiry date in the link row too.
inst-0983,1,Environment,1,Make the Balance screen a desktop layout with the balance summary beside recent earnings.
inst-0983,2,Flow & Information Architecture,1,"Turn the recent earnings list into a compact table with separate release, royalty detail, and amount columns."
inst-0983,3,Style,4,Make the balance card feel different.
inst-0984,1,Content & Information,2,Add license coverage and refund terms near the buy button.
inst-0984,2,Layout & Hierarchy,3,Make the product title lead and the price read as detail.
inst-0984,3,Style,3,Screen feels too warm — make it cooler and crisper.
inst-0985,1,Layout & Hierarchy,1,"Move the “Pending fulfillment” card first, keeping the remaining cards in their current order."
inst-0985,2,Functionality & Behavior,2,Add a way to view all orders from “Recent Orders”.
inst-0986,1,Environment,2,Change the screen for desktop.
inst-0986,2,Flow & Information Architecture,2,Split the category chart into groups.
inst-0987,1,"Situation, Context & Scenario",1,"Change the weekly sleep progress screen to medication adherence, replacing bedtime guidance with the prescribed dosing schedule."
inst-0987,2,Layout & Hierarchy,4,Change the order content appears in the header.
inst-0987,3,Functionality & Behavior,3,Let users record their next dose from this screen.
inst-0988,1,Flow & Information Architecture,3,Make the flow of new listeners visible by date.
inst-0989,1,"Situation, Context & Scenario",3,Make it for families living apart to coordinate care.
inst-0989,2,Style,2,Change the styling of the bottom primary button.
inst-0990,1,Environment,4,Change the screen for desktop use.
inst-0991,1,Layout & Hierarchy,3,Make each headline the first thing readers notice.
inst-0992,1,Environment,2,Rework the screen for desktop.
inst-0992,2,Flow & Information Architecture,3,Make the information flow from collection to use to user control.
inst-0992,3,Content & Information,1,"Add a brief note beneath the data-use explanation: retain while needed, then remove or de-identify per legal/security rules."
inst-0993,1,Functionality & Behavior,1,Add a filter button at the right end of the date header to pick one activity type.
inst-0993,2,Style,1,"Put each post's stats on a light gray band — figures near-black, labels gray, blue only for actions."
inst-0994,1,Content & Information,1,"Add a small line under the email with the plan name and signup date, in the intro's gray."
inst-0994,2,Layout & Hierarchy,1,"Move the hold-period text above ""Will be erased"", same size and dark as the intro."
inst-0995,1,Environment,1,"Change the screen to tablet: tracking and items left, payment summary beside them, tab bar as a left vertical rail."
inst-0995,2,Layout & Hierarchy,4,Change the total row's position and size.
inst-0995,3,Style,3,Make the top block read apart from the white page.
inst-0996,1,Layout & Hierarchy,3,"Annual should read as the main pick at a glance, Monthly lesser."
inst-0997,1,Environment,4,Move this screen to desktop.
inst-0997,2,Flow & Information Architecture,4,Change how the assets list is grouped.
inst-0998,1,Environment,4,Move this whole screen to desktop.
inst-0999,1,Flow & Information Architecture,3,Make it clear who the group leads are first.
inst-1000,1,"Situation, Context & Scenario",1,"Make this a health insurance claim app: the matched row becomes the open claim, drop the square crop chip."
inst-1000,2,Flow & Information Architecture,4,Restructure the bottom tabs to read in order.
inst-1000,3,Content & Information,2,Add a legibility rating to the crop size label.
