submission_id,revision,unit_ordinal,intent,fidelity,magnitude,rationale
SUB-evW0h9rZ2m,A,1,7,7,7,It understood and applied the instruction well.
SUB-evW0h9rZ2m,B,1,5,5,3,The information is in a strange position.
SUB-BpZhTw1ufo,A,1,7,7,4,Modified well as requested.
SUB-BpZhTw1ufo,A,2,7,7,4,Modified well as requested.
SUB-BpZhTw1ufo,B,1,7,7,5,There are more elements the user has to engage with.
SUB-BpZhTw1ufo,B,2,6,7,4,It went a step beyond delete-all-at-once and also included individual selection.
SUB-xzI4tKxkbX,A,1,6,6,4,It seems to have changed the title and the bottom button text well.
SUB-xzI4tKxkbX,A,2,7,7,4,It also changed the colors differently and did the labeling well so it's easy to see.
SUB-xzI4tKxkbX,B,1,3,3,3,The title change is questionable.
SUB-xzI4tKxkbX,B,2,6,6,4,The labels seem to have been applied well too.
SUB-dm_z4ImFMe,A,1,7,7,4,It does add what was requested well.
SUB-dm_z4ImFMe,B,1,7,7,4,The requested content was reflected well.
SUB-U6mhRyIGUs,A,1,6,6,4,The requested part was modified well. Not bad.
SUB-U6mhRyIGUs,B,1,5,5,4,"The part that was supposed to change was changed well, but it doesn't seem very noticeable."
SUB-ZfCUP4mduG,A,1,7,7,4,It understood all the requested comments well and applied them.
SUB-ZfCUP4mduG,A,2,6,6,4,"It understood the point about using the full width, but I'm not sure whether the aspect of skimming through it was reflected."
SUB-ZfCUP4mduG,A,3,5,5,3,"The requested content itself was reflected well, but the information hierarchy and the design side are disappointing. It seems it could have been done better."
SUB-ZfCUP4mduG,B,1,2,3,6,"I asked to change it to a tablet screen, but it's disappointing that it changed as if it were a web screen. If the user had wanted a left navigation bar, they would have instructed that directly."
SUB-ZfCUP4mduG,B,2,2,3,6,"I never asked for a left navigation bar, so it's baffling that it suddenly created one."
SUB-ZfCUP4mduG,B,3,5,5,5,"The button structure added to the top header isn't easy to understand. Because of the left nav, the current screen structure has become too complex."
SUB-eELo9kOUMk,A,1,7,7,4,Well done
SUB-eELo9kOUMk,A,2,7,7,4,Well done
SUB-eELo9kOUMk,A,3,7,7,4,Well done
SUB-eELo9kOUMk,B,1,7,7,4,Well done
SUB-eELo9kOUMk,B,2,7,7,5,"It reads as one piece nicely, but there's more information."
SUB-eELo9kOUMk,B,3,7,7,4,Emphasis done well
SUB-i_NBn3HQ_2,A,1,3,5,2,"I think the brand mark refers to the symbol, but only the border changed."
SUB-i_NBn3HQ_2,B,1,4,4,4,"It did change, at least."
SUB-C1vd5PTESY,A,1,7,7,4,Added well.
SUB-C1vd5PTESY,B,1,7,7,4,Added well.
SUB-aRWxKzeFUJ,A,1,7,7,4,"It was confusing which second line was meant, but it was reflected well."
SUB-aRWxKzeFUJ,A,2,7,7,7,The text size change was reflected well.
SUB-aRWxKzeFUJ,B,1,5,6,6,The sudden appearance of a purple box is baffling and feels like an excessive modification.
SUB-aRWxKzeFUJ,B,2,6,6,6,"The instruction itself was applied well, but the purple box feels awkward and like an excessive modification."
SUB-5vZcjdbBHp,A,1,5,5,2,"The text content changed according to the instruction that it's used for language learning, but it would have been better if the background image had changed too. The somewhat sensual image feels out of place. (Is the content also within the scope of generation/feedback...?)"
SUB-5vZcjdbBHp,A,2,6,6,4,"It understood the instruction about vertical - stages and reflected it well, changing Episode etc. to Stage."
SUB-5vZcjdbBHp,B,1,5,5,7,An unwanted color change and a quote added on top of the screen. It's an excessive change and not what was wanted.
SUB-5vZcjdbBHp,B,2,6,6,5,"The necessary part was changed, but an additional card box appeared."
SUB-l1noA9RUMM,A,1,6,6,4,It reclassified things by creating a semantic criterion of self-verification vs. verification through a person — a result that goes one step beyond a simple layout change.
SUB-l1noA9RUMM,A,2,7,7,4,Information helpful during the verification process was added.
SUB-l1noA9RUMM,B,1,6,6,4,"The verification methods were restructured into a 2×2 card format, making them more clearly distinguished as independent options."
SUB-l1noA9RUMM,B,2,7,7,4,It carried out the request well.
SUB-BHVJaQW8Wj,A,1,7,6,5,"It maintained the existing layout structure and the context of distinctions between elements well, while naturally converting it into a layout suited to a PC environment."
SUB-BHVJaQW8Wj,A,2,6,6,5,"By connecting each chapter with a vertical line, it visualized the relationship that multiple chapters belong to one route. However, the 'One Route' text and route descriptions were newly added, and the existing 3 routes were changed to 4, so changes in content and information structure unrelated to the request also occurred."
SUB-BHVJaQW8Wj,A,3,7,7,4,The starting location is clearly indicated.
SUB-BHVJaQW8Wj,B,1,6,4,5,"By separating each panel into cards and adding a title area, the relationships and distinctions between elements became clear. However, in the PC environment, allocating a separate title area above the image disperses the content area, and the same content is repeated in the top header and the banner text, causing somewhat unnecessary duplication in terms of information structure."
SUB-BHVJaQW8Wj,B,2,7,6,4,"Rather than just connecting the routes with a line, it added Start and Finish elements, strengthening the context that each chapter connects into a single journey. However, the existing 3 routes were changed to 4."
SUB-BHVJaQW8Wj,B,3,7,7,4,The starting location is clearly indicated
SUB-bfCKHZGjFm,A,1,6,6,4,"The copy and information were changed to a restocking/ordering context, so it converts well into a store-facing screen. However, 'Add to cart' still retains some personal-purchase context."
SUB-bfCKHZGjFm,A,2,7,6,4,It resolved the previously lump-like structure well by dividing the product list into two clear groups.
SUB-bfCKHZGjFm,A,3,7,7,4,"While keeping the existing structure, it used color contrast and status badges to clearly change the impression of the top product area."
SUB-bfCKHZGjFm,B,1,5,5,4,"Through categorization by product group and quantity labeling, the context clearly shifted to a screen for checking store restocking status rather than personal purchasing."
SUB-bfCKHZGjFm,B,2,5,5,4,"Clearly separated into two groups, so the previously single list is immediately recognized as a two-branch structure."
SUB-bfCKHZGjFm,B,3,6,6,4,"It restructured the top product into a Featured return area and changed the image and button placement, expressing it as a product area with a different character from before."
SUB-U6EYE9P_vE,A,1,7,7,4,"The screen, which looked like a general consumer screen, was changed to show the items that should appear when an owner places a wholesale order."
SUB-U6EYE9P_vE,A,2,6,4,3,"The way it's organized did change, but it's complicated."
SUB-U6EYE9P_vE,A,3,7,7,4,The sense of a success indicator at the very top has been restored.
SUB-U6EYE9P_vE,B,1,7,7,4,"As a wholesale order confirmation, the content the boss would look at is well reflected."
SUB-U6EYE9P_vE,B,2,5,5,4,"The way it's organized fits the content well, but there's an area at the bottom that isn't visible."
SUB-U6EYE9P_vE,B,3,6,5,3,The success-indicator feel is weaker than before.
SUB-OQSivLdtor,A,1,5,5,4,"It transitions naturally to the SMS verification step, and the masked phone number is clearly shown in the guidance text."
SUB-OQSivLdtor,A,2,5,5,4,"It gives specific guidance. By telling users to wait before resending, it naturally connects to what the user should do in a delayed situation."
SUB-OQSivLdtor,B,1,7,7,4,Good that it switches to SMS verification and clearly shows the masked number.
SUB-OQSivLdtor,B,2,7,7,6,It highlights the possibility of a delay in a separate guidance area so users clearly get the message and don't miss it.
SUB-_e76BaAe1R,A,1,7,7,4,It clearly reflects the fact that it can be changed.
SUB-_e76BaAe1R,A,2,7,7,4,"It tones down the tab emphasis so the eye goes to the verification screen first. However, the tab bar's structure or order itself hasn't changed, so the instruction is only somewhat reflected...?"
SUB-_e76BaAe1R,A,3,7,7,4,Handled clearly.
SUB-_e76BaAe1R,B,1,7,7,4,Clearly reflects the instruction.
SUB-_e76BaAe1R,B,2,6,6,4,It does increase the visibility of the bottom tab bar and change the flow of attention...? But the instruction isn't clear.. as to how the order should change.
SUB-_e76BaAe1R,B,3,7,7,4,The instruction is clearly reflected.
SUB-E1VaeblbwQ,A,1,6,6,4,"It did what was asked, but the request itself is ambiguous."
SUB-E1VaeblbwQ,A,2,7,7,4,Did what was asked.
SUB-E1VaeblbwQ,B,1,7,7,4,"It did what was asked, but the request is ambiguous."
SUB-E1VaeblbwQ,B,2,7,7,4,Did what was asked.
SUB-csZpvHZemP,A,1,7,7,4,A dark gray X button was added at the right end of the title.
SUB-csZpvHZemP,A,2,7,7,4,The position of the New list row was changed well.
SUB-csZpvHZemP,B,1,7,7,4,"With the gray X button added, you can exit without saving."
SUB-csZpvHZemP,B,2,7,7,4,The position of the New list row was changed.
SUB-2qBlx6Cq_S,A,1,7,7,5,I don't understand what the requirement 'what gets read first' means. But it did add the items that need a reply. The word 'total' probably doesn't need to be there.
SUB-2qBlx6Cq_S,B,1,5,5,4,Something did get changed.
SUB-uPUT7rKpDi,A,1,7,7,4,The structure of the order list in the middle was changed.
SUB-uPUT7rKpDi,B,1,7,7,4,The structure of the order list in the middle was changed.
SUB-eY2ymU6Dsc,A,1,7,7,4,Reflects the requirements well.
SUB-eY2ymU6Dsc,A,2,7,7,4,The red-toned colors suited to a wildfire alert are well applied.
SUB-eY2ymU6Dsc,B,1,7,7,4,Not card payment — the wildfire evacuation alert guidance is well reflected.
SUB-eY2ymU6Dsc,B,2,7,7,4,Well reflected with wildfire-appropriate red tones.
SUB-AeI4bq1_xi,A,1,6,6,7,"Only the 'wording' was requested, but I think it went too far with things like indicators."
SUB-AeI4bq1_xi,B,1,6,6,5,"Same as A, only the wording was mentioned, but it seems to have omitted quite a lot of information."
SUB-zsjz3vZUJJ,A,1,6,6,4,Separating heading and title makes it more emphasized and easier to recognize.
SUB-zsjz3vZUJJ,A,2,6,6,6,"It's a shame that the running alert preview gets emphasized unnecessarily. Item 1 is the more important content, so it's unfortunate that 2 is emphasized more."
SUB-zsjz3vZUJJ,B,1,7,7,6,Displaying the preparation guidance as a status value is a bit excessive.
SUB-zsjz3vZUJJ,B,2,7,7,5,"Giving advance notice of the risk is excessive, if anything, but it's good."
SUB-kNS-3B1-0x,A,1,2,2,1,"It's hard to tell what kind of record it is, so it missed the intent behind asking to move it up — by just shoving it to the very top it made it even less visible."
SUB-kNS-3B1-0x,B,1,7,7,4,It seems to have grasped the intent that the record info wasn't visible enough. Good that it moved it up a reasonable amount and marked in red once more that this will be deleted.
SUB-BEe-xD3HTR,A,1,3,3,5,I think the change falls short of the intent to make it immediately obvious when the recording started.
SUB-BEe-xD3HTR,A,2,6,5,5,"Using red to make it look urgent is good, but there are so many other red elements that it doesn't stand out all that much."
SUB-BEe-xD3HTR,B,1,6,5,4,
SUB-BEe-xD3HTR,B,2,6,2,2,
SUB-bSHgSHZddJ,A,1,7,7,4,"It accurately understands the difference between blocking and reporting and separates the functions. In particular, blocking — the passive action — keeps the existing gray tone, while reporting — the active action — uses a warning color to draw the user's attention."
SUB-bSHgSHZddJ,A,2,7,7,4,Accurately carried out the request to keep the form and change the color.
SUB-bSHgSHZddJ,B,1,7,7,4,"By not placing the report function at the button level and instead separating it into a distinct callout section, it preserves the modal's purpose of 'blocking' while still giving enough context that reporting is possible."
SUB-bSHgSHZddJ,B,2,7,7,4,Kept the top strip format and changed the color.
SUB-8sSWL8xBbM,A,1,7,7,5,Aligning all text to the left was applied consistently.
SUB-8sSWL8xBbM,B,1,7,7,4,Executed the left alignment well enough.
SUB-D4Yl6FQ3gZ,A,1,7,7,4,Changed 'order cancellation' to 'appointment cancellation' and accurately carried out the request to emphasize the visit time.
SUB-D4Yl6FQ3gZ,B,1,7,7,4,Faithfully carried out the request to emphasize the visit time.
SUB-UJBcmr8Nhu,A,1,7,7,4,Faithfully carried out the instruction.
SUB-UJBcmr8Nhu,A,2,7,7,4,Faithfully carried out the instruction.
SUB-UJBcmr8Nhu,B,1,7,7,4,Faithfully carried out the instruction.
SUB-UJBcmr8Nhu,B,2,7,7,4,Faithfully carried out the instruction.
SUB-8VKUO5ocRn,A,1,6,5,4,Grouped the necessary options well.
SUB-8VKUO5ocRn,A,2,7,7,4,Accurately carried out the user's request.
SUB-8VKUO5ocRn,A,3,5,6,4,"I don't know the brand information, but it seems to have combined colors well within the brand color family."
SUB-8VKUO5ocRn,B,1,7,7,4,The grouped feel comes across much better.
SUB-8VKUO5ocRn,B,2,7,7,4,Same as variant A — accurately carried out the user's request.
SUB-8VKUO5ocRn,B,3,7,7,7,Using the primary color for the header and navigation was something done back in the Material Design 2.0 era. Nobody designs like this now.
SUB-tyn16RHejf,A,1,7,6,4,"All the requested parts (title, description, notice text) were changed to content related to building repair requests."
SUB-tyn16RHejf,A,2,7,7,4,"The two groups are split by order of urgency while still being kept as two groups. The information about how urgent something is, and distinguishing the urgent ones in red, was done well."
SUB-tyn16RHejf,A,3,7,7,4,"The number indicators on each filter chip were done well, not excessively."
SUB-tyn16RHejf,B,1,4,4,3,"Overall, the meaning of it being a building repair request inbox seems to come across less clearly."
SUB-tyn16RHejf,B,2,5,4,6,Adding one more urgency group (High/yellow) feels a bit excessive relative to the request. Changing the spec to this degree should require an explicit instruction up front.
SUB-tyn16RHejf,B,3,7,6,5,"The intent was grasped well, but the UI is disappointing (reasons below)."
SUB-IKKtoSxE0M,A,1,5,5,4,"It made Saving Goal more specific as Cash Reserve. In particular, it changed the situation where Reserve Name is used as Operating Reserve."
SUB-IKKtoSxE0M,A,2,7,6,4,I liked that setup and schedule were distinguished by numbers.
SUB-IKKtoSxE0M,A,3,7,5,5,"Using the logo at something like 'continue to review' was a bit much. That's a design you'd only allow at the very last step, the final action."
SUB-IKKtoSxE0M,B,1,6,6,4,The scenario setup is quite realistic.
SUB-IKKtoSxE0M,B,2,7,7,4,It changed into a considerably good UI. Much more concise and easier to understand than variant A.
SUB-IKKtoSxE0M,B,3,7,7,4,I liked that it used the button label color rather than an excessive color.
SUB-Co5umJbBtz,A,1,6,6,4,"The request was applied well. That said, it's not clear what ""only the category on the line"" means, but it seems to have figured it out on its own."
SUB-Co5umJbBtz,B,1,2,2,7,"It seems to have understood the intent that today should stand out, but there was no request to make the past hard to see, and the readability of past articles got very bad. It was admittedly unclear what ""only the category on the line"" meant, but in any case it didn't figure it out on its own."
SUB-BaBolnuUX1,A,1,6,5,4,It reflected the intent well by using line color and shadow to emphasize the border and corners.
SUB-BaBolnuUX1,A,2,7,7,5,"It was good that a Save button appeared, but the subtitle area wrapped to two lines and the overall layout broke down."
SUB-BaBolnuUX1,B,1,7,7,7,"The design theme changed completely — from flat design to brutalism. Feels like too drastic a change, and it might not fit with the other screens."
SUB-BaBolnuUX1,B,2,7,7,6,"You'd need to check whether Save really has that much prominence — the inference went too far. Visual consistency with the parent frame was maintained well, but the primary color on the left and the shape-based emphasis on the right are both too strong, so it isn't harmonious."
SUB-lHu3nC6FrU,A,1,6,6,4,Changing the title and comment content looks like an appropriate change.
SUB-lHu3nC6FrU,A,2,7,7,3,I liked that PRAISE and COMPLAINT are shown as badges. And at this point I wonder whether the star rating is even needed. Why wasn't it removed?
SUB-lHu3nC6FrU,A,3,5,5,4,"I don't know whether the star-rating bar color is this service's primary color or was made to follow the company's logo color, but it did change."
SUB-lHu3nC6FrU,B,1,7,6,4,Removing the profile photo from the comment area and putting in the business name feels like an appropriate change.
SUB-lHu3nC6FrU,B,2,7,7,4,Writing the positive/negative rating ratio into the summary area shows the intent was well understood.
SUB-lHu3nC6FrU,B,3,7,7,5,"It changed the color because it was told to, but it doesn't look good. There are far too many colors on the screen."
SUB-xHPZffYggl,A,1,7,7,7,Looks accurately applied.
SUB-xHPZffYggl,A,2,7,7,4,Judged to be modified as much as requested.
SUB-xHPZffYggl,A,3,7,7,7,"The point color seems to be purple and the campaign color seems to be in the red family, but I'm not sure my read is right — it would be better to first define the colors more clearly."
SUB-xHPZffYggl,B,1,7,7,4,"The AI over-interpreted the original design, and the right-side border treatment looks like a telltale AI design fingerprint."
SUB-xHPZffYggl,B,2,5,4,3,Modified more excessively than intended.
SUB-xHPZffYggl,B,3,2,2,2,"Rather than swapping the color of a specific area, the overall tone and background color were changed. This seems like a design that differs from the intent."
SUB-bc1Wim3qnu,A,1,1,1,1,"The result shows no understanding at all of the ""saved recipes for home cooking"" part; aside from the color change, there seems to be no change."
SUB-bc1Wim3qnu,A,2,7,7,7,The size and position changes were reflected accurately.
SUB-bc1Wim3qnu,B,1,3,3,1,"Since the image hasn't changed, the first impression is still that this isn't a proper change."
SUB-bc1Wim3qnu,B,2,7,7,4,Reflects the request accurately while maintaining the original form.
SUB-wOfeRwNhfi,A,1,7,7,4,Reflects the request accurately.
SUB-wOfeRwNhfi,B,1,7,7,4,I think highlighting the last practice time was a very good judgment call.
SUB-y6y-0qT6B5,A,1,5,5,3,
SUB-y6y-0qT6B5,A,2,7,7,4,An unintended left-side menu appears.
SUB-y6y-0qT6B5,A,3,4,6,3,"As for the question of whether it feels clean and healthcare-like—it is clean, but this UI is a generic, plain UI rather than a healthcare one."
SUB-y6y-0qT6B5,B,1,7,7,4,Accurately understood the original information and used appropriate expression.
SUB-y6y-0qT6B5,B,2,7,7,4,Understood and expressed it accurately.
SUB-y6y-0qT6B5,B,3,7,7,4,Seems to convey a healthcare feel through the colors.
SUB-e7A3ICvPC2,A,1,7,7,4,Reflects the request accurately.
SUB-e7A3ICvPC2,B,1,3,3,6,"Changes beyond the request were applied. Lines inside the card were emphasized, which wasn't in the request."
SUB-6Rh0jR1LjI,A,1,7,7,4,"Added a ""lesson to share"" card to provide the needed information."
SUB-6Rh0jR1LjI,B,1,7,7,5,
SUB-iESZ52xWei,A,1,5,5,5,The recording-in-progress state is conveyed.
SUB-iESZ52xWei,A,2,4,4,3,"Fails to convey ""immediate and distinct."""
SUB-iESZ52xWei,B,1,7,7,5,The live and rec indicators make the recording state clearer.
SUB-iESZ52xWei,B,2,7,7,4,Expresses the request within a non-excessive scope.
SUB-OY8Biuxj01,A,1,6,6,4,Effectively improved the chapter list structure by dividing it with subtitles (by topic).
SUB-OY8Biuxj01,B,1,5,5,7,"Since it's a time sequence, a grid layout isn't appropriate. Arranging chapter order in a vertical timeline as before is more intuitive."
SUB-RLlR-l0uKw,A,1,3,4,4,"""Your addresses"" and ""sent to someone else"" were added, so you can distinguish mine from someone else's."
SUB-RLlR-l0uKw,A,2,7,7,4,Designed so the user can easily find the map icon button on the right.
SUB-RLlR-l0uKw,A,3,6,6,4,The next step name is properly reflected in gray beneath the step indicator.
SUB-RLlR-l0uKw,B,1,5,5,4,"A ""recipient"" chip was added, so you can distinguish mine from someone else's."
SUB-RLlR-l0uKw,B,2,5,5,4,The pin icon button was added without harming the original UI.
SUB-RLlR-l0uKw,B,3,5,5,4,The next step is nicely rendered as a single gray line under the step indicator at the right of the header.
SUB-g6gaYQhMS7,A,1,7,7,5,"The intent was understood and the request well reflected; for information not visible on screen, the menu structure was filled in at its own discretion, which looks convenient design-wise."
SUB-g6gaYQhMS7,A,2,5,5,4,"Content was added in line with the request, and the text hierarchy looks appropriate."
SUB-g6gaYQhMS7,A,3,7,7,4,"The scope of change is appropriate and the intent was well understood, strengthening focus in the UI."
SUB-g6gaYQhMS7,B,1,6,6,4,"Beyond the information visible on screen, appropriate content was added and it was changed well in line with the intent."
SUB-g6gaYQhMS7,B,2,6,6,4,The scope of change was handled appropriately.
SUB-g6gaYQhMS7,B,3,7,6,4,Added a graph to strengthen visual focus.
SUB-W8PNcuJreU,A,1,4,5,4,"Clearly understood the intent to rearrange the mobile-proportioned review layout into a side-by-side parallel panel structure suited to a wide desktop environment, fully converting the screen composition to suit large-screen review work."
SUB-W8PNcuJreU,A,2,5,5,4,"Faithfully reflected the request by changing the original elements, which were listed in a long vertical stack, into a horizontal desktop frame, placing a toolbar to the left of the central waveform canvas and separating detailed annotations and metadata into the right panel."
SUB-W8PNcuJreU,B,1,4,4,4,"Reflects the intent to convert the vertical mobile screen into horizontal desktop proportions, placing an information panel on the left and the editing canvas on the right to diversify the composition for a desktop work environment."
SUB-W8PNcuJreU,B,2,5,5,4,"After switching to a horizontal layout, it applied the request by moving the episode info, timecode, reviewer, and save button that were at the bottom of the original into a left sidebar panel, and placing the waveform canvas and toolbar on the right."
SUB-EYrsr86ifF,A,1,4,5,4,"Accurately implemented the request by changing the top header copy to a team member invitation message and newly applying an email input field for invitations, a role selection switch, a send invitation button, and a pending invitations list card at the bottom."
SUB-EYrsr86ifF,B,1,6,6,6,"It keeps the original basic layout and the centered text field structure intact, replacing only the wording and the bottom card content with team-invite content, thereby maintaining an appropriate scope of modification."
SUB-yjad0hXI_F,A,1,7,7,4,"It applied only the requested items, appropriately."
SUB-yjad0hXI_F,B,1,6,4,4,"The intent was understood but not properly implemented. Changes to the bottom line length and the icons weren't asked for, yet they were changed."
SUB-3xnzm3tHoI,A,1,6,6,4,It seems the existing podcast content was appropriately changed into an audio tour service. The part that previously showed the price also seems to have been reasonably changed to exhibition room info.
SUB-3xnzm3tHoI,A,2,7,7,4,The UI appears to have been implemented in a way that fits the existing design.
SUB-3xnzm3tHoI,B,1,6,5,5,"The text in the existing elements was bolded, which makes the information hierarchy look different."
SUB-3xnzm3tHoI,B,2,5,5,6,"The middle list was divided by floor with icons placed in front, but it's hard to immediately grasp what they mean."
SUB-Xel43Imm1U,A,1,7,4,4,It shows the features available on this plan clearly and at a glance.
SUB-Xel43Imm1U,A,2,7,7,4,It caught the intent of the request to change the feel of the image.
SUB-Xel43Imm1U,B,1,7,4,4,It shows the features available on this plan clearly and at a glance.
SUB-Xel43Imm1U,B,2,4,7,3,"It understood the key point that the top image needed changing, but misconstrued the part about changing the feel of the image and changed its shape instead."
SUB-LuSPELqD4N,A,1,4,4,3,"It separated the title area from the screen and emphasized the color of the main graph, expressing a bit more clarity."
SUB-LuSPELqD4N,B,1,2,3,5,The style was changed excessively even though no UI style change was requested.
SUB-27OAWApkhp,A,1,3,3,4,"The scope of the change is right, but it falls outside the flow of the eye."
SUB-27OAWApkhp,B,1,5,5,4,"The time catches the eye right after the number, but the number and the time are expressed too similarly. The number and the time come across with the same weight; I'd want the number emphasized and the time expressed as a secondary emphasis."
SUB-f5_fIMQdeq,A,1,4,5,4,It kept the UI and changed only the content.
SUB-f5_fIMQdeq,A,2,3,3,4,It accurately applied the requested items and keeps the original UI.
SUB-f5_fIMQdeq,B,1,5,5,5,"If the designer's goal was to keep the original UI design, then the UI was changed excessively."
SUB-f5_fIMQdeq,B,2,5,5,5,"It replaced satisfaction with comprehension, changing it into language-learning-tailored content."
SUB-myOjrBZBdB,A,1,7,7,4,It expresses the request accurately.
SUB-myOjrBZBdB,B,1,5,5,3,"It applied the requested item, but it isn't expressed as ""the strongest""; the graphic doesn't match the upload."
SUB-r8P3utq1GC,A,1,7,7,4,It applied the request well by replacing the headline title with the offline working file.
SUB-r8P3utq1GC,A,2,7,7,4,It applied it well with a renewal deadline for each item and a summary card in the center.
SUB-r8P3utq1GC,B,1,7,7,4,It applied the offline working file title well.
SUB-r8P3utq1GC,B,2,7,6,4,I think it was applied well in showing the renewal deadline notice as days/hours remaining and arranging them in order of urgency.
SUB-O4sM8QkIBo,A,1,7,7,4,"It applied the requested items, but the date expression is ambiguous."
SUB-O4sM8QkIBo,A,2,4,4,4,Does it show the point at which the upload was interrupted as the interrupted time (?)
SUB-O4sM8QkIBo,A,3,4,4,4,Buttons matching the request were created.
SUB-O4sM8QkIBo,B,1,3,3,3,The request was not applied.
SUB-O4sM8QkIBo,B,2,5,7,4,The fact that the upload was interrupted is clearly expressed.
SUB-O4sM8QkIBo,B,3,6,6,5,The instruction is clearly reflected.
SUB--n8bDiOvAP,A,1,7,5,5,"It placed a dropdown so comments can be sorted newest first. However, the comment content was altered."
SUB--n8bDiOvAP,B,1,6,6,5,"It added UI to allow sorting by newest/oldest, but it changed the comment content."
SUB-lw2bMLqfKF,A,1,5,6,4,It adjusted the Create account button so it stands out the most on the whole screen.
SUB-lw2bMLqfKF,B,1,5,5,5,The recommended sign-up order changed from parcel ID/Harbor Key to email.
SUB-obSOfIQWMN,A,1,7,7,4,Requested items applied.
SUB-obSOfIQWMN,A,2,5,5,3,You can't tell whether 12:48 is the remaining time.
SUB-obSOfIQWMN,B,1,6,6,5,Is separating the cards appropriate for a watch design?
SUB-obSOfIQWMN,B,2,5,5,4,Faithful to the requested items.
SUB-nJkga-k4vr,A,1,7,7,4,"It changed the accommodation info to sleeping capacity and child-friendly amenities as requested, while keeping the important price info as is."
SUB-nJkga-k4vr,A,2,6,5,4,"A filter tab was added at the top, so you can immediately see information filtered by criteria."
SUB-nJkga-k4vr,B,1,6,5,4,The requested information was applied well.
SUB-nJkga-k4vr,B,2,5,4,4,"The requested change was applied, but the design quality is disappointing. The area is sized excessively large."
SUB-tV_89XTvc-,A,1,6,4,5,"The request was applied, but the usability of the UI implementing it seems poor. It looks like you can adjust ascending/descending order via the arrows, but that seems hard to grasp at a glance."
SUB-tV_89XTvc-,B,1,7,6,4,The way the filtering is implemented is appropriate and intuitive.
SUB-RnCd8jJ4d7,A,1,7,6,5,"The list was nicely converted to a table view to suit the desktop layout. But it created an LNB that wasn't there before, so the change may be excessive."
SUB-RnCd8jJ4d7,A,2,7,7,4,Changed to a sorting UI that fits the table view well.
SUB-RnCd8jJ4d7,B,1,7,6,6,The intent and emphasis differ from the mobile version.
SUB-RnCd8jJ4d7,B,2,7,5,3,"It was added with an appropriate UI, but it's disappointing that the ascending/descending buttons are separated from the sort button."
SUB-VDYextSUHu,A,1,7,6,4,It understood the intent well and changed only the necessary parts.
SUB-VDYextSUHu,A,2,7,7,4,Applied appropriately.
SUB-VDYextSUHu,B,1,7,6,7,"It understood the intent of the request, but changed the style far too much."
SUB-VDYextSUHu,B,2,7,6,7,"It understood the intent of the request, but changed the style far too much."
SUB-sq3pU1rnUY,A,1,7,7,4,The request was applied to an appropriate degree.
SUB-sq3pU1rnUY,A,2,7,7,4,The request was applied appropriately.
SUB-sq3pU1rnUY,A,3,7,6,3,I judge that the intent included changing the primary color to navy. It would have been better if the purple on the Select button and bottom tab bar had also been changed to navy.
SUB-sq3pU1rnUY,B,1,7,7,4,The request was applied to an appropriate degree.
SUB-sq3pU1rnUY,B,2,7,6,3,"It applied the request well, but the bottom tab bar still shows as offline, which doesn't seem to match the content of the information."
SUB-sq3pU1rnUY,B,3,7,7,4,Applied the request well.
SUB-irmAiEUa3d,A,1,6,7,4,I think the request was applied appropriately.
SUB-irmAiEUa3d,B,1,6,4,4,The changes were applied well.
SUB-DA_9NnkDhQ,A,1,6,6,4,"Faithful to the request, and it created a button that shows how many records there are."
SUB-DA_9NnkDhQ,B,1,6,6,4,It indicates that 2 out of 4 past records are shown.
SUB-6zM-L1WQaJ,A,1,7,7,4,The requested part was applied appropriately.
SUB-6zM-L1WQaJ,B,1,6,4,4,"Only the requested area was applied, but the way it was applied is disappointing."
SUB-fMJK8dZ1bM,A,1,7,7,3,"Only the requested part was applied accurately, but it's disappointing that there are only two cases."
SUB-fMJK8dZ1bM,B,1,7,5,4,The request was applied well.
SUB-wPlaCisDSx,A,1,6,6,4,Requested items applied.
SUB-wPlaCisDSx,A,2,6,6,4,"It shows the pet's name and species, and the visit type field was also created."
SUB-wPlaCisDSx,B,1,7,7,4,It applied the request and clearly conveys to the user that the booking failed.
SUB-wPlaCisDSx,B,2,7,7,4,The request was applied sufficiently.
SUB-K6hrVjpOv2,A,1,4,4,3,The amount earned and the settlement amount weren't expressed accurately.
SUB-K6hrVjpOv2,A,2,6,6,4,"Last 90 days, newest first, and CSV export functions were added."
SUB-K6hrVjpOv2,A,3,7,7,4,Applied accurately.
SUB-K6hrVjpOv2,B,1,7,7,4,The request was applied accurately.
SUB-K6hrVjpOv2,B,2,4,4,4,Added the filter function as an icon.
SUB-K6hrVjpOv2,B,3,7,7,4,Requested items applied.
SUB-7F1-P2dkYr,A,1,7,7,4,An accurate edit.
SUB-7F1-P2dkYr,B,1,5,5,3,It changed the layout inside the card arbitrarily.
SUB-6anAHjybzq,A,1,7,7,4,It applied the request accurately.
SUB-6anAHjybzq,A,2,7,7,4,It applied the request accurately.
SUB-6anAHjybzq,A,3,3,2,2,"A search button was requested, but it created a search area."
SUB-6anAHjybzq,B,1,7,7,4,It applied the request accurately.
SUB-6anAHjybzq,B,2,7,7,4,It applied the request accurately.
SUB-6anAHjybzq,B,3,7,7,4,It accurately applied the request for a small button.
SUB-_Ui8i9yWn6,A,1,7,7,4,Accurately applied.
SUB-_Ui8i9yWn6,B,1,7,7,5,Added elements that weren't in the request.
SUB-Tz-G0JkijZ,A,1,7,7,4,Changed the list-style layout into a card format.
SUB-Tz-G0JkijZ,B,1,3,3,3,Changed how the groupings are structured — period settings
SUB-jddGwyP0I4,A,1,6,6,4,"Changed the position, but the requester didn't specify a position"
SUB-jddGwyP0I4,B,1,6,6,4,The request was applied exactly
SUB-cW5N0cIkfw,A,1,7,7,4,It correctly recognized this as the revenue management screen for a community host
SUB-cW5N0cIkfw,A,2,7,7,4,It understood desktop responsiveness and even went as far as changing the navigation into a left sidebar — well done
SUB-cW5N0cIkfw,A,3,7,7,4,It understood the request to change the order of content on the revenue page and restructured it well
SUB-cW5N0cIkfw,B,1,7,7,4,It correctly recognized this as the revenue management screen for a community host
SUB-cW5N0cIkfw,B,2,7,7,4,It understood desktop responsiveness and even went as far as changing the navigation into a left sidebar — well done
SUB-cW5N0cIkfw,B,3,7,7,4,It understood the request to change the order of content on the revenue page and restructured it well
SUB-Fl9qzwp5oz,A,1,7,7,4,It changed things well into a context suited to a family budget service
SUB-Fl9qzwp5oz,A,2,7,7,4,"The service explanation and selling points come across much more clearly, and the launch information is moved to the bottom with less prominence"
SUB-Fl9qzwp5oz,B,1,7,7,4,It changed things well into a context suited to a family budget service
SUB-Fl9qzwp5oz,B,2,7,7,4,"The service explanation and selling points come across much more clearly, and the launch information is moved to the bottom with less prominence"
SUB-LqPUYBaC95,A,1,6,5,5,The line with the amount and status under the name is still there
SUB-LqPUYBaC95,B,1,6,5,5,It deleted the notice text and then created a new one.
SUB-0RqDaNQEfS,A,1,3,3,3,Failed to apply the request; it is separated but not clearly enough
SUB-0RqDaNQEfS,A,2,7,7,4,Expressed the progress status as a graph
SUB-0RqDaNQEfS,B,1,7,7,4,A clear separation matching the request was applied
SUB-0RqDaNQEfS,B,2,7,7,4,Expressed the progress status as a graph
SUB-z3W5anPuPR,A,1,7,4,4,"It edited the copy, overall structure, and content well to fit the menu photo context"
SUB-z3W5anPuPR,A,2,7,4,3,"If it's menu information, the name and price of the menu item would be the most representative, but only the menu name is shown on the preview screen and no other information appears, which feels a bit awkward"
SUB-z3W5anPuPR,B,1,7,4,4,"It edited the copy, overall structure, and content well to fit the menu photo context"
SUB-z3W5anPuPR,B,2,7,4,4,The information you need when choosing a menu item shows up well in the preview.
SUB-cQhzlrmnYW,A,1,7,7,4,It analyzed and applied the request accurately
SUB-cQhzlrmnYW,B,1,7,7,4,It analyzed and applied the request accurately
SUB-FG8XL63oUX,A,1,7,7,4,Requested items applied.
SUB-FG8XL63oUX,A,2,4,3,3,The feel doesn't seem to have been changed appropriately
SUB-FG8XL63oUX,B,1,7,4,5,Even the position was changed
SUB-FG8XL63oUX,B,2,6,7,5,The feel was definitely changed
SUB-qGhHWflpW9,A,1,7,7,4,"Converted to a tablet layout, applied a 2-column structure — storage summary on the left, file list on the right"
SUB-qGhHWflpW9,B,1,7,7,4,"Converted to a tablet layout, applied a 2-column structure — storage summary on the left, file list on the right"
SUB-PhKT6_LWjR,A,1,7,7,4,Applied a feature that lets you save directly from the list
SUB-PhKT6_LWjR,A,2,7,7,4,Changed the colors of the filter chips as requested
SUB-PhKT6_LWjR,B,1,7,7,4,Applied a feature that lets you save directly from the list
SUB-PhKT6_LWjR,B,2,7,7,4,Changed the colors of the filter chips as requested
SUB-oODxAmP2Dc,A,1,5,5,3,The AVAILABLE NOW / UPCOMING WEEKLY split doesn't suit the request to divide by airing period
SUB-oODxAmP2Dc,A,2,6,6,4,It was divided as requested
SUB-oODxAmP2Dc,B,1,7,7,4,It separated the airing periods by month
SUB-oODxAmP2Dc,B,2,7,7,4,The title stands out
SUB-AwPtEnDJdP,A,1,7,6,4,Changed from list type to card type
SUB-AwPtEnDJdP,A,2,6,6,4,The request was applied
SUB-AwPtEnDJdP,B,1,6,3,5,"It seems to have mistaken ""restructure the layout"" for ""add a feature"""
SUB-AwPtEnDJdP,B,2,6,6,4,A revision that matches the request
SUB-7IQDvduM8c,A,1,7,6,4,It swapped the order arbitrarily rather than per the request
SUB-7IQDvduM8c,A,2,6,6,4,Moved the seller card to the very top
SUB-7IQDvduM8c,A,3,6,6,4,It was changed to green
SUB-7IQDvduM8c,B,1,6,6,4,It looks like the order was swapped appropriately
SUB-7IQDvduM8c,B,2,7,6,4,Moved the seller card information down
SUB-7IQDvduM8c,B,3,6,6,4,A modification that matches the request.
SUB--7S4ZGntEH,A,1,6,6,4,Swapped the numbering of the order and delivery information
SUB--7S4ZGntEH,A,2,6,6,4,Changed the background to a darker color and made the button white
SUB--7S4ZGntEH,B,1,6,5,5,"I asked for an order change, but it omitted too much information"
SUB--7S4ZGntEH,B,2,6,6,5,Uses a background color that comes out of nowhere.
SUB-zZkKcB8npK,A,1,5,4,4,The request was applied.
SUB-zZkKcB8npK,A,2,5,5,3,The request was applied only minimally.
SUB-zZkKcB8npK,B,1,5,5,4,The request was applied appropriately.
SUB-zZkKcB8npK,B,2,5,6,4,"Last access shows not just the date but also the time, which is more effective."
SUB-XyAdiwoqOw,A,1,7,7,4,Requested items applied.
SUB-XyAdiwoqOw,B,1,7,7,4,Requested items applied.
SUB-w3oeIn-HEy,A,1,7,4,4,"The scope is appropriate, but the button hierarchy is somewhat awkward."
SUB-w3oeIn-HEy,B,1,7,4,4,"The scope is appropriate, but the button hierarchy is somewhat awkward."
SUB-Mri_CWeZ-B,A,1,7,4,4,"Added a ""go to comment list"" button."
SUB-Mri_CWeZ-B,B,1,7,5,4,The approach of showing the comment list right away is positive.
SUB-gIiMwP-1EM,A,1,5,5,4,Applied the request without omissions.
SUB-gIiMwP-1EM,A,2,5,5,4,Applied the request without omissions.
SUB-gIiMwP-1EM,A,3,5,4,3,"The three numbers are indeed emphasized, but they don't draw much attention."
SUB-gIiMwP-1EM,B,1,5,5,4,Applied the request without omissions.
SUB-gIiMwP-1EM,B,2,5,5,4,Applied the request without omissions.
SUB-gIiMwP-1EM,B,3,5,6,4,The three numbers are emphasized nicely and stand out.
SUB-xQkcCohpy2,A,1,5,5,6,"When splitting into two, it should have been confirmed whether to split horizontally or vertically. Arranging them vertically is hard to call a great direction considering the amount of information. I think ""no action needed"" could actually be placed at the same hierarchy level as ""archived"" without any problem."
SUB-xQkcCohpy2,A,2,6,7,4,The change seems well done. The screen inevitably gets more complex once categories are added.
SUB-xQkcCohpy2,A,3,7,7,4,"If the purpose is differentiation, using color is a good choice. However, putting the distinguishing tag at the same level as the schedule title doesn't seem like a good choice, since truncation can occur depending on the length of the information."
SUB-xQkcCohpy2,B,1,6,6,4,Same as option A. It should have been double-checked whether to divide it into top/bottom sections or by tabs.
SUB-xQkcCohpy2,B,2,7,5,4,"It looks clean and the filtering conditions are extensible, but the biggest drawback of this kind of UI is that depending on how many conditions I select, it can sometimes be hard to see all the conditions at once and cumbersome to operate."
SUB-xQkcCohpy2,B,3,6,4,3,"If the point is ""at a glance,"" the top area shouldn't have been filled with a color block. It draws the eye there instead."
SUB-XFNZqc-v6t,A,1,5,5,4,The request was applied well.
SUB-XFNZqc-v6t,A,2,5,6,4,Nicely changed to a two-column layout suited to the PC layout.
SUB-XFNZqc-v6t,A,3,5,5,4,The request was applied well.
SUB-XFNZqc-v6t,B,1,5,5,4,The request was applied well.
SUB-XFNZqc-v6t,B,2,5,4,3,"It does expand horizontally, but the arrangement is awkward."
SUB-XFNZqc-v6t,B,3,5,5,4,The request was applied well.
SUB-Un2W--Niug,A,1,7,6,4,Accurately reflected the user's request.
SUB-Un2W--Niug,A,2,2,2,2,I'm not even sure myself what the request is;;
SUB-Un2W--Niug,A,3,6,7,4,"Changed the color to a more positive tone, avoiding the look of a warning."
SUB-Un2W--Niug,B,1,6,6,4,"I can't judge whether giving detailed information is TMI or appropriate, but personally it helped me understand the status better."
SUB-Un2W--Niug,B,2,2,2,1,I still don't really understand this comment...
SUB-Un2W--Niug,B,3,6,6,4,Changing the color family was effective.
SUB-dcvD8eBalo,A,1,6,5,2,"The request was applied, but the time display gets buried."
SUB-dcvD8eBalo,B,1,6,6,4,Applied the request effectively.
SUB-RLVkvCsx4z,A,1,5,4,2,It's not in the form of a card placed in the center of the canvas. Text readability became very poor.
SUB-RLVkvCsx4z,A,2,3,3,2,It doesn't feel like the achievement is emphasized.
SUB-RLVkvCsx4z,A,3,3,2,2,This one is hard to evaluate because the instruction is ambiguous.
SUB-RLVkvCsx4z,B,1,6,5,4,Faithfully carried out the prompt to switch the layout.
SUB-RLVkvCsx4z,B,2,6,5,4,Used the wide space to provide more information.
SUB-RLVkvCsx4z,B,3,2,2,3,I can't interpret this instruction either..
SUB-hHejmp6BAX,A,1,5,5,4,Applied the request without omissions.
SUB-hHejmp6BAX,A,2,5,4,3,The information hierarchy and order in the top area are unchanged.
SUB-hHejmp6BAX,A,3,5,4,3,"It's just a color inversion or so, so the difference is negligible."
SUB-hHejmp6BAX,B,1,5,5,4,Applied the request without omissions.
SUB-hHejmp6BAX,B,2,5,5,4,"The information hierarchy, order, and emphasis in the top area were effectively revised."
SUB-hHejmp6BAX,B,3,5,5,4,Changing the button shape and adding an icon in front definitely gives it a different feel.
SUB-qPRi1XsJK3,A,1,5,5,4,"The best comment has a larger font size and a background color, so it's clearly emphasized."
SUB-qPRi1XsJK3,A,2,5,5,4,The genre name was added as a separate tag label.
SUB-qPRi1XsJK3,A,3,5,5,4,The request was applied well.
SUB-qPRi1XsJK3,B,1,5,5,4,The best comment is highlighted with a background color.
SUB-qPRi1XsJK3,B,2,5,5,3,"The genre name was added, but it's just plain text so it has low visual prominence."
SUB-qPRi1XsJK3,B,3,5,5,4,The request was applied well.
SUB-G0f0rwnLCP,A,1,4,4,3,"The title is 'Apply as a caregiver', so it has little to do with 'qualification check'."
SUB-G0f0rwnLCP,A,2,5,5,3,"A photo attachment button was added, but there's not enough detail info like supported file formats or size limits."
SUB-G0f0rwnLCP,B,1,5,5,4,"An appropriate title, 'qualification check', was added."
SUB-G0f0rwnLCP,B,2,6,6,4,"A photo attachment button was added, and details like supported file formats and size limits are helpfully explained too."
SUB-K08jUDkwWI,A,1,5,5,3,"Only an icon was added — there's no area separation, and it being on by default feels awkward."
SUB-K08jUDkwWI,B,1,5,6,4,"The button was added as a clickable area distinct from the existing input field area, and it being off by default is appropriate too."
SUB-d6v0WR_yIo,A,1,5,5,4,Applied the request without omissions.
SUB-d6v0WR_yIo,B,1,6,6,4,Appropriately reflects the request.
SUB-YIivig_F_D,A,1,5,5,4,Reflects the request without omissions.
SUB-YIivig_F_D,A,2,6,6,4,Reflects the request without omissions.
SUB-YIivig_F_D,B,1,5,5,4,Reflects the request without omissions.
SUB-YIivig_F_D,B,2,6,6,4,Reflects the request without omissions.
SUB-oCf8a2B5oN,A,1,5,5,4,Team members and guests are distinguished.
SUB-oCf8a2B5oN,A,2,3,3,2,The available actions are unchanged.
SUB-oCf8a2B5oN,A,3,3,3,3,Color is unchanged.
SUB-oCf8a2B5oN,B,1,5,5,4,Members it's shared with and those it isn't are distinguished.
SUB-oCf8a2B5oN,B,2,5,5,4,
SUB-oCf8a2B5oN,B,3,5,5,4,The card color changed to a darker color.
SUB-NA1otdL4uA,A,1,5,5,4,Moved the bottom nav to a left menu.
SUB-NA1otdL4uA,A,2,5,5,4,Star rating and review count were added.
SUB-NA1otdL4uA,B,1,5,5,4,Moved the bottom nav to a top tab.
SUB-NA1otdL4uA,B,2,5,5,4,Star rating and review count were added.
SUB-TPmBqB0D-r,A,1,5,5,3,"The step in progress is highlighted, but it's just a color highlight so the effect is minimal."
SUB-TPmBqB0D-r,B,1,6,6,4,The step in progress is clearly distinguished from the remaining steps.
SUB-gk4mRKvMJw,A,1,7,7,4,Understood the request well and converted it nicely into recipe content.
SUB-gk4mRKvMJw,B,1,7,7,5,Changed the information appropriately to suit a recipe.
SUB-HX-zubj-Yz,A,1,7,5,4,Switched to a wide panel while maintaining the style well.
SUB-HX-zubj-Yz,A,2,7,5,3,The buttons are placed too far apart.
SUB-HX-zubj-Yz,B,1,7,5,5,The layout is appropriately arranged. Good that the details and the button are in one section.
SUB-HX-zubj-Yz,B,2,7,3,3,The copy button is too far away.
SUB-Vb1Xfn3vyt,A,1,7,5,5,"It understood the request about account cleanup and file handling, but content that wasn't mentioned was added."
SUB-Vb1Xfn3vyt,A,2,7,5,5,
SUB-Vb1Xfn3vyt,B,1,7,5,3,"It understood and applied the intent of the request, but information about departing employees is missing."
SUB-Vb1Xfn3vyt,B,2,7,5,3,"It understood the request, but used a UI unsuitable for a page with risky actions like Keep/Delete."
SUB-RnRFjn3oP7,A,1,7,7,4,"Reflects the request well. After grouping by activity type, it added dates to the items. However, the 'View older activity' button remains — that seemed to fit when the log was date-based."
SUB-RnRFjn3oP7,B,1,5,5,5,Seems to lack understanding of 'activity type'. Dividing by item category would have been more meaningful than From other people/Your action.
SUB-ka4jnDZOOu,A,1,7,6,4,Added the requested part well.
SUB-ka4jnDZOOu,B,1,7,6,4,Appropriately reflects the request.
SUB-emlPsrU6NI,A,1,7,7,4,Added appropriately in line with the style.
SUB-emlPsrU6NI,A,2,7,5,5,"The request seems to have been for a different graph style, but it changed the main information too."
SUB-emlPsrU6NI,B,1,7,7,4,Appropriately reflects the request.
SUB-emlPsrU6NI,B,2,7,6,4,Appropriately reflects the request and adds supplementary information appropriately.
SUB-62Vqt9YJyM,A,1,7,7,4,Well reflected in line with the request.
SUB-62Vqt9YJyM,B,1,5,5,6,Unnecessary title copy inserted.
SUB-Z591KlERxy,A,1,7,7,4,"Reflects the meaning of 'card composition' well, without unnecessary changes."
SUB-Z591KlERxy,B,1,6,6,5,"The card restructuring itself was well understood, but it was modified to an excessive level, ignoring the information hierarchy."
SUB-crlIpYTVi8,A,1,7,7,4,It maintains the original style while appropriately adding the requested items.
SUB-crlIpYTVi8,A,2,7,7,4,Easy to grasp each member's usage share at a glance.
SUB-crlIpYTVi8,B,1,7,5,3,"Changing it to a shared dining summary was well understood, but it's hard to tell at a glance what the increase-contribution graph represents."
SUB-crlIpYTVi8,B,2,7,5,3,Each member's share isn't easy to compare.
SUB-Mo03DuK8Nx,A,1,6,6,4,The requirement was clearly understood and appropriate colors were applied.
SUB-Mo03DuK8Nx,A,2,6,6,3,"The requirement was appropriately reflected, but it's a shame that the separation of the search field became ambiguous."
SUB-Mo03DuK8Nx,B,1,6,6,4,"Design polish aside, the requirement is well reflected."
SUB-Mo03DuK8Nx,B,2,6,6,4,"The use of an out-of-place color scheme completely different from the existing tone and manner is disappointing, but the requirement is well reflected."
SUB-0sgykJdL-6,A,1,7,6,4,"Split into Watched and Unwatched, so it's easy to quickly grasp viewing status. That said, it seems better to place Unwatched at the top."
SUB-0sgykJdL-6,A,2,7,6,4,"The Discuss button is placed so you can tell you can move to the discussion, but its height is small for a mobile button."
SUB-0sgykJdL-6,B,1,7,7,4,"Episodes are divided into Unwatched and Watched, with the next item to watch placed on top, making the user action priority clear. It's also good that Watched is condensed without thumbnails so already-watched items don't take up attention."
SUB-0sgykJdL-6,B,2,7,7,4,"Comments was changed into a button and added. However, unlike Discuss it doesn't directly describe the action, so it could be perceived as a general info badge, and the touch area looks small."
SUB-y7cYP7iX_E,A,1,6,5,4,"The request was vague, but the flow was well changed to a perspective where you select the role first."
SUB-y7cYP7iX_E,A,2,7,6,4,"The icon and title are more emphasized, making comparison a bit easier, and the styling is emphasized too."
SUB-y7cYP7iX_E,B,1,1,1,1,The flow is identical. It seems the request wasn't understood.
SUB-y7cYP7iX_E,B,2,5,5,5,"Comparison became easier. However, using a table view for role options seems excessive."
SUB-S-iv-GbsDk,A,1,6,6,4,"The result count was changed to a capsule form, making it much easier for users to notice."
SUB-S-iv-GbsDk,A,2,6,6,4,The requirement was well reflected through the position change.
SUB-S-iv-GbsDk,B,1,7,7,4,"The result count format was changed to a descriptive style that exposes the search term once more, and it's appropriately well reflected."
SUB-S-iv-GbsDk,B,2,6,6,4,"With the service name repositioned, the page title reads with higher priority."
SUB-cOcMpjwK-8,A,1,6,7,5,"The screen composition changed. However, a lot of excessive detail was included."
SUB-cOcMpjwK-8,B,1,6,5,7,Not only the composition but the overall design changed.
SUB-qaO2NEtoxx,A,1,7,7,4,"Recommended topics are provided in a selectable form, clearly reflecting the intent of the request. The purpose of the existing empty state and the main CTA are also preserved, so the scope of change is appropriate."
SUB-qaO2NEtoxx,B,1,7,7,5,"Recommended topics were added as multiple selectable topics, clearly reflecting the request's intent so users can start their first note right from the empty state."
SUB-AASmw51V7F,A,1,7,7,4,"The editor was converted into a rotating shift planner, and the existing weekly repeat area was appropriately changed into a structure where various shift cycles can be selected."
SUB-AASmw51V7F,A,2,7,7,4,"Utilizing the wider screen, selection items and input fields were rearranged horizontally into a structure suited to a desktop environment."
SUB-AASmw51V7F,A,3,7,7,4,"The upcoming sleep summary is set up as a separate highlighted area with sleep duration shown large, improving immediate recognition compared to the original."
SUB-AASmw51V7F,B,1,7,7,4,"The repeat setting was clearly converted into a cycle selection, well reflecting the purpose of the shift planner."
SUB-AASmw51V7F,B,2,7,7,4,"Shift cycle selection and detailed settings are split into left and right areas, efficiently using the wide screen and restructuring the information architecture to suit a desktop environment."
SUB-AASmw51V7F,B,3,7,7,4,"Sleep duration is emphasized large and with high contrast, improving immediate recognition of the key information."
SUB-Irj5pC9bPm,A,1,7,6,4,"The request was reflected, but it isn't stated that the verification email will be sent to that address."
SUB-Irj5pC9bPm,B,1,4,2,7,"A button was added, but it's shown as already verified, which doesn't match the intent of the request."
SUB-uWKIJITI9L,A,1,7,7,4,Good for grasping student satisfaction in concrete terms.
SUB-uWKIJITI9L,A,2,7,7,4,"An accent color is applied to the bottom apply button, and contrast against the price/apply button is raised so it can be clearly recognized."
SUB-uWKIJITI9L,B,1,7,7,4,Conveys student satisfaction intuitively and credibly.
SUB-uWKIJITI9L,B,2,7,7,4,"Strong background contrast is applied to the bottom apply area and the CTA is separated with an accent color, improving immediate recognition of the key action on screen."
SUB-2vn3PVSWVu,A,1,7,7,4,Improved so the current selection state can be clearly recognized.
SUB-2vn3PVSWVu,B,1,7,7,4,Improved so the currently selected item can be recognized very clearly.
SUB-U9RqpNxkU9,A,1,7,7,4,Structured so you can choose a meal plan that fits the limited time available.
SUB-U9RqpNxkU9,A,2,7,7,4,Makes PLAN → SHOP → PREP → COOK flow naturally.
SUB-U9RqpNxkU9,A,3,7,6,4,"Differentiated from the existing collection cards, but partly keeps the large image-centric card structure."
SUB-U9RqpNxkU9,B,1,7,7,4,Placing 15 / 30 / 45 min up front makes choosing a meal plan by time required very clear.
SUB-U9RqpNxkU9,B,2,7,7,4,"Connects Plan → Shop → Prep → Cook with a progress line and numbers, so the order reads intuitively."
SUB-U9RqpNxkU9,B,3,7,7,4,"Changed the recommendation card so a content card overlaps on top of the image, giving a distinctly different impression from before."
SUB-1b_yGisQ7O,A,1,7,7,4,"Actually rearranged the order of the bar items, accurately reflecting the request."
SUB-1b_yGisQ7O,B,1,7,7,4,Clearly rearranged the order of the editing toolbar.
SUB-7pDpBgJ2zW,A,1,4,4,2,"The body text was changed, but the request to change the photo wasn't applied."
SUB-7pDpBgJ2zW,A,2,6,6,4,"Newly composed a CTA that can lead to the next action, as requested."
SUB-7pDpBgJ2zW,A,3,3,2,2,"Guidance about the journey and explanations about rewards were added, but there's a lack of elements conveying congratulation or a sense of achievement for the current status attained."
SUB-7pDpBgJ2zW,B,1,4,4,3,"The body text was changed, but the request to change the photo wasn't applied — only a description of the photo was added."
SUB-7pDpBgJ2zW,B,2,6,6,3,"Information about blood donation activity was added at the bottom, but separating content that could be handled in the body into its own section makes the purpose feel weak."
SUB-7pDpBgJ2zW,B,3,3,2,2,"Guidance about the journey and explanations about rewards were added, but there's a lack of elements conveying congratulation or a sense of achievement for the current status attained."
SUB-wvN2XQ5tHZ,A,1,7,7,4,Added a checkbox so you can directly choose whether to stay signed in.
SUB-wvN2XQ5tHZ,A,2,7,7,4,"The composition/order of the library image at the top appears to have changed, so the request is reflected."
SUB-wvN2XQ5tHZ,B,1,7,7,4,"Adding a Stay signed in checkbox plus the note about staying signed in for 30 days makes the intent very clear. Moved the existing top Library image down into the Alderline Library card, clearly changing the order."
SUB-wvN2XQ5tHZ,B,2,7,7,4,"Moved the existing top Library image down into the Alderline Library card, clearly changing the order."
SUB-fJWVEoOXh-,A,1,7,7,4,"Changed the topic to Neighborhood food drive and accurately converted the member count to 3,240 of 5,000 donated items."
SUB-fJWVEoOXh-,A,2,7,7,4,"Added the drop-off location in one line under the deadline: ""Drop off at Westhaven Community Center..."""
SUB-fJWVEoOXh-,A,3,7,7,4,"Center-aligned in the order progress ring → donation total → remaining quantity/deadline/location, reflecting the request exactly."
SUB-fJWVEoOXh-,B,1,7,7,4,"Changed to a food drive, and the tally based on donated items is clear with 3,240 donated / 1,760 to go."
SUB-fJWVEoOXh-,B,2,7,7,4,Clearly added the drop-off location under the deadline.
SUB-fJWVEoOXh-,B,3,7,7,4,Accurately changed to a centered layout by putting it above the graph and stacking the details below.
SUB-ZRZpJ7dDwD,A,1,7,7,4,Expanded to a desktop canvas and clearly shifted to a left navigation + wide main browsing area.
SUB-ZRZpJ7dDwD,A,2,7,7,4,"Splits the existing curation list side by side into two groups, COLLECTIONS / GUIDES."
SUB-ZRZpJ7dDwD,A,3,7,7,4,"Added ""Updated March 14, 2024"" to the featured guide metadata."
SUB-ZRZpJ7dDwD,B,1,7,7,4,Accurately shifted to a desktop canvas + left nav + wide browsing area.
SUB-ZRZpJ7dDwD,B,2,7,7,4,Clearly separates Collections / Guides into side-by-side groups.
SUB-ZRZpJ7dDwD,B,3,7,7,4,Added the last updated date to the featured guide metadata.
SUB-ETw0atfNrk,A,1,6,6,6,The two stages are clear through the circular badges and steps.
SUB-ETw0atfNrk,A,2,3,3,3,"Step 1 and 2 are the same color, so the distinction feels weak."
SUB-ETw0atfNrk,B,1,5,5,5,Fully groups things into two stages so they look distinct.
SUB-ETw0atfNrk,B,2,5,5,5,The colors definitely stand out and are clearly divided.
SUB-Wcn8n4s4cl,A,1,7,7,4,"Converted the student feedback screen into a teacher-facing Post-session report, and the note at the bottom saying students will see it is clear too."
SUB-Wcn8n4s4cl,A,2,7,7,4,"Reorganized into a horizontal desktop layout, fitting the main content on one screen."
SUB-Wcn8n4s4cl,A,3,7,7,4,"Shows ""Lesson 14 of 20 · 70% complete"" plus the previous and next lessons, so you can immediately grasp your position in the course."
SUB-Wcn8n4s4cl,B,1,7,7,4,"Converted to a teacher-facing post-session report, and also applied the note at the bottom saying students will see it."
SUB-Wcn8n4s4cl,B,2,7,7,4,Fits all the content on a horizontal desktop screen without scrolling.
SUB-Wcn8n4s4cl,B,3,7,7,4,"The progress timeline at the top intuitively shows the current position, Lesson 14 of 20."
SUB-AcMFWz1jU9,A,1,7,7,4,"It also explains the purpose of each step, making it easy to grasp the overall flow in advance. However, ""Stay details"" in step 4 doesn't directly reveal the actual filter name, so it's somewhat ambiguous if you only look at the top label."
SUB-AcMFWz1jU9,A,2,7,7,5,"The current step is emphasized with text and the rest are distinguished by gray and Next·Later, so the status difference is clear. However, the top stepper and Remaining stages repeat the same step information, making the screen a bit expository."
SUB-AcMFWz1jU9,B,1,7,7,4,"Sort order, Nightly price, Property type, and Stay details are organized as steps 1–4, and the completion step even summarizes the selected results, making the overall flow easy to grasp."
SUB-AcMFWz1jU9,B,2,7,7,5,"Completed steps are green, the current one pink, and the rest gray dotted, so step status is clear. However, using color, a left bar, borders, and status badges all at once makes the differentiation excessive."
SUB-U3heQd_EhD,A,1,7,7,4,It clearly switches from delivery address selection to a nearby-store pickup screen.
SUB-U3heQd_EhD,A,2,7,7,4,Stores are grouped by travel distance so you can easily browse starting from the closest ones.
SUB-U3heQd_EhD,A,3,7,7,4,"Each store shows both wait time and open/closed status, so you can judge whether it's suitable to visit today before selecting."
SUB-U3heQd_EhD,B,1,7,7,4,It clearly switches from delivery address selection to a nearby-store pickup screen.
SUB-U3heQd_EhD,B,2,7,7,4,"Stores are sorted by current availability, so you can prioritize browsing stores you can actually visit."
SUB-U3heQd_EhD,B,3,7,7,4,"Each store's wait time, number of people waiting, and open status are exposed, so you can immediately judge whether it's suitable to visit today."
SUB-FlsrNkjvI8,A,1,5,5,5,It correctly identified the part to be restructured and restructured it.
SUB-FlsrNkjvI8,B,1,5,5,5,"The design separates completed selections from candidates, so the hierarchy is clear and the order is made explicit."
SUB-sph7ZidSu-,A,1,7,7,4,"Adds a manual code entry field and a proceed button to the guidance area, providing an alternative path when scanning fails."
SUB-sph7ZidSu-,A,2,7,7,4,"Keeps the three scanner controls on one row while making the center scan button wider, emphasizing the primary action."
SUB-sph7ZidSu-,B,1,7,7,4,Clearly adds a manual code entry path to the guidance area.
SUB-sph7ZidSu-,B,2,7,7,4,"Keeps the three controls on one row and makes the center scan button the widest, emphasizing the primary action."
SUB-NEc8frvnVh,A,1,7,6,4,"Along with the departure time, it shows ""25 min ride"" and ""Arrives T2 at 5:10 PM,"" so you can immediately grasp the duration and terminal arrival time. However, the request was to add information, yet the existing ""Started 3:32 PM"" was deleted. From a UI/UX standpoint the departure and arrival info matters more, but it isn't a fully faithful reflection of the request."
SUB-NEc8frvnVh,A,2,7,7,4,"Call and Text buttons were added to the right of the driver info, turning an area that was view-only into one where you can contact them directly. Using both icons and text makes the function clear and the touch targets sufficient."
SUB-NEc8frvnVh,B,1,7,6,4,"Departure time, the 25-minute duration, and the Terminal 2 arrival time are split into three areas, so the time relationships are quick to grasp. However, the existing ""Started"" time and ""LEFT"" text were removed, so the request to add info was handled partly by replacing information."
SUB-NEc8frvnVh,B,2,7,7,4,"Adds ""Message Della"" and ""Call"" to the driver area and emphasizes messaging as the primary action, making it easy to get in touch right away. It also shows the Ready status so you can tell the driver connection state."
SUB-AIGPc85EFc,A,1,7,7,4,"Before plan selection, it clearly explains the billing cycle and commitment terms in a separate area."
SUB-AIGPc85EFc,A,2,7,7,4,Moves the currency notice to the top of the billing cycle selection area so it can be seen first.
SUB-AIGPc85EFc,A,3,6,7,4,"Keeps the per-plan features as a comparison table while tidying up spacing and sections, making it easy to compare. However, with the commitment area added at the top, it's hard to say the screen became much lighter."
SUB-AIGPc85EFc,B,1,7,7,4,"Before plan selection, it clearly explains monthly/annual billing and the actual billing terms."
SUB-AIGPc85EFc,B,2,7,7,4,Moves the currency notice to the very top of the screen so users notice it before checking prices.
SUB-AIGPc85EFc,B,3,6,7,4,"The feature comparison table is neatly condensed, so differences between plans are quick to compare and the whole screen feels lighter."
SUB-uGby5UPmCt,A,1,7,7,4,"Changed to a dark green card and bundled the search input and current-location function into one clear search area. Color, radius, and shadow were all changed, so it clearly looks like a different style from the original."
SUB-uGby5UPmCt,B,1,7,7,4,"Removed the existing white card and rectangular input and rebuilt it with an underlined search field, help text, and an outlined current-location button, so the style is clearly different. It uses light styling similar to the nearby list, which also improves screen consistency."
SUB-O5YKhLfoeW,A,1,7,7,4,Adds a one-line description of the template's purpose under the title.
SUB-O5YKhLfoeW,A,2,7,7,4,Reduces the height of the top image area so the price and license info appear higher up.
SUB-O5YKhLfoeW,A,3,7,7,4,Treats unselected license options with lower brightness and contrast to emphasize the selected item.
SUB-O5YKhLfoeW,B,1,7,7,4,Adds a sentence under the title explaining the template's purpose.
SUB-O5YKhLfoeW,B,2,7,7,4,"Greatly shrinks the top image area, moving the price info up."
SUB-O5YKhLfoeW,B,3,7,7,4,Treats unselected licenses with low contrast to emphasize the selected item.
SUB-OCsaSuGfcZ,A,1,7,7,4,"Restructures the existing vertical list into three step cards, clearly showing the order."
SUB-OCsaSuGfcZ,A,2,7,7,4,Places the feature name 'Spatial Mixes' above the image so it's noticed first.
SUB-OCsaSuGfcZ,B,1,7,7,4,Groups the three steps into a separate step area and restructures it by distinguishing the structure of steps 1–2 from step 3.
SUB-OCsaSuGfcZ,B,2,7,7,4,Places the feature name 'Spatial Mixes' above the image so the feature is recognized first.
SUB-fxv5KOdN3Y,A,1,7,6,5,"Adds an ""Archive instead"" button exactly between Delete project and Cancel, and explains the function with an icon."
SUB-fxv5KOdN3Y,B,1,7,7,4,"Places a small archive button between delete project and cancel, and the description area conveys that it's an alternative to deleting. Unlike option A, the button is actually small, so it meets the request's conditions."
SUB-CkGyT1iUNm,A,1,7,7,4,
SUB-CkGyT1iUNm,A,2,7,7,4,"On the first line of the resource summary, ""Life Science, Grades 6-8"" is placed in large pink text, so the subject and grade range are noticed before the title. It emphasizes the two requested pieces of info as the strongest summary information."
SUB-CkGyT1iUNm,B,1,7,7,4,"""PUBLIC RECOMMENDATION"" and ""Recommend this to teachers"" clearly convey the purpose of a public recommendation aimed at teachers. Providing Grade range, Standards, and Prep needed under CLASSROOM FIT lets teachers make a concrete judgment."
SUB-CkGyT1iUNm,B,2,7,7,4,"""Life Science / Grades 6-8"" is placed at the very top of the card in large white text on a dark background, so the subject and grade range are noticed first. The emphasis is stronger than in option A and the placement is clearer."
SUB-1d2hcHR2lX,A,1,7,7,4,Uses small group labels to separate the schedule and redemption info by meaning while keeping the card height the same.
SUB-1d2hcHR2lX,A,2,7,7,4,Green color and an underline are applied so it looks like a link that takes you to the issuer details.
SUB-1d2hcHR2lX,B,1,7,6,5,
SUB-1d2hcHR2lX,B,2,7,6,4,"With green emphasis and a diagonal arrow added, it's clearer than A that this is a link going to the external issuer details."
SUB-c8t9VhrOEC,A,1,6,6,6,Clearly carried out the request to change the colors.
SUB-c8t9VhrOEC,B,1,3,3,3,"Carried out the request properly, but the hierarchy changed."
SUB-XI8bEaQeo8,A,1,6,6,6,Handled the request to group by conversation very well.
SUB-XI8bEaQeo8,B,1,5,5,5,"It understood and applied the user's request, but crammed in far too many other extra features."
SUB-1TV6e0_LbP,A,1,6,6,6,Understood and applied the request well.
SUB-1TV6e0_LbP,B,1,3,2,5,"Nobody asked for subtext, but it added it."
SUB-WTXvvzfQC5,A,1,6,6,5,"It made a desktop screen, and no elements seem to be missing."
SUB-WTXvvzfQC5,A,2,5,5,5,Used tab elements to split the content by category.
SUB-WTXvvzfQC5,B,1,6,6,6,Carried out the user's request to fit a desktop screen well.
SUB-WTXvvzfQC5,B,2,4,4,4,"It split things by goal, but the groups don't stand out much so they're hard to distinguish."
SUB-Z2OiIfJBhq,A,1,6,6,4,It's not the sloppy approach of deleting only the button and leaving the divider.
SUB-Z2OiIfJBhq,A,2,6,6,4,Added exactly in the requested position.
SUB-Z2OiIfJBhq,B,1,5,5,6,"It met the user's requested condition, but the button name got switched too."
SUB-Z2OiIfJBhq,B,2,5,5,5,"Positionally it's correct, but a profile photo area suddenly appeared."
SUB-Fc7SFZ-ysp,A,1,7,6,4,"The prompt only said 'type', so the content wasn't clear, but it split things into withdrawals and deposits — the most in-demand — plus the security-related activity that appears in between, and included an All items option, showing an efficient menu structure."
SUB-Fc7SFZ-ysp,B,1,6,5,3,"It understood the request to 'be able to view just one type' well, but since the request wasn't specific, its interpretation of 'type' ended up centering on payment/cash-flow methods. Considering that the most basic need in a finance/household-budget service is income and expense information, that criterion is a bit disappointing. Still, you can't say the request wasn't applied."
SUB-qylrW-RDe2,A,1,7,6,5,
SUB-qylrW-RDe2,A,2,3,2,1,"The recommended plan doesn't look emphasized; rather the area looks stretched because the text is long, and compared to the other plans it isn't emphasized so much as just appearing selected."
SUB-qylrW-RDe2,A,3,6,6,4,"Blocks are separated and grouped by function, so the relationships between elements become clear and overall visibility improves."
SUB-qylrW-RDe2,B,1,7,7,4,Appropriately provides a flow where one click leads to selecting the recommended plan.
SUB-qylrW-RDe2,B,2,6,6,4,"Rather than just expanding the size of the recommended plan area, it also applies an accent color so you can clearly recognize it as the recommended option versus the other plans."
SUB-qylrW-RDe2,B,3,6,6,4,"Features are grouped by plan and also restructured by function within each plan, making the information structure clear."
SUB-uF9a-BAAZv,A,1,5,5,3,"Payout-related info was added well, but the main title 'Your earnings' doesn't fit the purpose of the page."
SUB-uF9a-BAAZv,A,2,7,6,3,"The available withdrawal amount was added well, but the next payout schedule info, which is a different kind of information, is placed as a sub-element of the balance info, making the relationship between the two awkward."
SUB-uF9a-BAAZv,A,3,7,7,4,"You can clearly confirm the payout amount and destination account via the button label and the Default badge on the account info, so the user can easily recognize what amount is going where."
SUB-uF9a-BAAZv,B,1,7,6,4,"The title, withdrawal info, and payout account area are restructured so it transitions naturally into a payout account screen."
SUB-uF9a-BAAZv,B,2,7,7,4,Places the available withdrawal amount and next payout schedule in card form so users can check them quickly.
SUB-uF9a-BAAZv,B,3,6,6,2,"The 'Start a payout' button makes the payout action recognizable, but it's hard to check the payout amount and destination account, so there's not enough information for the user to confirm before executing."
SUB-ie9cmBChnV,A,1,7,7,4,
SUB-ie9cmBChnV,B,1,7,6,4,
SUB-5GMy7GqDj1,A,1,1,2,2,"The content itself went in fine, but it didn't understand the position 'date header'."
SUB-5GMy7GqDj1,A,2,7,7,4,A button was added to the last schedule item.
SUB-5GMy7GqDj1,B,1,6,6,4,
SUB-5GMy7GqDj1,B,2,7,6,3,"The buttons are small and placed close together, so mis-taps seem likely."
SUB-DKHx2m9yNX,A,1,7,4,4,"Followed and applied the request well, suited to a desktop environment."
SUB-DKHx2m9yNX,A,2,7,4,4,"Shows the detailed steps of the current stage as a flow right below the content, nicely."
SUB-DKHx2m9yNX,A,3,4,4,4,Design changes and colors suited to a diagram.
SUB-DKHx2m9yNX,B,1,7,4,4,"Followed and applied the request well, suited to a desktop environment."
SUB-DKHx2m9yNX,B,2,7,4,4,"Places the detailed steps of the current stage beside the content in a side-by-side view, expressing the flow well."
SUB-DKHx2m9yNX,B,3,4,5,4,Design changes and colors suited to a diagram.
SUB-RI_JP0gvbJ,A,1,7,7,4,Arranged as requested.
SUB-RI_JP0gvbJ,A,2,7,7,4,Arranged as requested.
SUB-RI_JP0gvbJ,B,1,7,6,4,"The element layout is good, but Pending deposits is placed under Total balance, making the information relationship ambiguous."
SUB-RI_JP0gvbJ,B,2,7,7,4,Arranged as requested.
SUB-h_mTg1HSBt,A,1,7,7,3,The list order was changed except for some items (Respiratory rate).
SUB-h_mTg1HSBt,B,1,7,7,4,Faithfully carried out the instruction.
SUB-RG5M1dTYju,A,1,4,3,4,"The group title's font got smaller and the color contrast decreased (blue), so the effect of being split into two groups is weaker."
SUB-RG5M1dTYju,B,1,6,6,4,The two groupings are clear.
SUB-JyCKb7cxdT,A,1,7,7,7,I think it was applied well.
SUB-JyCKb7cxdT,B,1,7,7,6,"I think the pink bg treatment is odd.. a UI I've never seen. If only one is left, does the bg area shrink too?"
SUB-XaU_YaXmA5,A,1,7,7,7,Reflected the request well.
SUB-XaU_YaXmA5,B,1,7,7,7,"Information was added aligned on the right side as well, so overall readability improved."
SUB-sr5peEVCqs,A,1,7,6,7,Text and UI overlap..
SUB-sr5peEVCqs,A,2,7,7,7,Applied as requested.
SUB-sr5peEVCqs,B,1,7,6,3,"I asked to change the list UI, but it suddenly went and applied filtering."
SUB-sr5peEVCqs,B,2,7,7,7,Appropriate.
SUB-Vtx7TGjLp2,A,1,5,5,4,Tablet-specific UI is reflected.
SUB-Vtx7TGjLp2,B,1,4,4,3,A UI that's just the mobile screen stretched horizontally.
SUB-BjlsXy99hh,A,1,7,7,4,Carried out the necessary requirements well while switching to a tablet layout.
SUB-BjlsXy99hh,A,2,4,6,4,"Laid out the layout in a column structure considering a horizontally wide touch device environment, and used a sidebar for easy navigation."
SUB-BjlsXy99hh,A,3,4,4,4,Adjusted the tone of the yellow primary theme. Enhanced visibility by lowering brightness and raising saturation.
SUB-BjlsXy99hh,B,1,6,4,4,Carried out the necessary requirements well while switching to a tablet layout.
SUB-BjlsXy99hh,B,2,4,4,3,"It did switch to a tablet screen, but the layout is more suited to a vertically long screen than a horizontally wide one. Blocks are stacked top to bottom, and navigation is also in a tab structure, making it hard to reach on a touch device."
SUB-BjlsXy99hh,B,3,4,4,3,Adjusted the tone of the yellow primary theme. Enhanced visibility by lowering brightness. It's a bit of a shame though — I wonder how it would have been if saturation had been adjusted to compensate for the muddiness.
SUB-PgNXsjgno0,A,1,7,7,4,Accurately applied.
SUB-PgNXsjgno0,B,1,7,7,4,The legend display is helpful but excessive.
SUB-kyp_O7giS-,A,1,5,5,4,Placed the main image up front and overlaid the text on it.
SUB-kyp_O7giS-,B,1,5,5,4,The title position is unstable; it does clearly distinguish the preview from the rest of the content.
SUB-fHR1BN-eYj,A,1,5,5,4,Reflected the request accurately.
SUB-fHR1BN-eYj,B,1,5,5,4,"Expresses the sort links more clearly, though I question whether it fits the current design system."
SUB-W-cUb5OqBR,A,1,5,5,4,"Only the color was changed, accurately."
SUB-W-cUb5OqBR,B,1,4,3,3,"Adding a border isn't a change of color tone; at least one of hue, brightness, or saturation must be changed."
SUB-JhRHS1iaSD,A,1,5,5,4,The request was reflected accurately.
SUB-JhRHS1iaSD,A,2,5,5,4,Created the skip button accurately.
SUB-JhRHS1iaSD,B,1,5,5,4,Provides the requested information in card form.
SUB-JhRHS1iaSD,B,2,3,3,3,There was a clear request to put it in the empty space below.
SUB-6wRIDPnjFP,A,1,7,3,4,"Changing the discount item to a company item and adding the assigned team to each row was done well, but applying the assigned team as chips affects readability and visibility."
SUB-6wRIDPnjFP,A,2,7,7,4,"Separated the groups well, with live classes first and self-paced below. Implemented sufficient visual separation by adding spacing, divider lines, and subheadings."
SUB-6wRIDPnjFP,B,1,7,4,4,"Reflected the request diligently and well. Visually separated the text style of the assigned team, and used team initials as avatars, achieving good information clustering."
SUB-6wRIDPnjFP,B,2,7,4,3,"The subheadings and grouping were done well, but applying a subheading background color on top of dividers and spacing looks like excessive separation. When doing visual separation, applying three or more styling treatments risks making the change excessive."
SUB-gWuddUS4YK,A,1,5,5,4,The content order was changed as requested.
SUB-gWuddUS4YK,A,2,5,5,4,The credit summary is placed at the very top.
SUB-gWuddUS4YK,A,3,5,5,4,Expresses the nonprofit identity in the header area.
SUB-gWuddUS4YK,B,1,5,5,3,Changed the original composition quite a lot.
SUB-gWuddUS4YK,B,2,3,3,3,"I asked to show the credit summary first, but it changed the content itself too."
SUB-gWuddUS4YK,B,3,5,5,4,Expressed in the header at the top
SUB-qM0ObM3syl,A,1,4,4,4,Moved the email address up
SUB-qM0ObM3syl,A,2,5,5,4,Emphasized it
SUB-qM0ObM3syl,B,1,5,5,5,Moving it above the title doesn't fit the information hierarchy
SUB-qM0ObM3syl,B,2,5,5,4,Emphasizes it clearly
SUB-J9kpchd7fs,A,1,7,4,4,Made the title's proportion sufficiently large
SUB-J9kpchd7fs,B,1,7,4,2,Made the title's proportion sufficiently large
SUB-NQpEU0NEIE,A,1,7,7,4,Understood well which part needed changing and the intent
SUB-NQpEU0NEIE,A,2,7,7,4,"Even though it was ambiguous what ""above"" meant, it caught the intent very well"
SUB-NQpEU0NEIE,B,1,3,2,6,"Among the various filtering approaches, it failed to figure out which filter suits Help & Support. It used an excessive dropdown filter that increases the depth of use"
SUB-NQpEU0NEIE,B,2,2,2,1,"The expression ""above"" was ambiguous, but as a result there's no center of gravity. The search box alone has too high color contrast, so there's no sense of which menu's search function it is"
SUB-2Q-5WTVJQS,A,1,5,5,4,Did it reasonably well
SUB-2Q-5WTVJQS,A,2,6,6,4,I like that it separated things with segmented tabs so I can view the filtering I want
SUB-2Q-5WTVJQS,A,3,7,7,5,Well distinguished by color
SUB-2Q-5WTVJQS,B,1,6,6,4,Applied well as requested
SUB-2Q-5WTVJQS,B,2,5,3,3,Order counts aren't visible for ranks 1–3
SUB-2Q-5WTVJQS,B,3,5,3,3,"Grouping ranks 1–3 together so they look separated seems like a wrong application. Ranks should be grouped with ranks, so grouping them with the information above seems wrong"
SUB-yvTt1dctmL,A,1,7,7,4,Sensibly placed the price information on the right as well
SUB-yvTt1dctmL,A,2,7,7,5,
SUB-yvTt1dctmL,A,3,7,6,4,
SUB-yvTt1dctmL,B,1,6,7,6,"The app screen is centered, but nobody asked for a dashboard UI."
SUB-yvTt1dctmL,B,2,3,3,3,
SUB-yvTt1dctmL,B,3,6,7,4,I think it laid out the information that needs to be conveyed well
SUB-sgiNl4_rNX,A,1,7,7,4,"Understood what the green label is and moved its position as requested. Also adjusted the room name to a smaller, appropriate size well"
SUB-sgiNl4_rNX,B,1,6,5,6,"It grasped the countdown position and the room name size adjustment well, but made an excessive change by moving the photo down"
SUB-zGuaNZDnC2,A,1,7,7,4,Came out exactly as I imagined.
SUB-zGuaNZDnC2,A,2,4,4,3,"It does let you guess that you can also invite your team when creating a workspace, but I'm not sure whether that concept means more things were added that you can do."
SUB-zGuaNZDnC2,A,3,7,7,7,Reflected the intent very accurately.
SUB-zGuaNZDnC2,B,1,7,7,6,I only said to remove the divider; I never said to put a box around the text.
SUB-zGuaNZDnC2,B,2,6,6,4,More things you can do: I think it interpreted it well by providing the information that you can start for free.
SUB-zGuaNZDnC2,B,3,7,7,4,The wording seems more intuitive than A
SUB-AMkKzNh9St,A,1,6,6,5,"Splitting the rating and detailed feedback into steps 1 and 2 reflects the usage flow well and feels clearer. But it used the rounded rectangle shape too many times, creating unnecessary whitespace. Structurally that separation isn't necessary either."
SUB-AMkKzNh9St,A,2,2,3,1,"The composition of the feedback form didn't change. If adding an outer border and numbers is the change, that's far too little. It should have grasped the user's intent better."
SUB-AMkKzNh9St,B,1,6,6,4,I think using an accent color on the current state to clearly indicate status was a good edit.
SUB-AMkKzNh9St,B,2,6,6,4,It was good that it changed to a 5-level rating showing the meaning of the numbers instead of star ratings. The main users of medical services tend to be older rather than young. It's good to make the meaning clear. The small text is a flaw
SUB-O8c4NoWpRh,A,1,6,7,4,"Even without calling it an ""action button,"" it placed it up front (on the left) well on its own."
SUB-O8c4NoWpRh,A,2,7,7,5,Applied the card style and dividers well as instructed.
SUB-O8c4NoWpRh,B,1,7,7,4,"Even without calling it an ""action button,"" it placed it up front (on the left) well on its own."
SUB-O8c4NoWpRh,B,2,7,7,5,
SUB-gqe8heueL9,A,1,5,5,4,Changed the header
SUB-gqe8heueL9,A,2,5,5,4,Added labeling under the amount
SUB-gqe8heueL9,A,3,5,5,4,Created a Statement button
SUB-gqe8heueL9,B,1,5,5,4,Changed the header
SUB-gqe8heueL9,B,2,5,5,4,Expressed the balance summary section as a card
SUB-gqe8heueL9,B,3,5,5,5,Expressed whether it downloads and the specific CSV file extension
SUB-cPGW6iSm1L,A,1,4,3,4,The color and theme were changed
SUB-cPGW6iSm1L,A,2,4,4,3,Can't tell at a glance what changed — looks the same; seems like the title inside the card was just swapped to match the title
SUB-cPGW6iSm1L,A,3,5,5,4,Changed from purple to green
SUB-cPGW6iSm1L,B,1,5,4,3,Change in the header area
SUB-cPGW6iSm1L,B,2,4,4,3,"I expected the order of each sorted card to change, but there's no difference from the original UI"
SUB-cPGW6iSm1L,B,3,5,5,4,Swapped to red
SUB-YA8OVcgZ2W,A,1,5,5,4,Numbering added
SUB-YA8OVcgZ2W,B,1,5,5,4,Numbering and presentation that clearly express the steps
SUB-WqhGss-N4g,A,1,5,5,4,"Seems to understand the intent, but the horizontal width is displayed narrower in the center of the screen, which feels a bit cramped"
SUB-WqhGss-N4g,A,2,5,5,4,"Applied well, but the text looks cut off at the end"
SUB-WqhGss-N4g,A,3,6,6,4,Expressed exactly as the instruction said
SUB-WqhGss-N4g,B,1,4,4,6,A menu appeared at the top
SUB-WqhGss-N4g,B,2,2,2,4,"The account under the name and the one on the timeline are different and split up, which is confusing"
SUB-WqhGss-N4g,B,3,5,5,4,Reflects the user's request well
SUB-WwvsCjRUb_,A,1,7,7,4,"Difficulty and score info placed in the topic area, so you can grasp the information right before solving the problem"
SUB-WwvsCjRUb_,A,2,7,6,4,"Request met, though the icon's meaning isn't intuitively strong"
SUB-WwvsCjRUb_,A,3,7,6,4,"The progress bar is shown thicker and the numeric value is also shown, so it's better than before for grasping progress status"
SUB-WwvsCjRUb_,B,1,6,7,4,"Difficulty and score were added, but time info was added too, so it's a bit much"
SUB-WwvsCjRUb_,B,2,7,7,4,"Clearly provides 'view later', so the interaction method is well surfaced"
SUB-WwvsCjRUb_,B,3,6,7,4,"The progress bar is emphasized in a step form and the number of answered questions is provided, so the progress status is clearly visible"
SUB-E-qweCwlPC,A,1,6,6,4,"The overall tone was switched consistently, and beyond just replacing text, the category system was redesigned"
SUB-E-qweCwlPC,A,2,6,6,4,"By showing the date first, it implements a structure that reads from the time of shooting"
SUB-E-qweCwlPC,A,3,6,6,5,A search bar and an A–Z button were newly added. A line indicating the number of species was added
SUB-E-qweCwlPC,B,1,6,6,4,Displays the way plants are recorded differently by changing the bottom categories.
SUB-E-qweCwlPC,B,2,6,6,4,"A design where the time is read first via the time shown above the card, and photos appear somewhat more emphasized in card form"
SUB-E-qweCwlPC,B,3,6,6,4,"The request is well reflected through the toggle button between scanning with the camera and searching by name, and the design feels more concise."
SUB-M0yyGdaTiN,A,1,7,7,4,"Clearly switched to a tax-savings setup screen for self-employed users, and even the description and CTA were changed naturally to fit the purpose"
SUB-M0yyGdaTiN,A,2,7,7,4,"Composed the estimated tax schedule as a separate notice area, clearly changing the order so it can be seen before the body content"
SUB-M0yyGdaTiN,A,3,7,7,4,"Accurately applied the requested navy color, slight rounding, and sans-serif label to the main CTA"
SUB-M0yyGdaTiN,B,1,7,7,4,"Clearly switched to an empty state dedicated to tax savings, and naturally connected the purpose of setting a savings rate through to the CTA"
SUB-M0yyGdaTiN,B,2,6,5,4,"The estimated tax notice was relocated to a separate area, but it sits at the very bottom of the screen, so it's hard to say the exposure order of the notice was actively improved"
SUB-M0yyGdaTiN,B,3,7,7,4,"Accurately applied the navy color, slight rounding, and sans-serif label all"
SUB-5aoxwi2nIt,A,1,7,7,4,The request was appropriately and well applied
SUB-5aoxwi2nIt,B,1,7,7,4,Reflects the request well
SUB-Vxop5onw2l,A,1,5,5,5,
SUB-Vxop5onw2l,B,1,6,6,4,Good that the columns were restructured in a way that makes good use of the desktop screen
SUB-Kw0JSzLAev,A,1,7,7,4,Applied well
SUB-Kw0JSzLAev,A,2,7,5,4,Doesn't satisfy the single-line composition
SUB-Kw0JSzLAev,A,3,7,7,4,Color palette changed
SUB-Kw0JSzLAev,B,1,7,7,6,Request reflected
SUB-Kw0JSzLAev,B,2,7,7,4,Request reflected well
SUB-Kw0JSzLAev,B,3,7,7,4,"Switched to a purple family, definitely changing the color impression of the whole screen."
SUB-mfHFjlTLw8,A,1,7,7,4,Reflects the request appropriately and well.
SUB-mfHFjlTLw8,B,1,7,7,7,Tax information that wasn't requested was also added.
SUB-Z9nUCXpGQ-,A,1,2,2,2,I can't even tell whether it was applied or not.
SUB-Z9nUCXpGQ-,A,2,5,5,3,"It was included, but the intent of ""start right away"" is lacking."
SUB-Z9nUCXpGQ-,B,1,3,3,3,"By lumping everything into All Settings, the information hierarchy actually feels like it disappeared."
SUB-Z9nUCXpGQ-,B,2,7,7,4,"The ""start right away"" aspect is more visible."
SUB-U8aL806Sxj,A,1,7,7,4,The overall layout feels different.
SUB-U8aL806Sxj,B,1,7,7,4,"It feels like a completely different design, so it reflects the prompt request well."
SUB-SHZ8Gpp-7l,A,1,7,7,4,The details are well reflected.
SUB-SHZ8Gpp-7l,A,2,7,7,4,The button edit was done well.
SUB-SHZ8Gpp-7l,A,3,7,7,4,Well applied while keeping the colors more alive.
SUB-SHZ8Gpp-7l,B,1,6,6,6,Reflects the request well.
SUB-SHZ8Gpp-7l,B,2,1,1,3,It didn't understand the intent and applied it strangely.
SUB-SHZ8Gpp-7l,B,3,7,7,4,Reflects the request well. The colors feel better organized.
SUB-aylssjfOnw,A,1,7,7,4,
SUB-aylssjfOnw,A,2,7,6,4,
SUB-aylssjfOnw,B,1,7,7,4,
SUB-aylssjfOnw,B,2,7,6,5,
SUB-3hUzTWtKeo,A,1,7,7,4,
SUB-3hUzTWtKeo,A,2,6,5,5,"The composition of the curriculum title area was changed, but there are parts where the information hierarchy between elements isn't appropriate, and the amount of added information increased, making it hard to grasp the key content quickly."
SUB-3hUzTWtKeo,B,1,6,5,2,"The curriculum is divided by stage so the information structure became more granular, but relative to the increased amount of information, the sense that learning progresses step by step isn't sufficiently reinforced."
SUB-3hUzTWtKeo,B,2,6,6,4,The direction of visually distinguishing the curriculum stage titles to guide a sequential learning flow seems appropriate.
SUB-_b2yI2L0oS,A,1,5,5,4,Highlights the selected location with a background color.
SUB-_b2yI2L0oS,A,2,5,5,4,Edit and delete buttons were added.
SUB-_b2yI2L0oS,A,3,5,5,3,"Dark background colors were added here and there on the screen, but it's somewhat awkward."
SUB-_b2yI2L0oS,B,1,5,6,4,Moves the selected location to the very top for clear emphasis.
SUB-_b2yI2L0oS,B,2,5,5,4,Edit and delete buttons were added.
SUB-_b2yI2L0oS,B,3,5,6,4,"The header is set to a dark color, securing stable contrast."
SUB-SKERhHWHR-,A,1,6,3,3,The PC proportions don't seem properly reflected.
SUB-SKERhHWHR-,A,2,6,6,4,The request is well reflected.
SUB-SKERhHWHR-,B,1,5,6,5,"Rather than just converting to a horizontal ratio, it changed the whole information structure and hierarchy, but it seems reasonably well done."
SUB-SKERhHWHR-,B,2,5,6,5,Presented so it can be checked much more intuitively.
SUB-LbC0BAS1Up,A,1,7,7,4,"Before it had the negative feel of cancelling, but now it has the positive feel of keeping the reservation, which seems likely to reduce cancellations."
SUB-LbC0BAS1Up,A,2,7,7,4,"""Keep reservation"" appears first and looks safer with the green color."
SUB-LbC0BAS1Up,A,3,7,7,4,"Cancel is at the very bottom as underlined text so it's noticed later, and above it there's a change-reservation button, which nicely guides users toward changing the reservation."
SUB-LbC0BAS1Up,B,1,7,7,7,
SUB-LbC0BAS1Up,B,2,7,7,4,"""Keep reservation"" looks safer and is the first thing you see on this page."
SUB-LbC0BAS1Up,B,3,7,7,4,"The option to move to a different time was added well. In particular, being able to pick a time right away, cutting one depth, is also good."
SUB-s8mESQYwye,A,1,7,7,4,Reflects the requested content well.
SUB-s8mESQYwye,B,1,7,7,4,Reflects the requested content well.
SUB-EnXil0dYqy,A,1,5,6,4,
SUB-EnXil0dYqy,B,1,3,4,3,It just looks like a simple arithmetic problem (math quiz).
SUB-XvzrfbunoM,A,1,6,5,5,Reflects the request well.
SUB-XvzrfbunoM,A,2,7,6,6,Reflects the request well.
SUB-XvzrfbunoM,B,1,7,7,4,Reflects the request well.
SUB-XvzrfbunoM,B,2,5,5,4,Reflects the request well.
SUB-dZS9FCv4zm,A,1,5,5,4,Added whether support is available for each accessibility requirement item.
SUB-dZS9FCv4zm,B,1,5,5,4,Added whether support is available for each accessibility requirement item.
SUB-gThZVv9Cfz,A,1,6,4,2,"Only added the duration, without making the structural change of grouping content by duration."
SUB-gThZVv9Cfz,A,2,7,7,4,Applied well
SUB-gThZVv9Cfz,B,1,5,3,2,The structure of grouping by duration wasn't implemented.
SUB-gThZVv9Cfz,B,2,7,7,4,Adding the Save collection button makes the save function and its target clear.
SUB-DT2a3cJwpt,A,1,7,7,4,Request reflected well
SUB-DT2a3cJwpt,B,1,7,7,5,"It shrank and repositioned even the existing download button, changing the action area structure more than necessary."
SUB-T_vSliph3z,A,1,5,5,4,Added subject distinction via a separate badge.
SUB-T_vSliph3z,A,2,5,5,4,You can select the notification time via a dropdown.
SUB-T_vSliph3z,B,1,5,5,4,It sets up titles per subject entirely and separates the areas.
SUB-T_vSliph3z,B,2,5,5,3,"The UI for selecting the notification time is lacking - can't tell if it's a dropdown or an input field, and there's no on/off toggle for when you don't want notifications."
SUB-OebKiNPhd-,A,1,5,5,4,Shows what the next step is right at the top.
SUB-OebKiNPhd-,B,1,5,6,4,Shows what the next step is with a progress bar at the top.
SUB-aP14zQ6DDN,A,1,7,7,4,Request reflected
SUB-aP14zQ6DDN,A,2,7,7,4,"Clearly grouped the recipients, and the existing SEND TO label was replaced with the group title."
SUB-aP14zQ6DDN,B,1,7,7,5,Added unrequested test details such as the number of results and flagged status.
SUB-aP14zQ6DDN,B,2,7,7,5,"Newly added a Request feature for those whose consent is needed, going beyond the scope of the instruction."
SUB-FlpxR43MIK,A,1,7,7,4,"Switched to a wide desktop canvas, a centered modal, and a top navigation structure, so the change of environment is clear."
SUB-FlpxR43MIK,A,2,7,7,4,Applied it well.
SUB-FlpxR43MIK,A,3,7,7,5,"The instruction was applied, but it greatly expanded the existing text link into a separate highlight box and CTA, so the change is bigger than requested."
SUB-FlpxR43MIK,B,1,7,7,5,"The desktop two-column layout is implemented well, but it greatly expanded the structure by adding top nav, breadcrumbs, and a Danger Zone."
SUB-FlpxR43MIK,B,2,7,7,4,Handled clearly.
SUB-FlpxR43MIK,B,3,7,7,4,Handled clearly.
SUB-grHtmlAeUz,A,1,5,5,4,The order of the Waiting in queue line looks intuitive.
SUB-grHtmlAeUz,A,2,5,5,4,Emphasized with inverted colors.
SUB-grHtmlAeUz,B,1,6,6,3,The order of the Waiting in queue line looks more intuitive.
SUB-grHtmlAeUz,B,2,5,5,3,"It is emphasized at the very top unlike the other documents, but the emphasis is weak and the pause button gets buried."
SUB-wSso7Uu_U8,A,1,7,7,4,Applied well as per the user's prompt request.
SUB-wSso7Uu_U8,B,1,1,3,7,"I was really taken aback the moment I saw option B. Whereas the earlier option A at least maintained the information hierarchy of the original design to some degree, I think B completely broke the existing information hierarchy. Consistency is important in UX/UI design, but here it completely ignores that consistency for the 'date/time area' and just moved 'Mar 14' below the mail body. In that case, from the user's perspective, having learned 'the date and time for a mail is on the right,' they may get confused like 'wait, where did the date for the Billing Support mail go?' If, as a designer, I got this kind of AI output, personally I'd start doubting this AI's common sense and knowledge of UX/UI design, and my trust in the AI would drop. That's how much I think this revision is the worst from a UX/UI perspective."
SUB-PMxRC0fbFX,A,1,5,5,4,The selection order changed.
SUB-PMxRC0fbFX,A,2,5,5,4,"Handled as All 12, so you can grasp all team members."
SUB-PMxRC0fbFX,B,1,2,2,2,The selection order stays the same.
SUB-PMxRC0fbFX,B,2,6,6,4,"Handled as All 12, so you can grasp all team members including those off-screen."
SUB-33L-7CzWkC,A,1,7,7,5,"It completely replaced the tabs and even expanded the summary text, so the scope of change is broad."
SUB-33L-7CzWkC,B,1,7,7,4,Applied well.
SUB-FM3kH_Ey8i,A,1,7,7,4,The instruction is applied well.
SUB-FM3kH_Ey8i,A,2,7,7,4,Applied well.
SUB-FM3kH_Ey8i,B,1,7,7,4,Shows the key information well.
SUB-FM3kH_Ey8i,B,2,7,7,4,Applied well.
SUB-2_8oHorpIr,A,1,7,7,4,Applied it well.
SUB-2_8oHorpIr,B,1,7,7,6,"It met the request to leave yellow only on the progress bar, but it substantially restructured the cards and Setup area too, so the scope of change is large."
SUB-YM08zvCALR,A,1,5,5,4,Added an X button.
SUB-YM08zvCALR,A,2,5,5,4,It moves to the bottom.
SUB-YM08zvCALR,A,3,5,4,4,Changed the background to black and the text to white.
SUB-YM08zvCALR,B,1,5,5,4,"An appropriate edit for the instruction, and the X button is familiar to users."
SUB-YM08zvCALR,B,2,5,5,4,It moved the position and also added a background color.
SUB-YM08zvCALR,B,3,5,5,4,The background color and text were revised.
SUB-zRbg0K4WNs,A,1,7,5,4,Rounded treatment and a smartwatch UI centered on a large numeric timer are well reflected.
SUB-zRbg0K4WNs,B,1,7,5,5,"Even though it kept the image, the design visually expresses the remaining time — a bolder design."
SUB-6LKRgCa6mq,A,1,7,7,4,Applied it well.
SUB-6LKRgCa6mq,A,2,7,7,4,Applied it well.
SUB-6LKRgCa6mq,B,1,7,7,5,"It clearly differentiated the first article's composition, but the information is expanded beyond the instruction."
SUB-6LKRgCa6mq,B,2,7,7,4,"Swapped the display order of the update count and the feed's key phrase, restructuring the hierarchy in line with the scope of the instruction."
SUB-6ICPEwVLW8,A,1,6,6,4,Added a background color to the title area for emphasis.
SUB-6ICPEwVLW8,B,1,6,6,4,Made the title text the largest and boldest for emphasis
SUB-mu16yHHyBt,A,1,7,6,4,Applied well; composed differently from the existing approach
SUB-mu16yHHyBt,A,2,7,7,4,You can check the basic info right away.
SUB-mu16yHHyBt,B,1,7,7,4,"Handled the request well; rather than just boxing things, it clarified the information relationships too"
SUB-mu16yHHyBt,B,2,7,7,4,You can check the key info right away.
SUB-x53wfWrZxM,A,1,7,7,7,Well applied.
SUB-x53wfWrZxM,B,1,7,7,7,Well applied.
SUB-ChoZsroiuo,A,1,7,7,4,Clearly implemented the team billing structure
SUB-ChoZsroiuo,A,2,7,7,4,"Rearranged into billed seat count → amount → next payment label order, implementing a different information hierarchy from the original"
SUB-ChoZsroiuo,B,1,7,7,5,"By adding per-team seats and costs, team billing is clear, but the level of detail goes beyond what was requested"
SUB-ChoZsroiuo,B,2,7,7,4,"Restructured into amount → Next charge → payment date/seat info order, clearly changing the order in which information is exposed"
SUB-cAkd-sFqvr,A,1,5,3,5,The caption content changes and the typographic hierarchy of the $228 gets thrown off.
SUB-cAkd-sFqvr,A,2,7,7,4,Exactly what I wanted is applied well.
SUB-cAkd-sFqvr,B,1,7,7,4,Changed the caption content appropriately.
SUB-cAkd-sFqvr,B,2,7,7,4,"Reflected exactly what I wanted, and well."
SUB-5D91bv9L0d,A,1,6,7,4,Added and reflected a lot of information.
SUB-5D91bv9L0d,A,2,7,7,4,Adjusted the button color and style to make it stand out
SUB-5D91bv9L0d,A,3,2,1,6,"Only the color of the selected day should have changed, but it changed all of them."
SUB-5D91bv9L0d,B,1,5,4,7,"Too many changes happen, and the time — which is important information — becomes hard to see."
SUB-5D91bv9L0d,B,2,1,1,1,The request isn't reflected at all.
SUB-5D91bv9L0d,B,3,3,3,5,"Instead of just one color being selected, they all changed, and far too many unwanted style changes occurred as well."
SUB-pNpNCA0Rga,A,1,6,7,4,Applied it well in that it expanded to desktop size while placing the step bar on the left and the content on the right.
SUB-pNpNCA0Rga,A,2,6,6,3,"Splitting it into two was applied well, but laying out the input fields horizontally hurts readability."
SUB-pNpNCA0Rga,B,1,7,7,4,"When expanded to desktop, the step bar is finely detailed, and each set of content is grouped into two while being laid out horizontally to suit the desktop size — I think that was done well.
- The bottom button area is also fixed, nicely optimized for desktop UI."
SUB-pNpNCA0Rga,B,2,7,7,4,Applied well in that it kept the inner content unchanged while grouping each content block vertically and laying them out horizontally.
SUB-2L_iCvW4m1,A,1,2,2,2,"The request was about the card group, but it changed the position of the info in the top banner. The card area is unchanged."
SUB-2L_iCvW4m1,A,2,7,7,4,The request is properly reflected.
SUB-2L_iCvW4m1,A,3,2,2,2,The return rate is neither emphasized nor does it feel calm. The color itself seems to be a problem.
SUB-2L_iCvW4m1,B,1,7,7,4,Nicely applied as the stepped stack I wanted.
SUB-2L_iCvW4m1,B,2,7,7,4,Reflected my request exactly.
SUB-2L_iCvW4m1,B,3,6,5,4,You can feel the attempt to create a calm impression by changing the layout structure; color was applied only to the return rate to emphasize it.
SUB-nkCyvk6dI0,A,1,7,6,5,"Adding ""Cannot be undone"" is good, but for ""Cancel for good"" the UX writing of the button name doesn't seem clear."
SUB-nkCyvk6dI0,B,1,7,7,4,Clearly indicates that the cancellation can be undone and until when it can be done.
SUB-8nxHlfRBG3,A,1,7,4,4,"The body was supposed to be centered reading, but it's left-aligned, not center-aligned. That said, this might be an error in the user prompt."
SUB-8nxHlfRBG3,B,1,6,3,6,"Used an unwanted image as the background image, and a lot of extra information was added."
SUB-sGLUqWV0it,A,1,7,7,4,The requirement is well reflected
SUB-sGLUqWV0it,A,2,7,7,4,The requirement is well reflected
SUB-sGLUqWV0it,B,1,7,7,4,The requirement is well reflected
SUB-sGLUqWV0it,B,2,7,7,4,The requirement is well reflected
SUB-R1IlIfmWLM,A,1,7,7,4,"Changed so that an Apply button was added, letting you apply right away."
SUB-R1IlIfmWLM,B,1,6,3,3,"It seems they intended to let you select multiple items at once and apply them, but in that case it should be provided as checkboxes, not radio buttons."
SUB-37pS5C8ne-,A,1,5,4,4,Added numbering and clearly expressed the progress steps
SUB-37pS5C8ne-,A,2,5,5,3,Shows the remaining time at the top
SUB-37pS5C8ne-,A,3,5,4,4,A save button was added; can't tell whether it's autosave
SUB-37pS5C8ne-,B,1,3,3,2,Can't tell the order of the flow.
SUB-37pS5C8ne-,B,2,4,4,4,Time display
SUB-37pS5C8ne-,B,3,5,4,4,"Clearly indicates that if you save it, you can view it later."
SUB-s1NJB2mFhf,A,1,7,7,4,Applied the number of nights and the check-out date with the desired typographic hierarchy.
SUB-s1NJB2mFhf,A,2,7,7,4,Added a Start Check in button.
SUB-s1NJB2mFhf,A,3,6,6,4,"Countdown large, app name small — nicely applied."
SUB-s1NJB2mFhf,B,1,7,7,4,Applied the instruction exactly as requested.
SUB-s1NJB2mFhf,B,2,6,3,7,"Too much information that wasn't requested was added, so there's way too much info."
SUB-s1NJB2mFhf,B,3,7,5,5,"It was applied well, but a design element (stroke) was added, increasing the complexity of the screen."
SUB-gwN96u8ayO,A,1,7,7,4,It seems to have understood the tablet UI and changed the screen layout.
SUB-gwN96u8ayO,A,2,7,7,4,Understood the request to add the English episode description well and added it.
SUB-gwN96u8ayO,A,3,7,7,4,The requested content was applied well.
SUB-gwN96u8ayO,B,1,6,6,3,It really stretched the screen like a responsive web and delivered it as a tablet screen.
SUB-gwN96u8ayO,B,2,7,7,4,The English description content was added.
SUB-gwN96u8ayO,B,3,6,3,3,"It did rearrange the panels, but I don't know why it went in that spot."
SUB-K-WnOF61tU,A,1,7,7,4,"A hierarchy was created, so it reads well in order of information importance."
SUB-K-WnOF61tU,B,1,7,7,4,The invite code and Copy button were modified from the original screen.
SUB-TbENK5ESDy,A,1,5,5,4,Changed to Guest services
SUB-TbENK5ESDy,A,2,5,5,4,Expanded horizontally so it looks like a tablet screen.
SUB-TbENK5ESDy,B,1,5,5,4,Changed to Experiences
SUB-TbENK5ESDy,B,2,4,4,3,"The list format was changed to a card format, but the area expanded to tablet size isn't utilized well."
SUB-FgSumF2YhV,A,1,6,6,4,Clearly indicates who deleted it.
SUB-FgSumF2YhV,A,2,6,6,4,"Grouped accurately by period, and items that were in the hold state were naturally absorbed too, so it's consistent."
SUB-FgSumF2YhV,A,3,6,6,4,"In line with the user's intent, changed the background color and button color that were being emphasized into lines."
SUB-FgSumF2YhV,B,1,6,6,4,Actor-centered information delivery
SUB-FgSumF2YhV,B,2,6,6,5,More detailed information delivery than option A. Seems like a more advanced interpretation than just grouping by period.
SUB-FgSumF2YhV,B,3,6,6,5,"The button changed into something closer to a text link without even a border, so it lost its presence as a button."
SUB-7vOpr8L-mk,A,1,7,7,4,Reflects the request well.
SUB-7vOpr8L-mk,A,2,7,7,3,"Changed Recently Viewed to by area. That said, it feels a bit too timid an application, which is a shame."
SUB-7vOpr8L-mk,A,3,7,7,4,A travel time filter was added.
SUB-7vOpr8L-mk,B,1,7,5,5,"I get changing the screen to desktop, but to use the wide screen as a browsing method, the left navigation bar area seems to have been given too much space."
SUB-7vOpr8L-mk,B,2,7,7,4,"Provides region as a filter, making it easy to browse by region."
SUB-7vOpr8L-mk,B,3,7,7,4,Added a travel time filter.
SUB-7qabwMZBLW,A,1,5,5,4,Rearranged the screen composition.
SUB-7qabwMZBLW,A,2,5,4,4,Separated the size slider area and made it into a card format.
SUB-7qabwMZBLW,B,1,5,5,4,Laid out the screen for desktop use.
SUB-7qabwMZBLW,B,2,5,5,4,Created a size area and placed it at the top.
SUB-56nmQysE5d,A,1,7,7,4,The streak line was nicely changed to copy about stopping when in pain; the overall content was nicely changed to knee rehab content.
SUB-56nmQysE5d,A,2,7,7,4,"Completed exercises are hidden, and pressing show reveals them — nicely applied."
SUB-56nmQysE5d,A,3,7,7,3,"The instruction was applied well, but it doesn't seem to stand out enough."
SUB-56nmQysE5d,B,1,7,7,4,"The whole content was nicely converted to knee rehab, and the streak line was nicely changed to guidance about stopping when in pain."
SUB-56nmQysE5d,B,2,7,7,4,Completed workouts disappear from the list
SUB-56nmQysE5d,B,3,3,7,2,"Adjusting how much the upcoming workout catches the eye probably meant making it less noticeable, but it was changed to be even more emphasized"
SUB-Dijsq5AGfG,A,1,7,7,4,"Reflected very well, exactly as intended"
SUB-Dijsq5AGfG,A,2,7,3,4,"The text says 3 attachments, but there are 4 items listed below, so it's inconsistent"
SUB-Dijsq5AGfG,B,1,7,7,4,Well structured as requested
SUB-Dijsq5AGfG,B,2,7,3,4,The attachment count shown doesn't match the number of items at the bottom
SUB-GXTSGcQD8A,A,1,6,5,2,"Information inside the card was divided into groups, but the way the groups are distinguished isn't clear, so the information structure doesn't come across intuitively."
SUB-GXTSGcQD8A,A,2,2,2,2,"The sent date and time info wasn't added below the amount, so the request (based on the Korean) isn't sufficiently reflected."
SUB-GXTSGcQD8A,B,1,6,6,3,The request to split the card itself into two groups and add a divider line inside the card wasn't reflected.
SUB-GXTSGcQD8A,B,2,2,2,2,"The sent date and time info wasn't added below the amount, so the request (based on the Korean) isn't sufficiently reflected."
SUB-7i1gAwe2Ln,A,1,5,5,4,Screen rearranged in line with the request
SUB-7i1gAwe2Ln,A,2,5,4,3,"It was implemented as requested, but is the placement appropriate?"
SUB-7i1gAwe2Ln,A,3,5,4,4,Feature added in line with the request
SUB-7i1gAwe2Ln,B,1,6,5,4,As it was changed to desktop...
SUB-7i1gAwe2Ln,B,2,4,4,4,Rearranged to suit the wider screen
SUB-7i1gAwe2Ln,B,3,5,5,4,The requested feature is expressed as a button
SUB-Gecpgym2hX,A,1,5,5,4,"In the reservation row for the selected date, the time info is what you see first"
SUB-Gecpgym2hX,B,1,4,4,3,"In the reservation row for the selected date, nothing particularly stands out first. (The hierarchy between pieces of info is gone)"
SUB-vYxYQU6hDz,A,1,7,7,4,"Files were reorganized into monthly groups with each group's file count and size shown, clearly changing how the list is grouped"
SUB-vYxYQU6hDz,A,2,7,7,4,"The top panel is emphasized with a dark background and large size figure, creating the strongest visual hierarchy on the screen"
SUB-vYxYQU6hDz,B,1,7,7,5,"The request was reflected, but the information became somewhat excessive."
SUB-vYxYQU6hDz,B,2,7,6,4,"The size figure is strongly emphasized, but detailed size breakdowns were also added, making the top information somewhat complex"
SUB-n5nrYQ9A-6,A,1,7,7,4,Reflected
SUB-n5nrYQ9A-6,B,1,7,5,5,"Not only the sync time but also status indication and whether auto-sync is on were added, so the information goes beyond the request"
SUB-UxQiNFhmwT,A,1,6,6,4,"From the title through the comments, it naturally carries a home-cooking tone, and the recipe summary was accurately swapped out."
SUB-UxQiNFhmwT,A,2,6,6,4,Follows the instruction to compress wording and keep it short
SUB-UxQiNFhmwT,A,3,5,5,4,"The background tone was nicely changed to cream, and the colors were changed well too"
SUB-UxQiNFhmwT,B,1,6,6,5,"Beyond the title and comments, even badge-icon-style serving info was added"
SUB-UxQiNFhmwT,B,2,6,6,5,"The labels aren't short and even include descriptive text, so there's a lot of information"
SUB-UxQiNFhmwT,B,3,6,5,4,
SUB-H_WGJ1V5qg,A,1,7,7,4,Applied well.
SUB-H_WGJ1V5qg,A,2,7,7,4,You can quickly grasp the medication schedule
SUB-H_WGJ1V5qg,B,1,7,7,4,Applied it well.
SUB-H_WGJ1V5qg,B,2,7,7,4,Good for grasping the current plan and the actions needed.
SUB-TxQqxgmJ_n,A,1,6,5,4,"It was converted to a desktop screen well, but the content card list is crammed into a narrow width in the center of the canvas, leaving large margins on the left and right."
SUB-TxQqxgmJ_n,A,2,6,6,4,"Changed to a blue text link, reducing its visual weight"
SUB-TxQqxgmJ_n,A,3,5,6,5,"Text was put in the button, clearly differentiating it from the original"
SUB-TxQqxgmJ_n,B,1,6,6,4,"Reorganized into a two-column structure, making good use of the desktop screen width."
SUB-TxQqxgmJ_n,B,2,6,6,4,Keeps the button form while differentiating visual weight through color
SUB-TxQqxgmJ_n,B,3,5,5,4,"It's a different design from the original, but it keeps the same form so the difference isn't big"
SUB-b67U29xiBm,A,1,2,4,7,"1. In the sentence ""1. Restructure the line,"" even a human can't understand what element 'line' refers to. I'm not sure whether the direction of the responses so far is appropriate, but from a designer's perspective 'line' would suggest a line element like a divider, so I first had doubts about the prompt itself.

2. What I thought was a problem from the original design is that there's only one progress bar but two different metrics being shown. So it's unclear whether that progress bar refers to steps or to reviewed cards — I think it actually needed to be fixed down to a single metric.

3. In variant A, the two metrics increased to three, which makes the original design's problem worse. If the planning intent is that all three pieces of info must be shown, I think it would have been more appropriate to just remove the progress bar element. In this variant, the progress bar seems to have no reason to exist.

The designer should have looked at references like 'Speak' or 'Duolingo' sufficiently before writing the prompt. Just looking at a few of those reference screens would immediately show that the current progress bar information layout is inappropriate."
SUB-b67U29xiBm,A,2,7,7,4,"Regarding the request to change the progress bar color, it appropriately picked a highly saturated color that stands out well against a dark background. I also think choosing a green palette that gives a sense of progress rather than a warning-like red palette was appropriate."
SUB-b67U29xiBm,B,1,6,2,6,The quality got worse to the point that even a layperson who doesn't know much about design would think the overall design became complicated and hard to take in at a glance.
SUB-b67U29xiBm,B,2,2,1,4,"In UX/UI design, yellow mainly means 'caution, warning,' so given that I understood this card as showing 'the user's learning progress,' I doubted whether it's an appropriate color. If the emotion a user would feel from a green progress bar is 'progress, achievement,' the emotion a user would feel from this variant would probably be 'anxiety, unease.' I think it's a color choice that doesn't properly reflect the planning intent."
SUB-tsq9G7Z7dG,A,1,7,7,4,Converted appropriately for a tablet environment.
SUB-tsq9G7Z7dG,A,2,7,7,4,"Laid out the key benefits as horizontal cards, accurately reflecting the requested arrangement while also reducing vertical space."
SUB-tsq9G7Z7dG,B,1,7,6,4,Converted appropriately for a tablet screen.
SUB-tsq9G7Z7dG,B,2,7,7,4,Applied it well.
SUB-JkWRP2LXr0,A,1,7,7,4,Switched the target to parents and consistently shifted the context to childcare from the title all the way down to the bottom tabs.
SUB-JkWRP2LXr0,A,2,7,7,4,"Reclassified the items into two groups, directly satisfying the request."
SUB-JkWRP2LXr0,B,1,7,7,4,Switched the target to teachers.
SUB-JkWRP2LXr0,B,2,6,6,5,Only one new group label was added and the previous items were rearranged into cards. Styles were differentiated by permission level.
SUB-LcbAwaOvow,A,1,7,7,4,The content was updated well.
SUB-LcbAwaOvow,A,2,7,7,4,All of the requested items were reflected.
SUB-LcbAwaOvow,A,3,7,7,4,All of the requested items were reflected.
SUB-LcbAwaOvow,B,1,7,7,4,All of the requested items were reflected.
SUB-LcbAwaOvow,B,2,7,7,6,"All of the requested items were reflected, but the layout was changed into a card format."
SUB-LcbAwaOvow,B,3,7,7,4,All of the requested items were reflected.
SUB-vmMyZ7Uwcy,A,1,7,7,4,Applied it well.
SUB-vmMyZ7Uwcy,A,2,7,6,4,The warning-like feel is definitely reduced compared to before.
SUB-vmMyZ7Uwcy,B,1,7,7,4,Converted naturally.
SUB-vmMyZ7Uwcy,B,2,7,7,4,"Split the strong single yellow into pale yellow, green, and blue cards, keeping the attention-grabbing quality while greatly reducing the warning-like feel."
SUB-TRaEIsGlI2,A,1,5,2,2,"Judging from the fact that the text content changed, it seems to have understood the intent, but it wasn't properly applied. In particular, the image change looks urgent. (Does this include images too?)"
SUB-TRaEIsGlI2,A,2,5,5,4,"It used a dark background and heavy shadows to make the design look weighty, but I'm not sure about the aesthetics."
SUB-TRaEIsGlI2,B,1,6,6,2,"It understood the request and changed the text content, but the images and such weren't changed."
SUB-TRaEIsGlI2,B,2,6,6,3,"The caption card should have been changed to a weighty, easy-to-read design, but again the design is disappointing."
SUB-aD9wtKSs4t,A,1,7,7,4,"It made the color differences between the chips clear, and they also connect naturally with the service's existing accent color."
SUB-aD9wtKSs4t,B,1,7,7,5,It went beyond a color change and altered the UI form.
SUB-X_c0LDcA5a,A,1,7,7,4,Appropriately reflected by showing it as a badge to the right of the total sleep time.
SUB-X_c0LDcA5a,A,2,7,7,4,Applied it well by putting more hierarchical emphasis on the time and placing the date below it.
SUB-X_c0LDcA5a,B,1,7,5,5,"The changed state is displayed well, but ""down"" appears redundantly next to the icon below the arrow, so the explanation is excessive."
SUB-X_c0LDcA5a,B,2,7,6,5,"It emphasized the time, but it also changed the table alignment style, so the whitespace on the right grew and the table balance became unstable."
SUB-Lp3GQhVtb4,A,1,7,7,4,All of the requested items were reflected.
SUB-Lp3GQhVtb4,A,2,7,7,4,"All of the requested items were reflected, but wouldn't it have been better if there had been a Recap summary?"
SUB-Lp3GQhVtb4,B,1,7,7,6,"While changing the order of the list, it completely replaced the existing checkbox-style UX. The 1/2/3 is good, but losing the existing UX is a big minus point in my view."
SUB-Lp3GQhVtb4,B,2,7,7,4,It seems to have understood the request well and designed it cleanly.
SUB-DiiD14TQbZ,A,1,7,5,3,"It understood the idea of switching the screen to PC well, but it seems it needs to think more about the structure of the app on PC."
SUB-DiiD14TQbZ,A,2,6,5,5,"It grouped the comments by date, but the UI design itself is a bit hard to understand."
SUB-DiiD14TQbZ,A,3,7,6,4,It reflected everything that was requested well.
SUB-DiiD14TQbZ,B,1,7,6,4,It reflected the request well while switching to a PC screen.
SUB-DiiD14TQbZ,B,2,7,6,4,"Instead of just by date, it turned the comments into threads with Reply, which improved readability."
SUB-DiiD14TQbZ,B,3,6,6,4,All of the requested items were reflected well.
SUB-GK01VkkEhu,A,1,7,7,4,Changed the existing folder content to location.
SUB-GK01VkkEhu,A,2,7,7,4,It expressed the progress bar well.
SUB-GK01VkkEhu,B,1,7,7,4,All of the requested items were reflected.
SUB-GK01VkkEhu,B,2,5,3,6,"The progress bar design is odd, and it's designed in a way that makes the progress hard to grasp."
SUB-lgm5uH_68u,A,1,7,6,5,"The style was changed to look like a chip, which stands out but looks like a button."
SUB-lgm5uH_68u,B,1,7,4,2,"- It applied color and a dot marker to the number to make it stand out, but the alignment between the dot and the time, and the position of the line behind the dot, don't line up, so the design feels unpolished."
SUB-kNOFVhCqb5,A,1,7,7,4,It presents concrete details so parents can feel reassured.
SUB-kNOFVhCqb5,A,2,7,7,4,The request was reflected well.
SUB-kNOFVhCqb5,B,1,7,7,4,Applied in a direction that parents can trust.
SUB-kNOFVhCqb5,B,2,7,7,4,The request was reflected well.
SUB-zBWERVcHfS,A,1,6,6,4,Reflects the request well.
SUB-zBWERVcHfS,B,1,7,7,4,Reflects the request well.
SUB-iLDoLibTug,A,1,5,5,4,Changed to a desktop screen
SUB-iLDoLibTug,A,2,5,5,4,"""Instructor"" badge added"
SUB-iLDoLibTug,B,1,5,5,3,The flow of the discussion area is split left and right. A structure that's hard to grasp
SUB-iLDoLibTug,B,2,5,5,4,"""Instructor"" badge added"
SUB-6ETuvhVn6H,A,1,6,5,4,The time was added nicely.
SUB-6ETuvhVn6H,B,1,6,7,4,The requested content is well reflected.
SUB-B-8V3oOONY,A,1,7,7,5,Applied well.
SUB-B-8V3oOONY,A,2,7,7,5,"It doesn't take up extra space, so the composition feels natural too"
SUB-B-8V3oOONY,B,1,7,7,4,Applied it well.
SUB-B-8V3oOONY,B,2,7,7,4,The position was changed
SUB-YCh_tS2PYS,A,1,7,7,4,Well reflected as requested in the prompt
SUB-YCh_tS2PYS,A,2,7,7,4,Nicely changed to a desktop design
SUB-YCh_tS2PYS,A,3,7,7,4,The version date got bigger and the section was separated out as well
SUB-YCh_tS2PYS,B,1,7,7,4,Appropriately and well reflected as requested
SUB-YCh_tS2PYS,B,2,7,7,4,Nicely changed to a design suited for desktop
SUB-YCh_tS2PYS,B,3,7,7,4,The version and date are sufficiently large and the sections are well separated
SUB-Le8sXuZ56F,A,1,7,7,4,Precisely resolves the request so you can immediately select and view the type you want
SUB-Le8sXuZ56F,B,1,7,7,4,Clearly resolves the request so you can directly look up the activity you want
SUB-dcD1LysrWx,A,1,6,6,4,"Nicely adapted for tablet, and designed so you can see the schedule and goals without much scrolling"
SUB-dcD1LysrWx,A,2,7,7,4,The section for adding progress is well designed and included
SUB-dcD1LysrWx,B,1,7,7,4,Schedule and goals are laid out in 2 columns so they're visible without extra scrolling — well reflected
SUB-dcD1LysrWx,B,2,7,7,4,A section was added where you can add progress right away
SUB-LNw7sJewLy,A,1,6,6,4,"The desktop proportions are right, and accordingly the necessary part on the right was made larger"
SUB-LNw7sJewLy,A,2,6,6,4,Color added for the pinned item. It'd be better if there were another element like a pin
SUB-LNw7sJewLy,A,3,5,5,4,"Put in the left box - clear background, pulled out separately => good information delivery"
SUB-LNw7sJewLy,B,1,4,4,4,Looks like tablet proportions rather than desktop
SUB-LNw7sJewLy,B,2,5,5,5,
SUB-LNw7sJewLy,B,3,5,5,4,"The content was added, but the background is already too dark and the title too strong, so it's hard to see"
SUB-st0gm92KMD,A,1,5,5,4,Tablet UI
SUB-st0gm92KMD,A,2,5,4,4,"Provides wording like ""60 and over"" and ""low-impact"""
SUB-st0gm92KMD,A,3,5,5,4,Eligibility check button added
SUB-st0gm92KMD,B,1,5,4,3,The screen looks too complex in structure for seniors
SUB-st0gm92KMD,B,2,5,5,4,A modification that fits the request
SUB-st0gm92KMD,B,3,6,5,4,You can't find the button that specifically shows this part at a glance.
SUB-R4awNexUzG,A,1,7,3,1,"The total number of earned days is shown in Recent Referrals, but it feels like it lacks emphasis"
SUB-R4awNexUzG,A,2,7,7,4,The order was changed nicely
SUB-R4awNexUzG,B,1,7,7,6,Nicely added so you can clearly see how much has been earned
SUB-R4awNexUzG,B,2,7,7,5,There's an excessive change of deleting the body copy
SUB-k-MdM-yX52,A,1,7,7,4,The menu composition is well adapted to the desktop environment.
SUB-k-MdM-yX52,B,1,6,6,4,"Well reflected in a structure suited to the desktop environment, but a bit disappointing when considering responsiveness"
SUB-j7RSOHsASO,A,1,7,7,4,Composed as an ideal environment suited to PC usage.
SUB-j7RSOHsASO,A,2,6,6,4,"The phrase 'map area color' could be ambiguous, but since changing the map colors also changed the overall tone-and-manner colors, it seems appropriately reflected."
SUB-j7RSOHsASO,B,1,6,6,3,"It complies well with the desktop usage environment, but the hint text in the search bar is too cramped and gets distorted."
SUB-j7RSOHsASO,B,2,6,6,4,"Like option A, it changed the overall tone and manner to an appropriate degree and applied it well."
SUB-faS0xM4ECF,A,1,7,7,4,"Expanded well into a desktop environment via the top nav, left sidebar, and right summary panel."
SUB-faS0xM4ECF,A,2,7,7,4,Accurately reflected the request by allowing the input basis to be switched between the two currencies.
SUB-faS0xM4ECF,A,3,6,5,4,"Since it's the same as the original, the change in 'what gets read first' is relatively limited."
SUB-faS0xM4ECF,B,1,7,7,4,"It expanded the top nav into a two-column left-right layout, but..."
SUB-faS0xM4ECF,B,2,7,7,3,Implemented the requested currency-switching feature clearly and within an appropriate scope.
SUB-faS0xM4ECF,B,3,7,7,4,There's no hierarchy indicating what should be read first.
SUB-Kn9_DPc3rQ,A,1,7,6,5,The request was properly and well applied.
SUB-Kn9_DPc3rQ,B,1,7,7,4,Understood the intent and applied it.
SUB-RJrkkYksUy,A,1,7,7,4,Well reflected in a timeline format.
SUB-RJrkkYksUy,A,2,7,7,4,The name editing feature was added appropriately and well.
SUB-RJrkkYksUy,A,3,7,7,2,It just got bolder; I can't tell whether much really changed.
SUB-RJrkkYksUy,B,1,7,7,4,Appropriately applied as requested.
SUB-RJrkkYksUy,B,2,7,7,7,Seems like an excessive change that even touches the information hierarchy.
SUB-RJrkkYksUy,B,3,6,6,7,It's an excessive application that isn't really used.
SUB-IsRCoF1Hpo,A,1,5,5,4,Grid button created.
SUB-IsRCoF1Hpo,A,2,5,5,5,Showing the posting target as Confirmed status in the shooting section — is this exposure and its placement a UI that's familiar to users?
SUB-IsRCoF1Hpo,A,3,5,5,3,A solid line and a dotted line are different.
SUB-IsRCoF1Hpo,B,1,5,5,4,Button created.
SUB-IsRCoF1Hpo,B,2,5,5,3,It informs you with a Confirm check.
SUB-IsRCoF1Hpo,B,3,3,3,3,Only the angle changed from the original; the line should be closed on all sides!
SUB-aCsNK7w5Zm,A,1,6,6,4,Changing it to a modal on desktop so it doesn't get scattered across other features was applied well.
SUB-aCsNK7w5Zm,A,2,7,7,4,"I don't really understand the premise of whether saying the decision area is small means it should be expressed as a modal. Intuitively grasping the intent, it applied it well in that the area got smaller and the primary action — allowing notifications — was placed larger."
SUB-aCsNK7w5Zm,A,3,6,6,4,Not showing the permission info at first and instead applying it so it appears when you press 'show' shows it grasped and applied the intent well.
SUB-aCsNK7w5Zm,B,1,7,5,5,"Converting it for desktop was applied well, but the color of the left informational section is too strong, so it draws more attention."
SUB-aCsNK7w5Zm,B,2,5,5,3,"It's hard to see how the feedback that the decision area is small was applied.
The primary action's width was increased and 'Not now' was changed to a ghost button, so that was applied well."
SUB-aCsNK7w5Zm,B,3,7,7,4,Changing the permission info to an accordion and even showing the expanded design was applied well.
SUB-M5KkUs0-Im,A,1,7,7,4,Request reflected well
SUB-M5KkUs0-Im,B,1,7,7,4,Appropriate.
SUB-6FrQtiWzfQ,A,1,7,7,5,"Nicely converted for desktop, and the class info and payment are visible at the same time."
SUB-6FrQtiWzfQ,A,2,7,7,4,What you can get out of the class was added well and noticeably at the top.
SUB-6FrQtiWzfQ,B,1,7,7,4,"Nicely converted for desktop, and the payment info and class info are both clearly visible at once."
SUB-6FrQtiWzfQ,B,2,7,7,4,The things you can gain from this class are designed clearly and noticeably at the top in a dark color.
SUB-jVFHUejf3R,A,1,6,6,4,"Judging the target user to be an expert, it applied more detailed information elements."
SUB-jVFHUejf3R,A,2,7,7,4,It targets experts and accordingly applied it so the configuration can be edited in detail.
SUB-jVFHUejf3R,B,1,7,7,4,"It changed the screen's target user to a non-expert, SNS-uploader level target. Accordingly, the button copy was also changed, which is excellent."
SUB-jVFHUejf3R,B,2,7,7,4,"It takes the user target as non-experts, shows the aspect ratio as a preview, and dividing it into steps is user-friendly."
SUB-4BZa_mZk7m,A,1,7,7,4,Appropriately and well applied as requested.
SUB-4BZa_mZk7m,A,2,7,7,4,"The selected option is strongly shown with color, making it easy to distinguish."
SUB-4BZa_mZk7m,B,1,7,7,4,Well applied as requested.
SUB-4BZa_mZk7m,B,2,7,7,4,
SUB-q95cbw-40J,A,1,7,7,3,The email icon and guidance text were changed nicely.
SUB-q95cbw-40J,A,2,7,3,4,It looks closer to green-gray than a light blue-gray.
SUB-q95cbw-40J,B,1,7,7,4,The copy and structure were changed appropriately.
SUB-q95cbw-40J,B,2,7,3,4,It's closer to green-gray than blue-gray.
SUB-CQyr3viKAx,A,1,5,6,4,The performance lineup and its length were appropriately applied to the existing card design.
SUB-CQyr3viKAx,A,2,4,5,4,"Despite the vague instruction, the layout was set up with a UI that suits the context of a performance lineup."
SUB-CQyr3viKAx,B,1,6,6,4,"The instruction was applied; instead of the order, it put in the performance start times, but since they're sorted in order, the change was appropriate."
SUB-CQyr3viKAx,B,2,4,5,3,"The line arrangement was changed, but the fundamental structure doesn't seem much different from the original."
SUB-vTwUzZ71xY,A,1,7,7,4,"It reflects the desktop usage environment well, and the way the repeat settings were split off into a separate panel is visible at a glance."
SUB-vTwUzZ71xY,A,2,7,7,4,"It removed the background color and separated things with dividers, adjusting the visual weight appropriately."
SUB-vTwUzZ71xY,B,1,6,6,4,"The desktop usage environment is reflected appropriately, and clear setting values such as weekly/monthly are shown, which is appropriate."
SUB-vTwUzZ71xY,B,2,6,6,5,"Besides touching up the background, it marked the date part with a more emphasized icon, but it still looks heavy."
SUB-v-_1uZvo3i,A,1,7,7,1,"Not sure it was properly changed for desktop; the change seems insufficient, feels like it just half-made it into 2 columns."
SUB-v-_1uZvo3i,A,2,7,3,1,"Only the card color changed, the style didn't."
SUB-v-_1uZvo3i,B,1,7,7,7,"It converted it well for desktop, but an out-of-nowhere color was added."
SUB-v-_1uZvo3i,B,2,5,2,1,"Only the card size changed, the style didn't."
SUB-9eB8hbVOir,A,1,7,7,4,The request was properly and well applied.
SUB-9eB8hbVOir,A,2,7,6,4,Seems to have reflected the instruction well. A typical UI.
SUB-9eB8hbVOir,A,3,7,7,4,It understood the request accurately and applied it.
SUB-9eB8hbVOir,B,1,6,6,4,The instruction itself was applied well. Satisfaction with the design is low.
SUB-9eB8hbVOir,B,2,6,6,5,"I didn't ask for the layout to be broken up, but the screen suddenly got split, which is bewildering."
SUB-9eB8hbVOir,B,3,7,7,4,The request was properly and well applied.
SUB-fGTuxWeQFr,A,1,7,7,5,"Dangerous actions appear distinguished from normal actions, but the change seems a bit excessive."
SUB-fGTuxWeQFr,B,1,7,6,7,It's distinguished so excessively that the design balance falls apart.
SUB-37PCJL6Qdb,A,1,7,7,4,It transitioned naturally to a desktop environment.
SUB-37PCJL6Qdb,A,2,7,7,4,"A small preview card was placed, making it easy to confirm the report target."
SUB-37PCJL6Qdb,A,3,7,7,4,"It clearly separated into two left-right columns, making a definite difference from the previous vertical structure."
SUB-37PCJL6Qdb,B,1,7,7,4,Efficiently utilizes the horizontal space of the desktop.
SUB-37PCJL6Qdb,B,2,7,7,4,You can quickly confirm the report target.
SUB-37PCJL6Qdb,B,3,7,7,4,"It reorganized the actions into a horizontal section, clearly applying a different splitting approach from before."
SUB-DLgfhT7zSW,A,1,7,7,4,"Changed to a watch-style UI. However, it seems additional confirmation is needed on whether the target is an Apple Watch or some other smartwatch."
SUB-DLgfhT7zSW,A,2,7,7,4,"It appropriately enlarged the pause button, which should be emphasized a bit more."
SUB-DLgfhT7zSW,A,3,5,4,3,"Only a light/dark change was applied. If the request was meant to change the main color scheme, the change is insufficient."
SUB-DLgfhT7zSW,B,1,7,7,5,"It did change to a UI suited for a watch (Apple Watch), but with the two buttons at the bottom arranged vertically, I'm not sure touch recognition will work well."
SUB-DLgfhT7zSW,B,2,7,7,5,"The instruction was applied, but the two buttons should have kept their horizontal layout."
SUB-DLgfhT7zSW,B,3,7,7,4,It definitely changed the color scheme.
SUB-umKx-EN53N,A,1,7,7,4,The status notification content was changed well.
SUB-umKx-EN53N,A,2,7,7,6,"It did put the two bottom buttons on one line, but copy that wasn't requested got changed."
SUB-umKx-EN53N,A,3,7,7,4,The progress bar color was changed well.
SUB-umKx-EN53N,B,1,7,6,2,It's a warning notification but doesn't feel like a warning at all; it just seems to show progress.
SUB-umKx-EN53N,B,2,7,7,4,Applied appropriately.
SUB-umKx-EN53N,B,3,7,7,4,Changed nicely to a progress bar in a different style.
SUB-tShy_9dv6R,A,1,7,7,4,It reflected the instruction properly and well.
SUB-tShy_9dv6R,A,2,3,3,2,"I asked for the timer to be emphasized more, but there's no change at all — can't tell what was emphasized."
SUB-tShy_9dv6R,A,3,7,5,3,An invite-participants feature was added.
SUB-tShy_9dv6R,B,1,6,6,3,It reflected the instruction properly and well.
SUB-tShy_9dv6R,B,2,5,2,7,"It looks like they darkened the background to emphasize the timer area, but that doesn't seem like a great choice. That's a decision that changes the whole theme (Light/Dark), so I wouldn't use it just for emphasis. It's rare to mix the two."
SUB-tShy_9dv6R,B,3,5,2,6,"They did add participant invitation, but it's not in the header. A left nav appeared, which wasn't wanted."
SUB-2c2tvQb6IL,A,1,7,7,4,Changed straightforwardly as requested.
SUB-2c2tvQb6IL,B,1,7,7,4,Carried out the request well.
SUB-NOZYhyl2iv,A,1,7,7,4,"By presenting it as a modal on desktop, attention isn't scattered across other features and focus is good."
SUB-NOZYhyl2iv,A,2,7,7,4,"The workout summary, which was just listed plainly in the original, is wrapped in a card, and hierarchy is given to the text so the summary is shown well."
SUB-NOZYhyl2iv,B,1,5,4,7,"The ""Are you sure you want to delete?"" confirmation screen fills the whole area, and the info text that appeared on the left makes it distracting."
SUB-NOZYhyl2iv,B,2,7,5,3,"Placing the workout summary below the title reflects the request well, but with the larger text and the gray box it looks more like supplementary content was added rather than emphasis."
SUB-ktzQoqYwn3,A,1,6,5,4,A UI that matches the request.
SUB-ktzQoqYwn3,A,2,5,5,3,The edit to the member card at the top isn't tidy.
SUB-ktzQoqYwn3,A,3,5,5,5,Rendered in black.
SUB-ktzQoqYwn3,B,1,5,5,5,Carries over the mood of the original and is made appropriately for desktop use.
SUB-ktzQoqYwn3,B,2,5,3,3,"Applied the portion, but organized the content inside the card."
SUB-ktzQoqYwn3,B,3,5,5,3,Arranged with background color and card areas.
SUB-o6h4o7qmzm,A,1,5,5,4,Changed to a tablet layout; added red icon color and border color to the error message card.
SUB-o6h4o7qmzm,A,2,5,4,3,Red icon color in the message window.
SUB-o6h4o7qmzm,B,1,5,5,3,Expanded to tablet screen width.
SUB-o6h4o7qmzm,B,2,5,5,4,Clearly communicates the failure state message.
SUB-A6NJ9tnI2I,A,1,6,6,4,"Reflected all the requests well. However, shrinking the buttons horizontally made the design a bit odd. It's rare to have 3 buttons lined up side by side."
SUB-A6NJ9tnI2I,A,2,6,5,3,The user requested content enrichment and it was carried out.
SUB-A6NJ9tnI2I,A,3,6,5,3,The request was applied.
SUB-A6NJ9tnI2I,B,1,6,4,7,"The request was applied, but excessive layout changes and such occurred in the process."
SUB-A6NJ9tnI2I,B,2,5,5,6,"Content was added along with excessive layout and design elements, making it cluttered."
SUB-A6NJ9tnI2I,B,3,6,4,6,"The request itself was applied, but the design isn't tidy."
SUB-_9iJ8uUx89,A,1,7,7,4,"Left nav, center content, right supplementary info — suitable for a desktop environment."
SUB-_9iJ8uUx89,A,2,7,7,4,The course structure is easy to grasp.
SUB-_9iJ8uUx89,A,3,7,7,4,"Changed the image area to a low-saturation teal tone, increasing the sense of separation from the content area."
SUB-_9iJ8uUx89,B,1,7,7,4,Converted to a desktop screen with a top GNB and a two-column left/right content structure.
SUB-_9iJ8uUx89,B,2,7,7,4,"Shows the number of lessons and duration per section, making the structure easy to grasp."
SUB-_9iJ8uUx89,B,3,7,7,4,The color change is clear.
SUB-17jCAog2sx,A,1,7,6,4,Reflected the request accurately and well.
SUB-17jCAog2sx,A,2,6,5,4,I get that you'd press Restore — it's understandable.
SUB-17jCAog2sx,B,1,6,7,5,"The ""sort"" filter is easier to understand than in the previous case."
SUB-17jCAog2sx,B,2,6,6,4,Carried out the instruction by redesigning the Restore button.
SUB-MxtNMqdsx_,A,1,5,5,4,"Changed the display order of note dates. But since the request didn't say how to change it, it may not be accurate."
SUB-MxtNMqdsx_,A,2,5,4,3,"The wording was kept, but no button that looks like it lets you enter the previous version history was placed."
SUB-MxtNMqdsx_,A,3,7,7,5,"The position change was applied well. However, since no specific position was designated, it's hard to judge appropriateness."
SUB-MxtNMqdsx_,B,1,5,5,4,Changed the display order of note dates. But this one is also hard to evaluate for specific accuracy.
SUB-MxtNMqdsx_,B,2,7,7,4,The button makes it very clear that you can enter the previous version history.
SUB-MxtNMqdsx_,B,3,7,5,5,"It was changed, but since in most notes the toolbar is at the bottom, a toolbar at the top might be inconvenient to use."
SUB-b7yGsMIgHs,A,1,5,5,4,Swapped to a staff-facing version
SUB-b7yGsMIgHs,A,2,5,5,4,Content edited to suit the target user
SUB-b7yGsMIgHs,A,3,5,4,4,The content was changed
SUB-b7yGsMIgHs,B,1,5,5,4,Swapped to an admin version
SUB-b7yGsMIgHs,B,2,5,5,4,Content changed to an admin version
SUB-b7yGsMIgHs,B,3,5,5,4,A strong alert-style format
SUB-rp9JQtnLm_,A,1,6,5,4,"It understood and applied the other points well, but the part about ""add a bit of top margin"" could be interpreted somewhat ambiguously. That said, the position staying the same is correct, and in cases like this it should be handled flexibly within limits that don't break the overall layout/grid."
SUB-rp9JQtnLm_,B,1,6,6,7,"It applied the prompt well regarding things like the top margin, but suddenly making the background purple is baffling."
SUB-QGbd3g57_I,A,1,7,7,4,Nicely converted for desktop while keeping the style
SUB-QGbd3g57_I,A,2,7,7,4,The accommodation info and the remaining time are both easy to take in at a glance
SUB-QGbd3g57_I,B,1,7,7,4,Appropriately changed for desktop
SUB-QGbd3g57_I,B,2,5,3,3,The hotel info doesn't stand out enough
SUB-p_NFJBtVbN,A,1,5,5,4,Widened horizontally for tablet
SUB-p_NFJBtVbN,A,2,5,5,4,Added a search button
SUB-p_NFJBtVbN,A,3,5,5,4,Color changed as requested
SUB-p_NFJBtVbN,B,1,5,5,4,Enlarged the illustration background to tablet size
SUB-p_NFJBtVbN,B,2,5,5,4,Provides a search area that's familiar to users
SUB-p_NFJBtVbN,B,3,5,5,4,Color change in line with the request
SUB-ADxxhKT1pb,A,1,7,6,4,"A content change was requested, and it seems to have been applied accurately (removing the lock, etc.)"
SUB-ADxxhKT1pb,A,2,6,5,4,"The request was applied accurately. However, the left nav seems too thick."
SUB-ADxxhKT1pb,B,1,6,6,4,Reflected the request accurately and well.
SUB-ADxxhKT1pb,B,2,6,5,5,"It applied the request well, but oddly the color tone seems to have shifted warmer."
SUB-CzIzmBzB0o,A,1,6,5,4,Some text is cut off and it feels cramped overall
SUB-CzIzmBzB0o,B,1,7,6,4,"Strongly emphasizes the elapsed time and the main button, structured to suit a watch environment"
SUB-IAMXUB8VcK,A,1,5,5,4,Swapped to a PT (personal training) session
SUB-IAMXUB8VcK,A,2,5,4,3,Can't tell exactly what order was changed
SUB-IAMXUB8VcK,B,1,5,5,4,A language (Spanish) class
SUB-IAMXUB8VcK,B,2,4,3,3,"The content isn't even the same as the original, and the order change pushed it below the schedule"
SUB--L7nl9CIaV,A,1,5,5,4,Placed the input and the summary side by side
SUB--L7nl9CIaV,A,2,5,5,4,Added the host's name
SUB--L7nl9CIaV,B,1,5,4,4,"The composition isn't bad, but the main menu isn't in a position users are familiar with"
SUB--L7nl9CIaV,B,2,5,5,4,Added the host name
SUB-IDhISAnZdN,A,1,7,7,4,Converted the mobile bottom navigation into a sidebar and appropriately reorganized it into a tablet layout using the wider screen
SUB-IDhISAnZdN,A,2,7,7,4,"Clearly divided into sections, nicely reflecting grouping by content type"
SUB-IDhISAnZdN,B,1,7,7,4,"Expanded the screen width and rearranged the content horizontally, converting it suitably for a tablet environment"
SUB-IDhISAnZdN,B,2,7,7,4,Faithfully reflects grouping by content type
SUB-xOYxeMrQD3,A,1,7,7,4,"Enlarged the green button into a full-width emphasis button and demoted Cancel to a text link, clarifying the hierarchy of primary and secondary actions"
SUB-xOYxeMrQD3,B,1,7,6,4,"Strengthened the green button's size and shadow and weakened Cancel to text, clearly establishing the primary button's priority"
SUB-4Jdsc4hjaQ,A,1,5,5,4,Placed the calendar and the summary side by side
SUB-4Jdsc4hjaQ,A,2,5,6,4,Shows the total cost
SUB-4Jdsc4hjaQ,B,1,6,5,4,Uses a wide calendar that's familiar from hotel booking
SUB-4Jdsc4hjaQ,B,2,6,5,4,Total amount display
SUB-X2XVd8aR2K,A,1,5,5,4,Screen layout for desktop
SUB-X2XVd8aR2K,A,2,5,5,4,Split the card left/right and adjusted the position of the author information
SUB-X2XVd8aR2K,A,3,5,5,4,Provides an input form
SUB-X2XVd8aR2K,B,1,5,5,4,Implemented the desktop screen in detail
SUB-X2XVd8aR2K,B,2,5,5,4,Moved to the top-right of the card
SUB-X2XVd8aR2K,B,3,5,5,4,Placed an area for asking questions at the bottom
SUB-MNkmrUWfTF,A,1,7,6,4,Delivered by applying the requested content
SUB-MNkmrUWfTF,A,2,6,5,3,"It did provide a filter, but provided it as tabs."
SUB-MNkmrUWfTF,A,3,5,4,3,"The expression ""solid block"" itself seems ambiguous, but either way it does seem to have been applied."
SUB-MNkmrUWfTF,B,1,6,6,4,Delivered by applying the requested content
SUB-MNkmrUWfTF,B,2,6,7,4,"Unlike the previous example, it's provided as a filter UI, which seems like a more accurate application of the request."
SUB-MNkmrUWfTF,B,3,5,6,4,"The previous example stood out a bit by using dark colors, but this one provides a design that keeps a light tone."
SUB-1i8a-Ib6Xx,A,1,7,7,4,The existing score changes nicely into the weekly order amount
SUB-1i8a-Ib6Xx,A,2,7,7,4,"The font for the current rank is bigger than before, and the layout relative to the next rank is also nicely applied in line with the request"
SUB-1i8a-Ib6Xx,B,1,7,6,6,"Changing the unit to weekly order amount as requested was done well. However, the intent of the progress bar included below is unclear and it actually looks more complicated"
SUB-1i8a-Ib6Xx,B,2,7,6,4,The request was appropriately applied
SUB-PEHUjIHtRU,A,1,7,7,4,It understood the intent and applied the changes.
SUB-PEHUjIHtRU,A,2,5,3,3,"It did make a change, but it seems to have done so timidly."
SUB-PEHUjIHtRU,B,1,6,6,4,It understood the intent and applied the changes.
SUB-PEHUjIHtRU,B,2,6,6,4,"Compared to the previous example, it tries to rearrange the content more actively."
SUB-2OvMphnjKD,A,1,6,3,5,"It did split the clauses into three, but it feels like it merely separated them into three different design cards, and the screen becomes too complicated."
SUB-2OvMphnjKD,A,2,6,3,5,The button structure is a bit awkward. I'm not sure it's right to present them at the same level. But it does reflect the intent.
SUB-2OvMphnjKD,B,1,6,5,2,"It understood the intent and applied the changes, but it's a shame it applied them somewhat timidly."
SUB-2OvMphnjKD,B,2,6,5,4,"The purple background seems excessive, but it seems like a more familiar UI design than the previous example."
SUB-bxeers2_pY,A,1,7,7,4,Nicely changed into a desktop view with no scrolling.
SUB-bxeers2_pY,A,2,6,6,4,
SUB-bxeers2_pY,A,3,7,7,4,The request was applied well.
SUB-bxeers2_pY,B,1,7,7,4,Nicely changed into a desktop view with no scrolling.
SUB-bxeers2_pY,B,2,7,7,4,"The header area is emphasized, the color adjusted darker and the size increased, so the label draws more attention."
SUB-bxeers2_pY,B,3,7,7,4,The request was applied well.
SUB-eOUqbO8TgR,A,1,7,6,4,"As a solution to a non-specific instruction, it seems to have made a good choice with the simplest option, 'tags'"
SUB-eOUqbO8TgR,B,1,7,6,5,"As a solution to a non-specific instruction, it split the tabs into beach / downtown and re-categorized, which suggests it even gave deeper consideration — impressive"
SUB-_IhE_5N_b_,A,1,6,6,4,The content seems to have been applied well.
SUB-_IhE_5N_b_,A,2,6,3,5,"Wanting to use the full horizontal width means wanting to lay out complex information broadly, but the left nav seems to take up too large an area."
SUB-_IhE_5N_b_,A,3,6,5,3,"On the right you can tell from the numbers and colors, but the design isn't intuitive."
SUB-_IhE_5N_b_,B,1,6,6,4,It understood the intent and applied the changes.
SUB-_IhE_5N_b_,B,2,7,6,4,It understood the intent and applied the changes.
SUB-_IhE_5N_b_,B,3,6,7,4,Applied much better than the previous example.
SUB-25mERv32uk,A,1,6,6,4,Changed the content reasonably well.
SUB-25mERv32uk,A,2,6,5,4,It understood the intent and applied the changes.
SUB-25mERv32uk,A,3,6,3,3,"The change was made, but it's somewhat hard to understand."
SUB-25mERv32uk,B,1,6,6,4,It understood the intent and applied the changes.
SUB-25mERv32uk,B,2,3,2,6,Why was the checkbox changed to a radio button? Does this AI not know the difference between radio buttons and checkboxes..? An incomprehensible choice of UI component.
SUB-25mERv32uk,B,3,6,6,4,This part seems like a better design than the previous example.
SUB-94yVc4-xwt,A,1,7,6,4,It understood the intent and applied it well.
SUB-94yVc4-xwt,A,2,2,2,2,"It sounds like a request to move the calories to the right, but that wasn't applied at all."
SUB-94yVc4-xwt,B,1,6,5,6,"It reflected the intent, but I don't really understand why it was changed into a step format."
SUB-94yVc4-xwt,B,2,4,2,3,"Not only was the calorie change not applied, but even the total calorie amount, which was good before, disappeared"
SUB-3PbSgZwCOT,A,1,6,6,4,"It converts well to a desktop view, keeping the existing information without unnecessarily stretching each area."
SUB-3PbSgZwCOT,A,2,7,7,4,The member list was nicely changed from a simple list format to a grid structure.
SUB-3PbSgZwCOT,A,3,7,7,4,A select-all checkbox was added so all members can be selected at once.
SUB-3PbSgZwCOT,B,1,6,5,3,"Each area is laid out in a Row structure, so as the screen gets wider the elements stretch out horizontally too much, and there's a risk that information density and layout stability suffer."
SUB-3PbSgZwCOT,B,2,6,6,5,"It tried to group the member groups by adding Role information, but if the number of people per Role differs a lot, the size and balance of each area could break down, so it seems like a layout with low scalability."
SUB-3PbSgZwCOT,B,3,7,7,4,A select-all checkbox was added so all members can be selected at once.
SUB-hAgcevlNPn,A,1,5,3,2,"It just expanded horizontally, so the visual flow spreads too far sideways and the arrangement becomes awkward."
SUB-hAgcevlNPn,A,2,5,5,4,The benefits list is split into two groups.
SUB-hAgcevlNPn,A,3,6,6,4,Changed the button color.
SUB-hAgcevlNPn,B,1,6,6,4,The layout was appropriately changed to a two-column composition suited to a PC environment.
SUB-hAgcevlNPn,B,2,5,5,4,The benefits list is split into two groups.
SUB-hAgcevlNPn,B,3,6,6,4,Changed the button color.
SUB-fcNihRh6Ov,A,1,5,5,4,Layout arrangement optimized for the PC environment.
SUB-fcNihRh6Ov,A,2,3,3,2,The arrangement is almost identical.
SUB-fcNihRh6Ov,B,1,5,3,3,"It spreads out too much horizontally, so the component proportions look off."
SUB-fcNihRh6Ov,B,2,3,3,3,The arrangement is almost identical.
SUB-HxILWVSuei,A,1,5,5,4,"Added a left menu bar, changing it to a layout optimized for PC screens."
SUB-HxILWVSuei,B,1,3,3,2,"It just expands horizontally, so the screen spreads out too far to both sides."
SUB-IydBmN6jev,A,1,7,7,5,"It decided on its own which is more important, the number of nights completed or the number of nights remaining. But it seems to have judged well."
SUB-IydBmN6jev,A,2,7,6,5,"There was no emphasis on adding a background color, so the scope of the change is a bit excessive. However, looking purely at design hierarchy, it judged appropriately."
SUB-IydBmN6jev,B,1,7,6,5,I question whether this is information important enough to warrant a border like a chip.
SUB-IydBmN6jev,B,2,7,7,4,I think it's appropriate since it reflected the prompt as-is and didn't add style elements based on its own judgment.
SUB-06byInKP2L,A,1,7,7,4,"Without changing the layout excessively, it makes good use of the tablet width and the version list is placed appropriately."
SUB-06byInKP2L,A,2,7,7,4,"By placing it to the left of the body text, it's very suitable as information to be seen before reading the body."
SUB-06byInKP2L,A,3,7,7,4,
SUB-06byInKP2L,B,1,7,6,5,
SUB-06byInKP2L,B,2,7,6,4,"It understood well and organized the version change information simply and nicely, I think."
SUB-06byInKP2L,B,3,7,5,4,
SUB-VjdO1W8YBs,A,1,5,5,4,Amount display.
SUB-VjdO1W8YBs,A,2,5,5,4,The security notice text is placed above the code input field.
SUB-VjdO1W8YBs,A,3,7,5,4,"Changed background and border colors, adjusted border rounding."
SUB-VjdO1W8YBs,B,1,5,5,4,Placed the amount and the recipient at the top.
SUB-VjdO1W8YBs,B,2,5,4,3,Placed the security notice message at the bottom.
SUB-VjdO1W8YBs,B,3,5,5,4,"Changed background and border colors, adjusted border rounding."
SUB-LsIf_z6Leg,A,1,7,7,4,
SUB-LsIf_z6Leg,A,2,7,7,4,
SUB-LsIf_z6Leg,B,1,7,7,4,
SUB-LsIf_z6Leg,B,2,7,7,4,
SUB-jh8ZQWpHP7,A,1,5,5,4,Rearranged to fit desktop size.
SUB-jh8ZQWpHP7,A,2,5,5,4,Uses the increased width to place it on the right.
SUB-jh8ZQWpHP7,B,1,5,4,5,"Hard to adapt to screen sizes, and the comment format is unfamiliar to users."
SUB-jh8ZQWpHP7,B,2,5,5,5,Went with a card format for the comments.
SUB-_JgqiXSHJy,A,1,7,7,4,"Expanded into a three-column structure: navigation on the left, map in the center, details on the right."
SUB-_JgqiXSHJy,B,1,7,7,4,"Expanded to a structure with top nav, results list on the left, and map on the right — suitable for desktop."
SUB-4J9RmaX0LO,A,1,4,3,3,I can't see exactly what was changed.
SUB-4J9RmaX0LO,A,2,6,5,4,Expressed as a vertical bar graph.
SUB-4J9RmaX0LO,B,1,4,3,3,Introduces the top ratings.
SUB-4J9RmaX0LO,B,2,4,3,3,No big change.
SUB-RxyKcrlO5a,A,1,7,7,4,Expresses the relationship between comments through comment indentation.
SUB-RxyKcrlO5a,A,2,7,7,4,Sufficiently reinforces the group activity information.
SUB-RxyKcrlO5a,B,1,7,7,4,"Indented into a separate box below and applied divider lines only between threads, clearly grouping the comment relationships."
SUB-RxyKcrlO5a,B,2,7,6,4,Only the activity information is scattered between the author's line and the top.
SUB-hAEoXAlhYX,A,1,7,7,4,Instruction applied
SUB-hAEoXAlhYX,B,1,7,7,4,"Reorganized to fit the new theme, running"
SUB-MuADma-_8H,A,1,5,5,4,Split the screen left/right for tablet
SUB-MuADma-_8H,A,2,6,5,4,Placed in the exact position
SUB-MuADma-_8H,A,3,5,5,4,Left/right arrow icons provided
SUB-MuADma-_8H,B,1,6,5,4,Split the screen left/right for tablet
SUB-MuADma-_8H,B,2,6,6,4,Content placed in the requested position
SUB-MuADma-_8H,B,3,6,5,4,Calendar provided
SUB-km2JfPzHGH,A,1,7,7,4,Information changed as requested
SUB-km2JfPzHGH,A,2,7,7,4,Clearly shows the selected count and total count
SUB-km2JfPzHGH,B,1,7,7,4,"Implemented in a contextually appropriate way by applying hospital name, schedule, completion deadline, etc."
SUB-km2JfPzHGH,B,2,7,7,4,The selected count and total count can be checked instantly
SUB-NWnx_jrVkb,A,1,7,7,4,"Expanded into a step sidebar on the left and an input area on the right, with input fields laid out horizontally to make active use of the desktop's wide width"
SUB-NWnx_jrVkb,A,2,7,7,4,"Input fields clearly grouped into three areas: Personal details, Account & security, and Or sign up with"
SUB-NWnx_jrVkb,A,3,7,7,4,"Sufficiently expanded the existing 'Step 1 of 3' by adding the current step name, next step, estimated time required, and progress status information"
SUB-NWnx_jrVkb,B,1,7,7,4,Divided the form and secondary actions into left and right areas and arranged the input fields in multiple columns to make active use of the desktop's horizontal space
SUB-NWnx_jrVkb,B,2,7,7,4,"Input fields subdivided into Personal details, Contact, Password, and Care preferences, clearly forming groups according to the nature of the information"
SUB-NWnx_jrVkb,B,3,7,7,4,"Provides progress rate, current step, next step, final step, and estimated time together at the top, sufficiently expanding the step information"
SUB-Lo-eJsL5Hz,A,1,7,7,4,"Separated the mobile single-document structure into a table of contents on the left and body text on the right, and expanded the top and bottom areas horizontally to reorganize it into a desktop layout"
SUB-Lo-eJsL5Hz,B,1,7,7,4,"Puts the body text in a wide main area and places the document info, progress rate, and consent area on the right, effectively utilizing the desktop's horizontal space"
SUB-VzoFii1jVo,A,1,4,3,3,The city image was actually shrunk
SUB-VzoFii1jVo,A,2,6,5,4,Preview chip added
SUB-VzoFii1jVo,A,3,5,5,4,Requested items applied.
SUB-VzoFii1jVo,B,1,3,3,3,"The title covers the image, and the image area got smaller"
SUB-VzoFii1jVo,B,2,5,4,4,Provided in button form
SUB-VzoFii1jVo,B,3,5,5,4,Requested items applied.
SUB-4Rsba1PBuG,A,1,7,7,4,"Displays the 3-step sequence of Search, Compare, Verify along with Step 1 of 3, clearly showing the entire search process"
SUB-4Rsba1PBuG,A,2,7,7,4,Places the search progress area above the image so the current status and progress step are perceived before the content
SUB-4Rsba1PBuG,A,3,7,7,4,"Changed from a single bright card to a structure with a dark background and a separate progress panel, clearly differentiating the impression of the loading screen"
SUB-4Rsba1PBuG,B,1,7,7,4,"Lists them in order 1 through 3, clearly showing the whole search process"
SUB-4Rsba1PBuG,B,2,7,7,4,The current progress status can be perceived first
SUB-4Rsba1PBuG,B,3,7,7,4,"Changed to a status badge, clearly differentiating the character of the loading screen"
SUB-rOD4wptc9i,A,1,7,7,4,"Expanded the card into a horizontal two-column layout with the title and guidance on the left and the station list on the right, and moved the Save CTA to the upper right"
SUB-rOD4wptc9i,A,2,7,7,4,Clearly separates the stations into LIFTING and CONDITIONING and correctly configures each block's numbering to restart from 1
SUB-rOD4wptc9i,B,1,7,7,4,"Divided the widened card into two columns, with the title on the left and the station list and top Save CTA on the right, accurately reflecting the instruction"
SUB-rOD4wptc9i,B,2,7,7,4,Clearly configured so that each block's station numbering restarts from 1
SUB-tU-7Jxg3sR,A,1,7,7,4,"Added a 'WAS THIS HELPFUL?' label below the divider and reorganized the vote CTA and result text into one area, clarifying the role of the bottom section"
SUB-tU-7Jxg3sR,B,1,7,7,4,"Separated the area below the divider into the vote CTA and the 'Helpful answer' result area, and added a vertical divider to clearly reorganize the bottom composition"
SUB-51riQRMIMM,A,1,7,5,4,Aligned the remaining playback time to the left and inserted it compactly below the progress bar
SUB-51riQRMIMM,A,2,7,7,4,Moved the initials to the end of the list and brought the title nicely to the front
SUB-51riQRMIMM,B,1,7,3,4,"Inserted compactly below the progress bar, but keeps the wording unnecessarily long"
SUB-51riQRMIMM,B,2,7,7,4,Moved the initials to the end of the list and brought the title nicely to the front
SUB-O339n8DnEH,A,1,7,7,4,Changed it nicely as requested.
SUB-O339n8DnEH,B,1,7,5,4,"It understood the intent of the instruction well, but the way the overlapping followers are shown seems relatively inappropriate."
SUB-ojkBN8T2BY,A,1,5,5,4,Video and participants displayed as requested
SUB-ojkBN8T2BY,A,2,5,5,4,The title is still there
SUB-ojkBN8T2BY,A,3,4,4,4,Button added in gray
SUB-ojkBN8T2BY,B,1,5,5,4,Video and participants split cleanly left and right
SUB-ojkBN8T2BY,B,2,5,4,4,The title is still there
SUB-ojkBN8T2BY,B,3,5,5,4,Everything modified in line with the request
SUB-NbmZR3Yrdh,A,1,5,5,4,UI restructured for desktop
SUB-NbmZR3Yrdh,A,2,5,5,4,End call button size adjusted
SUB-NbmZR3Yrdh,A,3,5,5,4,"Content kept, background and font color changed"
SUB-NbmZR3Yrdh,B,1,6,5,4,Desktop UI restructuring
SUB-NbmZR3Yrdh,B,2,4,3,3,"The end call button is too far away, and it's small too"
SUB-NbmZR3Yrdh,B,3,5,5,4,Modified as requested
SUB-8EM-hUeDKk,A,1,7,7,4,"It understood the intent and adjusted to a tablet canvas ratio, and the existing screen layout was changed accordingly."
SUB-8EM-hUeDKk,A,2,7,7,4,"The facilities team headcount and the budget proposal for the office purchase are shown together, so the intent and request seem to have been reflected appropriately."
SUB-8EM-hUeDKk,A,3,7,7,4,"That section moved to the right, so the request was reflected appropriately."
SUB-8EM-hUeDKk,B,1,7,6,5,"Changing the frame to a tablet canvas was reflected appropriately, though the layout seems a bit generic enough to work for a web-based canvas too."
SUB-8EM-hUeDKk,B,2,6,6,4,"With the facilities team info and the budget proposal exposed, coordinating the purchase seems to have become easier."
SUB-8EM-hUeDKk,B,3,7,5,4,"It understood the intent well and reflected the request well, but placing it in the sidebar doesn't seem like the right location."
SUB-9ASkYxB8e0,A,1,7,7,5,"It assigns positive/negative colors to each praise and problem, making the first distinction by color, then adds praise/problem tags next to them as a second cue so you can check at a glance. Adding filters goes beyond the request, but the direction is right. Reviews should preserve the original text by default, so trimming sentences at will shakes trust."
SUB-9ASkYxB8e0,A,2,7,7,4,"""312 written reviews"" is placed right under 1,284 ratings, so both the position and the context are exactly right. It seems to have read even the hidden intent of distinguishing ratings vs written reviews. Carrying the number through once more with the ""See all 312"" CTA at the bottom felt natural too. It put only what was asked in exactly the spot asked, with no fluff."
SUB-9ASkYxB8e0,B,1,7,6,4,"It splits the review list into two sections entirely, WHAT PEOPLE PRAISE / WHERE IT FALLS SHORT, and attaches review counts to the green/red headers, making the distinction very clear. Grouping by section means you immediately get whether it's praise or a problem, even without badges. That said, it's unclear whether only up to 2 praise and 2 problem reviews are shown."
SUB-9ASkYxB8e0,B,2,7,7,4,"It put only what was asked in exactly the spot asked, with no fluff."
SUB-CZjUGWZ3oC,A,1,3,2,2,Not reflected at all
SUB-CZjUGWZ3oC,B,1,5,5,4,"The Leaderboard panel corners are rounded, and a light gray shadow is added along the edges"
SUB-jIzaLkrfuP,A,1,6,6,4,"It attached the Use draft / Edit buttons right inside the last speech bubble containing the draft. The position is exact, and in line with ""ready to use right away,"" the hierarchy of emphasizing Use draft as a filled green button with Edit as secondary is appropriate. The request was for a single button, so adding Edit as well seems slightly beyond it."
SUB-jIzaLkrfuP,B,1,7,7,4,"It restructured the draft bubble into a header + quote bar + ""use this~"" button. By promoting what was just answer text into a draft card, it clearly conveys that this is a draft you can use right away. The requirement was just to make a button, so applying a card header + quote bar is over-delivery, but it's understandable since the direction is to make the draft stand out."
SUB-b5_dEUzha1,A,1,4,4,4,"When you say change it for desktop, the layout should be suited to desktop, but this is simply stretched to a desktop resolution. Still, the stretching itself reflects the request well."
SUB-b5_dEUzha1,A,2,7,7,4,"Split into 2 groups, with the number of items in each group also written"
SUB-b5_dEUzha1,B,1,4,4,5,"It designed the layout needed for desktop itself and even implemented a sidebar. However, since we can't tell whether the original is a modal layer or the main screen, it may actually be ignoring the context."
SUB-b5_dEUzha1,B,2,7,7,4,"Split into 2 groups, with the number of items in each group also written"
SUB-m7Qvjz34Hb,A,1,6,6,5,"Converting badges and points into training hours completed, and placing the license and renewal period under the name, seem like good changes, but adding training requirements and processing schedules without policy verification feels like it crossed the line a bit."
SUB-m7Qvjz34Hb,A,2,6,7,4,"Combining a check with a strikethrough for completed items is the typical UI of TODO list apps, so it looks well distinguished."
SUB-m7Qvjz34Hb,B,1,6,7,6,The degree of transformation feels excessive. Expanding the scope to approval status and regulatory training and modifying that too is also a bit excessive.
SUB-m7Qvjz34Hb,B,2,6,6,5,The states are separated so you can recognize them instantly. But it feels like the fixed to-do list has been over-differentiated. It's visually cluttered.
SUB-dd_GbA_MGf,A,1,7,7,4,"It seems to have shrunk ""reduce it moderately"" nicely, down to about the artwork size of a typical player UI"
SUB-dd_GbA_MGf,B,1,4,5,7,
SUB-RKthLTN5UM,A,1,7,7,7,"It reflected the request well, considering the most common layout for a conversational layout. It implemented the chat list, chat main, and even the content inside the current chat, and navigation was also successfully reflected"
SUB-RKthLTN5UM,B,1,7,3,3,"Focusing on the conversation itself is good, but the navigation isn't suitable for desktop use, and a navigation element to get back to the chat list is missing"
SUB-7DfNi7tj9a,A,1,5,5,4,"Since the order summary area has little information to begin with, the change doesn't look big, but I think it understood"
SUB-7DfNi7tj9a,A,2,7,6,4,"When you say 'blue background,' one could take the color code literally as blue, but it seems to have properly taken the teal in the existing theme as meaning blue"
SUB-7DfNi7tj9a,B,1,7,6,5,"Practitioners' opinions would probably differ a lot on whether the 'order summary area' includes the 'header' too. If it's a header form that didn't exist before, component management would get annoying."
SUB-7DfNi7tj9a,B,2,6,5,3,
SUB-9XOSnohobl,A,1,5,4,2,A design that just swaps out the title and content details of the existing design for the field operations team
SUB-9XOSnohobl,A,2,4,4,4,The content flow structure reflects the request well.
SUB-9XOSnohobl,B,1,7,7,4,"Building on the existing design, it placed the information the on-site operations team needs with high visibility, and the attempt to change the content composition itself accordingly is positive."
SUB-9XOSnohobl,B,2,4,5,4,The content flow structure reflects the request well.
SUB-zi8Edc1rEe,A,1,6,6,4,"I question whether an image is even needed for a business trip approval request, but the trip details were reflected as requested."
SUB-zi8Edc1rEe,A,2,7,7,4,The requirements are well reflected.
SUB-zi8Edc1rEe,A,3,3,3,3,"The text was added, but it should look more like a button and secure a proper touch area."
SUB-zi8Edc1rEe,B,1,7,7,4,The requirement is well reflected
SUB-zi8Edc1rEe,B,2,7,7,4,The requirement is well reflected
SUB-zi8Edc1rEe,B,3,6,6,4,"The touch area is a bit lacking, but it's reflected well."
SUB--VIa_Whfwy,A,1,7,5,4,It grasped the intent of emphasizing the progress bar well.
SUB--VIa_Whfwy,B,1,7,5,5,"It grasped the intent of emphasizing the progress bar well, but failed to figure out whether that meant visual emphasis or adding more content, and attempted excessive improvements."
SUB-Aiu_wBFFQm,A,1,7,7,5,"Keeping the design theme, putting the work location change function right under the password, and removing recent accounts seem to reflect a shared login account environment well. However, remembering the email is a change that wasn't requested, so it seems a bit excessive."
SUB-Aiu_wBFFQm,B,1,7,7,5,"Placing the work location and change function under the password and removing the recent accounts list also showed a good understanding of the context. Features like 'keep me logged in' should indeed be dropped for a shared desk, but 'other secure access' is out of scope."
SUB-gPs6Aq3g97,A,1,6,6,4,Something did change.
SUB-gPs6Aq3g97,A,2,6,6,4,You can start a question.
SUB-gPs6Aq3g97,B,1,6,6,4,The target user changed.
SUB-gPs6Aq3g97,B,2,6,6,4,You can start a question from the lecture screen.
SUB-xTLzjR4aPO,A,1,6,6,4,The 'small' part wasn't reflected.
SUB-xTLzjR4aPO,B,1,2,3,2,It didn't reflect the word 'next to'.
SUB-m0EmMv0K9R,A,1,7,7,4,It accurately supplemented the requested metadata by adding the download date under each saved item's existing content info.
SUB-m0EmMv0K9R,A,2,7,7,4,It separates usage and free space into left and right figures and shows the progress bar together with the usage rate.
SUB-m0EmMv0K9R,B,1,7,7,4,It accurately supplemented the requested metadata by adding the download date under each saved item's existing content info.
SUB-m0EmMv0K9R,B,2,7,7,4,"It heavily restructured the existing horizontal progress bar into a dashboard-type panel combining a circular usage graph with storage amount, free space, and item count."
SUB-0i9xxLivV4,A,1,7,7,4,"It applied a dimmed overlay over the desktop screen with a centered popup, and placed Cancel and Continue side by side at the bottom right, accurately reflecting the request."
SUB-0i9xxLivV4,A,2,7,7,4,"It separated the quoted post into a distinct area on the right and hierarchically restructured the author info, body, and guidance text, making the context easier to grasp."
SUB-0i9xxLivV4,A,3,7,7,4,"It places the reason options first at the top of the popup's core area and moves the existing explanatory text below the options, so the selection action takes priority."
SUB-0i9xxLivV4,B,1,7,7,4,"It placed the popup in the center of the dimmed desktop screen and put Cancel and Continue side by side at the bottom right, accurately reflecting the request."
SUB-0i9xxLivV4,B,2,7,7,4,"It organized the quoted post into a separate block and structured the author, group, time, and body within one area, making the context easier to grasp than the original."
SUB-0i9xxLivV4,B,3,7,7,4,"It exposes the reason options first as a horizontal card area at the top and moves the explanatory text below, clarifying the priority of the selection action."
SUB-DinBuzoq3D,A,1,7,7,4,It clearly reflected the request by adding a sort dropdown at the top of the recommended groups so users can directly choose the group display order.
SUB-DinBuzoq3D,B,1,7,7,4,It clearly reflected the request by adding a control at the top of the recommended groups that lets you directly choose among three sorting criteria.
SUB-qJUyr1wSFf,A,1,7,7,4,Expanded to a horizontal layout and placed the nav on the left.
SUB-qJUyr1wSFf,A,2,7,7,4,Users can find things right away in a long list.
SUB-qJUyr1wSFf,A,3,6,6,4,The size change that was adjusted and the difference in spacing are somewhat subtle.
SUB-qJUyr1wSFf,B,1,7,7,4,"Expanded to a horizontal desktop screen, with the follower list in a single central column and the existing bottom tabs accurately converted into a left vertical menu."
SUB-qJUyr1wSFf,B,2,7,7,4,Added a name/username search bar at the top so you can immediately find the user you want in a long follower list.
SUB-qJUyr1wSFf,B,3,7,7,4,Secured more top spacing to clearly distinguish the groups.
SUB-WomJ7zVV2-,A,1,5,5,5,"In terms of showing the description and the features offered, the point that it's a space for working together comes across concretely and well. However, it's not emphasized well, so at a glance"
SUB-WomJ7zVV2-,A,2,7,7,4,The button looks well emphasized.
SUB-WomJ7zVV2-,A,3,7,7,4,"The brand colors were changed well, and applied appropriately to the button and icon elements to match."
SUB-WomJ7zVV2-,B,1,6,6,3,
SUB-WomJ7zVV2-,B,2,7,7,3,"The button is well emphasized, but the 'Spaces your team shares' section above also looks clickable, which could be confusing."
SUB-WomJ7zVV2-,B,3,7,7,4,"The colors were changed well, and it was appropriately applied not just to the symbol but to other elements too."
SUB-0lfQAvXlTe,A,1,7,5,5,"Changed to a desktop layout well. However, many unrequested elements were added, such as the LNB, top bar, and 3 replies section."
SUB-0lfQAvXlTe,A,2,7,7,4,Moved to an appropriate position.
SUB-0lfQAvXlTe,B,1,7,5,5,"Nicely converted to a desktop layout. However, a lot of elements that weren't requested were added, like the GNB, ""also climbing,"" etc."
SUB-0lfQAvXlTe,B,2,6,4,3,
SUB-_eC0hvuC96,A,1,7,6,4,Understood the request well and applied it.
SUB-_eC0hvuC96,A,2,7,5,3,"Understood the request well, but way too many buttons were put in."
SUB-_eC0hvuC96,A,3,7,7,4,Provides the appropriate information at the top so you can recognize it right away. Useful that you can also see how many nights.
SUB-_eC0hvuC96,B,1,7,7,4,Understood and applied the request appropriately.
SUB-_eC0hvuC96,B,2,7,7,4,Understood the request well. Changed to a new layout while taking the existing elements into account.
SUB-_eC0hvuC96,B,3,7,7,4,"Understood the request well. Uses an appropriate date picker UI. Also added info on how many nights, which makes it easy to understand."
SUB-DYEAw7Z1O_,A,1,7,7,4,Appropriately reflects the request.
SUB-DYEAw7Z1O_,A,2,7,7,4,Appropriately reflects the request.
SUB-DYEAw7Z1O_,B,1,7,6,3,Understood the request well.
SUB-DYEAw7Z1O_,B,2,6,3,2,
SUB-oYQNAYQ_0v,A,1,7,7,4,Carried it out well as requested.
SUB-oYQNAYQ_0v,A,2,1,1,1,"The request was to reduce the content in the author line, but the content is the same and only the fine details of the design changed."
SUB-oYQNAYQ_0v,B,1,7,7,5,"Hid the completed tasks well. Giving users a toggle to choose whether to hide or show completed tasks seems like an excessive change, but it's judged to be a necessary feature."
SUB-oYQNAYQ_0v,B,2,7,7,3,"The author line did become more concise, but it seems like one of either the edit time or the word count could have been omitted as well."
SUB-RMfaYJMr4a,A,1,7,7,4,Grouped upcoming events by week.
SUB-RMfaYJMr4a,A,2,7,7,4,Grouped the same events with the same color. Adding a color chart by type at the bottom is also good.
SUB-RMfaYJMr4a,B,1,7,7,4,Changed it as requested by grouping events by time period (by week).
SUB-RMfaYJMr4a,B,2,7,7,4,"Since it completely changed the way color is used to filling in the cells, it seems to have carried out the request well."
SUB-8465rjOZrd,A,1,7,7,4,Clearly distinguishes the login paths.
SUB-8465rjOZrd,B,1,7,7,4,"The request itself, to clearly separate the paths, was carried out well."
SUB-SWadZqh11w,A,1,6,6,4,Made it well suited to a desktop dashboard while maintaining the card grid form.
SUB-SWadZqh11w,A,2,6,6,4,"Keeps the same bar and marker styles as the original, satisfying the user's request most directly without changing the format."
SUB-SWadZqh11w,B,1,6,6,4,Implemented the layout in a two-column structure.
SUB-SWadZqh11w,B,2,4,4,5,Reinterpreted the groups by a performance criterion — rise/fall vs. last week — rather than by category classification.
SUB-o8-YBz9tkW,A,1,5,5,4,"Carried out the request well by date, and re-sorted the list in date order."
SUB-o8-YBz9tkW,B,1,5,5,5,Visualizes the one-week trend and directly visualizes the flow as a graph. The individual follower list was completely replaced by a statistics chart.
SUB-8YqCD05tcb,A,1,7,7,4,Carried it out well as requested.
SUB-8YqCD05tcb,B,1,7,7,5,"Adding a white background and changing the text color feels a bit excessive, but the request was carried out well."
SUB-bOSrQuHiKV,A,1,7,6,4,The connection between shooting status and tips is well reflected.
SUB-bOSrQuHiKV,A,2,7,7,4,"Reflected it well by using an ""adjust"" text along with a corner icon to show that it's an adjust button."
SUB-bOSrQuHiKV,B,1,7,6,4,"Appropriately reflects shooting status and tips. However, presenting the readiness status more intuitively in a list style would probably make it more visible."
SUB-bOSrQuHiKV,B,2,7,6,3,"Reflected well as an adjust button, but with only an icon it's hard to tell exactly what the function is."
SUB-9SZZlMDfpY,A,1,7,7,4,"Makes good use of the original's components as-is, and changed to a tablet layout."
SUB-9SZZlMDfpY,A,2,7,7,4,"Placed side by side so it can be easily compared with monthly. ""Save n%"" is emphasized with an accent color."
SUB-9SZZlMDfpY,A,3,7,7,4,Laid out appropriately for tablet.
SUB-9SZZlMDfpY,B,1,7,6,4,Switched well to a tablet layout.
SUB-9SZZlMDfpY,B,2,7,6,4,"Placed side by side with monthly, making comparison easy. However, you can't see right in the option how much % you save — the note appears separately at the bottom, so the connection is lacking."
SUB-9SZZlMDfpY,B,3,7,6,4,"Laid out well without feeling awkward, but it's a shame the ""Select your membership"" area is placed too far down."
SUB-OnkpmBnIPY,A,1,6,6,4,Followed the requested position/format well.
SUB-OnkpmBnIPY,A,2,3,2,4,"The product image got smaller and is on the left, but the arrival info wasn't placed on the right."
SUB-OnkpmBnIPY,A,3,6,6,4,Well implemented.
SUB-OnkpmBnIPY,B,1,6,6,4,The ellipsis truncation is applied well.
SUB-OnkpmBnIPY,B,2,6,5,4,"The arrival info area is positioned next to the image, but it's somewhat ambiguous whether it's mixed with the product arrival info."
SUB-OnkpmBnIPY,B,3,6,6,4,
SUB-csG_XEPKaj,A,1,7,7,4,Understood the instruction and applied it appropriately.
SUB-csG_XEPKaj,A,2,7,7,4,Understood the instruction and applied it appropriately.
SUB-csG_XEPKaj,B,1,4,4,7,
SUB-csG_XEPKaj,B,2,7,6,4,Understood the instruction well and applied it.
SUB-hI1yiCyXNf,A,1,7,6,4,Keeps the same single-popup structure as the original and only swaps the content into a parent-oriented context.
SUB-hI1yiCyXNf,B,1,7,7,5,"It even shows the actual notification card as a preview, and adds trustworthy wording clarifying that it isn't for marketing purposes."
SUB-5npGO20yh8,A,1,7,7,4,The requirement is well reflected
SUB-5npGO20yh8,A,2,7,7,4,The requirement is well reflected
SUB-5npGO20yh8,B,1,7,7,4,The requirement is well reflected
SUB-5npGO20yh8,B,2,7,7,4,The requirement is well reflected
SUB-AlMahLtY37,A,1,5,4,4,"The content width is maintained, but a vast empty gray space remains."
SUB-AlMahLtY37,B,1,7,6,4,"With practical info panels like Up Next and download status, it keeps the content width while reducing the empty space."
SUB-MPJXauuVoD,A,1,6,6,4,The time display has been naturally moved to the top right.
SUB-MPJXauuVoD,A,2,6,6,4,Implements exactly the ratio and layout the user requested.
SUB-MPJXauuVoD,B,1,6,6,5,Displayed across two lines with icons — a location icon and a clock icon.
SUB-MPJXauuVoD,B,2,3,3,6,The original three-button structure is gone and replaced with a completely different form of metric display. It didn't follow the user's instruction.
SUB-2MeisjzLU0,A,1,7,6,4,"An LNB was added for desktop, matching the existing style."
SUB-2MeisjzLU0,A,2,1,1,1,"A change in review order was requested, but the order is the same. It seems it didn't understand the intent of the request."
SUB-2MeisjzLU0,A,3,6,5,3,"The attempt to remove the shadow and group it together with the items was good, but the layout inside the rating summary card is quite broken."
SUB-2MeisjzLU0,B,1,7,7,4,"An LNB was added for desktop, matching the existing style."
SUB-2MeisjzLU0,B,2,1,1,1,"A change in review order was requested, but the order is the same. It seems it didn't understand the intent of the request."
SUB-2MeisjzLU0,B,3,7,6,4,"By removing the shadow and using a line instead, it blends better with the page."
SUB-JJI0bKPDYw,A,1,6,6,4,"Keeps the title area and the row under the buttons exactly as in the original, and replaces only the bottom area with a magazine-subscription context."
SUB-JJI0bKPDYw,B,1,6,5,5,"Both the title and button areas were modified, making it look completely different. It seems to deviate from the user's instruction."
SUB-4JTvXmvfQT,A,1,7,6,4,Adjusted the (Allow) button size well for hands-free watch use.
SUB-4JTvXmvfQT,A,2,7,5,4,"Text size, button placement, etc. were well considered for the watch, but the screen's roundness doesn't seem to have been sufficiently considered. On a watch, the title would likely be a bit cramped or get cut off."
SUB-4JTvXmvfQT,A,3,5,4,3,"The Allow button is large, but the Decline button is missing."
SUB-4JTvXmvfQT,B,1,7,7,4,"Changed the wording, buttons, etc. appropriately for warehouse picking use."
SUB-4JTvXmvfQT,B,2,7,7,4,Applied the instruction appropriately.
SUB-4JTvXmvfQT,B,3,7,6,4,Carried out the instruction appropriately.
SUB-UpVAUdUZyM,A,1,7,7,4,Appropriately converted to a watch screen.
SUB-UpVAUdUZyM,A,2,7,7,4,Adding a badge icon and center-aligning it vertically makes it look more readable and gives it a proper badge feel.
SUB-UpVAUdUZyM,B,1,7,5,5,"It understood that this is a watch screen, but individual elements — the use of overly small text, button sizes — don't seem to have been well considered."
SUB-UpVAUdUZyM,B,2,6,4,5,"It understood the instruction, but instead of reworking the layout it just shifted toward emphasizing the date."
SUB-KxrgIZ493K,A,1,7,7,4,Converted to desktop proportions well.
SUB-KxrgIZ493K,A,2,7,7,4,"Changed things appropriately, adjusting the results filter position, price display design, etc."
SUB-KxrgIZ493K,A,3,7,7,4,"I'm not sure what the save-search feature is supposed to mean, but at least in adding a save search button it seems to have understood the request well."
SUB-KxrgIZ493K,B,1,7,7,4,Appropriately converted to desktop proportions.
SUB-KxrgIZ493K,B,2,7,7,4,Changed the layout by separating the text into product list / status / location / price order.
SUB-KxrgIZ493K,B,3,7,7,4,A button to save the search was added.
SUB-431cnFp86u,A,1,7,7,4,"The requirements are appropriately reflected, and there's no unnecessary empty space."
SUB-431cnFp86u,A,2,7,7,4,Reflected it well by lowering the prominence of the three sub-buttons.
SUB-431cnFp86u,A,3,6,6,4,Clearly distinguished through adjusting text contrast.
SUB-431cnFp86u,B,1,7,7,4,Reflected the requirements appropriately.
SUB-431cnFp86u,B,2,5,5,3,Grouped them into an 'Actions' menu at the bottom.
SUB-431cnFp86u,B,3,6,6,4,Spelling out the summary part as text and marking the status values as capsules will likely give high visibility.
SUB-xLzs02WKcm,A,1,7,7,4,The requirements are well reflected.
SUB-xLzs02WKcm,B,1,5,5,4,"What appears first was indeed changed, but new information has been introduced."
SUB-dmakyKQVPd,A,1,5,5,4,"They shrank the monthly calendar date cells vertically, but I can't tell whether the schedule area below actually got as wide/large as intended. I think the area for each individual item should have gotten bigger."
SUB-dmakyKQVPd,A,2,5,5,4,"The feel of the schedule cards changed, but it got more complicated."
SUB-dmakyKQVPd,B,1,3,3,3,"The request was to shrink the monthly calendar date cells; there was no request to remove the content, yet the content was also changed into dot form."
SUB-dmakyKQVPd,B,2,7,7,4,Changed the schedule cards' feel into a form where each one is clearly visible.
SUB-8QqoLUA8Fg,A,1,5,5,3,"The screen ratio was fitted to the tablet, and the UI components' sizes were changed accordingly, but as for the internal layout, it doesn't seem to have been built to suit a tablet format."
SUB-8QqoLUA8Fg,A,2,5,5,3,"They say the feel was changed, but the biggest change is the color, and other than things that were horizontal becoming vertical, nothing about the feel has changed. If anything it's become too heavy, so the visual weight balance of the screen seems off."
SUB-8QqoLUA8Fg,B,1,5,5,4,"As it expanded to tablet, elements that could be added were added, and the screen ratio fits well too."
SUB-8QqoLUA8Fg,B,2,5,5,5,"The division of information (overall rating / vertical bar graph / what buyers purchased) is appropriate — and more information is provided. By removing color entirely in that part and using only lines, the design became cleaner and things seem better aligned on a single screen."
SUB-s3TLWAjeSn,A,1,7,7,4,Changed the overlapping elements and reorganized them appropriately.
SUB-s3TLWAjeSn,A,2,7,7,4,Carried out the request appropriately by applying color only to the subheadings.
SUB-s3TLWAjeSn,B,1,7,7,4,Carried out the request to reorganize well.
SUB-s3TLWAjeSn,B,2,7,7,4,Put color only on the subheadings as requested.
SUB-W_cgJEhI0x,A,1,5,5,3,"The requirements were reflected well, but the whitespace was reduced so readability is poor."
SUB-W_cgJEhI0x,B,1,6,6,4,The requirement is well reflected
SUB-4auDsLh9cX,A,1,7,7,4,Well done
SUB-4auDsLh9cX,A,2,7,7,4,"Setting aside whether the UI is good, it reflects the request well (my level, class level, comparison comment specified)"
SUB-4auDsLh9cX,B,1,7,6,6,A desktop view that somehow still has a lot of mobile leftovers in it
SUB-4auDsLh9cX,B,2,7,7,7,"In terms of providing detail, it was changed to be more suitable for ""judging whether it matches your skill level before signing up."""
SUB-HdTOtS72kG,A,1,7,7,4,Attached numerals to indicate the order.
SUB-HdTOtS72kG,A,2,7,7,4,Changed the status indicator to a red color that clearly contrasts with gray.
SUB-HdTOtS72kG,B,1,7,7,4,Carried out the request by adding dot-and-line graphics and indicating the position in text.
SUB-HdTOtS72kG,B,2,7,7,3,"It did follow the request, but the color isn't one that really pops out."
SUB-qIGdjavC1O,A,1,7,6,5,"The overall transition was made clear, and it's composed as a list of 5 items. However, the wording reads somewhat contradictory, and supplementary info on equipment difficulty was added."
SUB-qIGdjavC1O,B,1,7,7,4,"Composed of 3 cards and 4 tags, and the tags map accurately to the actual session content. The equipment requirements are reflected specifically and accurately."
SUB-p3Y0Noyr6U,A,1,5,5,4,"It tried to be different, but strictly speaking it isn't clearly different."
SUB-p3Y0Noyr6U,A,2,7,7,4,Applied it well.
SUB-p3Y0Noyr6U,B,1,6,6,4,Tried to split the section structure further and arrange it in a more flexible layout
SUB-p3Y0Noyr6U,B,2,7,7,4,Applied it well.
SUB-wqx7vV7S9H,A,1,7,6,4,Accurately reflects the user's request
SUB-wqx7vV7S9H,A,2,6,5,4,Added arrangement numbers to make it look concise and clear
SUB-wqx7vV7S9H,B,1,7,7,4,Reflects the user's request and distinguishes time slots with green/orange.
SUB-wqx7vV7S9H,B,2,7,7,5,"Connects stations with connecting lines and displays travel time, distance, and estimated arrival time, making the order of how they connect more visible"
SUB-X8Lgl1str0,A,1,5,5,7,"With navy, mustard, brown, and a serif typeface the mood definitely changed, but rather than sophisticated editorial design it gives a strong impression of a dated 1980s magazine style. In particular, changing Playlist to Watch guide altered not just the visual mood but the screen's function and the service concept itself, which goes beyond the scope of the request."
SUB-X8Lgl1str0,A,2,6,6,4,"Changing the vertical list into a 2-column card layout makes the structural difference clear. But applying 2 columns on a narrow screen truncates all the video titles, and the thumbnail, VIDEO number, duration, title, and source all compete within a small card. More fits on one screen, but distinguishing and choosing the video you want is harder than in the original."
SUB-X8Lgl1str0,B,1,7,7,5,"Uses a dark background, lime color, and bold sans-serif type consistently to create a mood clearly different from the original. Unlike A, multiple design languages don't clash; the buttons, numbers, dividers, and even the bottom navigation are unified into one style, so the level of finish is high. That said, changing Playlist to VIDEO SERIES altered the meaning of the function, going beyond visual mood."
SUB-X8Lgl1str0,B,2,7,7,4,"By grouping the plain numbered list into Chapter 1 and Chapter 2, the order of the videos and their topical relationship became easier to understand. Unifying thumbnails on the right and placing title, source, duration, and sequence number in consistent positions makes vertical scanning more stable than the original. Unlike A's 2-column cards, video titles aren't truncated, so it achieves both the structural change and readability."
SUB-UCIZpSWW2C,A,1,7,6,4,"The request is reflected well, but the email is truncated with an ellipsis."
SUB-UCIZpSWW2C,A,2,7,6,4,
SUB-UCIZpSWW2C,B,1,7,7,5,The support row is visually distinguished from the other rows by the mail icon and a light background.
SUB-UCIZpSWW2C,B,2,7,7,4,
SUB-vwI3KHPDa2,A,1,7,7,4,"Reclassified information that was scattered across the existing Today and Key vitals into Sleep, Heart & recovery, and Movement. Sleep duration, sleep score, and oxygen levels are gathered under Sleep and heart-related metrics placed under Heart & recovery, so you can check status by area continuously. I like that it didn't just move card positions but reorganized the information structure around health areas."
SUB-vwI3KHPDa2,A,2,5,5,1,"Within the top Readiness card, the score circle was moved from left to right and the order changed so you read the Balanced recovery description first. But the Readiness area itself is still at the very top of the screen, so the order within the overall screen hasn't really changed. In particular, the 7-day readiness that used to be at the bottom wasn't moved elsewhere but deleted entirely, so it's closer to removing information than reordering."
SUB-vwI3KHPDa2,B,1,7,7,4,"Under Health areas, Sleep, Heart & recovery, and Activity are set up as independent cards with related figures and statuses placed together. Unlike the original where information was scattered across Today, Key vitals, and 7-day readiness, it's easy to check status by specific health area. However, the weekly Readiness trend is a composite metric that reflects both sleep and heart rate info, yet it's placed only inside the Heart & recovery card, so the classification's meaning is somewhat ambiguous."
SUB-vwI3KHPDa2,B,2,7,7,4,"Restructured the original's score-first layout into the order of Balanced recovery description, Sleep and Resting heart rate influencing factors, then Readiness score. Instead of showing the number 82 first, it lets you understand the meaning and basis of the current state first, so the reordering of information leads to a real UX improvement."
SUB-h8a7Bk1WN8,A,1,7,7,4,Applied it well.
SUB-h8a7Bk1WN8,A,2,7,7,4,Applied it well.
SUB-h8a7Bk1WN8,B,1,7,7,4,Applied it well.
SUB-h8a7Bk1WN8,B,2,7,7,4,Applied it well.
SUB-AMerg36gmG,A,1,7,7,4,"You can check the nature of the list and the number of results at once in a single line, so the starting point of the product list is clearer than in the original."
SUB-AMerg36gmG,A,2,7,7,4,"Applied a background color to the entire top bar and changed the title to white. The back and more buttons were also handled in a light background color, so the requested color relationship is clearly implemented."
SUB-AMerg36gmG,B,1,7,7,5,"Set up ""RANKED FOR YOUR NEEDS"" as the secondary title and ""Top compact chairs"" as the main title, and displayed rankings 1 through 4 on the products. It develops a simple list title into a recommendation-ranking structure tailored to the user's conditions, so the intent of the change is clearer than in A. However, the criteria behind the ranking aren't concretely presented on screen."
SUB-AMerg36gmG,B,2,7,7,4,"Applied the same plum family as the assistant brand to the top bar and handled the back and more buttons in a light plum, so the requested color composition is accurately reflected."
SUB-AvZwEXtwqW,A,1,7,7,4,"The screen proportions were changed to a landscape version for tablet, and the menu structure that had been split into bottom tabs now has depth according to the screen proportions and is divided in an appropriate order."
SUB-AvZwEXtwqW,B,1,7,7,4,"The screen proportions were adapted to a tablet, and accordingly the chat bubbles got longer. Also, the menu icons that were at the bottom moved to the top, so the current page is clearly distinguished. A new area collecting travel information separately was added on the right. Since this isn't just a chat app but a travel-related app, it's a very useful area."
SUB-IQSfED9_gc,A,1,7,7,4,"The requested three-column structure is implemented accurately. Even the card height was reduced, so you can check episode info and the next content faster."
SUB-IQSfED9_gc,B,1,7,7,5,"Shrank the image and placed the detailed info in the center; the position and size relationships of the three requested elements are very clear. However, going beyond shrinking the image to change the square cover into a circle is slightly broader in scope than requested."
SUB-MjF7jeiKpo,A,1,6,7,4,"Well applied, though Approve just keeps piling up and Approved doesn't seem to have any action to perform, yet it's a button."
SUB-MjF7jeiKpo,A,2,6,6,5,Changed the color and design as well as the order.
SUB-MjF7jeiKpo,A,3,7,7,4,"It's well applied, but it could have been separated more skillfully. It's already separated by the button, so also separating it by row feels ambiguous."
SUB-MjF7jeiKpo,B,1,7,7,5,Placing Decline in addition to Approve shows a good understanding of the context of the request. Changed the row style quite a lot.
SUB-MjF7jeiKpo,B,2,7,7,5,"Besides the order, the typography style changed too, and time information was added. The information itself may be needed, but the style looks excessive."
SUB-MjF7jeiKpo,B,3,7,7,5,Distinguished by label and also changed the UI entirely (redundant emphasis). Removing the button for items that are already approved shows a very good understanding of the intent.
SUB-jo1yDP8LTK,A,1,7,7,4,Split the three items into two semantically appropriate groups. Using a gray background for each group title lets you quickly distinguish the nature of items even when skimming the list.
SUB-jo1yDP8LTK,A,2,7,7,4,"Replaced the text under the app name with new content, accurately reflecting the request."
SUB-jo1yDP8LTK,B,1,7,7,4,"The criteria for the two groups are clear, and each item's assignment is more logical than in A. The icons and card outlines also make the group difference quick to recognize."
SUB-jo1yDP8LTK,B,2,7,7,4,Changed.
SUB-CX6Qz1Ep5S,A,1,7,7,4,"Converted the icon, work document title, and update info into a bookmark icon, recipe name, cooking time, difficulty, and meal type. Even the card descriptions and the bottom guidance text were changed consistently to fit the purpose of saved recipes."
SUB-CX6Qz1Ep5S,A,2,7,5,4,"Applied a light orange background and rounded corners to the thumbnail and enlarged it a bit, raising its visual weight compared to the original. It feels more like only the frame of the existing thumbnail was emphasized rather than the food photo itself. The request would only be fully implemented by using an image where the actual finished dish appears large."
SUB-CX6Qz1Ep5S,A,3,7,7,4,Placed a dropdown so the list title and the sorting function can be seen on the same line.
SUB-CX6Qz1Ep5S,B,1,7,7,4,Changed consistently to the context of saved recipes.
SUB-CX6Qz1Ep5S,B,2,7,7,4,"Separated the entire left area of the recipe card into a light green image area, and applied a white border and shadow to the photo. Compared with A's approach of just adding a small background around the photo, the weight and visual presence of the image area clearly increased. The circular crop has the downside of showing less of the actual photo area than a square or landscape crop, but in the current layout it's sufficiently emphasized through the separate column and contrast."
SUB-CX6Qz1Ep5S,B,3,7,7,4,"Placed Sort, Newest, and a down arrow. It shows the current sort criterion and the possibility of changing it at once, and uses less space than A's large dropdown while conveying the function clearly."
SUB-QubQ49Cx3P,A,1,6,5,4,It looks like it understood what kind of function creating a new list is.
SUB-QubQ49Cx3P,B,1,7,6,6,
SUB-Tpi6CCHNSb,A,1,7,7,4,Well applied.
SUB-Tpi6CCHNSb,A,2,7,7,4,Well applied.
SUB-Tpi6CCHNSb,A,3,7,7,4,Well applied.
SUB-Tpi6CCHNSb,B,1,7,7,4,Applied it well.
SUB-Tpi6CCHNSb,B,2,7,7,5,"Well applied. Bundling it entirely into a header is a bit much, but it seems like a good choice."
SUB-Tpi6CCHNSb,B,3,7,7,5,"Shows the items to be changed as ""Pending selection."""
SUB-3fqkwtntfL,A,1,7,7,4,"Changed the left button to a deep teal fill with white text, and the right button to a white background with a teal outline. It keeps the same color family while clearly distinguishing the nature of the primary and secondary buttons, reflecting the request well."
SUB-3fqkwtntfL,B,1,7,6,5,"Treating the two buttons with the same style also maintains the impression that the two actions have equal importance. If the request was to distinguish the two buttons with different color tones, it isn't sufficient, but if interpreted as a request to change the existing color tone of both buttons, it's appropriate."
SUB-KvInoHgdoe,A,1,7,7,4,Changed the content consistently.
SUB-KvInoHgdoe,A,2,7,7,4,"There are many white cards around, so the discoverability of the button is average."
SUB-KvInoHgdoe,A,3,7,7,4,Accurately applied; it doesn't interfere with other areas.
SUB-KvInoHgdoe,B,1,7,7,5,"Restructured the information architecture itself to suit business travel expense management. Beyond simple text replacement, it's designed like an actual work screen — the scope of change is broader than requested."
SUB-KvInoHgdoe,B,2,7,7,4,Placed a navy button with an icon; it's small but the purpose of the action is clear. It has higher visual clickability than A.
SUB-KvInoHgdoe,B,3,7,7,4,Accurately applied/
SUB-PVWM9nIK4e,A,1,6,7,6,
SUB-PVWM9nIK4e,A,2,6,6,4,
SUB-PVWM9nIK4e,A,3,6,5,5,
SUB-PVWM9nIK4e,B,1,7,7,7,"The button you press so you can check other states is bigger than before, which is good."
SUB-PVWM9nIK4e,B,2,5,6,6,
SUB-PVWM9nIK4e,B,3,6,6,5,"Previously, having both the check icon and the selected color applied felt excessive, but now it feels better than before."
SUB-6mkwVCQa8V,A,1,7,7,4,Applied it well.
SUB-6mkwVCQa8V,A,2,7,6,4,"Well applied, but it seems they didn't think much about where to put ""newest first."""
SUB-6mkwVCQa8V,B,1,7,7,4,Applied it well.
SUB-6mkwVCQa8V,B,2,7,5,4,"Putting the ""view all orders"" addition in as a table row seems a bit awkward."
SUB-MrPibeYuhn,A,1,7,7,4,The requirements are well reflected.
SUB-MrPibeYuhn,A,2,7,7,4,The requirements are well reflected.
SUB-MrPibeYuhn,B,1,6,6,4,The requirements are reflected.
SUB-MrPibeYuhn,B,2,5,5,4,"The requirement was applied well, but it breaks the table structure's easy-to-read composition, making it hard to view."
SUB-UOZ8ANdbqC,A,1,7,7,4,"Group names aren't truncated and the number of features is shown too, so users can find the area they need and then easily compare differences between plans."
SUB-UOZ8ANdbqC,B,1,7,6,5,"The group names are cut off, so it's hard to immediately grasp which features are bundled together."
SUB-rI3vgFcsrC,A,1,7,7,5,"The instruction didn't specify whether it's your own profile or another learner's profile, but pinning it down to your own profile screen with ""My profile"" and activating the bottom Profile tab makes the scope of change a bit broad."
SUB-rI3vgFcsrC,B,1,7,7,4,It shows the individual's tendencies and activities concretely. It reads as having entered the profile from the original screen structure.
SUB-scfAUM6rWQ,A,1,7,7,4,"It uses the wide horizontal space so price and plan can be compared on a single row, making the desktop conversion clear."
SUB-scfAUM6rWQ,A,2,7,7,4,"Accurately divided into Course Access, Learning Support, and Account Benefits sections."
SUB-scfAUM6rWQ,B,1,7,7,5,"Beyond a simple desktop conversion, it redesigns the entire navigation system into a dashboard style, so the scope of change is a bit broad."
SUB-scfAUM6rWQ,B,2,7,7,4,"Accurately divided,"
SUB-XyPgIQtDpD,A,1,5,6,4,"The bottom tab's position didn't need to change, but it changed it anyway."
SUB-XyPgIQtDpD,A,2,7,6,4,An appropriate edit
SUB-XyPgIQtDpD,A,3,7,7,4,An appropriate application
SUB-XyPgIQtDpD,B,1,6,5,6,"Swapping the positions of Invite and Waiting isn't bad, but it goes beyond the scope.
And is moving the tabs up really okay... hmm"
SUB-XyPgIQtDpD,B,2,7,7,4,An appropriate edit
SUB-XyPgIQtDpD,B,3,7,7,4,An appropriate edit
SUB-HvH4fTBk4I,A,1,7,7,4,It appropriately distinguishes the priority of actions.
SUB-HvH4fTBk4I,A,2,7,7,5,"The dark color scheme goes well with the sleep plan content, but it changes not just the card but the whole screen's color system, so the scope of change is a bit broad."
SUB-HvH4fTBk4I,B,1,7,7,4,Placed together so you can immediately choose between the two follow-up actions of completing or editing. The primary action is also clear.
SUB-HvH4fTBk4I,B,2,7,7,5,It changes the character from a center-aligned congratulations card to a confirmation card showing the status and details of the saved schedule.
SUB-tHgovt908e,A,1,7,7,4,"It made the progress status more concrete. Completed, current, and remaining segments are immediately distinguishable, while the existing card structure and amount of information stay similar."
SUB-tHgovt908e,B,1,7,7,5,"Reconfigured the progress bar into a vertical timeline. Effective, but by adding the departure time and delivery description it expands beyond the scope of a simple progress bar edit."
SUB-rF9qDtQOSp,A,1,7,7,4,"Changed to a sidebar and wide table structure, properly making use of the desktop screen."
SUB-rF9qDtQOSp,A,2,7,7,4,"It groups tracks into Warm-up, Strength block, and Cooldown while keeping the existing playback order. The number of tracks and time per group can also be compared right away."
SUB-rF9qDtQOSp,A,3,7,7,4,"Changed the header to a deep green, clearly distinguishing it from the white body. The button colors were also aligned with the header."
SUB-rF9qDtQOSp,B,1,7,7,4,Changed to a navigation plus left-right split structure to suit the desktop screen.
SUB-rF9qDtQOSp,B,2,7,7,4,"Grouping tracks into cards by muscle group makes related exercises easy to find. However, the existing track order is mixed up, so the playlist's flow becomes weaker."
SUB-rF9qDtQOSp,B,3,7,6,4,"The contrast with the background is weak, so the change is somewhat timid."
SUB-6MREN-MYEH,A,1,5,5,4,A left-hand menu was added to suit the PC environment
SUB-6MREN-MYEH,A,2,6,6,4,The request was applied well.
SUB-6MREN-MYEH,A,3,6,6,4,The request was applied well.
SUB-6MREN-MYEH,B,1,5,5,4,Changed to a two-column structure to suit the PC environment
SUB-6MREN-MYEH,B,2,6,6,4,The request was applied well.
SUB-6MREN-MYEH,B,3,6,6,4,The request was applied well.
SUB-3KmX74xsNh,A,1,7,7,4,"Composed naturally, like a desktop app."
SUB-3KmX74xsNh,A,2,7,7,4,"Split into steps 1 and 2, with recent people and review information also placed to match each step"
SUB-3KmX74xsNh,A,3,7,7,5,"The distinction via background color and size is clear, but it takes up too much weight on the screen."
SUB-3KmX74xsNh,B,1,7,7,4,Changed to suit the desktop screen.
SUB-3KmX74xsNh,B,2,7,7,4,Accurately separates information and steps.
SUB-3KmX74xsNh,B,3,7,7,4,"Changed the amount's color to a deeper shade and used accent colors on the currency and divider, making it tidier."
SUB-_aPSswgDlF,A,1,6,6,4,Well adapted into a stable layout suited to a PC screen.
SUB-_aPSswgDlF,A,2,5,5,4,Added titles as stage 1 > 2 > 3
SUB-_aPSswgDlF,B,1,5,5,3,"Just stretched out horizontally, so it feels somewhat awkward"
SUB-_aPSswgDlF,B,2,5,5,4,Visualizes the steps with a progress bar UI
SUB-ppLkVpmTgU,A,1,5,5,3,Introduced a popup layer format
SUB-ppLkVpmTgU,A,2,5,5,3,Information on the last update time was added
SUB-ppLkVpmTgU,B,1,5,5,4,Fixed the left-hand menu in place
SUB-ppLkVpmTgU,B,2,5,5,4,Note count and sharing permission information were added
SUB-AJcbEmyFpB,A,1,5,5,4,Now you can chat while viewing the product info on the right.
SUB-AJcbEmyFpB,A,2,5,5,4,"Provides a description of the item's condition, close-up photos, etc."
SUB-AJcbEmyFpB,A,3,5,5,4,A confirm pickup button was added.
SUB-AJcbEmyFpB,B,1,5,5,4,Now you can chat while viewing the product info on the right.
SUB-AJcbEmyFpB,B,2,5,5,4,"Provides a description of the item's condition, close-up photos, etc."
SUB-AJcbEmyFpB,B,3,5,5,4,A confirm pickup button was added.
SUB-u9zxQT7VLU,A,1,5,5,4,The request was applied well.
SUB-u9zxQT7VLU,A,2,5,5,4,Added outlines to the list.
SUB-u9zxQT7VLU,A,3,5,5,4,The request was applied well.
SUB-u9zxQT7VLU,B,1,5,5,4,The request was applied well.
SUB-u9zxQT7VLU,B,2,5,5,5,"Because the component size was changed, the update date info was removed from some items."
SUB-u9zxQT7VLU,B,3,5,5,4,The request was applied well.
SUB-wzmEz6vrll,A,1,5,5,4,"To widen it horizontally, a thumbnail area was added on the left."
SUB-wzmEz6vrll,A,2,5,5,4,Added a hide button to the right of the password input field.
SUB-wzmEz6vrll,B,1,5,5,4,"To widen it horizontally, a panel was added on the right."
SUB-wzmEz6vrll,B,2,5,5,4,Added a show checkbox below the password input field.
SUB-WdGigbx5CG,A,1,7,7,6,"It feels like some unnecessary UI banners and features were added, but since the request was to rebuild the screen, it seems useful as a reference."
SUB-WdGigbx5CG,A,2,7,7,4,It understood the requested situation as a button and added the function exactly.
SUB-WdGigbx5CG,A,3,7,7,4,Changed the colors and used a consistent pink as the accent color.
SUB-WdGigbx5CG,B,1,7,7,4,It laid out the screen well as a tablet version while keeping the existing UI style and adding the needed features.
SUB-WdGigbx5CG,B,2,7,7,4,The download button is nicely made.
SUB-WdGigbx5CG,B,3,7,7,4,Changed the color so it stands out the most as an accent color while not being distracting.
SUB-A54XsI-7GO,A,1,7,7,4,
SUB-A54XsI-7GO,A,2,6,7,4,
SUB-A54XsI-7GO,B,1,5,4,7,Quite disappointing compared to the previous version that proposed scrolling in a dashboard form. A tablet UI where you select things on one screen would be more suitable.
SUB-A54XsI-7GO,B,2,5,6,6,"It understood the request itself well, but it grouped things too heavily on a one-dimensional criterion, so it feels like a completely different screen from the existing UI."
SUB-sotAjXMcGj,A,1,7,7,4,It feels like it carried out the request exactly.
SUB-sotAjXMcGj,A,2,7,7,4,A UI was added that lets you visually check what actions are available on the right before sending the content.
SUB-sotAjXMcGj,B,1,7,5,7,"Elements that weren't requested—the check button, the notes/cautions text, the gray area at the top—were each changed a bit, which hurts the design."
SUB-sotAjXMcGj,B,2,7,6,6,"It understood and reflected the request itself well, but it failed to consider good usability for that request and added another depth level, which feels unnecessary and excessive."
SUB-jCF-THym1c,A,1,7,7,4,It changed only exactly what was requested.
SUB-jCF-THym1c,A,2,7,7,3,
SUB-jCF-THym1c,A,3,6,6,4,The phrase 'horizontal layout' is ambiguous—whether it means placing widgets side by side or laying them on their side—but by arranging the content side by side it laid things out well so it doesn't look visually odd.
SUB-jCF-THym1c,B,1,7,5,7,"With no unnecessary screen splitting or scrolling, it shows a poor understanding of desktop use."
SUB-jCF-THym1c,B,2,7,7,3,
SUB-jCF-THym1c,B,3,2,3,7,
SUB-s2oLePWmpQ,A,1,7,7,6,
SUB-s2oLePWmpQ,B,1,7,7,4,"It pulled the leader out to the top separately so it's clearly visible, and the information isn't unnecessarily mixed together."
SUB-_pblZBDgqN,A,1,5,5,4,Added a share icon.
SUB-_pblZBDgqN,A,2,5,5,3,Reflected to some degree.
SUB-_pblZBDgqN,A,3,6,6,4,Applied well.
SUB-_pblZBDgqN,B,1,5,5,4,Added a share button.
SUB-_pblZBDgqN,B,2,6,6,4,Clearly reflected.
SUB-_pblZBDgqN,B,3,5,5,4,Applied well.
SUB-AktbdThB79,A,1,5,5,4,The request was applied well.
SUB-AktbdThB79,A,2,5,5,4,The request was applied well.
SUB-AktbdThB79,B,1,5,5,4,The request was applied well.
SUB-AktbdThB79,B,2,5,5,3,"The button is the same color as the background, so it blends in and looks monotonous."
SUB-kYGx96XlwW,A,1,5,3,4,
SUB-kYGx96XlwW,A,2,7,7,4,Recent support requests and their progress are emphasized with appropriate colors and UI.
SUB-kYGx96XlwW,A,3,1,1,1,There's no UI showing the next action. The request was missed.
SUB-kYGx96XlwW,B,1,1,2,7,
SUB-kYGx96XlwW,B,2,7,6,7,
SUB-kYGx96XlwW,B,3,5,3,2,"The next action is clearly visible, but the whole card is emphasized so the focus isn't on the action itself; rather than being distinguished from the help section, only the action center stands out."
SUB-c2lRWjBqF3,A,1,5,5,4,Faithfully reflected the request.
SUB-c2lRWjBqF3,A,2,5,5,4,Faithfully reflected the request.
SUB-c2lRWjBqF3,B,1,5,5,4,Faithfully reflected the request.
SUB-c2lRWjBqF3,B,2,5,5,4,Faithfully reflected the request.
SUB-xypcqu33cP,A,1,5,5,4,Faithfully reflected the request.
SUB-xypcqu33cP,A,2,5,5,4,Added variation in color and shape.
SUB-xypcqu33cP,B,1,5,5,4,Faithfully reflected the request.
SUB-xypcqu33cP,B,2,5,4,3,Not much different from the original.
SUB-7mC98PFTPO,A,1,1,2,7,"It did include the desired content, but it put it under a condition other than 'condition', so the UI hierarchy gets muddled."
SUB-7mC98PFTPO,B,1,7,7,5,"Carried out the requirement exactly; it even changed the color of that area, and it looks fine visually."
SUB-KzAiVDKbOS,A,1,5,5,4,Faithfully reflected the request.
SUB-KzAiVDKbOS,A,2,5,5,4,The request was applied well.
SUB-KzAiVDKbOS,B,1,5,4,3,Changed the card image to text.
SUB-KzAiVDKbOS,B,2,5,5,4,The request was applied well.
SUB-V3xTJizuDf,A,1,5,5,3,"It separates the upload target info and the progress status to some extent, but since they're placed in the same card the distinction isn't clear."
SUB-V3xTJizuDf,A,2,5,5,4,Reflects the request well
SUB-V3xTJizuDf,A,3,5,5,4,Good consistency
SUB-V3xTJizuDf,B,1,5,5,4,Clearly separates the two into individual cards
SUB-V3xTJizuDf,B,2,5,5,4,Applies the instruction directly and well
SUB-V3xTJizuDf,B,3,5,5,4,Good consistency
SUB-f3VDwVXkXs,A,1,5,5,4,Faithfully reflected the request.
SUB-f3VDwVXkXs,A,2,5,5,4,The request was applied well.
SUB-f3VDwVXkXs,A,3,5,5,4,Faithfully reflected the request.
SUB-f3VDwVXkXs,B,1,5,5,4,Faithfully reflected the request.
SUB-f3VDwVXkXs,B,2,5,5,4,The request was applied well.
SUB-f3VDwVXkXs,B,3,5,5,4,Faithfully reflected the request.
SUB-KK0DM_E1oz,A,1,5,5,4,Faithfully reflected the request.
SUB-KK0DM_E1oz,A,2,5,5,4,Faithfully reflected the request.
SUB-KK0DM_E1oz,A,3,5,5,4,Faithfully reflected the request.
SUB-KK0DM_E1oz,B,1,5,5,4,Faithfully reflected the request.
SUB-KK0DM_E1oz,B,2,5,5,4,Faithfully reflected the request.
SUB-KK0DM_E1oz,B,3,5,5,4,Faithfully reflected the request.
SUB-HGMHRFd95u,A,1,5,5,4,Converted well for PC
SUB-HGMHRFd95u,B,1,5,5,4,Converted well for PC
SUB-iZKstMX1vt,A,1,5,5,4,The request was applied well.
SUB-iZKstMX1vt,A,2,5,5,4,The request was applied well.
SUB-iZKstMX1vt,A,3,5,5,4,The request was applied well.
SUB-iZKstMX1vt,B,1,5,5,4,The request was applied well.
SUB-iZKstMX1vt,B,2,5,5,4,The request was applied well.
SUB-iZKstMX1vt,B,3,5,5,4,The request was applied well.
SUB-yM86G34X0I,A,1,5,5,4,Places the remaining time at the top and the host at the bottom
SUB-yM86G34X0I,A,2,3,3,2,The top bar and the episode area still look separated
SUB-yM86G34X0I,B,1,5,5,4,Places the remaining time at the top and the host at the bottom
SUB-yM86G34X0I,B,2,5,5,4,Integrates the top bar so it overlaps the episode image
SUB-r39YEqCBeO,A,1,5,5,4,Added edit
SUB-r39YEqCBeO,B,1,5,5,4,Added edit stay
SUB-Of-Ud-O2Ax,A,1,5,5,4,Applies the instruction exactly as given
SUB-Of-Ud-O2Ax,B,1,5,5,4,Applies the instruction exactly as given
SUB-MdvnfNS5pF,A,1,6,6,4,Appropriate
SUB-MdvnfNS5pF,A,2,6,6,4,Appropriate
SUB-MdvnfNS5pF,A,3,5,5,4,Appropriate
SUB-MdvnfNS5pF,B,1,6,6,4,Appropriate
SUB-MdvnfNS5pF,B,2,6,6,4,The UI is appropriate
SUB-MdvnfNS5pF,B,3,6,6,4,Provides good distinction with soft colors
SUB-sH7REFZytR,A,1,5,5,4,Tried several design variations
SUB-sH7REFZytR,A,2,5,5,4,Separates the areas into different groups
SUB-sH7REFZytR,A,3,5,5,4,Added a copyright notice
SUB-sH7REFZytR,B,1,5,5,4,Tried changing the feel by removing all color
SUB-sH7REFZytR,B,2,5,5,4,Separates the areas into different groups
SUB-sH7REFZytR,B,3,5,5,4,Added a copyright notice
SUB-aCkRGqnRgx,A,1,5,5,4,Carries out what was requested appropriately
SUB-aCkRGqnRgx,A,2,6,6,4,Appropriate
SUB-aCkRGqnRgx,A,3,6,6,4,Made as requested
SUB-aCkRGqnRgx,B,1,6,6,4,Appropriately applied
SUB-aCkRGqnRgx,B,2,5,5,4,Clearly carried out
SUB-aCkRGqnRgx,B,3,6,6,4,Clearly carried out
SUB-V0PmrA2U3o,A,1,5,5,4,Moved up
SUB-V0PmrA2U3o,B,1,5,5,4,Moved up
SUB-jfuBV9WmzK,A,1,7,7,4,
SUB-jfuBV9WmzK,A,2,4,3,4,
SUB-jfuBV9WmzK,B,1,7,7,4,
SUB-jfuBV9WmzK,B,2,7,7,4,
SUB-QqFInHlnf7,A,1,6,6,4,Reflects the request accurately.
SUB-QqFInHlnf7,B,1,5,4,3,"Since the whole list of candidates shows below, you end up not seeing just one at a time"
SUB-J2QMCfUOGR,A,1,6,6,4,Appropriate
SUB-J2QMCfUOGR,A,2,5,5,4,"The request isn't clear, but the layout is arranged appropriately"
SUB-J2QMCfUOGR,A,3,6,6,4,What was requested is applied
SUB-J2QMCfUOGR,B,1,5,5,3,The hierarchy is shaky
SUB-J2QMCfUOGR,B,2,5,5,4,"The request isn't clear, but it seems to have figured it out and made it well"
SUB-J2QMCfUOGR,B,3,6,6,3,The style doesn't fit the screen well
SUB-H-VXcaaUhB,A,1,5,5,4,Faithfully reflected the request.
SUB-H-VXcaaUhB,A,2,5,4,3,Doesn't change the existing information structure much
SUB-H-VXcaaUhB,B,1,5,5,4,Faithfully reflected the request.
SUB-H-VXcaaUhB,B,2,5,5,4,The change in the feel of the expense summary is clear
SUB-M5j5415roU,A,1,6,6,4,The whole list is visible
SUB-M5j5415roU,B,1,5,5,3,Too much information overflowing
SUB-MOcwgVOxT0,A,1,6,7,4,
SUB-MOcwgVOxT0,A,2,7,7,4,
SUB-MOcwgVOxT0,B,1,7,6,3,
SUB-MOcwgVOxT0,B,2,7,3,4,
SUB-jpjHzz-aL4,A,1,7,7,5,
SUB-jpjHzz-aL4,B,1,7,7,4,
SUB-m0N7dw37N-,A,1,7,7,4,
SUB-m0N7dw37N-,B,1,7,7,4,The change
SUB-iAVt66rSZ4,A,1,7,7,4,
SUB-iAVt66rSZ4,B,1,5,5,4,"The request was broad, so the scope of change itself is appropriate, but the output itself is disappointing."
SUB-3HQVz6zFn2,A,1,2,2,1,
SUB-3HQVz6zFn2,A,2,5,5,1,"It didn't understand the question of 'what should be seen first,' and instead composed content about invitations."
SUB-3HQVz6zFn2,B,1,7,7,4,
SUB-3HQVz6zFn2,B,2,7,7,4,
SUB-g-o15GskcN,A,1,7,7,3,"It understood the context of composing a diet that helps with kidney care, and organized the context well from the title area down to the detailed text."
SUB-g-o15GskcN,B,1,7,7,4,"It understood the context of composing a diet that helps with kidney care and organized the context well from the title area down to the detailed text, and on top of that made the recipe easier to understand from the user's perspective"
SUB-v0uxoYMAbl,A,1,5,5,3,
SUB-v0uxoYMAbl,A,2,5,5,6,"Beyond just coloring the row, it fills in a whole cell, producing the effect of visually focusing attention only on the folder."
SUB-v0uxoYMAbl,B,1,7,7,4,
SUB-v0uxoYMAbl,B,2,7,7,4,
SUB-yRVuQtqMOW,A,1,6,4,3,"All it does is add a right arrow to the existing Complete terms text, so it only slightly adds a cue that it opens when tapped. The original already had a Complete terms link, so there's virtually no real change. Hard to say the path to opening the full text was noticeably strengthened."
SUB-yRVuQtqMOW,B,1,6,4,3,"Just like A, all it did was add an arrow to the Complete terms link, so it's barely different from the original. Hard to say the path for opening the full text was noticeably strengthened."
SUB-Ys05JbauGf,A,1,7,6,4,"Expanded the information for each item to include risk level, payout method, minimum amount, and even annual fees. Richer in the items needed for making a judgment than the original's one-line description."
SUB-Ys05JbauGf,A,2,7,7,4,"Added ""3 options"" in the header along with a Minimum sort indicator and up/down arrows, creating cues for sorting controls. That said, rather than tapping the count itself to change sorting, it's more of a sort control placed next to it, so it's slightly off from the request."
SUB-Ys05JbauGf,A,3,7,7,4,Moved the title and the Deposit button to the very top of the card so they're seen first. The image and guidance are pushed below. Handled the requested order exactly.
SUB-Ys05JbauGf,B,1,7,7,4,"Greatly expanded the information by organizing the minimum amount, risk level, and annual fee into a table format along with a one-line description for each item. The values needed for comparing items are visible at a glance."
SUB-Ys05JbauGf,B,2,7,5,4,"Added ""3 options"" in the header plus a Risk: low first sort indicator with arrows, creating sorting cues. That said, rather than tapping the count to sort, it's more of a sort control placed next to it, so it's slightly off from the request."
SUB-Ys05JbauGf,B,3,7,7,4,"Placed the title and the Make a deposit button at the very top in a dark card so they're seen first. With the emphasized background too, it really catches the eye. Wrapping it in a background card goes slightly beyond the request."
SUB-oBxE9nvA55,A,1,7,7,4,Understood the instruction accurately and applied it well.
SUB-oBxE9nvA55,A,2,7,7,4,Applied the instruction accurately and well.
SUB-oBxE9nvA55,B,1,7,7,4,Understood the instruction accurately and applied it well.
SUB-oBxE9nvA55,B,2,7,7,5,"There's no particular reason to change it to ""Your referral code."""
SUB-EkYWmRCbfj,A,1,7,7,4,Changed the look and feel of the button in line with the requirement.
SUB-EkYWmRCbfj,B,1,7,7,4,Changed the look and feel of the button in line with the requirement.
SUB-2xadDm5nmt,A,1,5,5,6,
SUB-2xadDm5nmt,A,2,5,6,6,
SUB-2xadDm5nmt,B,1,6,6,4,
SUB-2xadDm5nmt,B,2,7,2,4,"The scope of the change was applied well, but it failed to fully understand and enter the content itself."
SUB-aXzOzoFg_r,A,1,1,1,1,The order of the content stays the same and only the layout is altered.
SUB-aXzOzoFg_r,B,1,7,7,4,
SUB-b_nn5ScdAp,A,1,7,7,4,Reflects the request accurately.
SUB-b_nn5ScdAp,B,1,7,7,4,Reflects the request accurately.
SUB-Wi_J6uBchs,A,1,7,5,4,
SUB-Wi_J6uBchs,B,1,7,5,2,
SUB-JOcMLPFA3f,A,1,7,4,4,Understood the context of exposing operator information well.
SUB-JOcMLPFA3f,A,2,7,4,4,Understood the request to move the link to the top of the center area.
SUB-JOcMLPFA3f,A,3,7,7,4,"Carried out the instruction well. In particular, it used green as the confirmative color and also produced nicely varied confetti."
SUB-JOcMLPFA3f,B,1,7,4,4,Understood the context of exposing operator information well.
SUB-JOcMLPFA3f,B,2,7,4,4,Understood the request to move the link to the top of the center area.
SUB-JOcMLPFA3f,B,3,7,7,3,"A decent attempt, but given the nature of confetti graphics, it's a bit of a shame it wasn't implemented in a more colorful form."
SUB-I9JpxPFubG,A,1,7,7,4,"It thought about what context to restructure the lower area with, and chose guidance and prompting for the next task as the context—a good choice."
SUB-I9JpxPFubG,B,1,7,6,3,"It thought about what context to restructure the lower area with, organizing it like a daily scheduler and introducing reference notes. That said, I wish the content itself had been thought through a bit more."
SUB-RT082eNwZ0,A,1,7,7,4,
SUB-RT082eNwZ0,B,1,7,7,6,"Adding a specific layout and features beyond the requested change could be either good or unnecessary. Objectively, the change seems to go beyond the requirement."
SUB-rl7FIYoOn7,A,1,7,7,4,Carried out the required key color change and content change well.
SUB-rl7FIYoOn7,A,2,7,7,6,
SUB-rl7FIYoOn7,B,1,7,7,4,The overall screen content changed as requested.
SUB-rl7FIYoOn7,B,2,1,1,1,
SUB-ux-AC6cdpH,A,1,7,6,4,"Carried out the instruction accurately while maintaining the existing design style. However, the Open your team item was deleted."
SUB-ux-AC6cdpH,B,1,7,7,6,"Carried out the instruction well, but the excessive changes are bothersome."
SUB-JjjxoOeeft,A,1,7,7,4,"Changed the lecture list into a workout order planner with exercise names, sets, reps, and duration."
SUB-JjjxoOeeft,A,2,7,7,4,"Applied a dark navy background with light text to each row, and highlighted the icons and drag handles in green."
SUB-JjjxoOeeft,B,1,7,7,5,"Expanded it into an actual workout planner by adding exercise order, workout summary, and rest guidance."
SUB-JjjxoOeeft,B,2,7,7,5,"The scope of change is broader than requested, but the color composition connects naturally."
SUB-oxiUbaMSMD,A,1,7,7,4,
SUB-oxiUbaMSMD,A,2,7,7,4,
SUB-oxiUbaMSMD,B,1,5,3,7,
SUB-oxiUbaMSMD,B,2,7,5,6,
SUB-tElqk2-nRK,A,1,2,3,1,
SUB-tElqk2-nRK,A,2,7,2,1,
SUB-tElqk2-nRK,A,3,6,6,4,Appropriately moved the block position to the top.
SUB-tElqk2-nRK,B,1,7,5,7,
SUB-tElqk2-nRK,B,2,5,5,2,
SUB-tElqk2-nRK,B,3,6,4,6,
SUB-webKcDaZaY,A,1,7,7,4,Organized it to suit a tablet structure.
SUB-webKcDaZaY,A,2,7,7,4,"Placed the left summary area narrow and the right saved-content list wide, so the informational roles are clearly divided."
SUB-webKcDaZaY,A,3,7,7,4,"Applied accurately, and the contrast is stable too."
SUB-webKcDaZaY,B,1,7,7,6,"With a top menu and table structure added, it comes closer to a desktop dashboard."
SUB-webKcDaZaY,B,2,7,7,4,Applied efficiently.
SUB-webKcDaZaY,B,3,7,7,4,Applied accurately.
SUB-l5Bn0FQEKU,A,1,7,7,4,"Links the current stage of pregnancy and, via stage tabs and Second trimester focus, guides you on the nutrients you need."
SUB-l5Bn0FQEKU,B,1,7,7,4,"Shows each stage's week range and key nutritional info on one screen, making it easy to compare what changes by stage."
SUB-AHvQ88W89M,A,1,7,7,4,Reflects the request well.
SUB-AHvQ88W89M,B,1,7,7,5,"Also modified the colors of the Next badge, divider, and secondary text."
SUB-Cqkg2APX1Q,A,1,7,7,4,"Shows them split at the same size and position, so you can compare the differences right away."
SUB-Cqkg2APX1Q,B,1,6,5,4,"You can keep seeing the original while editing, but since it's a small preview it's hard to compare precisely."
SUB-FH4GIXB_dl,A,1,7,7,4,Accurately reflects the request.
SUB-FH4GIXB_dl,B,1,7,7,4,"Sets up the #1 album as a large image hero area and separates the rest into a concise ranking list, reflecting the request strongly."
SUB-vPfSu5LQfy,A,1,7,7,4,"Restructured it to create exactly the vertical flow that was requested. The light-background time-slot area acts as a middle connecting point, so the information transition feels natural too."
SUB-vPfSu5LQfy,A,2,7,7,4,"Separating the brand name and the screen title gives a distinctly different feel from the existing header. That said, the header becomes taller at two lines, and having the brand name and title shown together looks somewhat redundant."
SUB-vPfSu5LQfy,B,1,7,7,4,"Connected everything in the correct order within a single card. The time-slot area is handled as a full-width dark block, so the location of the key information is immediately clear."
SUB-vPfSu5LQfy,B,2,7,7,5,"Changing the header to a dark color creates a clearly different impression from before. However, it also adds an update time that wasn't requested, increasing the amount of header information."
SUB-xlb0JVo8RZ,A,1,7,6,4,Converted to desktop with top tab navigation and a two-column structure.
SUB-xlb0JVo8RZ,A,2,7,7,4,Implements the requested order precisely with a horizontal stepper at the top.
SUB-xlb0JVo8RZ,A,3,7,7,4,"Placed the verify destination card in its own separate right-hand panel and even added a headline, making it the most direct and eye-catching implementation."
SUB-xlb0JVo8RZ,B,1,7,7,4,Implemented as desktop with a left sidebar menu and three columns.
SUB-xlb0JVo8RZ,B,2,7,7,5,"Implemented with a vertical stepper on the left, and it shows the already-entered values next to each step, conveying progress more concretely."
SUB-xlb0JVo8RZ,B,3,6,6,4,"It goes inside step 3 as a sub-section, so it looks more like part of the input process than a separate confirmation step."
SUB-nXFlyuP-2W,A,1,7,7,4,An x icon was added inside the input field.
SUB-nXFlyuP-2W,A,2,6,6,5,"It satisfies the request to move the card that was at the very bottom of the original to the top and change the order, but the flow means the user sees the 30-minute limit warning before even entering anything."
SUB-nXFlyuP-2W,A,3,6,6,4,"Changes the colors decisively, making it the clearest and most eye-catching."
SUB-nXFlyuP-2W,B,1,7,7,4,"An 'x clear' text link was added, so the labeling is clear."
SUB-nXFlyuP-2W,B,2,7,6,4,Moved the card to just above the button.
SUB-nXFlyuP-2W,B,3,5,5,4,"It's a faint mint pale background, so the change comes across weakly."
SUB-n0JMWVekh3,A,1,7,7,4,The caption was added exactly.
SUB-n0JMWVekh3,B,1,7,6,5,"The location notation changes from a region name to a country name, so the level of specificity of the information becomes more general."
SUB-pHgfLpmw3n,A,1,6,5,4,"It fills the space by adding a left workspace sidebar, but that's app-wide global navigation unrelated to the follower list, so it's far from the essence of the request. It kept the follower list card almost identical to the original, honoring the user's request, but a lot of gray empty space is left over."
SUB-pHgfLpmw3n,B,1,7,7,4,"It keeps the follower list similar to the original while adding total follower count, public setting guidance, a manage button, etc., following the request better."
SUB-BJ83Rv4Jre,A,1,7,7,4,"Used a circular donut chart, the same as the original."
SUB-BJ83Rv4Jre,A,2,7,7,4,"Only the order changed, exactly from label > title > description to title > description > label."
SUB-BJ83Rv4Jre,A,3,7,7,4,
SUB-BJ83Rv4Jre,B,1,7,6,5,Uses a different visualization format — bars + a day-of-week grid instead of a donut.
SUB-BJ83Rv4Jre,B,2,5,5,6,The original's descriptive sentence disappears entirely and new abbreviated text takes the label's place.
SUB-BJ83Rv4Jre,B,3,7,6,5,
SUB-848Xag6OZl,A,1,7,6,4,
SUB-848Xag6OZl,B,1,7,5,4,
SUB-LjE1NcRt9F,A,1,7,5,4,Only changed the background color of each initial in the avatars. A minimal change.
SUB-LjE1NcRt9F,B,1,7,6,5,Replaced with a different avatar photo for each person.
SUB-AASe9GyFYD,A,1,7,7,4,
SUB-AASe9GyFYD,B,1,7,6,5,
SUB-7dhfXgUADE,A,1,6,6,4,Reflects all of the requests well.
SUB-7dhfXgUADE,A,2,6,6,4,Reflects all of the requests well.
SUB-7dhfXgUADE,A,3,6,6,6,Reflects all of the requests well.
SUB-7dhfXgUADE,B,1,6,6,4,Reliably reflects all of the requests well.
SUB-7dhfXgUADE,B,2,6,6,6,Reflects all of the requests well.
SUB-7dhfXgUADE,B,3,6,6,6,Reflects all of the requests well.
SUB-k7BrPaiEJn,A,1,7,7,4,Clearly reflects the request well.
SUB-k7BrPaiEJn,A,2,7,7,4,Clearly reflects the request well.
SUB-k7BrPaiEJn,B,1,7,7,4,Clearly reflects the request well.
SUB-k7BrPaiEJn,B,2,7,7,4,Clearly reflects the request well.
SUB-NKPtoTMhtq,A,1,6,6,4,Understood the request accurately and reflected it well.
SUB-NKPtoTMhtq,A,2,6,6,4,Understood the request accurately and reflected it well.
SUB-NKPtoTMhtq,A,3,6,5,3,"Understood the request accurately and reflected it well. The way it's expressed is a bit disappointing, though."
SUB-NKPtoTMhtq,B,1,7,6,5,Understood the request accurately and reflected it well while preserving the existing design as much as possible.
SUB-NKPtoTMhtq,B,2,6,6,6,"It changed the layout somewhat excessively, but it understood the request accurately and reflected it well."
SUB-NKPtoTMhtq,B,3,6,5,5,It did understand the request accurately and reflect it well. The way it's expressed is a bit disappointing.
SUB-GdXhGMcIVl,A,1,6,6,4,
SUB-GdXhGMcIVl,B,1,6,6,4,"It's directed with the clear wording ""tap to copy."" Made as a button that includes the number as well (similar to the typical number/link copy pattern)."
SUB-Hz-klCcfTd,A,1,3,3,6,"It did change the screen to desktop, but I don't get why it put in a background like a Dribbble image... it's definitely not what I wanted."
SUB-Hz-klCcfTd,A,2,6,5,4,Understood the request accurately and reflected it well.
SUB-Hz-klCcfTd,A,3,3,3,2,"The instruction to simply add a management feature is itself a bit vague, but it's disappointing that it addressed it with just a 'manage list' link."
SUB-Hz-klCcfTd,B,1,7,7,4,Understood the request accurately and reflected it well.
SUB-Hz-klCcfTd,B,2,6,6,5,Understood the request accurately and reflected it well. Though the layout change might be a bit excessive.
SUB-Hz-klCcfTd,B,3,5,5,4,"Good that ""Manage list"" and ""Create new list"" are organized at the same level."
SUB-kyYbrc3Yuc,A,1,6,5,2,"It understood the request, but I don't think it was made nicely."
SUB-kyYbrc3Yuc,B,1,5,5,5,"It understood the request exactly and applied it, but the design choices are hard to understand."
SUB-FRB4qNDjg1,A,1,6,3,3,
SUB-FRB4qNDjg1,B,1,6,3,5,
SUB-BYG_zzbhMU,A,1,6,6,4,"While keeping the same basic design form as the other parts, it uses a different color and fill together, so it stands out. It's placed right below the relevant list content, reflecting the visual flow."
SUB-BYG_zzbhMU,A,2,6,6,4,"Content - ""buyer interest now"" -> the checkbox is created next, so the flow follows in order. It's filled with white, the same as the background, with a thin light gray border so it's distinguishable but not strongly separated."
SUB-BYG_zzbhMU,B,1,6,6,4,Applied the request well.
SUB-BYG_zzbhMU,B,2,6,6,4,"Lets the user choose, and the content stored inside is also written out in small text."
SUB-kn0l3scVOS,A,1,7,7,4,"All rows are consistently attached, and the labels are clearly displayed."
SUB-kn0l3scVOS,A,2,7,7,4,"The ""nest first"" dropdown at the right of the header is placed in exactly the right position."
SUB-kn0l3scVOS,A,3,7,7,4,The tone changes to orange.
SUB-kn0l3scVOS,B,1,6,5,5,"Only the number and the first item are emphasized, so items 2 and 3 look similar to the original."
SUB-kn0l3scVOS,B,2,7,7,4,"The ""shortest first"" dropdown is placed there."
SUB-kn0l3scVOS,B,3,7,7,4,The tone changes to mint.
SUB-k4C9B-Obpj,A,1,7,7,4,"It seems to be a responsive-design request to change the mobile resolution to a PC version, and I think the AI applied it well."
SUB-k4C9B-Obpj,A,2,7,7,4,"As it changed to PC resolution, the width got wider and elements that weren't in the original mobile design seem to have been added.
1. Side menu: in addition to the menu items in the mobile bottom navigation bar, 'Your Communities' was added, which seems like a good idea.
2. 'Top Match This Week' was added at the top of the main area, which also seems like a good idea."
SUB-k4C9B-Obpj,B,1,7,6,4,"The prompt itself wasn't detailed to begin with and was broad, so at this level I'd say the AI generated the result well, as requested."
SUB-k4C9B-Obpj,B,2,7,7,4,"For the same reason as above, I think the AI faithfully carried out the task given to it. That said, I do think the prompt the designer requested was a simple, lazy ""just do this"" kind of prompt without much thought."
SUB-DdkCop1jzA,A,1,7,7,4,"The top image is placed without being cropped, and the wording on each button is converted to a restaurant context."
SUB-DdkCop1jzA,A,2,6,5,4,"Rearranged into two columns. The cards themselves are small relative to the canvas, so it doesn't seem to make full use of the wide screen."
SUB-DdkCop1jzA,A,3,7,7,4,The price is displayed accurately.
SUB-DdkCop1jzA,B,1,3,3,2,"The same person photo remains as is, and the core request to change the target user is barely reflected."
SUB-DdkCop1jzA,B,2,5,5,4,"Almost the same card form as the original, just slightly wider, with only the content rearranged."
SUB-DdkCop1jzA,B,3,7,7,4,"In addition to name and price, ingredient descriptions were added."
SUB-ufH_b3AxPA,A,1,7,7,4,Added as a small single line; the position and size exactly match the request.
SUB-ufH_b3AxPA,A,2,6,5,2,"The image size and row height are almost the same as the uncompleted items, so the request to make it denser is only weakly reflected."
SUB-ufH_b3AxPA,B,1,7,7,4,"Added as a single justified line, so you can quickly check the remaining cost."
SUB-ufH_b3AxPA,B,2,7,7,5,"Created a separate Purchased area and compressed completed items into two columns, strongly reflecting the request. However, product names are truncated with ellipses and the dates and prices got smaller too, so even necessary information is shrunk excessively."
SUB-yq5102Ozcp,A,1,7,6,4,Applied appropriately.
SUB-yq5102Ozcp,A,2,7,7,4,Placed the time-setting row exactly below the large time display and above the recipient and dosage info. The displayed information and the editing function connect naturally.
SUB-yq5102Ozcp,A,3,7,7,4,"Placed a Change button, clearly providing the function to change the recipient."
SUB-yq5102Ozcp,B,1,7,7,5,Applied it well.
SUB-yq5102Ozcp,B,2,7,7,4,Follows the requested order exactly.
SUB-yq5102Ozcp,B,3,7,7,4,"Placed a Switch button, providing the recipient-change function as a small but clear action."
SUB-MFJcOF2c0d,A,1,6,6,4,Understood and applied the request well.
SUB-MFJcOF2c0d,A,2,7,5,3,"Understood and applied the request well, but the design side is a bit disappointing."
SUB-MFJcOF2c0d,B,1,7,7,4,"Understood and applied the request well, with a much more stable design than the previous case."
SUB-MFJcOF2c0d,B,2,7,7,4,Understood and applied the request well.
SUB-oTAuJwxket,A,1,7,7,4,Added a 4th line; seems to have understood and applied the request well.
SUB-oTAuJwxket,A,2,7,7,4,Seems to have understood and applied the request well.
SUB-oTAuJwxket,B,1,7,7,5,Seems to have understood and applied the request well. Improved more proactively than the previous option.
SUB-oTAuJwxket,B,2,6,6,4,Seems to have understood and applied the request well.
SUB-6f3oitcK0p,A,1,6,3,3,"It did apply it, but it doesn't seem to have considered tablet usability. The settings on the left feel awkward."
SUB-6f3oitcK0p,B,1,7,7,4,Seems to have understood and applied the request well.
SUB-6-Ky3l7jmF,A,1,7,5,4,Understood and applied the request well. Content edited.
SUB-6-Ky3l7jmF,A,2,5,3,3,"Seems to have understood the request, but it's a shame the only thing that changed is the top header color."
SUB-6-Ky3l7jmF,B,1,7,7,4,Understood and applied the request well.
SUB-6-Ky3l7jmF,B,2,7,6,4,Understood and applied the request well.
SUB-n8NAiSzbDY,A,1,6,6,4,Understood and applied the request well.
SUB-n8NAiSzbDY,B,1,7,7,4,Understood and applied the request well. Seems to differ from the previous one only in layout.
SUB-rq0yTYFhnD,A,1,7,7,4,Understood and applied the request well.
SUB-rq0yTYFhnD,A,2,7,7,4,Understood and applied the request well.
SUB-rq0yTYFhnD,A,3,7,7,4,Understood and applied the request well with the Back to overview screen.
SUB-rq0yTYFhnD,B,1,5,3,3,Hard to understand why a left nav suddenly appeared. This isn't a screen where a dashboard-style layout should be applied.
SUB-rq0yTYFhnD,B,2,3,1,7,Centering it would draw the eye better — not sure why they chose this layout.
SUB-rq0yTYFhnD,B,3,2,2,2,There's no clear visual cue for going back.
SUB-Ped5Tdo4jd,A,1,5,2,5,"The request was to center the conversation content, but it failed."
SUB-Ped5Tdo4jd,B,1,7,6,4,Understood and applied the request well.
SUB-YyCIcu7nQY,A,1,6,5,4,"Changed the original's vertical cards into a two-column layout, giving it a desktop form. The cards themselves look like independent popups or modals within the canvas."
SUB-YyCIcu7nQY,A,2,7,6,4,Concisely guides the next step by adding labels and copy.
SUB-YyCIcu7nQY,A,3,7,7,4,"Changed the original's vertical stack to a horizontal arrangement, but kept the order and button text as is."
SUB-YyCIcu7nQY,B,1,7,6,4,"With an app header and copy added to the two-column layout, it feels like part of an actual desktop web app screen."
SUB-YyCIcu7nQY,B,2,7,7,5,"Added a label and a similar descriptive paragraph, plus a numbered 3-step list."
SUB-YyCIcu7nQY,B,3,5,5,5,"It seems to have been changed to a horizontal arrangement, but the placement of the primary button changed and the order changed too, so the buttons' meaning is different."
SUB-loMhnxIBDW,A,1,6,6,2,Only the main top portion was enlarged; the rest wasn't converted to a watch UI.
SUB-loMhnxIBDW,B,1,6,6,4,Removed all the content below and reorganized the design while keeping the content at the top.
SUB-w9Rl9EWA0b,A,1,7,6,4,"The overall impression is definitely softer. However, there's almost no color difference between the list background and each row, so item separation is weak."
SUB-w9Rl9EWA0b,B,1,7,6,5,"The soft impression is strongly realized. However, every item is separated like an independent card, weakening the continuous list structure, and it looks more like a collection of cards than a saved list."
SUB-PsMNLcUH1t,A,1,6,5,4,"Shows a summary of total time, date, etc."
SUB-PsMNLcUH1t,A,2,6,5,4,Understood and applied the intent. Proceeds in a timeline format.
SUB-PsMNLcUH1t,B,1,5,5,6,"Understood and applied the intent, but the design result is disappointing."
SUB-PsMNLcUH1t,B,2,5,5,4,Understood the intent and applied it.
SUB-e3eXbKJ2-S,A,1,7,7,4,Both new and existing users can enter the app. The priority of the two flows is also clear.
SUB-e3eXbKJ2-S,B,1,7,6,4,"It created an entry path into the app with a button, but offers only a single path, so it provides fewer options based on account status than A."
SUB-gUl3oFyUb7,A,1,5,5,4,Understood the intent well and changed the content.
SUB-gUl3oFyUb7,B,1,6,6,4,Understood the intent well and changed the content.
SUB-gYo5xOOhhP,A,1,7,7,4,A guardian can immediately grasp the child's status.
SUB-gYo5xOOhhP,A,2,7,7,4,The hierarchy between the guardian-oriented purpose and supporting information is clear.
SUB-gYo5xOOhhP,A,3,7,6,4,"However, the current screen centers on per-item summaries, so checking changes by session depends on the Full report."
SUB-gYo5xOOhhP,B,1,7,7,4,A guardian can quickly grasp the overall status.
SUB-gYo5xOOhhP,B,2,7,6,4,"It presents the child's coaching records and recent sessions first and moves coach info down to a supporting area at the bottom. However, it's a bit unfortunate that the intro copy puts the coach's name up front again."
SUB-gYo5xOOhhP,B,3,7,7,4,"You can specifically check what the child practiced, how much, and how the results were."
SUB-B5b6Yh313A,A,1,7,6,4,Understood the request well and applied it.
SUB-B5b6Yh313A,A,2,7,7,4,Understood the request well and applied it.
SUB-B5b6Yh313A,B,1,7,7,4,Understood and applied the request well. The graph is easy to take in at a glance.
SUB-B5b6Yh313A,B,2,7,7,4,Understood the request well and applied it.
SUB-pdpCNCmRN_,A,1,7,7,4,"Reorganized into separate blocks, making it a progress card clearly different from the original."
SUB-pdpCNCmRN_,A,2,7,7,4,The actual accumulated amount catches the eye before the details.
SUB-pdpCNCmRN_,A,3,7,7,4,"Placed at the very top of the card so the target date is seen first. However, the date appears before the goal name, making the information hierarchy a bit excessive."
SUB-pdpCNCmRN_,B,1,7,7,4,"Put the amount in the center of the ring, separated the progress rate into a badge, and organized the remaining info into vertical rows, changing the card composition."
SUB-pdpCNCmRN_,B,2,7,7,4,"Raised it to the central figure of the progress ring and moved 68% down as supporting info, changing the order so the actual amount is seen first."
SUB-pdpCNCmRN_,B,3,7,7,4,"Placed the date in the first row of the details at the bottom, with Remaining and Monthly transfer following, clearly changing the order."
SUB-o9W88qEGsB,A,1,6,6,4,The color changed to dark to suit the watch.
SUB-o9W88qEGsB,B,1,6,6,3,"Rounded the corners to fit the watch form and changed the ratio. Considering that adjusting a degree/level is difficult on a watch, it made it a selection instead."
SUB-CJ3bG2-phA,A,1,7,7,4,Understood the request and applied it properly.
SUB-CJ3bG2-phA,B,1,5,5,6,"It changed things that weren't requested as well, like the shape and alignment."
SUB-0jsoT3_o5v,A,1,6,6,4,The reservation content is on the left and the reservation itself on the right — the screen is split and organized for desktop.
SUB-0jsoT3_o5v,A,2,6,6,4,"Instead of listing out times, it groups them into boxes split into Morning and Evening. Since the boxes have a light fill, they're easy to distinguish. Good that the date selection was kept."
SUB-0jsoT3_o5v,B,1,5,5,4,"Given the nature of desktop, it's horizontally long, but with the reservation content pulled up to the top and the line dividing date/time below, it looks like a three-way split. I think this content would be better provided as a two-way split, and for the date/time it would look better if they appeared grouped together as one."
SUB-0jsoT3_o5v,B,2,5,5,4,"Since the request said it would be nice if it changed without clear criteria, it seems they split it into available/unavailable, but I wonder whether that classification criterion is really needed. I think it would be more meaningful for distinguishing if it were split by some other criterion (like A) and the unavailable ones were greyed out within that."
SUB-_Bk2Zf6W5E,A,1,7,7,4,"Changed to a floating structure, which clearly makes the location-selection sheet feel different. The existing information and CTA are kept, so the scope of change is appropriate too."
SUB-_Bk2Zf6W5E,B,1,7,7,5,"Changed to a black/orange two-tier panel, so the feel is definitely different. However, it also changed the info labels and CTA copy, and it became closer to a fixed briefing panel than a sheet, so the scope of change is a bit large."
SUB-IpKWCIx90V,A,1,5,5,5,There's way too much content converting things by region.
SUB-IpKWCIx90V,B,1,6,6,4,The requirements are well reflected.
SUB-_fmUt0sWFT,A,1,7,7,4,"The order list is divided well, the year is included in the dates, and all the label information is there too."
SUB-_fmUt0sWFT,A,2,7,7,4,The sort function seems to have been added well.
SUB-_fmUt0sWFT,B,1,7,7,5,"Bold and a border were added to the year, and a payment number I've never seen before is written in the status."
SUB-_fmUt0sWFT,B,2,6,5,2,The design of the way sorting is shown is not consistent.
SUB-tKLcoxqOxw,A,1,5,5,4,"Apart from the first item, it doesn't look like eye-level safety guidance."
SUB-tKLcoxqOxw,B,1,6,6,4,The requirement is well reflected
SUB-4C853-lqfM,A,1,6,6,4,The requirement is well reflected
SUB-4C853-lqfM,B,1,5,5,4,The requirement is well reflected
SUB-dZxvGnoI5C,A,1,7,6,4,"The relevant part was changed well, and the sidebar was added appropriately to match."
SUB-dZxvGnoI5C,A,2,7,6,5,"The summary for the round is shown well and the time spent solving problems is visible too, but I also see some changes unrelated to the question-count information."
SUB-dZxvGnoI5C,A,3,7,6,5,The previous question button is included well.
SUB-dZxvGnoI5C,B,1,7,7,4,It seems to have been changed well to desktop screen proportions.
SUB-dZxvGnoI5C,B,2,7,6,4,"It visually expresses the status of each question, and detailed explanations were added."
SUB-dZxvGnoI5C,B,3,7,7,4,A button for moving to the next question was added.
SUB-BE4DAek1VE,A,1,7,7,4,The requirement is well reflected
SUB-BE4DAek1VE,B,1,6,6,4,The requirements are reflected.
SUB-MCKpA4EZoe,A,1,7,7,5,"It even added a new row, changing slightly more than the requested scope."
SUB-MCKpA4EZoe,A,2,7,6,3,"It matches the request, but the information presentation is plain and visibility isn't strong."
SUB-MCKpA4EZoe,A,3,7,7,4,It reflects the request directly by adding a button.
SUB-MCKpA4EZoe,B,1,7,7,6,"It clearly distinguishes the two types with IN APP and WEB badges, icons, and background colors. It repeats the same distinction through multiple devices and even adds a new row, so the change is somewhat excessive."
SUB-MCKpA4EZoe,B,2,7,7,5,"Added as a separate metric, so the information is clearly visible. However, it greatly increases the height and density of the top card."
SUB-MCKpA4EZoe,B,3,7,7,6,"Making 'check for updates' an independent full-width row makes the interaction cue clear. But it emphasizes a secondary function with a large card, excessively changing even the screen hierarchy."
SUB-Tt45FV7QwU,A,1,7,7,4,The 'view full ranking' button is placed in a deep pink that fills the entire card width.
SUB-Tt45FV7QwU,B,1,7,5,4,"The button does fill the card width, but with a white background + thin border outline style, when contrasted with the cards that have accent colors, there's room for it to look like an information card rather than a button."
SUB-3Tj8mHQxzt,A,1,7,7,4,Information about when the credits expire was added.
SUB-3Tj8mHQxzt,A,2,3,3,2,"The request was to change the order, but it changed the design."
SUB-3Tj8mHQxzt,A,3,7,6,4,"It specifically tells you when it ends, rather than just saying it's ending soon."
SUB-3Tj8mHQxzt,B,1,7,7,4,"On the right side, when it expires is now clearly visible."
SUB-3Tj8mHQxzt,B,2,3,2,2,"The request was to change the order, but it added design elements and changed the copy."
SUB-3Tj8mHQxzt,B,3,7,5,6,"The wording 'ending' doesn't seem appropriate, and the color is too dark."
SUB-gSKN_uaEkU,A,1,7,7,4,It reflects the requested structure within an appropriate scope.
SUB-gSKN_uaEkU,A,2,7,7,5,"It shows the status together, so the progress is clear. It shows the same information in multiple ways, so the scope of change is slightly broad."
SUB-gSKN_uaEkU,A,3,7,7,4,Reflected accurately.
SUB-gSKN_uaEkU,B,1,7,7,4,It reflects the request clearly.
SUB-gSKN_uaEkU,B,2,7,7,6,"It adds a 68% circular graph, the status of each recovery item, and an explanation of the remaining accounts, so you can definitely tell the progress. It repeats the same status with multiple elements, so the change is somewhat excessive."
SUB-gSKN_uaEkU,B,3,7,7,4,Accurately reflects the instruction.
SUB-qilwFqTI8j,A,1,7,5,4,Seems to have divided it appropriately into two sections with different characters.
SUB-qilwFqTI8j,A,2,7,7,4,Changed the colors appropriately and well.
SUB-qilwFqTI8j,B,1,6,4,5,"The wording changed, and the two split steps don't seem appropriate."
SUB-qilwFqTI8j,B,2,6,5,6,The session's proportion was added.
SUB-LKaQjj-jyk,A,1,6,5,5,"Up through the label + 4 options it looks like one panel, and the button and guidance text follow, but the two areas aren't visually clearly distinguished or split into panels, so the sense of visual separation is weak."
SUB-LKaQjj-jyk,A,2,7,7,4,Accurately replaced with the 'intermediate' label.
SUB-LKaQjj-jyk,B,1,7,6,4,"The panel appears as two clearly distinguished, independent blocks (clearly separated by color and background)."
SUB-LKaQjj-jyk,B,2,7,7,4,"Replaced with the 'b1 medium' label (with the level added, giving a more specific difficulty indication in the context of a language learning app)."
SUB-WdW51r1UKL,A,1,3,3,4,"The 3-column vertical layout was applied, but 'concise' wasn't."
SUB-WdW51r1UKL,A,2,1,1,1,What is seen first hasn't changed.
SUB-WdW51r1UKL,A,3,4,4,3,"The feature was added, but it was implemented in a way that's hard to notice."
SUB-WdW51r1UKL,B,1,5,5,4,"'Concise' doesn't seem well reflected, but the 3-tier vertical layout is well reflected."
SUB-WdW51r1UKL,B,2,3,3,3,I don't see any change in what's seen first. Only the style is different.
SUB-WdW51r1UKL,B,3,4,4,3,The feature was added but it's far too small. Insufficient touch target area. There's a risk of it being pressed together with the button below.
SUB-QnG0OueLXE,A,1,7,7,4,"Clearly reduced the top/bottom padding and the overall height. Kept the icon and label sizes, adjusting within the scope of the instruction."
SUB-QnG0OueLXE,A,2,7,7,5,"The area the control takes up is large, so the scope of change is a bit wide."
SUB-QnG0OueLXE,B,1,7,7,5,Directly reflects the instruction by reducing the inner padding. Also keeps the structure and spacing of the existing four tabs. Removing the labels is unfortunate.
SUB-QnG0OueLXE,B,2,7,7,4,Changed within a range that doesn't largely obscure the video.
SUB-amFo7nqX_9,A,1,6,6,5,An option to sort by Recommended was added.
SUB-amFo7nqX_9,A,2,6,7,4,"Puts it into a single card so it doesn't look like a second main element, showing it simply."
SUB-amFo7nqX_9,B,1,7,6,5,The sort selection feature seems to have excessive design applied.
SUB-amFo7nqX_9,B,2,7,6,4,"The title text was lightened and each element was made smaller, so it was modified not to look like a main element."
SUB-3Zru-f9OHx,A,1,7,7,4,Nicely changed to watch proportions.
SUB-3Zru-f9OHx,A,2,7,7,4,A 'last updated' line was appropriately added at the bottom.
SUB-3Zru-f9OHx,B,1,7,6,6,Changed too much from the original design.
SUB-3Zru-f9OHx,B,2,7,7,4,A Last updated time was added.
SUB-pw8gj1RD0t,A,1,7,6,4,Specifies individual student eligibility by showing the verification email and the once-per-student-account condition.
SUB-pw8gj1RD0t,A,2,7,7,4,Moved the credit panel to just below the intro and placed it before the banner image. The amount is clearly prioritized.
SUB-pw8gj1RD0t,A,3,7,7,5,"Changed the vertical list into two cards, clearly altering the impression of the other benefits area. Placing the cards side by side horizontally on a narrow screen makes the scope of change a bit wide."
SUB-pw8gj1RD0t,B,1,7,7,4,The eligibility of individual students renewing the education plan is clearly made the center of the screen.
SUB-pw8gj1RD0t,B,2,7,7,4,"Places the credit panel just below the intro and emphasizes $24 as the largest element. The banner is reduced to a small image with description, arranged at a lower hierarchy than the amount."
SUB-pw8gj1RD0t,B,3,7,7,4,"Changed to a Student extras list with distinct amount badges, benefit names, and conditions. Keeps the list structure while changing the impression and information organization, so the scope is appropriate."
SUB-Rpza2jvvUm,A,1,7,7,4,Changed the resolution well and made good use of the remaining space.
SUB-Rpza2jvvUm,B,1,6,5,7,"A lot of content that wasn't in the original screen was changed, and the design is too different."
SUB-05IGGcT_7-,A,1,7,6,5,The resolution was changed appropriately and the layout was adjusted to match.
SUB-05IGGcT_7-,B,1,7,6,4,The resolution was changed appropriately and the layout was adjusted to match.
SUB-QU2GftCH6h,A,1,7,7,4,Changed the resolution appropriately and well.
SUB-QU2GftCH6h,A,2,7,6,5,The progress indicator at the top is well made.
SUB-QU2GftCH6h,B,1,7,6,5,"The resolution was changed well, and although the card form of 'listening interest' changed a lot, it seems appropriate."
SUB-QU2GftCH6h,B,2,7,7,4,
SUB-E8ov-7bW54,A,1,7,6,5,"The feel of the button changed, but the positions of other pieces of information changed too."
SUB-E8ov-7bW54,B,1,7,6,5,"The feel of the button changed, but the positions of other pieces of information changed too."
SUB-gsXRhD_qsT,A,1,3,3,2,The structure and design are similar to before.
SUB-gsXRhD_qsT,A,2,7,6,5,"Rather than flowing naturally, deliberately writing ""Follow in order"" feels a bit excessive."
SUB-gsXRhD_qsT,A,3,1,3,4,"Instead of recommending the necessary equipment, it just put in workout tips."
SUB-gsXRhD_qsT,B,1,5,3,5,"Visibility gets a bit worse, and the structure itself doesn't change much."
SUB-gsXRhD_qsT,B,2,7,6,5,It split things into phases so you can follow them in order.
SUB-gsXRhD_qsT,B,3,2,3,4,"Instead of recommending the necessary equipment, it just put in workout tips."
SUB-3kPlzhAV5u,A,1,7,7,4,Adapted it appropriately well to desktop resolution.
SUB-3kPlzhAV5u,B,1,7,6,3,The use of space isn't great.
SUB-sJ1pzKbL1r,A,1,7,6,4,"It probably turned out this way because of the mention of keeping it in one line, but at least it made it look like PC."
SUB-sJ1pzKbL1r,A,2,7,6,2,Answered vs. unanswered shouldn't be distinguished this way; it should be expressed with a filter or something.
SUB-sJ1pzKbL1r,A,3,5,5,4,"It did add content, but I'm not sure about the quality of the content itself."
SUB-sJ1pzKbL1r,B,1,6,6,4,"Compared to the previous example, this design seems to make better use of the wide aspect ratio of a desktop."
SUB-sJ1pzKbL1r,B,2,6,5,4,Reflects the request well.
SUB-sJ1pzKbL1r,B,3,6,5,4,It reflected the content well and added a placeholder.
SUB-ZD6-rWMOZ3,A,1,6,6,4,Reflects the request well.
SUB-ZD6-rWMOZ3,B,1,7,6,6,"It reflected the request well, but changing the header color at its own discretion feels excessive."
SUB-1x3zKuBu9b,A,1,7,7,4,"The target was switched to family travelers, and accordingly the descriptions, tags, etc. were all consistently converted to a family context."
SUB-1x3zKuBu9b,B,1,7,7,5,"The target was switched to business travelers, and the labels, title, checklist, etc. were converted accordingly."
SUB-GvrepgtzAo,A,1,6,5,4,It understood the request and reflected it well.
SUB-GvrepgtzAo,B,1,6,2,6,"It seems to have understood the request, but the result is really disappointing."
SUB-9ekQQ52SIy,A,1,6,6,4,Applied it well.
SUB-9ekQQ52SIy,A,2,7,7,4,"I don't know what a how-to list is, but it seems to have grasped the intent and reflected it well."
SUB-9ekQQ52SIy,B,1,6,6,4,Applied it well.
SUB-9ekQQ52SIy,B,2,7,7,4,"Being 3 columns, you feel more like you have to read it in order."
SUB-e1TcxZyJxk,A,1,7,6,4,It understood the request and reflected it well.
SUB-e1TcxZyJxk,B,1,2,2,3,"First of all I'm not sure it understood the request, and I don't get how just renaming the filter solves it."
SUB-m3QOE3oXRI,A,1,5,5,4,It understood the request and reflected it well. The content was changed.
SUB-m3QOE3oXRI,A,2,6,6,4,"The request was clear, so it understood and reflected it well."
SUB-m3QOE3oXRI,A,3,6,6,4,It understood the request and reflected it well.
SUB-m3QOE3oXRI,B,1,6,6,6,It understood the request and reflected it well. But it also made unwanted color changes.
SUB-m3QOE3oXRI,B,2,6,6,6,It understood the request and reflected it well. But it also made unwanted color changes.
SUB-m3QOE3oXRI,B,3,6,3,5,It became a green box.
SUB-4N75Nez8MF,A,1,7,7,4,"The email changed from a company domain to a personal email, and it's been replaced with a scenario of ""if you no longer use this email."""
SUB-4N75Nez8MF,A,2,7,7,4,"It split the original single paragraph into exactly three steps, distributing the original paragraph's content across each step."
SUB-4N75Nez8MF,A,3,5,5,4,The button darkened from the original grayish blue to a deep navy charcoal. It still feels like it blends in.
SUB-4N75Nez8MF,B,1,7,7,4,"It's switched to a personal email, and a ""continue with Google"" option has even been added."
SUB-4N75Nez8MF,B,2,4,4,3,"There's just a single horizontal stepper at the top, so rather than the explanatory paragraph being split into steps, it's been compressed into a progress indicator."
SUB-4N75Nez8MF,B,3,7,7,4,The button clearly stands out with a vivid blue and an arrow icon.
SUB-38yPC3I3DA,A,1,5,5,3,You can tell it tried to understand and reflect an ambiguous request. But I'm not sure it was clearly reflected.
SUB-38yPC3I3DA,A,2,6,6,4,It understood the request and reflected it well.
SUB-38yPC3I3DA,B,1,6,6,4,The design seems clearly better done than the previous example.
SUB-38yPC3I3DA,B,2,1,1,7,It's disappointing that it separated out the progress bar entirely.
SUB-wd7DUxnzBb,A,1,6,6,4,It understood the request and reflected it well.
SUB-wd7DUxnzBb,A,2,6,6,4,Information was added.
SUB-wd7DUxnzBb,A,3,5,3,3,"The requirement seems ambiguous. I can tell it tried to reflect it, but I'm not sure whether it actually did."
SUB-wd7DUxnzBb,B,1,6,6,4,It understood the request and reflected it well. The design also improved.
SUB-wd7DUxnzBb,B,2,6,6,4,Information was added.
SUB-wd7DUxnzBb,B,3,2,2,3,"With such an ambiguous request, I'm not sure what changed."
SUB-MQzCi7wo2-,A,1,6,6,4,"Naturally changed to a structure that suits the domain, such as adding a sidebar."
SUB-MQzCi7wo2-,A,2,6,5,3,"It fits the goal of dividing listings by category well. It's disappointing that, in splitting the table, it didn't consider the layout for when the number of categories changes."
SUB-MQzCi7wo2-,A,3,7,7,4,The addition of the average target return rate was applied well.
SUB-MQzCi7wo2-,B,1,5,5,3,"It got the intent, but the layout applied doesn't suit the service."
SUB-MQzCi7wo2-,B,2,7,7,4,"In the table-based list, the categories were appropriately split out into a separate table."
SUB-MQzCi7wo2-,B,3,7,7,4,Appropriately reflected the requested content.
SUB-oblw40OvRi,A,1,5,5,5,Emphasized via color inversion.
SUB-oblw40OvRi,B,1,5,5,4,Emphasized the question area.
SUB-OqL4x0Zo4m,A,1,5,5,3,Not much different from the original.
SUB-OqL4x0Zo4m,B,1,5,5,4,"The button got an outline and shadow, so the contrast feels stronger."
SUB-EotG4lTh1t,A,1,7,7,4,The requirement is well reflected
SUB-EotG4lTh1t,A,2,7,7,4,The requirement is well reflected
SUB-EotG4lTh1t,A,3,7,7,4,The requirement is well reflected
SUB-EotG4lTh1t,B,1,7,7,4,The requirement is well reflected
SUB-EotG4lTh1t,B,2,7,7,4,The requirement is well reflected
SUB-EotG4lTh1t,B,3,7,7,4,The requirement is well reflected
SUB-Q1uaLoJr4x,A,1,5,5,4,The request was applied well.
SUB-Q1uaLoJr4x,A,2,5,5,4,The request was applied well.
SUB-Q1uaLoJr4x,A,3,5,5,4,"Emphasized the ""what you will learn"" section."
SUB-Q1uaLoJr4x,B,1,5,5,4,The request was applied well.
SUB-Q1uaLoJr4x,B,2,5,5,4,The request was applied well.
SUB-Q1uaLoJr4x,B,3,5,5,4,"Added a learning brief section, showing level, lessons, and core skills at a glance."
SUB-29IJwi2Ghw,A,1,6,6,4,"It precisely solved the core of the request — 'where and how much the discount came from.' It broke the single existing line 'Member discount (10%) -$5.85' out into a Discount breakdown, splitting it into a 6% member discount -$3.50 and a LISTEN10 promo 4% -$2.35, then re-totaling as Total discounts, so you can immediately see how much you saved with the promo code. The change also stays within the order summary card, so the scope is appropriate. That said, 4% would be $2.34 but it's written as $2.35, so the rounding is off, and there's nothing on screen justifying reinterpreting what was originally 'member 10%' as 6%+4%, so it looks a bit arbitrary."
SUB-29IJwi2Ghw,B,1,7,7,5,"This interpreted 'in more detail' most faithfully. It splits the discount into Tonewell Plus (-$3.30, 10% on albums/podcasts) and LISTEN10 (-$2.55, extra discount on video titles), and attaches 'what it applied to' on each line, so you can read not just the amounts but the rationale. The numbers also match the cart exactly (10% of $32.97 for album+podcast = $3.30, 10% of $25.48 for video = $2.55, total $5.85). However, the card header's 'You save $5.85' repeats the same value as the 'Discounts -$5.85' right below it, and with the emphasis block added on top, it feels like it touched a bit more than was requested."
SUB-qTGwBHk0wA,A,1,6,6,4,An appropriate improvement.
SUB-qTGwBHk0wA,A,2,6,6,4,Provides the key information well.
SUB-qTGwBHk0wA,B,1,6,6,3,A lot of unnecessary elements appeared.
SUB-qTGwBHk0wA,B,2,6,6,3,"Unnecessary section divisions appeared, which actually hurts readability."
SUB-i-OnA0xNBG,A,1,4,3,3,"The Edit button is next to the product info, which differs from the request to place it on the right of the order summary."
SUB-i-OnA0xNBG,B,1,6,6,4,"Placed a small Edit order button exactly to the right of ORDER SUMMARY, reflecting the requirement as-is."
SUB-JSsZz_De1J,A,1,5,5,4,The request was applied well.
SUB-JSsZz_De1J,B,1,5,5,4,The request was applied well.
SUB-tis4lqpO34,A,1,7,7,4,Suitable for a PC environment.
SUB-tis4lqpO34,A,2,6,6,4,Improved visibility by using a card design.
SUB-tis4lqpO34,B,1,6,6,4,Improved in line with what was requested.
SUB-tis4lqpO34,B,2,5,5,3,"The order of information and the categorization changed, so the scope of the edit became far broader than what was requested."
SUB-S7G6rv7row,A,1,5,5,4,Appropriate
SUB-S7G6rv7row,B,1,6,6,3,"The scope of the request wasn't clear, so the change is too excessive."
SUB-bS67EJ7YlW,A,1,4,4,3,What even changed..?
SUB-bS67EJ7YlW,A,2,6,6,4,Lets you know you can set it up later.
SUB-bS67EJ7YlW,A,3,6,6,4,An appropriate application.
SUB-bS67EJ7YlW,B,1,5,5,3,Having an action button at the top of the body that sets the default value and moves on doesn't suit a mobile environment.
SUB-bS67EJ7YlW,B,2,5,5,3,The flow gets broken.
SUB-bS67EJ7YlW,B,3,6,6,4,An appropriate improvement.
SUB-s8ZnpK-_YT,A,1,6,6,4,Improved in line with what was requested.
SUB-s8ZnpK-_YT,B,1,6,5,3,"It carried out what was requested, but visibility is poor."
SUB-Op2fdQ5T9k,A,1,7,7,4,Fits the tablet size well.
SUB-Op2fdQ5T9k,A,2,7,7,4,The requirement is well reflected
SUB-Op2fdQ5T9k,A,3,7,7,4,The change from black-and-white to color was applied well.
SUB-Op2fdQ5T9k,B,1,7,7,4,The requirement is well reflected
SUB-Op2fdQ5T9k,B,2,7,7,4,The requirement is well reflected
SUB-Op2fdQ5T9k,B,3,7,7,4,The requirement is well reflected
SUB-tKZxnmAiBY,A,1,7,7,4,The requirement is well reflected
SUB-tKZxnmAiBY,A,2,7,7,4,The requirement is well reflected
SUB-tKZxnmAiBY,B,1,7,7,4,The requirement is well reflected
SUB-tKZxnmAiBY,B,2,7,7,4,The requirement is well reflected
SUB-tZHystc5TC,A,1,5,5,3,"It carried out the request, but was passive in terms of UI modification."
SUB-tZHystc5TC,A,2,7,5,4,
SUB-tZHystc5TC,A,3,6,3,4,
SUB-tZHystc5TC,B,1,7,6,4,
SUB-tZHystc5TC,B,2,7,7,4,Goes beyond simply listing the remaining candidates and even provides a new classification criterion.
SUB-tZHystc5TC,B,3,7,7,4,
SUB-qynnkKYNDL,A,1,5,5,3,
SUB-qynnkKYNDL,A,2,6,4,2,
SUB-qynnkKYNDL,A,3,7,7,5,
SUB-qynnkKYNDL,B,1,7,6,6,
SUB-qynnkKYNDL,B,2,7,6,6,"Increasing the amount of information by adding more text and tags is good, but no layout change was ever requested."
SUB-qynnkKYNDL,B,3,6,6,7,"Beyond the requirement to add the to-do, things like color changes were never requested."
SUB-pHnLwPr1Kt,A,1,7,7,4,
SUB-pHnLwPr1Kt,B,1,7,7,4,
SUB-_RFzXOlpSt,A,1,7,7,7,Not just the screen-usage situation — everything except the color was changed.
SUB-_RFzXOlpSt,A,2,7,5,3,"It did change the order, but it just mixed things without understanding the context."
SUB-_RFzXOlpSt,A,3,7,6,2,"It did change the content, but it doesn't look like the change was made with an understanding of the context."
SUB-_RFzXOlpSt,B,1,7,6,5,"The information was changed well, just as requested."
SUB-_RFzXOlpSt,B,2,1,1,7,"It didn't just change the reading order of the preset list, it changed the content entirely."
SUB-_RFzXOlpSt,B,3,7,7,4,
SUB-_YvmOuylU7,A,1,7,7,4,The title name at the top got changed.
SUB-_YvmOuylU7,A,2,6,5,5,"It grouped things well into two kinds, but one of the five sliders disappeared."
SUB-_YvmOuylU7,A,3,7,7,5,"It placed the original and crop thumbnails side by side. And it added an explanation of how it was cropped, but the existing frame source items are gone."
SUB-_YvmOuylU7,B,1,6,6,4,The title changed and the frame source disappeared.
SUB-_YvmOuylU7,B,2,7,7,5,It grouped things into two and made the groups look clearly separated.
SUB-_YvmOuylU7,B,3,6,5,5,"A small thumbnail and a selector for choosing the original were added, but the thumbnail at the bottom left covers the cropped photo, which isn't great."
SUB-pEME8H4-vk,A,1,7,7,4,It nicely changed the screen for general participants into one for volunteers.
SUB-pEME8H4-vk,A,2,7,6,4,It switched to a desktop screen and made good use of the wide space with a two-column layout.
SUB-pEME8H4-vk,A,3,7,7,4,"It restructured the work hours, location, role, and headcount info into card form below the title."
SUB-pEME8H4-vk,B,1,7,7,4,It nicely changed the screen for general participants into one for volunteers.
SUB-pEME8H4-vk,B,2,7,7,4,It switched to a desktop screen and laid out the information in several areas across the horizontal space.
SUB-pEME8H4-vk,B,3,7,6,4,"It restructured the work hours, location, role, and headcount info into a single row of cards right below the title."
SUB-AoXXk2jG23,A,1,6,6,4,Improved in line with the requirements.
SUB-AoXXk2jG23,B,1,6,6,4,The requested content was applied well.
SUB-YEokXmnsLj,A,1,6,6,4,The requirements are well reflected.
SUB-YEokXmnsLj,A,2,6,6,4,Appropriately applied.
SUB-YEokXmnsLj,A,3,6,6,4,Matches the request.
SUB-YEokXmnsLj,B,1,5,5,3,The layout isn't appropriate for desktop.
SUB-YEokXmnsLj,B,2,5,5,3,The content is there but readability is poor.
SUB-YEokXmnsLj,B,3,5,5,3,Only the size changed.
SUB-9utuffbLoR,A,1,7,7,4,It added an Add button to each item so you can add them directly from the existing list.
SUB-9utuffbLoR,B,1,7,7,6,"An Add button was added, but it changed the layout of the section cards."
SUB-Vma98EqyKt,A,1,6,6,4,Matches the requirements.
SUB-Vma98EqyKt,A,2,6,6,4,Appropriate
SUB-Vma98EqyKt,A,3,6,6,4,Matches the request.
SUB-Vma98EqyKt,B,1,6,6,3,There are way too many cards.
SUB-Vma98EqyKt,B,2,5,5,3,"The functionality is there, but the user experience isn't good."
SUB-Vma98EqyKt,B,3,6,6,4,Reflects the requirements.
SUB-D6BM7zU1tA,A,1,7,6,3,"The card does seem to have moved up a bit, but the shift isn't large. You can barely see the difference unless you view it side by side with the original. It did change the position, but it's too timid to feel like it ""changed"" it."
SUB-D6BM7zU1tA,A,2,7,7,4,It removed the existing guidance text and replaced it with a Cancel sharing text button. Underlining it to show it's a button is also appropriate. Applied exactly as requested.
SUB-D6BM7zU1tA,B,1,7,7,4,"It moved the card way down to the bottom of the screen. With the top half emptied out, the position change is clearly visible. Feels like it properly answered the ""change the position"" request."
SUB-D6BM7zU1tA,B,2,7,6,5,"It restructured the card layout to horizontal and also touched the spinner and text placement. Only a text swap was requested, but it piled on extra stuff."
SUB-X7MfRl9qr6,A,1,6,6,4,Applied in line with the requirements.
SUB-X7MfRl9qr6,A,2,4,4,3,Nothing changed about the approach.
SUB-X7MfRl9qr6,A,3,5,5,4,It added an extra confirmation function.
SUB-X7MfRl9qr6,B,1,6,6,4,Reflects what was requested.
SUB-X7MfRl9qr6,B,2,6,6,4,An appropriate application.
SUB-X7MfRl9qr6,B,3,6,6,4,There are extra functions and information.
SUB-RHH4fDq1rf,A,1,5,5,5,
SUB-RHH4fDq1rf,A,2,1,1,6,
SUB-RHH4fDq1rf,A,3,7,7,4,
SUB-RHH4fDq1rf,B,1,6,5,7,
SUB-RHH4fDq1rf,B,2,5,5,7,
SUB-RHH4fDq1rf,B,3,1,1,1,
SUB-0-BJ2I4fY1,A,1,6,6,4,
SUB-0-BJ2I4fY1,A,2,7,7,4,
SUB-0-BJ2I4fY1,B,1,6,6,6,
SUB-0-BJ2I4fY1,B,2,5,5,6,
SUB-wZ4LEr6PX7,A,1,5,5,4,"It shows frequently used folders separately under ""Suggested for this note."""
SUB-wZ4LEr6PX7,B,1,5,5,4,It shows frequently used folders with TOP MATCH and LIKELY labels.
SUB-fVPLgABx0v,A,1,6,6,4,"Appropriately applied, but the position of the primary action button is unstable."
SUB-fVPLgABx0v,A,2,6,6,4,Good for checking other weeks.
SUB-fVPLgABx0v,A,3,5,5,2,"It was applied, but the position and the data shown are insufficient."
SUB-fVPLgABx0v,B,1,6,6,4,Reflects the request well.
SUB-fVPLgABx0v,B,2,6,6,4,A good implementation.
SUB-fVPLgABx0v,B,3,6,6,4,Applied it well.
SUB-grUtIsQ0tD,A,1,5,5,4,The request was applied well.
SUB-grUtIsQ0tD,B,1,5,5,4,The request was applied well.
SUB-Y5m39FNVe3,A,1,6,6,4,Reflects the requirements well.
SUB-Y5m39FNVe3,B,1,6,6,5,"Applied well, but a bit excessive."
SUB-zwabBvmauw,A,1,5,5,4,Changed the header arrangement.
SUB-zwabBvmauw,B,1,5,5,4,Changed the header arrangement.
SUB-VKo5rt_iwU,A,1,5,6,4,
SUB-VKo5rt_iwU,A,2,7,7,4,
SUB-VKo5rt_iwU,B,1,4,5,7,
SUB-VKo5rt_iwU,B,2,7,7,6,
SUB-r0EEMAEwqv,A,1,7,6,4,
SUB-r0EEMAEwqv,A,2,3,3,3,
SUB-r0EEMAEwqv,B,1,6,6,4,
SUB-r0EEMAEwqv,B,2,6,6,5,
SUB-hPxidd_x8m,A,1,5,5,4,Sufficiently reflects the request.
SUB-hPxidd_x8m,A,2,5,5,3,"It does separate the details, but the degree of visual separation is weak."
SUB-hPxidd_x8m,A,3,5,5,4,The request was applied well.
SUB-hPxidd_x8m,B,1,5,5,4,Sufficiently reflects the request.
SUB-hPxidd_x8m,B,2,5,5,4,Clearly splits Transaction and Invoice balance into two areas.
SUB-hPxidd_x8m,B,3,5,5,4,The request was applied well.
SUB-37UpBKZIeA,A,1,6,6,4,Well suited to the desktop environment.
SUB-37UpBKZIeA,A,2,6,6,5,"Reflects the requirements well, but there's a lot of text."
SUB-37UpBKZIeA,A,3,6,6,4,Applied it well.
SUB-37UpBKZIeA,B,1,5,5,3,Not optimized for the desktop environment.
SUB-37UpBKZIeA,B,2,5,5,5,"Applied well, but over-spec."
SUB-37UpBKZIeA,B,3,6,6,4,Applied it well.
SUB-r6sKwxiGkh,A,1,7,7,5,
SUB-r6sKwxiGkh,B,1,7,7,6,Expresses the order using the progress indicator at the top and numbers on each section.
SUB-IW9Sfv3-Il,A,1,5,5,4,Faithfully reflected the request.
SUB-IW9Sfv3-Il,B,1,5,5,4,Faithfully reflected the request.
SUB-QZMIVr0lyW,A,1,6,6,4,Reflects the requirements well.
SUB-QZMIVr0lyW,B,1,6,6,5,"The information is clearly visible, but it's over-spec."
SUB-OVAdTcpnDx,A,1,7,7,4,
SUB-OVAdTcpnDx,B,1,7,5,7,
SUB-8LTr69CKZq,A,1,6,6,4,Reflects the requirements well.
SUB-8LTr69CKZq,B,1,6,6,4,The requested content is well reflected.
SUB-3ibqW6ztur,A,1,5,5,4,Clearly reflects the request.
SUB-3ibqW6ztur,A,2,5,5,4,Restructured the invite activity into a table format.
SUB-3ibqW6ztur,A,3,5,5,3,"The key color was toned down, but it's not enough to feel professional."
SUB-3ibqW6ztur,B,1,5,5,4,Clearly reflects the request.
SUB-3ibqW6ztur,B,2,5,5,4,Definitely changed the list structure by dividing invite activity into Awaiting response / Recently joined.
SUB-3ibqW6ztur,B,3,5,5,4,Contrast is created and the overall tone feels professional.
SUB-EUnL01ZXlz,A,1,6,6,4,The requested content is well reflected.
SUB-EUnL01ZXlz,B,1,6,6,5,"It reflects the request well and the additional info is good, but the components used are ambiguous."
SUB-_kjNeuqq-_,A,1,6,6,5,
SUB-_kjNeuqq-_,B,1,7,7,5,
SUB-TWCI9uxbQI,A,1,5,5,4,The request was applied well.
SUB-TWCI9uxbQI,A,2,5,5,4,Added the button well.
SUB-TWCI9uxbQI,A,3,4,4,3,The remaining-time text isn't strongly emphasized as the main message.
SUB-TWCI9uxbQI,B,1,5,5,4,The request was applied well.
SUB-TWCI9uxbQI,B,2,5,5,5,"The button was added well, but a Later button that wasn't requested was also added."
SUB-TWCI9uxbQI,B,3,5,5,4,The remaining-time text reads well as the main message.
SUB-1DHiHmrAlH,A,1,6,6,4,Appropriate for a desktop screen.
SUB-1DHiHmrAlH,A,2,6,6,4,The requested content is well reflected.
SUB-1DHiHmrAlH,B,1,6,6,3,"Adapted to desktop, but the layout is disappointing."
SUB-1DHiHmrAlH,B,2,5,5,3,The overall completeness of the form is poor.
SUB-ZWVKYu9PJK,A,1,5,5,4,The request was applied well.
SUB-ZWVKYu9PJK,A,2,5,5,4,Added an inquiry feature.
SUB-ZWVKYu9PJK,B,1,5,5,4,The request was applied well.
SUB-ZWVKYu9PJK,B,2,5,5,4,Added a question feature.
SUB-2xSWsUspwU,A,1,6,6,3,"It can be checked, but it doesn't suit mobile usability."
SUB-2xSWsUspwU,B,1,6,6,5,This is... hmm... not sure if it's better or worse. It probably depends on what screen appears when you press Change.
SUB-JYCsF-byZC,A,1,5,5,6,
SUB-JYCsF-byZC,B,1,4,5,7,
SUB-V3y3WSIh7k,A,1,6,6,4,Fits the desktop environment.
SUB-V3y3WSIh7k,B,1,6,6,5,Actually way too much additional information was added. It should be simple and clear.
SUB-RjXE94LNoi,A,1,5,5,4,Reflects the location and extra fee well.
SUB-RjXE94LNoi,A,2,5,5,3,"Since the process of selecting and confirming the extension option is slider-centric, confirming the selection before payment is somewhat weak."
SUB-RjXE94LNoi,B,1,5,5,4,Reflects the location and extra fee well.
SUB-RjXE94LNoi,B,2,5,5,4,Structured so you can pay after clearly confirming the selected extra time and the total payment amount.
SUB-kZx2UfJk9a,A,1,1,1,1,"The option information is identical to the original, so the request wasn't handled."
SUB-kZx2UfJk9a,A,2,7,7,4,"Adds a shadow effect to the panel, giving the screen a sense of depth."
SUB-kZx2UfJk9a,B,1,1,1,7,It fails to change the option information and also needlessly changes the styling.
SUB-kZx2UfJk9a,B,2,5,5,7,
SUB-26oAE9sbFF,A,1,5,5,4,The request was applied well.
SUB-26oAE9sbFF,B,1,5,5,4,The request was applied well.
SUB-IS0noGQrOV,A,1,5,5,3,"Apart from the date being brought inside, the composition isn't very different"
SUB-IS0noGQrOV,A,2,5,5,4,The date is stated right at the front
SUB-IS0noGQrOV,A,3,5,5,4,Initials were added
SUB-IS0noGQrOV,B,1,5,5,4,The overall composition of the activity list was changed entirely
SUB-IS0noGQrOV,B,2,5,5,4,The date is emphasized like a separate title
SUB-IS0noGQrOV,B,3,5,5,4,Initials were added and it's also emphasized to stand out more design-wise
SUB-Dd-WIheKQu,A,1,7,7,4,It generated a desktop-proportioned screen that includes all the elements that were in the mobile version.
SUB-Dd-WIheKQu,B,1,7,7,4,"It follows the screen hierarchy from mobile as-is, which has the effect of keeping the website's usability the same as the mobile usability."
SUB-Jbjzx4b5YP,A,1,6,6,4,Applied as requested
SUB-Jbjzx4b5YP,A,2,6,6,4,Applied as requested
SUB-Jbjzx4b5YP,B,1,6,6,4,The requested content is well reflected.
SUB-Jbjzx4b5YP,B,2,6,6,4,The request was applied well
SUB-Qa90SaDGtf,A,1,6,6,5,
SUB-Qa90SaDGtf,A,2,6,6,4,
SUB-Qa90SaDGtf,B,1,6,7,6,
SUB-Qa90SaDGtf,B,2,6,6,5,
SUB-7-JHMJQ0lP,A,1,6,6,3,"It applied the request, but the overall layout needs improvement"
SUB-7-JHMJQ0lP,A,2,6,6,4,Applied as requested
SUB-7-JHMJQ0lP,A,3,6,6,4,Applied as requested
SUB-7-JHMJQ0lP,B,1,6,6,4,Well suited to the desktop environment.
SUB-7-JHMJQ0lP,B,2,6,6,4,Applied as requested
SUB-7-JHMJQ0lP,B,3,6,6,4,Well applied.
SUB-BN1KcqaK6Q,A,1,7,7,4,It separates the payment method area precisely and applies styling without touching the screen hierarchy
SUB-BN1KcqaK6Q,A,2,7,7,4,It accurately reflected the request and added a set-as-default button
SUB-BN1KcqaK6Q,A,3,7,7,4,"Visually clusters things well. It changed from divider lines to cards, but the cards aren't overdone — handled nicely with just borders — and the subheadings fit in well too"
SUB-BN1KcqaK6Q,B,1,7,7,7,Filling the entire background with the primary color could encroach on the hierarchy of the add payment method button.
SUB-BN1KcqaK6Q,B,2,7,7,3,The design makes the set-as-default button liable to be mistaken for a radio button.
SUB-BN1KcqaK6Q,B,3,7,7,7,"The preferred payment method encroaches on the button's hierarchy, making the preferred method and the other payment methods look like they're not groups at the same hierarchy level"
SUB-uc1Av1xOCT,A,1,7,7,4,
SUB-uc1Av1xOCT,A,2,7,5,6,
SUB-uc1Av1xOCT,B,1,7,7,4,
SUB-uc1Av1xOCT,B,2,7,5,7,
SUB-JMgAAO254v,A,1,6,6,4,Reflects the requirements.
SUB-JMgAAO254v,A,2,6,6,4,Applied as requested
SUB-JMgAAO254v,B,1,6,6,4,Applied as requested
SUB-JMgAAO254v,B,2,6,6,5,"It was applied as requested, but the overall composition wasn't improved in a better direction"
SUB-8O9A7d46WW,A,1,5,5,4,The request was applied well.
SUB-8O9A7d46WW,A,2,5,5,4,Nicely revised so the bottom area reads like equipment status
SUB-8O9A7d46WW,B,1,5,5,4,The request was applied well.
SUB-8O9A7d46WW,B,2,5,5,4,"By showing the bottom as a progress rate, the fact that it's equipment readiness status comes across intuitively"
SUB-YXDxKi-DEc,A,1,7,7,4,Understood the request accurately
SUB-YXDxKi-DEc,A,2,7,7,4,Reflects the request accurately.
SUB-YXDxKi-DEc,B,1,7,7,4,Understood the request accurately
SUB-YXDxKi-DEc,B,2,7,7,4,Reflects the request accurately.
SUB-4CgEa5pMUS,A,1,6,6,4,Reflected the request well
SUB-4CgEa5pMUS,B,1,6,6,3,"It applied the request, but the method isn't good"
SUB-1OfohgqYdV,A,1,7,7,4,
SUB-1OfohgqYdV,B,1,6,5,7,
SUB-jtfOW1tIH6,A,1,5,5,4,Nicely restructured into a horizontal orientation
SUB-jtfOW1tIH6,A,2,5,5,4,"Changed Stops into card form so that actions like play, map, and notes can be taken on each Stop"
SUB-jtfOW1tIH6,B,1,5,5,4,Nicely restructured into a horizontal orientation
SUB-jtfOW1tIH6,B,2,5,5,4,Placed the Stop list on the left and the current Stop content on the right so the selected Stop can be operated directly
SUB-mLJVQlXzg-,A,1,6,6,4,"Instead of the inbox, it shows requests needing a response first"
SUB-mLJVQlXzg-,A,2,6,6,4,Displays the request type together with the deadline so it can be checked quickly
SUB-mLJVQlXzg-,B,1,7,7,5,"By showing requests and today's to-dos first, it clearly conveys priority well"
SUB-mLJVQlXzg-,B,2,7,7,5,"Groups by deadline and shows information like type and assignee together, so requests can be skimmed quickly"
SUB-zavnzCqQSB,A,1,5,5,4,Reflects the request well
SUB-zavnzCqQSB,A,2,5,5,4,Reflected the request well
SUB-zavnzCqQSB,A,3,5,5,4,The request was applied well.
SUB-zavnzCqQSB,B,1,5,5,4,Reflects the request well
SUB-zavnzCqQSB,B,2,5,5,4,The request was applied well.
SUB-zavnzCqQSB,B,3,5,5,4,The request was applied well.
SUB-GOzI1JO9qq,A,1,5,5,7,
SUB-GOzI1JO9qq,B,1,2,3,7,"It deleted the original's ""offline storage used."""
SUB-Zs1Pvi6Kke,A,1,7,7,4,Changed to a user-centered screen that shows nearby dental clinics by distance
SUB-Zs1Pvi6Kke,A,2,7,7,4,"In moving to desktop view, the bottom tabs were restructured into a sidebar"
SUB-Zs1Pvi6Kke,A,3,7,7,4,Carried out the request well
SUB-Zs1Pvi6Kke,B,1,7,7,4,Changed to a user-centered screen that shows nearby dental clinics by distance
SUB-Zs1Pvi6Kke,B,2,7,7,4,"In moving to desktop view, the bottom tabs were changed to top header navigation"
SUB-Zs1Pvi6Kke,B,3,7,4,4,Carried out the request well
SUB-AlS0Tli75E,A,1,5,5,4,Reflects the request well
SUB-AlS0Tli75E,A,2,5,5,4,Reflected the request accurately
SUB-AlS0Tli75E,A,3,4,4,3,The dark navy line is missing
SUB-AlS0Tli75E,B,1,5,5,4,Reflects the request well
SUB-AlS0Tli75E,B,2,5,5,4,Reflected the request accurately
SUB-AlS0Tli75E,B,3,5,5,4,Applied the request without omissions.
SUB-04SIboIsS8,A,1,7,6,5,
SUB-04SIboIsS8,A,2,6,6,4,
SUB-04SIboIsS8,B,1,7,7,6,
SUB-04SIboIsS8,B,2,6,6,4,
SUB-zGGl614v0V,A,1,7,7,4,"Implemented elevation with a shadow to give a clear sense of depth, and chose a white background to separate it from the background"
SUB-zGGl614v0V,B,1,7,7,5,"Height was implemented with a shadow to give a clear sense of depth, but the background color is still there, and the additional layer underneath was also made tonal, so it feels a bit less separated from the background."
SUB-raReh0s1ye,A,1,5,5,4,The request was applied well.
SUB-raReh0s1ye,A,2,5,5,4,Added a left-hand menu.
SUB-raReh0s1ye,B,1,5,5,4,The request was applied well.
SUB-raReh0s1ye,B,2,5,5,3,Simply expanded horizontally.
SUB-IP1gH_7gt6,A,1,7,7,4,Reflects the request accurately.
SUB-IP1gH_7gt6,B,1,7,7,4,Reflects the request accurately.
SUB-qFnLZNU4j2,A,1,6,6,4,
SUB-qFnLZNU4j2,A,2,6,6,4,Shows Recent nicely by grouping it by time period.
SUB-qFnLZNU4j2,A,3,7,7,5,Made the very top area extremely dark.
SUB-qFnLZNU4j2,B,1,6,6,4,
SUB-qFnLZNU4j2,B,2,6,7,4,Clearly groups recent recipients by region.
SUB-qFnLZNU4j2,B,3,7,7,4,Made the amount area at the top moderately darker than the block below.
SUB-aVTGgOtQ_o,A,1,7,7,3,"When showing proportions, a pie chart is the usual choice."
SUB-aVTGgOtQ_o,B,1,7,7,4,"The pie chart for showing the breakdown over the day is a plus, though the text needs to be organized a bit more compactly."
SUB-8po0cP6vjN,A,1,1,1,4,"The requirement itself is abstract so I'm not sure it was understood properly, but since it wasn't changed excessively, I judged the scope of change to be appropriate."
SUB-8po0cP6vjN,A,2,5,5,3,
SUB-8po0cP6vjN,A,3,7,7,4,Changed the key color of the screen and applied that color appropriately to the background and UI.
SUB-8po0cP6vjN,B,1,7,7,4,
SUB-8po0cP6vjN,B,2,7,7,4,
SUB-8po0cP6vjN,B,3,7,7,4,"Rather than simply changing the background color, it makes the concept feel different through the color change of the screen, so I think it's a result that fits well with the intent of wanting to see a different style."
SUB-9XDvx2MMPH,A,1,5,5,4,The request was applied well.
SUB-9XDvx2MMPH,A,2,5,5,4,Added a left-hand menu.
SUB-9XDvx2MMPH,B,1,5,5,4,The request was applied well.
SUB-9XDvx2MMPH,B,2,5,5,3,Simply expanded horizontally.
SUB-Hq0xLYY3Ae,A,1,5,5,4,Clearly reflects the request.
SUB-Hq0xLYY3Ae,B,1,3,3,3,Doesn't reflect the request at all.
SUB-faQORl21GG,A,1,7,7,4,Carried out the request well.
SUB-faQORl21GG,B,1,7,7,4,Carried out the request well.
SUB-795VZJyZKr,A,1,5,5,4,The request was applied well.
SUB-795VZJyZKr,A,2,4,4,3,"The total payment amount is inside the payment card as before, so the change is minimal."
SUB-795VZJyZKr,A,3,5,5,3,Applied a light purple.
SUB-795VZJyZKr,B,1,5,5,4,The request was applied well.
SUB-795VZJyZKr,B,2,5,5,4,Moved the total payment amount to a fixed bottom area and emphasized it strongly.
SUB-795VZJyZKr,B,3,5,5,4,Clearly distinguished with a dark background.
SUB-sCUC1h3O_p,A,1,5,5,7,
SUB-sCUC1h3O_p,A,2,6,5,7,
SUB-sCUC1h3O_p,A,3,7,5,2,
SUB-sCUC1h3O_p,B,1,5,5,7,
SUB-sCUC1h3O_p,B,2,7,7,4,
SUB-sCUC1h3O_p,B,3,7,7,4,
SUB-2CEAntvS8e,A,1,5,5,4,Adjusted the position in a balanced way.
SUB-2CEAntvS8e,B,1,5,5,4,Adjusted the position in a balanced way.
SUB-wpWFHT2n84,A,1,5,5,4,The request was applied well.
SUB-wpWFHT2n84,B,1,5,5,4,The request was applied well.
SUB-Tr2-05_KoY,A,1,7,7,4,
SUB-Tr2-05_KoY,B,1,7,7,4,
SUB-OGBW_llFEo,A,1,7,6,4,
SUB-OGBW_llFEo,A,2,7,6,4,Changed each row's profile icon into a colored circular initial badge.
SUB-OGBW_llFEo,B,1,7,7,4,The sort text next to All Followers was changed into a button with an expanded options menu.
SUB-OGBW_llFEo,B,2,6,6,4,Each row's profile icon was changed to a deep purple initial badge.
SUB-pPOZ63Wgvb,A,1,5,5,4,The request was applied well.
SUB-pPOZ63Wgvb,B,1,5,5,4,The request was applied well.
SUB-TlUnyJRtiO,A,1,5,5,4,Appropriately reflects the request.
SUB-TlUnyJRtiO,B,1,4,4,6,It just stuck the name text inside the logo.
SUB-PjdgEeoYKG,A,1,7,6,5,The plan structure moved to the very top and the plus benefits are nicely organized into cards.
SUB-PjdgEeoYKG,A,2,7,7,4,Emphasizes yearly well so it looks like the most recommended option.
SUB-PjdgEeoYKG,B,1,6,6,6,"Substantially restructured the plan/pricing area, creating a screen layout different from the original."
SUB-PjdgEeoYKG,B,2,6,6,4,Puts Yearly first and emphasizes it in orange.
SUB-4aOyAbQH8P,A,1,6,5,4,
SUB-4aOyAbQH8P,B,1,6,5,2,
SUB-J9Yd-TKbQ6,A,1,5,5,4,The request was applied well.
SUB-J9Yd-TKbQ6,A,2,5,5,4,The request was applied well.
SUB-J9Yd-TKbQ6,B,1,5,5,4,The request was applied well.
SUB-J9Yd-TKbQ6,B,2,5,5,4,The request was applied well.
SUB-BDTg31_Edy,A,1,7,7,3,Changed the screen resolution well.
SUB-BDTg31_Edy,B,1,6,6,6,Changed it to a desktop screen and laid out the content in two columns.
SUB-uHAf8Ke8oc,A,1,5,5,4,The request was applied well.
SUB-uHAf8Ke8oc,B,1,5,5,5,Excessively modified in design terms.
SUB-zJykiQzvdx,A,1,6,6,4,The requirement is well reflected.
SUB-zJykiQzvdx,A,2,6,6,4,The key point panel is applied well.
SUB-zJykiQzvdx,B,1,6,6,4,Well reflected as requested.
SUB-zJykiQzvdx,B,2,6,6,4,The requirement is well reflected.
SUB-bKHsHntL0T,A,1,6,6,5,"Seems to have been nicely turned into a player for rehab routines by adding prescription info, rep counts, and exercise progress."
SUB-bKHsHntL0T,B,1,6,6,6,Added progress states such as exercise sets and posture guidance.
SUB-x8chDiU20A,A,1,2,1,7,"The request was to change the feel of the situation, but the overall style of the UI was changed entirely, producing a completely different UI."
SUB-x8chDiU20A,A,2,7,7,4,
SUB-x8chDiU20A,A,3,7,7,4,Expresses the date and time selection method differently. (from overlaying a box -> a color change)
SUB-x8chDiU20A,B,1,7,7,4,Corrects the overall nuance by changing the schedule.
SUB-x8chDiU20A,B,2,7,7,4,"Reordered things well, and matched the numbering and UX writing accordingly, improving comprehension."
SUB-x8chDiU20A,B,3,7,7,4,"Changed the selection method consistently to button clicks, in line with the function."
SUB--g8DysnSv6,A,1,5,5,4,The request was applied well.
SUB--g8DysnSv6,A,2,5,5,4,The price text size definitely got smaller.
SUB--g8DysnSv6,A,3,5,5,4,Improved with a blue color tone.
SUB--g8DysnSv6,B,1,5,5,4,The request was applied well.
SUB--g8DysnSv6,B,2,5,5,4,Moved the title all the way to the very top.
SUB--g8DysnSv6,B,3,5,5,4,Improved with a blue color tone.
SUB-aW_nTdx8oz,A,1,6,6,4,Reflects the requirements well.
SUB-aW_nTdx8oz,A,2,6,6,4,Reflects the requirements well.
SUB-aW_nTdx8oz,A,3,6,6,4,Reflects the requirements well.
SUB-aW_nTdx8oz,B,1,6,6,5,"The requirements are well reflected, but the changes are excessive."
SUB-aW_nTdx8oz,B,2,6,6,4,The requirement is well reflected
SUB-aW_nTdx8oz,B,3,6,6,4,The information hierarchy is improved.
SUB-C2FRfs7BS8,A,1,7,7,4,Shows categories sorted by financial goal.
SUB-C2FRfs7BS8,A,2,7,7,4,
SUB-C2FRfs7BS8,B,1,7,7,4,
SUB-C2FRfs7BS8,B,2,7,7,4,
SUB-I4Hepzq5HQ,A,1,7,7,4,"A dotted border and an add tile were added after the thumbnails, so 5 fit naturally in one row. The thumbnail size shrank slightly, keeping the center alignment."
SUB-I4Hepzq5HQ,A,2,3,3,2,"The 'visible in shop' toggle remains at the bottom, same as the original, with no change in position or size."
SUB-I4Hepzq5HQ,A,3,7,7,4,"Color was added to the input field, making it stand out."
SUB-I4Hepzq5HQ,B,1,7,7,4,The thumbnails got a bit smaller and a green add tile was added after the 4 images.
SUB-I4Hepzq5HQ,B,2,7,7,4,"'Visible in shop' was moved right below the condition section, to the very top of the list. It's bigger and bolder than the original."
SUB-I4Hepzq5HQ,B,3,7,6,4,Each field is distinguished by a differently colored border.
SUB-Rkoq9u-pE1,A,1,7,7,4,"The form is on the left and the list on the right in a two-column layout, and the whole card is positioned in the center of the canvas."
SUB-Rkoq9u-pE1,B,1,7,6,4,"It's a left-right two-column structure, but a full-width header bar was added at the top, and the right panel is emphasized with a dark background."
SUB-VXQcALizqg,A,1,7,7,4,Added <> arrow buttons next to the header so you can move to the previous/next week.
SUB-VXQcALizqg,A,2,6,6,4,"Enlarged the size of $60, so it's well reflected."
SUB-VXQcALizqg,A,3,5,5,4,"The card border was made slightly darker, but it doesn't feel much different from the original."
SUB-VXQcALizqg,B,1,7,7,5,"A 'more' tile was added after the date boxes so you can see more dates, but there's the inconvenience of having to go to another page."
SUB-VXQcALizqg,B,2,7,7,5,"The $ is small and the number 60 is enlarged, so the visual size difference is clear."
SUB-VXQcALizqg,B,3,7,7,4,"The border was made sharper, so the boundary line is more distinct."
SUB-9EV4L9JIUu,A,1,7,7,4,"4.3 and the 5 stars are vertically center-aligned, and the bars are placed nicely below."
SUB-9EV4L9JIUu,A,2,7,7,4,All 3 reviews are nicely distinguished with light gray boxes.
SUB-9EV4L9JIUu,B,1,6,6,4,"4.3 and the 5 stars aren't vertically center-aligned, so it looks unstable."
SUB-9EV4L9JIUu,B,2,5,5,5,"The gray rounded box is applied even to the top product area, and the individual star badges in the review area are placed at the bottom — excessive changes."
SUB-HlBUq6bhUm,A,1,7,7,4,Understood the request well and applied it.
SUB-HlBUq6bhUm,A,2,7,6,3,"The order was changed, but the scan frame would look more natural if it were positioned in the center of the screen."
SUB-HlBUq6bhUm,A,3,7,7,4,I mentioned several parts at once and it understood and applied them well.
SUB-HlBUq6bhUm,B,1,7,6,3,"It understood the reordering, but having the description come before the title is awkward."
SUB-HlBUq6bhUm,B,2,7,6,3,"The order was changed, but the scan frame would look more natural if it were positioned in the center of the screen."
SUB-HlBUq6bhUm,B,3,6,5,3,"It understood the requested position and color tone, but it altered rather than maintained the original style."
SUB-pVGTXTIu44,A,1,7,6,4,It understood the request well and applied it only where needed.
SUB-pVGTXTIu44,A,2,7,7,4,Understood the instruction well and applied it.
SUB-pVGTXTIu44,B,1,7,6,4,Understood the request well and applied it.
SUB-pVGTXTIu44,B,2,7,7,4,Understood the request well and applied it.
SUB-iUMiegmH7U,A,1,7,7,4,Placed the menu in the left sidebar. Put the account profile area at the bottom.
SUB-iUMiegmH7U,A,2,7,5,4,"Split it into two groups, delete now / delete later, and newly added a public profile that wasn't in the original."
SUB-iUMiegmH7U,A,3,7,7,4,"Added 4 fields: email, membership, join date, account ID."
SUB-iUMiegmH7U,B,1,7,7,4,Implemented the menu as a top navigation-style layout. Shows the progress steps with a circular checkbox stepper.
SUB-iUMiegmH7U,B,2,5,5,4,Split into two groups and added a number of items that weren't in the original.
SUB-iUMiegmH7U,B,3,7,7,4,"Added 4 fields: email, plan, join date, account ID."
SUB-6kEt26RMqh,A,1,7,6,4,"It gathered the FAQ, inquiries, and articles into one place under a Sleep & recovery section, but in the process 2 items that weren't in the original were newly created."
SUB-6kEt26RMqh,A,2,7,7,4,It reflected all three instructions as given.
SUB-6kEt26RMqh,B,1,7,6,4,"It's an accordion-style expand-and-gather approach, so the structure could apply to other topics too, but on top of the 2 new items, categories that didn't exist (Getting started, Billing & plans) were also created."
SUB-6kEt26RMqh,B,2,7,7,4,It applied all three instructions exactly as given.
SUB-KiZBwP62so,A,1,7,6,4,It kept the original design while appropriately changing the content to be for guardians.
SUB-KiZBwP62so,B,1,7,6,5,"It understood and applied the request, but changing the design style as well feels a bit excessive."
SUB-lq2_Gwby5L,A,1,7,7,4,It preserved the role it had on the existing mobile screen well.
SUB-lq2_Gwby5L,A,2,4,4,4,"Front/Back tab buttons were added, but it seems it didn't consider the role of the existing rotate icon."
SUB-lq2_Gwby5L,B,1,7,7,4,"Likewise, it converted to a desktop view decently, without major changes to or omissions of the existing components."
SUB-lq2_Gwby5L,B,2,7,7,5,"To allow switching between the front/back views, a section called 'body view' was added on the left, and since it's placed relatively large compared to the other elements, the scope of change was broader than expected, but it seems like a proactive solution, so it's positive."
SUB-C4E-djRKBO,A,1,7,7,4,It appropriately changed to a desktop layout.
SUB-C4E-djRKBO,A,2,4,3,2,Not much different from the original.
SUB-C4E-djRKBO,B,1,7,7,5,"It adapted it appropriately for desktop, but it feels strongly like a magazine or an ad rather than a UI related to a pin list."
SUB-C4E-djRKBO,B,2,7,5,5,"It's good that the feel of the main card is different from the original, but it feels strongly like a magazine or an ad rather than a UI related to a pin list."
SUB-qf6XWpCJLi,A,1,7,7,5,Even text that wasn't requested to be changed got changed. It's a shame that the sentences were shortened and the guidance became less clear.
SUB-qf6XWpCJLi,B,1,7,6,5,"It understood and applied the request well, but it also applied other changes that weren't requested."
SUB-sLpdSINsmn,A,1,7,7,4,It decently applied the version display request as text formatted at the same hierarchy level as the Effective date.
SUB-sLpdSINsmn,B,1,6,5,6,"The request to add it below the effective date was applied well, but excessive styling was given, so I think the scope of change was too much."
SUB-QbdFlCb8hn,A,1,5,5,4,It used the full width of the screen for tablet.
SUB-QbdFlCb8hn,A,2,5,5,4,"It applied the request accurately, made it card-style."
SUB-QbdFlCb8hn,A,3,5,5,3,"It moved to the upper half, but it doesn't seem like a very eye-catching area."
SUB-QbdFlCb8hn,B,1,4,4,3,Just the horizontal size increased; it makes poor use of the increased width.
SUB-QbdFlCb8hn,B,2,5,5,4,The graph is accurately represented.
SUB-QbdFlCb8hn,B,3,4,5,5,The shape and position make it hard to immediately recognize it as a button.
SUB-9Y658FUzc8,A,1,4,3,3,It doesn't meet the condition of a narrow area.
SUB-9Y658FUzc8,A,2,5,5,4,A rectangular chip shape was applied.
SUB-9Y658FUzc8,B,1,4,3,3,Doesn't fit the narrow-area condition.
SUB-9Y658FUzc8,B,2,5,5,4,Replaced with icons and chip shapes.
SUB-m2VoF6UWsc,A,1,5,5,3,"The requirements were applied well, but the layout and hierarchy are somewhat lacking."
SUB-m2VoF6UWsc,B,1,5,5,3,"It applied the requirements well, but details like the layout are lacking."
SUB-2x3UkssC6C,A,1,7,6,4,"It added the appropriate function in the requested location. However, there may be cases where users pass it by without knowing what the Aa button means."
SUB-2x3UkssC6C,A,2,5,5,3,"I think it was applied appropriately, to the extent of re-establishing the priority within the existing author info area. However, I question the author's name being pushed down in priority."
SUB-2x3UkssC6C,B,1,7,5,5,"Making the font size adjustable with tab buttons is intuitive, but it's a shame the top bar ended up split into two horizontal rows."
SUB-2x3UkssC6C,B,2,6,6,4,"I think it applied the request well by modifying it in the direction of emphasizing the author info section itself, without major hierarchy changes to the existing screen."
SUB-cpxAeFpXXv,A,1,5,5,3,It's shown as whether it's been reviewed.
SUB-cpxAeFpXXv,A,2,4,4,4,Content was restructured; the list composition isn't much changed.
SUB-cpxAeFpXXv,A,3,5,5,4,Request applied.
SUB-cpxAeFpXXv,B,1,5,5,4,Instruction applied
SUB-cpxAeFpXXv,B,2,5,5,4,Content requiring action is shown first.
SUB-cpxAeFpXXv,B,3,5,5,4,It shows the assignee and the number of unconfirmed items.
SUB-hXbfpAX1x-,A,1,6,5,4,"In response to the request to categorize by topic, it classified them into three broad topics."
SUB-hXbfpAX1x-,B,1,6,6,4,"It separated tabs by topic and also showed the screen for when that tab is clicked, so the request seems well applied."
SUB-QjQk-E43q8,A,1,5,5,4,Content restructured; it added Booth 18 + Ready for setup.
SUB-QjQk-E43q8,B,1,5,5,4,"It even added the check-in route, giving the user suitable information."
SUB-vFzJx9Jt_y,A,1,5,5,4,"It was changed for tablet, but it feels like it was changed for a portrait layout rather than landscape."
SUB-vFzJx9Jt_y,A,2,7,7,4,Appropriately reflects the request.
SUB-vFzJx9Jt_y,A,3,7,7,4,"Only the recording card gets a different color, and the same treatment is applied to other parts of the UI, like the LNB, giving a sense of consistency."
SUB-vFzJx9Jt_y,B,1,5,5,4,"It was changed for tablet, but it feels like it was changed for a portrait layout rather than landscape."
SUB-vFzJx9Jt_y,B,2,7,7,4,Appropriately reflects the request.
SUB-vFzJx9Jt_y,B,3,7,6,4,The request was appropriately applied. It's just a shame that the style of the Markers section on the right also looks a bit different from the original.
SUB-9cAYhLwnD9,A,1,5,5,4,Position change
SUB-9cAYhLwnD9,B,1,5,5,5,Changed the position and reflected the status display in the design
SUB-B0l8vxYRDc,A,1,7,7,4,The change is appropriate
SUB-B0l8vxYRDc,A,2,6,5,4,"It recognized that this is for tablet, but the mark list got slightly smaller compared to the original screen. I assume it shrank because text was added alongside it."
SUB-B0l8vxYRDc,A,3,7,7,4,"Distinguishing 'severity' with tags gives a clean impression, which is good, and the placement is appropriate too."
SUB-B0l8vxYRDc,B,1,7,7,4,The text change was completed in an appropriate position.
SUB-B0l8vxYRDc,B,2,6,5,6,"Making the photo bigger and showing the mark list were applied, but even the layout, which wasn't requested, was completely changed."
SUB-B0l8vxYRDc,B,3,6,5,6,"The changes went too far — turning each row of the marks into card format and adding colors to indicate severity, etc. The placement is appropriate."
SUB-hTtq6hrpBR,A,1,5,5,4,Renews Jun 14
SUB-hTtq6hrpBR,A,2,5,5,4,Icon added
SUB-hTtq6hrpBR,A,3,5,4,3,Placed Account Security toward the top
SUB-hTtq6hrpBR,B,1,5,5,5,Plan renewal
SUB-hTtq6hrpBR,B,2,5,5,4,Icon added
SUB-hTtq6hrpBR,B,3,5,5,5,Placed at the very top
SUB-EYEE89YRvj,A,1,5,5,4,Reduced the button size and placed them side by side
SUB-EYEE89YRvj,B,1,5,5,4,Only swapped the two positions
SUB-z-__X6bLua,A,1,7,7,4,The request was appropriately applied
SUB-z-__X6bLua,A,2,7,7,4,The request was appropriately applied.
SUB-z-__X6bLua,A,3,7,6,4,I liked that it kept the style while emphasizing through size and placement.
SUB-z-__X6bLua,B,1,7,5,5,"It converted well to desktop, but the change to the top area is excessive. Using the full width at the top and a 3-column layout for the content could cause horizontal scrolling on small screens."
SUB-z-__X6bLua,B,2,7,7,4,The request was appropriately applied
SUB-z-__X6bLua,B,3,7,5,5,"The color emphasis makes it the first thing you see, but the style differs a lot from the original."
SUB-FumrzjEK3S,A,1,5,6,4,It only did exactly what was asked; no improvement.
SUB-FumrzjEK3S,A,2,6,6,4,Did as asked
SUB-FumrzjEK3S,B,1,6,4,4,"It tried to make it look like a button, but it actually looks more like an unclickable badge."
SUB-FumrzjEK3S,B,2,6,6,4,"Since the periods differ (daily/weekly), pulling it outside seems like a decent attempt."
SUB-eHf4-72IOv,A,1,7,6,4,"Composed of a clinician list showing direct reports, affiliation, and working hours"
SUB-eHf4-72IOv,A,2,7,7,4,Two-column arrangement with search and guidance on the left and the list on the right. The share button is at the very bottom.
SUB-eHf4-72IOv,B,1,7,7,4,"Grouped by current shift / next shift. It even shows patient numbers, capturing context in finer detail."
SUB-eHf4-72IOv,B,2,7,7,4,Two-column arrangement with the list on the left and search/guidance on the right. The search and cancel buttons are at the bottom.
SUB-N0RRiOeZmR,A,1,7,5,3,"Judging by 'Host view' written at the top, it seems to have understood the request. However, the information at the bottom doesn't seem improved for the host."
SUB-N0RRiOeZmR,A,2,7,7,4,It understood the request and applied it well
SUB-N0RRiOeZmR,B,1,7,5,3,"Judging by 'Mentor check-in' written at the top, it seems to have understood the request. However, the information at the bottom doesn't seem improved for the mentor."
SUB-N0RRiOeZmR,B,2,7,6,4,"It differs a lot from the original style, but it properly understood and applied the request."
SUB-Vc0aXv_XAh,A,1,6,6,4,"Changing 'Invite friends to Cove' to 'Invite coworkers to Cove' immediately makes clear that this is a team-member invite screen, not a friend referral. Removing the existing '3 months of Cove Plus' reward notice and replacing it with 'fill your remaining team seats' accurately shifts the context from reward-centered to seat-management-centered."
SUB-Vc0aXv_XAh,A,2,6,6,4,"It delivered what was requested without additional arbitrary changes.
The options can be distinguished by inserting ∙ between them."
SUB-Vc0aXv_XAh,A,3,6,6,4,"Changing the color to blue makes it stand out.
The size got bigger."
SUB-Vc0aXv_XAh,B,1,6,6,4,Using 'Fill your team seats' as the main title most directly conveys that this is a screen for inviting team members to fill the remaining seats.
SUB-Vc0aXv_XAh,B,2,6,6,4,
SUB-Vc0aXv_XAh,B,3,7,6,4,"Rather than just emphasizing the button, it bundles WORKSPACE INVITE LINK + URL + Copy into a single block, making it clear that the invite link itself is the core action.
Using lime for the Copy button means that even within the link area, the actual action is perceived first."
SUB-Wtgvd_vQTo,A,1,6,6,4,"The terminology in that area was changed, and JPEG/PNG is written at the bottom left of the thumbnail across the board; other than that, the file type is shown without any image."
SUB-Wtgvd_vQTo,A,2,6,6,4,"Each file's area shows who it was deleted by.
("
SUB-Wtgvd_vQTo,B,1,3,3,3,
SUB-Wtgvd_vQTo,B,2,6,6,4,Each card includes who deleted it.
SUB-_gF0KxSkVM,A,1,7,5,4,Understood the request and changed the text appropriately.
SUB-_gF0KxSkVM,A,2,7,7,4,Understood the request well and applied it.
SUB-_gF0KxSkVM,A,3,7,7,4,Understood the request well and applied it.
SUB-_gF0KxSkVM,B,1,7,5,5,"Understood the request well and applied it. However, the changes such as color emphasis and showing button names are somewhat excessive."
SUB-_gF0KxSkVM,B,2,7,3,2,
SUB-_gF0KxSkVM,B,3,7,7,4,Understood the request well and applied it.
SUB-QjToAq_Ju1,A,1,7,7,7,Understood the request and applied it appropriately.
SUB-QjToAq_Ju1,A,2,7,7,4,Understood the request and applied it appropriately.
SUB-QjToAq_Ju1,B,1,7,6,6,"Layout changes that weren't requested also occurred. The title text is shorter than before, which may reduce clarity."
SUB-QjToAq_Ju1,B,2,6,5,3,"Since it uses a tone similar to the body text, it may not look like a separate area."
SUB-dbjGFpNTV-,A,1,7,7,4,Appropriately reflects the request.
SUB-dbjGFpNTV-,A,2,7,7,4,Applied the request appropriately. Items look nicely grouped by date.
SUB-dbjGFpNTV-,A,3,7,6,4,Appropriately reflects the request.
SUB-dbjGFpNTV-,B,1,7,6,5,"Applied the request appropriately, but the working hours end up feeling like the main information."
SUB-dbjGFpNTV-,B,2,7,7,4,Appropriately reflects the request.
SUB-dbjGFpNTV-,B,3,7,7,4,Appropriately reflects the request.
SUB-lHy7hRjg6b,A,1,7,6,4,Added a caution message in orange.
SUB-lHy7hRjg6b,B,1,7,7,4,Created a new separate full-width row and put it in an orange background box with an info icon.
SUB-oGZXUUPQXI,A,1,7,7,4,Captures the feel of a printed receipt/slip well.
SUB-oGZXUUPQXI,B,1,7,7,4,Understood the request well and applied it.
SUB-ouHuUMW3TV,A,1,7,7,4,Understood the request well and carried it out appropriately.
SUB-ouHuUMW3TV,B,1,1,1,1,Didn't understand the request and changed the layout itself.
SUB-jVi4UUgAED,A,1,7,7,4,"Converted to a title and summary box, keeping the original chronological list structure while filling it with cardholder, name/department, and vendor."
SUB-jVi4UUgAED,B,1,7,7,4,"Converted to a title and summary box, and restructured the spending ranking list by cardholder into a dashboard."
SUB-CGW7WbMfiF,A,1,7,4,4,Rewrote the headline and description and attached a small badge next to the name. The target is blended into the text so it stands out less.
SUB-CGW7WbMfiF,A,2,7,6,4,Moved the image to the top of the card and separated the caption right below the image as a label + light green highlight box.
SUB-CGW7WbMfiF,A,3,7,7,4,"Added a share button next to ""recommend""."
SUB-CGW7WbMfiF,B,1,7,7,4,"Created a new large banner at the very top of the card to explicitly declare the target, and consistently rewrote the headline, description, and recommender text."
SUB-CGW7WbMfiF,B,2,7,6,4,"Left the image as is, but laid the tag and caption over the image as a dark overlay, binding the image and caption into one block."
SUB-CGW7WbMfiF,B,3,7,7,4,"Added a comment button next to ""recommend""."
SUB-cEExHmNFSC,A,1,5,5,4,Simply expanded horizontally.
SUB-cEExHmNFSC,A,2,5,5,4,Can compare with charts on the left and right.
SUB-cEExHmNFSC,B,1,5,5,4,Added a left-hand menu.
SUB-cEExHmNFSC,B,2,6,6,4,"The charts are shown side by side vertically, which is intuitive."
SUB-1_pZa-BhpE,A,1,6,6,4,The requirement is well reflected
SUB-1_pZa-BhpE,A,2,2,2,2,"Moving the retention period text above ""Will be erased"" was applied, but the size and weight of the top text were not."
SUB-1_pZa-BhpE,B,1,7,7,4,The requirement is well reflected
SUB-1_pZa-BhpE,B,2,3,3,4,"The same size and bold text as the top line in the request wasn't applied, but it was modified so the areas are distinguished, which looks good."
SUB-awwElwDjUQ,A,1,7,6,4,Added a text link.
SUB-awwElwDjUQ,A,2,6,4,4,"Placed a text button on the same line as the pin icon. Not a separate header bar, but the top part of the card."
SUB-awwElwDjUQ,A,3,5,4,4,Partially changed the headline text and the info box background to a purple tone.
SUB-awwElwDjUQ,B,1,7,7,4,Created two exit paths.
SUB-awwElwDjUQ,B,2,7,7,4,Created a separate standalone header bar with a title divider line and placed the button inside it.
SUB-awwElwDjUQ,B,3,7,7,4,"Wrapped the entire guidance area in a purple background card and even added a thick purple border line at the top, making it stand out much more strongly."
SUB--QAMu66MIE,A,1,7,7,4,"Only swapped left and right: text on the left, number badge on the right."
SUB--QAMu66MIE,A,2,7,7,4,"Changed the background to off-white and the roads to light gray, while keeping the route line and markers in the original dark green."
SUB--QAMu66MIE,B,1,6,5,4,"Completely abandoned the left-right arrangement and changed the structure itself to headline on top and numbered description below; also changed the circle to a square and the marker to 02, creating an entirely new layout."
SUB--QAMu66MIE,B,2,6,4,4,"The background road color was applied well, but the route line was changed from dashed to solid and the markers from empty circles to number-filled circles."
SUB-0478-8KyjT,A,1,7,7,6,The hierarchy distinction of the capsules is expressed too weakly.
SUB-0478-8KyjT,A,2,6,6,4,Grouped at an appropriate level per the request.
SUB-0478-8KyjT,A,3,6,6,3,"It looks like they put the action feature in as a risk summary ON/OFF toggle, but this should probably be a feature that's always visible."
SUB-0478-8KyjT,B,1,6,6,4,The risk summary is laid out as a mini card so you can grasp it at a glance.
SUB-0478-8KyjT,B,2,6,7,4,It's impressive that the risk status is also indicated within the ingredient list.
SUB-0478-8KyjT,B,3,4,4,3,It's unclear what the Swap feature actually does.
SUB-ATkCBkQc5P,A,1,7,7,4,Appropriately modified for a standard PC layout.
SUB-ATkCBkQc5P,A,2,7,7,4,It's excellent that they put the needed information on each line instead of unnecessary decoration.
SUB-ATkCBkQc5P,A,3,7,7,4,The instruction was appropriately applied.
SUB-ATkCBkQc5P,B,1,7,7,5,"It's well applied for desktop, but it seems it will fall short on responsive support."
SUB-ATkCBkQc5P,B,2,6,6,3,It was only applied as a decorative element of low informational importance.
SUB-ATkCBkQc5P,B,3,6,6,4,The instruction was appropriately applied.
SUB-wyZ7Ohzil7,A,1,7,6,4,The two steps are well structured in the order requested.
SUB-wyZ7Ohzil7,A,2,6,5,4,"They differentiated the tone of the continue button, which used to look similar, making it stand out more."
SUB-wyZ7Ohzil7,B,1,6,5,5,"The instruction was well understood and applied, but the scope of change is broad, with descriptive text added, etc."
SUB-wyZ7Ohzil7,B,2,1,1,1,"Instead of changing the tone of the continue button, only the text inside was changed."
SUB-CInVVpxqVh,A,1,7,7,4,The update was done well and only for what was requested.
SUB-CInVVpxqVh,B,1,7,5,7,"It was applied, but they arbitrarily added another layer of intent, going as far as differentiating by badge."
SUB-vRzMFQgKyw,A,1,6,6,4,An appropriate improvement.
SUB-vRzMFQgKyw,B,1,5,5,3,The table format can be a bit confusing.
SUB-swms2SY0Wh,A,1,6,6,4,The card content is well condensed.
SUB-swms2SY0Wh,A,2,6,6,4,Seems organized around the necessary content.
SUB-swms2SY0Wh,B,1,6,6,5,"The card elements were rearranged, but the design was also changed excessively."
SUB-swms2SY0Wh,B,2,6,5,3,"There's a lot of information, so the key information doesn't really come through at a glance."
SUB-U_-Q8VFnDl,A,1,6,6,4,The requirements are well reflected.
SUB-U_-Q8VFnDl,B,1,6,6,4,"The concept of 'the same line' was broadened, but it's an appropriate improvement."
SUB-HfHms9_x4A,A,1,6,6,4,The requirements are well reflected.
SUB-HfHms9_x4A,A,2,6,6,4,The requirements are well reflected.
SUB-HfHms9_x4A,A,3,5,6,4,The scope of the change is appropriate.
SUB-HfHms9_x4A,B,1,6,6,5,"The requirement was applied, but it's not optimized for the mobile environment."
SUB-HfHms9_x4A,B,2,6,6,4,The requirements are well reflected.
SUB-HfHms9_x4A,B,3,5,5,3,Hmm.. there is the issue that what was requested isn't clear.
SUB-ZryS9-EaG7,A,1,5,4,3,"They distinguished mutual follows by adding color and chips, but it feels like a lot of unnecessary elements were added instead."
SUB-ZryS9-EaG7,B,1,7,6,4,Well classified so you can distinguish them at once based on following status.
SUB-wICXaORCew,A,1,6,6,4,The requirements are well reflected.
SUB-wICXaORCew,A,2,6,6,4,The requirements are well reflected.
SUB-wICXaORCew,A,3,6,6,4,The requirements are well reflected.
SUB-wICXaORCew,B,1,6,5,3,"The requirement was well applied, but it doesn't take fuller advantage of the desktop environment."
SUB-wICXaORCew,B,2,6,6,4,The requirements are well reflected.
SUB-wICXaORCew,B,3,6,6,4,The requirements are well reflected.
SUB-snRHnffuia,A,1,6,6,4,The requirements are well reflected.
SUB-snRHnffuia,A,2,6,6,4,The requirements are well reflected.
SUB-snRHnffuia,B,1,6,6,4,The requirements are well reflected.
SUB-snRHnffuia,B,2,6,6,4,The requirements are well reflected.
SUB-dazad5i42l,A,1,6,6,4,The requirement is well applied.
SUB-dazad5i42l,A,2,6,6,4,The requirements are well reflected.
SUB-dazad5i42l,B,1,6,6,4,Reflects the requirements well.
SUB-dazad5i42l,B,2,6,5,5,"They further improved it into a card format, but it's questionable whether that was necessary."
SUB-Lf1VjdXBzG,A,1,6,5,3,The color should have been changed too.
SUB-Lf1VjdXBzG,B,1,6,5,4,"Applied as requested, but visibility is poor."
SUB-i2vS9iSZZa,A,1,5,5,4,The requirement was applied.
SUB-i2vS9iSZZa,A,2,7,7,4,The requirement was applied.
SUB-i2vS9iSZZa,A,3,6,6,4,The requirement was applied.
SUB-i2vS9iSZZa,B,1,5,5,4,Applied the requirement.
SUB-i2vS9iSZZa,B,2,5,5,5,Applied the requirement.
SUB-i2vS9iSZZa,B,3,6,6,4,Applied the requirement.
SUB-DkL8KnsV5T,A,1,6,6,5,Questionable whether horizontal alignment was needed.
SUB-DkL8KnsV5T,B,1,5,5,3,"The ranking information is mixed in, which lowers recognizability."
SUB-vNfagxklbZ,A,1,6,6,4,Reflects the requirements well.
SUB-vNfagxklbZ,A,2,6,6,4,"Included everything — whether they signed up, until when, etc."
SUB-vNfagxklbZ,B,1,6,6,4,Reflects the requirements well.
SUB-vNfagxklbZ,B,2,6,6,4,Reflects the requirements well.
SUB-3p1KoaErFF,A,1,6,6,4,The requirement is well reflected
SUB-3p1KoaErFF,A,2,5,4,3,"They did touch up the elements, but the requirement itself is hard to parse."
SUB-3p1KoaErFF,A,3,4,3,3,Not applied.
SUB-3p1KoaErFF,B,1,6,6,4,The requirements are well reflected.
SUB-3p1KoaErFF,B,2,6,5,4,"Not sure if it fits the requested scope, but it was applied."
SUB-3p1KoaErFF,B,3,6,6,4,Displayed with more emphasis
SUB-50A07tQsJ4,A,1,6,6,4,Changed the hierarchy
SUB-50A07tQsJ4,A,2,6,6,4,What was requested is reflected
SUB-50A07tQsJ4,B,1,6,6,4,The requested content is well reflected.
SUB-50A07tQsJ4,B,2,6,6,4,The requirements are well reflected.
SUB-uSJHT6-gRz,A,1,6,4,5,"The requested content was applied, but the layout is broken"
SUB-uSJHT6-gRz,A,2,6,6,4,The requested content is well reflected
SUB-uSJHT6-gRz,B,1,6,6,4,The requirements are well reflected.
SUB-uSJHT6-gRz,B,2,6,6,4,Uses appropriate components and graphics
SUB-e8WIQr3MzR,A,1,7,7,4,The requirement is well reflected
SUB-e8WIQr3MzR,A,2,7,7,4,The requirement is well reflected
SUB-e8WIQr3MzR,B,1,7,7,4,The requirement is well reflected
SUB-e8WIQr3MzR,B,2,7,7,4,The requirement is well reflected
SUB-EHTFy34fen,A,1,6,6,4,The requested content is well reflected.
SUB-EHTFy34fen,A,2,6,6,4,The requirements are well reflected.
SUB-EHTFy34fen,A,3,6,6,4,The requirements are well reflected.
SUB-EHTFy34fen,B,1,6,6,4,The requirements are well reflected.
SUB-EHTFy34fen,B,2,6,6,4,The requirements are well reflected.
SUB-EHTFy34fen,B,3,6,6,4,The requirements are well reflected.
SUB-vCybKQAyLg,A,1,6,6,4,The requirements are well reflected.
SUB-vCybKQAyLg,A,2,6,6,4,The requirements are well reflected.
SUB-vCybKQAyLg,A,3,6,6,4,The requirements are well reflected.
SUB-vCybKQAyLg,B,1,6,6,5,The word 'card' is unnecessary
SUB-vCybKQAyLg,B,2,6,6,5,The line on the left is unnecessary
SUB-vCybKQAyLg,B,3,6,6,4,The requirements are well reflected.
SUB-Gj2ZP10Hnx,A,1,6,6,4,Sorted by category.
SUB-Gj2ZP10Hnx,B,1,7,7,4,Reflects the request well.
SUB-E1SEuYjrg4,A,1,7,7,4,The requirement is well reflected
SUB-E1SEuYjrg4,A,2,3,2,2,Looks like it's bundled together with the sticker
SUB-E1SEuYjrg4,A,3,7,7,4,The requirement is well reflected
SUB-E1SEuYjrg4,B,1,7,7,4,The requirements are well reflected.
SUB-E1SEuYjrg4,B,2,7,7,4,The requirements are well reflected.
SUB-E1SEuYjrg4,B,3,6,6,4,The requirements are well reflected.
SUB-8LwQtRxQ_3,A,1,7,7,4,The requirements are well reflected.
SUB-8LwQtRxQ_3,A,2,6,6,4,The requirements are well reflected.
SUB-8LwQtRxQ_3,A,3,6,6,4,The requirements are well reflected.
SUB-8LwQtRxQ_3,B,1,6,5,6,The meaning of the graph isn't clear
SUB-8LwQtRxQ_3,B,2,6,6,4,Well applied.
SUB-8LwQtRxQ_3,B,3,6,6,4,Well reflected
SUB-Q5M2-rFx-C,A,1,6,6,4,Reflects the requirements well.
SUB-Q5M2-rFx-C,A,2,6,6,4,Not only changed the order but also improved the information hierarchy
SUB-Q5M2-rFx-C,A,3,6,6,4,The requested content is well reflected.
SUB-Q5M2-rFx-C,B,1,6,6,6,The message button doesn't need to be moved higher up
SUB-Q5M2-rFx-C,B,2,6,6,6,Too much change
SUB-Q5M2-rFx-C,B,3,6,6,5,Too much change
SUB-NYCOanSb47,A,1,6,6,4,The requirements are well reflected.
SUB-NYCOanSb47,B,1,6,5,5,Loses the tone and manner
SUB--7e9LB3aq1,A,1,6,6,4,The requirements are well reflected.
SUB--7e9LB3aq1,B,1,6,5,5,Putting the two buttons on one line isn't appropriate
SUB-6pc8qcz-P2,A,1,5,5,4,Rearranged for tablet in line with the request
SUB-6pc8qcz-P2,A,2,6,6,4,Moved by drag
SUB-6pc8qcz-P2,B,1,5,5,4,Arranged in line with the request
SUB-6pc8qcz-P2,B,2,4,4,5,Moving one at a time with up/down buttons — very cumbersome to operate
SUB-uGzcKrTrRn,A,1,5,5,4,Request applied.
SUB-uGzcKrTrRn,A,2,5,5,4,Well applied so it looks like dark mode
SUB-uGzcKrTrRn,B,1,5,5,4,Accurately shows the course and the commentator
SUB-uGzcKrTrRn,B,2,5,5,4,"Dark, high contrast"
SUB-hiDBiVzLq0,A,1,5,5,4,Changed background and border colors
SUB-hiDBiVzLq0,B,1,4,4,5,Not light purple but a deeper purple than A
SUB-FCRD4BMbpf,A,1,7,7,5,"Filled the button background with the same red as the Expired badge and made the text and + icon white. The requested color spec is reflected as is. However, a ""Takes a minute"" line that wasn't in the original was newly added on the right, so it feels like more than what was requested."
SUB-FCRD4BMbpf,B,1,7,6,5,"Filled the button with the Expired red and made the text and + icon white. The color spec is reflected as requested. However, the original lowercase label was changed to uppercase ADD CARD OR BANK and the shape was changed to a pill button. The + icon was also put inside a circle. Only the color was requested, but the shape was tinkered with more."
SUB-oHLpgQptQ7,A,1,6,6,4,"Rearranged the UI for desktop, putting the map at the center and placing the list layer"
SUB-oHLpgQptQ7,A,2,5,5,4,"Changed to a stepped order, handled chronologically"
SUB-oHLpgQptQ7,A,3,5,5,4,Puts the map at the center and places the list panel above
SUB-oHLpgQptQ7,B,1,5,5,4,Rearranged for desktop
SUB-oHLpgQptQ7,B,2,4,4,4,A UI that spreads out horizontally isn't suitable when viewing chronologically.
SUB-oHLpgQptQ7,B,3,5,5,4,The panel is positioned over the map
SUB-6TgXZ4rBFa,A,1,5,5,4,Split the screen left and right
SUB-6TgXZ4rBFa,A,2,5,5,4,Added a Discard changes button
SUB-6TgXZ4rBFa,A,3,5,5,4,
SUB-6TgXZ4rBFa,B,1,5,5,4,Divided the screen into left and right and added a background to the right area — a clear screen split
SUB-6TgXZ4rBFa,B,2,5,5,4,Reflected in the request
SUB-6TgXZ4rBFa,B,3,5,5,4,Requested items applied.
SUB-f-8kuzQTAk,A,1,5,5,4,Expressed them differently as a button and a link-style button and changed their positions
SUB-f-8kuzQTAk,B,1,5,5,4,"The request was applied, but Keep post doesn't look like a button."
SUB-K-q3ue7q2w,A,1,5,5,4,Changed the header title.
SUB-K-q3ue7q2w,A,2,5,5,4,Great fit
SUB-K-q3ue7q2w,A,3,5,5,4,Checklist
SUB-K-q3ue7q2w,B,1,5,5,4,Fixed the header title.
SUB-K-q3ue7q2w,B,2,5,4,4,Best Fit
SUB-K-q3ue7q2w,B,3,5,5,4,Shows the requirements as chips.
SUB-dLd4xeduIV,A,1,5,5,4,Added a filter.
SUB-dLd4xeduIV,A,2,5,5,4,Rendered in gray.
SUB-dLd4xeduIV,B,1,5,5,4,Provides a filter button.
SUB-dLd4xeduIV,B,2,5,5,4,Restructured the requested order.
SUB-dyiTn5LZ8V,A,1,4,6,5,"Putting a Join call button in the footer seems to cover the request itself. But the whole card was shrunk so all the text got smaller. It only needed the footer touched, yet it feels like the density was messed with too. Placing Agenda and Join call together is fine."
SUB-dyiTn5LZ8V,B,1,7,7,5,Placing a big Join video call button in the footer captures the intent of joining right away accurately. Adding the dial-in number and PIN feels like it went slightly beyond the request. View agenda got demoted to a link.
SUB-IMramlingk,A,1,5,5,4,Only the background color and title of the top section changed.
SUB-IMramlingk,A,2,5,5,4,Made the title font bigger.
SUB-IMramlingk,A,3,5,5,4,The request was applied.
SUB-IMramlingk,B,1,5,5,5,Provides summary info at the top and categorizes the list.
SUB-IMramlingk,B,2,5,5,4,Made the title larger and changed the label's font and color.
SUB-IMramlingk,B,3,6,6,4,Request applied.
SUB-nckzfrrgPf,A,1,5,5,4,Changed to child's wallet.
SUB-nckzfrrgPf,A,2,5,5,4,Order change.
SUB-nckzfrrgPf,B,1,5,5,4,Added content and features in line with the request.
SUB-nckzfrrgPf,B,2,5,5,4,Moved the Recent activity order up.
SUB-n0VQ_dAcr-,A,1,5,5,4,Panel centered.
SUB-n0VQ_dAcr-,A,2,5,5,4,Panel layout changed in line with the request.
SUB-n0VQ_dAcr-,B,1,5,5,4,A modification that matches the request.
SUB-n0VQ_dAcr-,B,2,5,5,4,Panel layout changed in line with the request.
SUB-y2Ni_6YlVh,A,1,5,5,4,Layout fixed in line with the request.
SUB-y2Ni_6YlVh,B,1,5,5,4,Layout fixed in line with the request.
SUB-fcyfz1IL-b,A,1,7,7,5,"Restructured the title area into a two-line structure with back button, brand name, collection count, screen title, and edit state. The composition definitely changed, but a lot of secondary elements were added around the title."
SUB-fcyfz1IL-b,A,2,7,7,4,Accurately replaced with sequence numbers. The size and contrast differences of the numbers make the current position easy to distinguish too.
SUB-fcyfz1IL-b,B,1,7,7,5,"Restructured the top into a SHOP NAVIGATION label, centered title, and description, and separated the list title into its own section. The request is clearly reflected, but the list structure below the title was also changed significantly."
SUB-fcyfz1IL-b,B,2,7,7,5,"Replaced the initials with ORDER 01, 02, 03 badges, so the sequence info is clear. The badges are bigger than plain numbers and labels were added, so the scope of change is a bit wide."
SUB-TPysCnr9OZ,A,1,5,5,5,"It's emphasized, but the applied style is too eye-catching — it looks like the main content."
SUB-TPysCnr9OZ,A,2,5,5,5,It has a strong personality but can't be called elegant.
SUB-TPysCnr9OZ,B,1,5,5,4,Emphasized.
SUB-TPysCnr9OZ,B,2,4,4,3,Doesn't look distinctive.
SUB-ifj93vZhn5,A,1,7,7,5,"Uses the desktop width to put the score and bar graph in the left panel and the review list on the right. The two areas are divided by background and whitespace without a center divider, but many summary metrics and review-related elements were also added."
SUB-ifj93vZhn5,A,2,7,7,4,Places Ratings & reviews large at the very top of the screen and moves the 4.3 down into the summary panel below.
SUB-ifj93vZhn5,B,1,7,7,6,"Places the score and bar graph on the left and a review card grid on the right, and also removed the center divider. The review area itself was greatly expanded with filters, review replies, helpful marks, etc., so the scope of change is wide."
SUB-ifj93vZhn5,B,2,7,7,4,Placed it at the top left first and moved the average score below it. Both the font size and vertical order are arranged so the title is read first.
SUB-MIXFlMSqpW,A,1,6,6,4,Added a search area.
SUB-MIXFlMSqpW,A,2,5,5,4,Expressed the numbering part as steps.
SUB-MIXFlMSqpW,B,1,5,5,4,Added a search area.
SUB-MIXFlMSqpW,B,2,4,3,2,Laid out the numbering part left and right.
SUB-lmG45JDqSR,A,1,7,7,4,Applied the request well.
SUB-lmG45JDqSR,A,2,7,7,4,"Added a note in the bottom purchase summary that, along with the amount charged today, it renews at the same amount every 30 days. The amount, billing cycle, and CTA all read within one area."
SUB-lmG45JDqSR,A,3,7,7,4,All elements are reflected directly.
SUB-lmG45JDqSR,B,1,7,7,5,Placed the purchase cycle and delivery quantity together inside the Build your delivery panel. Turning the three options into horizontal cards changes the layout a bit more than requested.
SUB-lmG45JDqSR,B,2,7,7,4,"The payment terms are summarized in one line above the CTA, so the content is clear."
SUB-lmG45JDqSR,B,3,7,7,4,Applied everything.
SUB-RvELbJW9tz,A,1,5,5,4,The list is grouped as requested.
SUB-RvELbJW9tz,B,1,5,5,4,Separated into unselected menu items and selected menu items.
SUB-tZ3NQWpoVW,A,1,7,7,5,"Reorganized the top bar with profile info and Edit, making the account-related entry point clear. However, removing even the Settings title weakens the identity of the current screen."
SUB-tZ3NQWpoVW,A,2,7,7,4,The card separation is immediately visible.
SUB-tZ3NQWpoVW,B,1,7,7,5,"Kept the Settings title while adding Account and a search bar, expanding the role of the top area."
SUB-tZ3NQWpoVW,B,2,7,7,5,"Strengthened the color and weight of the subheadings and added a bottom divider, making section boundaries clear. The emphasis is a bit heavier than needed."
SUB-a0cTsvFnqX,A,1,6,6,4,"Widened for desktop, but the main content is clustered in a single column at the top, so the wider space isn't fully utilized."
SUB-a0cTsvFnqX,A,2,7,7,4,Changed the order and position clearly.
SUB-a0cTsvFnqX,A,3,7,7,4,Reflected accurately.
SUB-a0cTsvFnqX,B,1,7,7,5,"Splits into left and right columns, actively using the desktop width. The guidance structure and wording are also heavily reworked, so the scope of change is somewhat broad."
SUB-a0cTsvFnqX,B,2,7,7,4,Reflected accurately.
SUB-a0cTsvFnqX,B,3,7,7,4,Applied a border so the lesson info is clearly distinguished as an independent box.
SUB-nBBRxbn1f6,A,1,7,7,4,"Shows the time slot and calorie total at the top of each group. Also removed the per-item times, accurately reflecting the request."
SUB-nBBRxbn1f6,A,2,7,7,4,"Changed everything below the viewfinder to a pale purple, clearly distinguishing it from the original's white area."
SUB-nBBRxbn1f6,B,1,7,7,5,Put the time slot and calorie total into each meal card and removed the per-item times. Placing the two groups side by side makes the layout change larger than requested.
SUB-nBBRxbn1f6,B,2,7,7,4,Clearly distinguished from the original's white area.
SUB-Go51BIugJB,A,1,7,7,4,"Added a short note. Placed with lower contrast than the button, so it works well as supplementary info."
SUB-Go51BIugJB,A,2,7,7,4,The hierarchy where the title comes before the label is also clear.
SUB-Go51BIugJB,B,1,7,7,6,"Added the specific settings path below the button, but with a separate background, dashed border, icon, and subheading, the emphasis is excessive for a short supplementary note."
SUB-Go51BIugJB,B,2,6,7,5,"Made the red label smaller and placed it near the title, forming a tight group. The added vertical line goes beyond the scope of the request and increases the visual weight of the title area."
SUB-KDjrcO1YtO,A,1,5,5,5,"A separate group is created for each line, giving more the impression of splitting items up finely than of grouping them."
SUB-KDjrcO1YtO,A,2,7,7,4,Applied appropriately.
SUB-KDjrcO1YtO,B,1,7,7,4,"Separated them, accurately expressing the difference in the nature of the items."
SUB-KDjrcO1YtO,B,2,7,7,5,"There's more information than requested, but it's structured so it doesn't feel cluttered."
SUB-Zsp5lMvpPo,A,1,7,7,4,Changed to suit the desktop screen.
SUB-Zsp5lMvpPo,A,2,7,7,4,Can be checked clearly.
SUB-Zsp5lMvpPo,B,1,7,7,4,Actively utilizes the desktop width.
SUB-Zsp5lMvpPo,B,2,7,7,5,
SUB-m-MPl2cg4U,A,1,7,7,4,The theme of study records is clear.
SUB-m-MPl2cg4U,A,2,7,7,4,"Displays '40 others', so the requested information is added accurately."
SUB-m-MPl2cg4U,B,1,7,7,4,The theme of study records is clear.
SUB-m-MPl2cg4U,B,2,7,6,5,"Shows +40 others as a chip, making it easy to see who reacted. Uses +40 others instead of the requested 'and others' wording, and also changes the reaction count line itself substantially into a separate metric format."
SUB-bxMUSJozcP,A,1,6,6,3,"Adapted to desktop, but lacking in layout detail."
SUB-bxMUSJozcP,A,2,6,6,4,Reflects the request well
SUB-bxMUSJozcP,A,3,6,6,3,The layout isn't appropriate.
SUB-bxMUSJozcP,B,1,6,6,3,Not optimized for a desktop screen.
SUB-bxMUSJozcP,B,2,6,6,4,Reflects the requirements well.
SUB-bxMUSJozcP,B,3,6,6,4,Reflects the requirements well.
SUB-PgC-2PosmT,A,1,5,5,4,"Desktop screen, report card placed in the center."
SUB-PgC-2PosmT,A,2,5,5,4,Provides information on what's being reported before submission.
SUB-PgC-2PosmT,B,1,5,5,4,"Desktop screen, report card placed in the center."
SUB-PgC-2PosmT,B,2,5,5,4,REPLY BEING REPORTED provides detailed information.
SUB-tR5spHTGye,A,1,7,7,4,Implements the desktop structure accurately.
SUB-tR5spHTGye,A,2,7,7,4,"Placed the relevant times within each date column, so which date each time belongs to is immediately visible. Booked times are also distinguished within the same column."
SUB-tR5spHTGye,A,3,7,7,6,
SUB-tR5spHTGye,B,1,7,7,4,Implements the desktop structure accurately.
SUB-tR5spHTGye,B,2,7,7,4,"It places the relevant times inside a per-date accordion and displays ""TIMES ON THURSDAY, AUGUST 20,"" making the relationship between time and date very clear."
SUB-tR5spHTGye,B,3,5,3,2,Hard to say the level of the advisor's explanation was changed.
SUB-M62C4TYj6w,A,1,6,6,4,Reflects the requirements well.
SUB-M62C4TYj6w,A,2,5,4,2,"I get the intent, but I don't know where the grouping unit comes from."
SUB-M62C4TYj6w,B,1,6,6,4,Appropriate for a desktop environment.
SUB-M62C4TYj6w,B,2,5,5,4,"Can't tell where the grouping comes from, but it's acceptable."
SUB-WIActkCs7T,A,1,5,4,4,Topic and content changed.
SUB-WIActkCs7T,B,1,5,5,4,Topic and content changed.
SUB-LV_5cMg4o6,A,1,6,6,4,Reflects the requirements well.
SUB-LV_5cMg4o6,A,2,6,6,4,Reflects the requirements well.
SUB-LV_5cMg4o6,B,1,6,6,4,Reflects the requirements well.
SUB-LV_5cMg4o6,B,2,6,5,4,"Appropriate, but the partial layout is a problem."
SUB-9Mfuus3ahv,A,1,5,5,4,Immediate save function.
SUB-9Mfuus3ahv,B,1,5,5,4,Groups the save buttons by function.
SUB-bqbDXdywRn,A,1,7,7,4,The filtering purpose is clear.
SUB-bqbDXdywRn,A,2,7,7,4,Reflected accurately.
SUB-bqbDXdywRn,A,3,7,7,4,The difference in states is clear.
SUB-bqbDXdywRn,B,1,6,6,4,"It isn't a way of dividing the time slots themselves, so the range of choices as a Start time filter is narrower than A."
SUB-bqbDXdywRn,B,2,7,7,4,Reflected accurately.
SUB-bqbDXdywRn,B,3,7,7,5,"It applied an orange border and background, but changed the entire accent color to orange tones — not just the time chips but also the labels, avatar, summary card, and CTA."
SUB-II2SJwmgyK,A,1,7,7,4,Accurately changed from a chronological list to a structure organized by type.
SUB-II2SJwmgyK,A,2,7,7,4,"It displays the email address as well, so you can immediately tell which account's inbox it is."
SUB-II2SJwmgyK,A,3,7,6,4,"The contrast between background and border is weak, so it doesn't feel very much like it's pressed."
SUB-II2SJwmgyK,B,1,7,7,5,"Each group is bundled into a separate card. The classification is clear, but adding the card structure too makes the change somewhat large."
SUB-II2SJwmgyK,B,2,7,7,4,"The email address and unread mail count are laid out large, so account identification is fastest."
SUB-II2SJwmgyK,B,3,7,7,5,"The search bar is made into a wide area in deep purple, clearly distinguishing it from the lighter filter chips below. The emphasis is strong, so there's an aspect where it catches the eye before the account info at the top."
SUB-Zwc6nBucw9,A,1,7,7,4,"It specifies the expected date as Aug 3, 2025 and also shows 50 days remaining and about 7 weeks. The same information is repeated in several ways, so there's a bit too much explanation."
SUB-Zwc6nBucw9,A,2,7,7,4,Accurate.
SUB-Zwc6nBucw9,A,3,7,7,4,Accurate.
SUB-Zwc6nBucw9,B,1,7,7,4,"It links ""Lands Aug 3"" and also explains the condition of maintaining the current daily log, clearly showing the expected date."
SUB-Zwc6nBucw9,B,2,7,7,4,Accurate.
SUB-Zwc6nBucw9,B,3,7,7,6,"It even adds a star icon, so the change to the badge area is a bit larger than requested."
SUB-nCpPMKBIa7,A,1,6,6,5,"It changes the vertical loading screen into a left-right split structure, placing the workspace info and the loading card side by side. It has a desktop form, but it feels more like a standalone info screen than a full app."
SUB-nCpPMKBIa7,B,1,7,7,4,"It places the loading state inside a desktop app screen with a top navigation, search bar, user area, and board columns, maintaining the work context."
SUB-ZvhvWcMSTQ,A,1,6,5,3,"It adds breadcrumbs and arranges the list into horizontal rows, but the core editing area stays in a small card in the center of the screen, so it doesn't make full use of the desktop width."
SUB-ZvhvWcMSTQ,B,1,7,7,4,Appropriately converted into a desktop course-editing workspace.
SUB-7W4SuKLKZK,A,1,7,7,4,"It moves the navigation to a left sidebar and splits the accommodation info, payment, and reservation management areas into left and right columns, converting to a desktop structure."
SUB-7W4SuKLKZK,B,1,7,7,4,"It composes a top navigation, a full-width confirmation banner, and left-right columns for accommodation info and reservation summary, fitting the desktop screen naturally."
SUB-LJpGPkK50-,A,1,7,7,4,Reflected accurately.
SUB-LJpGPkK50-,A,2,7,7,4,"By placing ""+ Create queue"" to the right of the list, queue selection and the creation function can be seen in the same area."
SUB-LJpGPkK50-,A,3,7,7,4,Reflected accurately.
SUB-LJpGPkK50-,B,1,7,7,4,Priority can be checked quickly.
SUB-LJpGPkK50-,B,2,7,7,4,"Placing the ""+ New queue"" button makes the relationship between the list title and the creation function clear."
SUB-LJpGPkK50-,B,3,7,7,4,Applied accurately.
SUB-1LJxv0Xg7W,A,1,7,6,4,"It removes information and places ""24 minutes"" large in the center of a circular progress indicator, clearly converting it to a smartwatch screen. Without the ""36 of 60 minutes"" figure, the exact amount elapsed is harder to grasp than in the original."
SUB-1LJxv0Xg7W,B,1,7,7,5,"Both the remaining time and progress state are clear. It even adds a Pause session button that wasn't requested, so the scope is a bit broad."
SUB-Ii2ipubQe_,A,1,7,7,5,"It restructures into three areas, clearly indicating the meaning of each time. It also adds the total time, so the information scope is a bit broader than requested."
SUB-Ii2ipubQe_,B,1,7,7,4,
SUB-_AS9HhsSKu,A,1,7,7,4,Accurately reflects the instruction.
SUB-_AS9HhsSKu,B,1,7,5,6,"It adds episode information, but applies a separate background and vertical line, so the emphasis is greater than requested. The text is truncated with ellipsis, so it's hard to fully check even the playback length."
SUB-ZK8qWCRTj5,A,1,7,7,4,Appropriately reflects the request.
SUB-ZK8qWCRTj5,A,2,7,7,4,Appropriately reflects the request.
SUB-ZK8qWCRTj5,A,3,7,6,4,Adding the Used column makes it easier to judge whether it's in use.
SUB-ZK8qWCRTj5,B,1,7,7,4,Appropriately reflects the request.
SUB-ZK8qWCRTj5,B,2,7,5,5,Using a different card layout for each method doesn't seem useful. The emphasis styling on the preferred method card is excessive.
SUB-ZK8qWCRTj5,B,3,7,5,3,
SUB-5ZiKP7ZSCn,A,1,7,7,4,Appropriately reflects the request.
SUB-5ZiKP7ZSCn,A,2,7,6,4,Appropriately reflects the request.
SUB-5ZiKP7ZSCn,A,3,7,7,4,Appropriately reflects the request.
SUB-5ZiKP7ZSCn,B,1,6,6,3,"The instruction was understood, but the indication that it's a company account is lacking."
SUB-5ZiKP7ZSCn,B,2,6,5,3,"The instruction was understood, but the design polish is disappointing. Unnecessary phrases like ""First shown"" and ""Last shown"" were also added."
SUB-5ZiKP7ZSCn,B,3,7,6,4,Understood the instruction and applied it.
SUB-_HO9scvIS-,A,1,7,7,4,Appropriately reflects the request.
SUB-_HO9scvIS-,B,1,7,6,3,"There are several different styles for indicating the steps, so it looks inconsistent."
SUB-4SHf0HJjFd,A,1,7,7,4,Appropriately reflects the request.
SUB-4SHf0HJjFd,B,1,7,5,7,"Understood the instruction well, but the style changes are excessive and the information structure differs somewhat from the original."
SUB-pn07Afi7LW,A,1,6,3,6,
SUB-pn07Afi7LW,A,2,7,7,4,"If changing 'Tracks · 24' to '24 tracks' falls within the scope of that prompt, then since it asked to swap the order, I'd say it was changed appropriately."
SUB-pn07Afi7LW,B,1,5,3,4,
SUB-pn07Afi7LW,B,2,3,2,3,
SUB-xzOokUB717,A,1,7,7,4,The requirement is well reflected
SUB-xzOokUB717,A,2,6,6,4,A certain area isn't making good use of the horizontal space.
SUB-xzOokUB717,A,3,7,7,4,The requirements are well reflected.
SUB-xzOokUB717,B,1,7,7,4,The requirements are well reflected.
SUB-xzOokUB717,B,2,7,7,4,The requirements are well reflected.
SUB-xzOokUB717,B,3,7,7,4,The requirements are well reflected.
SUB-8Qrt232jnp,A,1,7,6,4,Changed the existing purple square brand mark to a combination of a circular border with a centered icon.
SUB-8Qrt232jnp,B,1,7,6,5,"Changed the existing flat purple square mark to a tilted, three-dimensional square mark. The changes in shape and shadow stand out more."
SUB-8jXpv7W7qw,A,1,7,7,4,The requirements are well reflected.
SUB-8jXpv7W7qw,B,1,7,7,4,The requirement was applied.
SUB-eYw9sJPqW7,A,1,7,7,4,The requirement is well reflected
SUB-eYw9sJPqW7,B,1,2,2,2,Not just the image size but the shape was altered too; the side is right but the positions are swapped.
SUB-BcLcecxPSE,A,1,2,1,1,Nothing changed at all. It seems it wasn't applied.
SUB-BcLcecxPSE,A,2,7,7,6,Filled the top bar with plum and changed the title to white. Fairly well applied.
SUB-BcLcecxPSE,B,1,7,6,6,Added a title(?) at the top of the product list and numbered each product. But it seems the list description text was changed as well.
SUB-BcLcecxPSE,B,2,7,7,6,"Changed the top bar to plum, the title to white, and the back and more buttons to a light plum tone."
SUB-j_ZZWxW0Pd,A,1,7,6,4,"Laid the vertical card on its side to make it a desktop ratio. The instruction was applied well, but widening it left the left and right sides feeling empty — it seems the widened space wasn't fully filled."
SUB-j_ZZWxW0Pd,B,1,7,7,5,"Changed it to a typical desktop dashboard structure with left side nav + right content. It's good that the width expanded to desktop resolution with a density that's easy to scan, but I'm not sure where the left panel's information came from. It looks like it invented information that doesn't exist, so I worry about whether it's usable."
SUB-EEeh-xcuqM,A,1,7,7,4,The composition changed.
SUB-EEeh-xcuqM,A,2,6,6,4,The order in which the Saved amount appears changed.
SUB-EEeh-xcuqM,A,3,6,6,4,The order of the target date information changed.
SUB-EEeh-xcuqM,B,1,7,7,4,The requirements are well reflected.
SUB-EEeh-xcuqM,B,2,7,7,4,The requirements are well reflected.
SUB-EEeh-xcuqM,B,3,7,7,4,The requirements are well reflected.
SUB-DBOYbQ6A3Y,A,1,7,7,4,Grouped the stats into one block placed above the model assignment and moved About down. Handled the requested reordering exactly.
SUB-DBOYbQ6A3Y,A,2,7,7,4,"Added a participation expectations box below About, separated right by the quote. Added only as much as was requested."
SUB-DBOYbQ6A3Y,A,3,7,6,4,"Attached an arrow to each note to indicate the full text can be opened. However, it stops at showing a cue with no actual opening behavior."
SUB-DBOYbQ6A3Y,B,1,7,7,5,"Grouped the stats and model assignment into a single card called a group snapshot and moved it up, with About moved down. Handled the requested reordering exactly. That said, emphasizing the stats row with a dark card goes slightly beyond the request."
SUB-DBOYbQ6A3Y,B,2,7,7,4,Added participation expectations as a checklist below About. The four items are arranged in two columns so they're easy to take in at a glance.
SUB-DBOYbQ6A3Y,B,3,7,7,4,"Added an open button to each note, making it clear the full text can be opened. The action is more obvious than the earlier arrow cue."
SUB-w5B3rirzWA,A,1,7,7,4,The requirement is well reflected
SUB-w5B3rirzWA,A,2,7,7,4,The requirement is well reflected
SUB-w5B3rirzWA,A,3,7,7,4,The requirement is well reflected
SUB-w5B3rirzWA,B,1,7,7,4,The requirement is well reflected
SUB-w5B3rirzWA,B,2,7,7,4,The requirement is well reflected
SUB-w5B3rirzWA,B,3,7,7,4,The requirement is well reflected
SUB-wj_RhTWnBC,A,1,7,6,4,"Split the completion message into lesson name and completion notice. The composition is clearer than the original. But it's just a rearrangement of the structure, so the change in composition doesn't look all that big."
SUB-wj_RhTWnBC,A,2,6,6,4,Shrank the success illustration and placed it right above the title. Putting the completion label in between makes the icon and title read as one unit. Handled the requested size and position exactly.
SUB-wj_RhTWnBC,A,3,7,6,4,"The original divided the areas with background color, but here only a border remains on a white background, so the separation from the progress information isn't very strong."
SUB-wj_RhTWnBC,B,1,4,7,4,Changed right alignment to left alignment.
SUB-wj_RhTWnBC,B,2,7,7,3,Shrank the check illustration and placed it side by side to the left of the title. But suddenly it switched to left-right alignment. Maybe that's because it was asked to change the composition — I'm not sure.
SUB-wj_RhTWnBC,B,3,7,7,3,"Laid a baby(-blue) color across the whole card to strongly signal the completed state. Putting the progress info inside a white card makes the contrast clear too. The distinction is definite, but changing the entire background is a bit excessive. Did it really have to take this approach?"
SUB-0saByhmWgr,A,1,7,7,4,The requirement is well reflected
SUB-0saByhmWgr,A,2,7,7,4,The requirement is well reflected
SUB-0saByhmWgr,B,1,5,5,4,The requirement was applied.
SUB-0saByhmWgr,B,2,5,5,3,"The requirement was applied, but since it goes in looking similar to the category filter, the hierarchy got worse."
SUB-CYQdIaoeZ5,A,1,7,7,4,The requirement was applied.
SUB-CYQdIaoeZ5,A,2,7,7,4,The requirement was applied.
SUB-CYQdIaoeZ5,A,3,2,2,3,The display order of the control button row seems unchanged.
SUB-CYQdIaoeZ5,B,1,7,7,4,The requirement is well reflected
SUB-CYQdIaoeZ5,B,2,7,7,4,The requirement is well reflected
SUB-CYQdIaoeZ5,B,3,2,2,2,This one also seems poorly understood. The button positions changed but the display order stayed the same.
SUB-cuFin7lKsV,A,1,6,6,4,The requirement was applied.
SUB-cuFin7lKsV,A,2,7,7,4,The requirement was applied.
SUB-cuFin7lKsV,A,3,5,5,4,The requirement was applied.
SUB-cuFin7lKsV,B,1,7,7,4,The requirement was applied.
SUB-cuFin7lKsV,B,2,7,7,4,The requirement was applied.
SUB-cuFin7lKsV,B,3,5,5,4,The requirement was applied.
SUB-TF0qWl1kCV,A,1,7,7,4,The requirement was applied.
SUB-TF0qWl1kCV,A,2,7,7,4,The requirement was applied.
SUB-TF0qWl1kCV,B,1,7,7,4,The requirement was applied.
SUB-TF0qWl1kCV,B,2,6,6,4,The requirement was applied.
SUB-Xz_2zg9jdg,A,1,7,7,4,Changed Recent followers from a vertical list to a 2-column card grid. Handled the request to change how the list is displayed by switching to a grid.
SUB-Xz_2zg9jdg,A,2,7,7,4,"Added ""2 to follow back"" next to the Recent followers header to show the number to follow back. Handled both the position and content exactly as requested."
SUB-Xz_2zg9jdg,B,1,7,7,4,"Kept the list format but changed the sorting to move people not followed back to the top. Rather than overhauling the list itself, it changed how things appear by adding contextual information."
SUB-Xz_2zg9jdg,B,2,7,7,4,"Added ""3 to follow back"" next to the header, and below it a notice about the number not followed back plus a bulk follow-back button. Goes beyond just showing the follow-back count to connect directly to an action."
SUB-oGk4iyoXLI,A,1,7,7,4,Appropriately converted the mobile version of the UI for desktop.
SUB-oGk4iyoXLI,A,2,7,7,4,Changed the vertical layout to a horizontal one without excessive scope of change.
SUB-oGk4iyoXLI,A,3,1,1,1,The colors weren't changed at all.
SUB-oGk4iyoXLI,B,1,6,6,4,The mobile version was appropriately converted for desktop.
SUB-oGk4iyoXLI,B,2,4,4,2,"The request to change the way the three products are placed is understood as a change to the product arrangement layout, but in this version the layout of each individual product was changed, so I think there was a lack of understanding of the request."
SUB-oGk4iyoXLI,B,3,5,5,4,"The colors of the chips in the suggested area were changed from the original mockup, but I wonder whether the intent of the request was for each chip to be changed to a different color."
SUB-j63sChOq0Y,A,1,6,6,4,The requirement was applied.
SUB-j63sChOq0Y,A,2,6,6,4,The requirement was applied.
SUB-j63sChOq0Y,A,3,3,3,3,"Beyond the display order, functionality was added."
SUB-j63sChOq0Y,B,1,6,6,4,The requirement was applied.
SUB-j63sChOq0Y,B,2,6,6,4,The requirement was applied.
SUB-j63sChOq0Y,B,3,3,3,3,"Rather than the display order of the call control card changing, the usability changed."
SUB--8O4Dr6yIg,A,1,7,7,4,The requirement was applied.
SUB--8O4Dr6yIg,B,1,5,5,4,"The requirements were well reflected, but where do you enter the number of seats?"
SUB-HcoXVCBOw6,A,1,7,7,4,"Clearly indicated with the title ""Before you start."""
SUB-HcoXVCBOw6,A,2,7,6,4,Built a separate light-blue area and created the button inside it.
SUB-HcoXVCBOw6,B,1,6,6,3,"That part is labeled ""what you need,"" but the title isn't quite appropriate.
The ""ready"" part helps you recognize that these are preparation items (but the title needs to be changed to something more appropriate)."
SUB-HcoXVCBOw6,B,2,6,6,4,"Clearly changed the title of the information to ""Try the cue.""
Also created a ""play this cue"" button, with the audio-paused state shown next to it.
Provides information about the sound along with what it is."
SUB-KT-a1ULw69,A,1,7,7,4,"Changed the largest title on the page from pinned -> saved.
Clearly conveys the purpose of the page."
SUB-KT-a1ULw69,A,2,6,6,3,"Darkened the background to emphasize the food photo. In itself the food photo is more emphasized than before, but overall it doesn't look like a good design direction (rather than adding a Fill area, going with a Line would have been better, and it's questionable whether it needed to be the same color as the background / a black line would have worked)."
SUB-KT-a1ULw69,A,3,6,6,4,
SUB-KT-a1ULw69,B,1,6,6,4,"It seems to be saved as ""My recipe box,"" but there's some uncertainty about it.
It compensates by additionally mentioning it as a personal collection above + explaining with ""A hand ~~ again."" under the title.
(From the user's side, I think they'd naturally understand that this page is what they saved, so being less direct isn't a bad choice either.)"
SUB-KT-a1ULw69,B,2,6,6,5,"Completely separated the image area and set it as a fill; behind it there's a circle with the photo inside, so the area around the photo is separated by a line.
The photo feels quite heavily cropped and smaller."
SUB-KT-a1ULw69,B,3,6,6,4,"A dropdown-style design after providing the clear term ""sort."""
SUB-4djeR6caqh,A,1,6,6,4,Changed for desktop with the controls on the left / content on the right.
SUB-4djeR6caqh,A,2,6,6,4,"Became much lighter and gentler, but it's still an area block, and the yellow icon gives a warning-like feel."
SUB-4djeR6caqh,B,1,6,6,4,"Redesigned to fit a standard desktop screen (GNB bar at the top, content below)."
SUB-4djeR6caqh,B,2,6,6,4,"All three are different colors, but in pastel tones so they stand out without coming across as warning-type information."
SUB-FZswFgSjVG,A,1,6,6,4,"It's a tablet aspect ratio and uses the full width horizontally.
But it feels like only the positions were adjusted in the current design, so meaningless empty space appears at the bottom."
SUB-FZswFgSjVG,A,2,6,6,4,
SUB-FZswFgSjVG,A,3,5,5,3,"Moved the position, but it's hard to consider that position an eye-catching one.)"
SUB-FZswFgSjVG,B,1,6,6,4,"Clearly uses the full width horizontally.
Since it looks like a calculated layout, the whitespace reads as intentional (it doesn't feel oddly empty)."
SUB-FZswFgSjVG,B,2,7,6,4,"Visually shows how much of the total is being sought, and below it, gray text lets anyone who wants more information read it."
SUB-FZswFgSjVG,B,3,6,6,4,"Clearly created as a button.
But since it starts a new list, a different position would be better than having it together with the content.
Right now it looks like it's at the same hierarchy level as the three items below."
SUB-mpY_Rm63tP,A,1,6,6,4,"Position and X color are clear.
Put the X in a black circle to make it visible - good design."
SUB-mpY_Rm63tP,B,1,6,6,5,"Positioned at the top right, X in white with black (opaque) around it, plus a new white band outside that; this information isn't that important and it exists in a way that breaks out of the screen."
SUB-i0ABlGcj-T,A,1,5,5,4,"Well reflected.
Centered, with lots of left/right whitespace."
SUB-i0ABlGcj-T,A,2,6,6,3,
SUB-i0ABlGcj-T,A,3,6,6,4,Very well reflected.
SUB-i0ABlGcj-T,B,1,6,6,4,"Well reflected.
Centered, with lots of left/right whitespace."
SUB-i0ABlGcj-T,B,2,5,5,3,"You can see that the account itself is there, but I'd like the account number to be visible too."
SUB-i0ABlGcj-T,B,3,6,6,4,Reflected clearly with nothing off-track.
SUB-ttWMDujI1T,A,1,6,6,4,"A new save button was created on the right. Adding color makes it visually prominent.
(But the circular Fill doesn't seem to need to wrap the bookmark - it actually breaks the layout balance inside the box and clashes with the title.)"
SUB-ttWMDujI1T,A,2,6,6,4,It's green rather than the primary color.
SUB-ttWMDujI1T,B,1,6,6,5,"A button was created on the right, with color added. The word ""saved"" doesn't seem necessary (takes up too much space / too much information)."
SUB-ttWMDujI1T,B,2,6,6,4,Not the existing primary color; same color as save.
SUB-JTjeAMruD4,A,1,7,7,4,The requirement was applied.
SUB-JTjeAMruD4,B,1,7,7,4,The requirements were applied.
SUB-XnPOUrnCY2,A,1,6,6,4,Done as a tablet screen.
SUB-XnPOUrnCY2,A,2,7,7,4,Placed nicely in flow order (pause/add/end).
SUB-XnPOUrnCY2,A,3,6,6,4,
SUB-XnPOUrnCY2,B,1,6,6,4,Nicely laid out for tablet landscape.
SUB-XnPOUrnCY2,B,2,6,6,4,Placed well in line with the flow.
SUB-XnPOUrnCY2,B,3,7,7,4,
SUB-yCUwcQB3Id,A,1,6,6,4,The requirements are reflected.
SUB-yCUwcQB3Id,B,1,7,7,4,The requirement was applied.
SUB-0DoVfBz1sH,A,1,6,6,4,Divided by time.
SUB-0DoVfBz1sH,A,2,7,7,4,Looks intense with the deepest color.
SUB-0DoVfBz1sH,B,1,6,6,4,Reorganized into a list ranked by file size.
SUB-0DoVfBz1sH,B,2,4,4,2,"The 412MB text got bigger so it's more visible than before, but not much different from before overall."
SUB-lT-0rvdO2P,A,1,6,6,4,Applied the requirement.
SUB-lT-0rvdO2P,A,2,7,7,4,Applied the requirement.
SUB-lT-0rvdO2P,B,1,6,6,4,The requirement was applied.
SUB-lT-0rvdO2P,B,2,6,6,4,Unrelated to the map change.
SUB-XU27tU9OPE,A,1,4,4,2,"The design is too similar to before. Only the information part became a modal instead of being connected to the section below, but it actually clashes by using a rounded radius different from the rest of the design, and the design itself is hardly any different. It rather looks like a design made before the original."
SUB-XU27tU9OPE,B,1,6,6,4,"Changed from a sheet that was mostly white with only the button in orange, to content = black, title = orange. Changed it well + eye-catching."
SUB-wuPmVKBbbX,A,1,6,7,5,"Adding navigation, expanding the profile to 3 columns, and things like filters, hide, and refresh weren't in the instruction but it did them on its own. So it's slightly excessive."
SUB-wuPmVKBbbX,B,1,7,7,6,"It converted to a sidebar and table format, taking the typical desktop list format, but features like the recommendation algorithm explanation, activity timestamps, and community categorization end up sharply raising the complexity."
SUB-oEhqd69Piu,A,1,7,7,4,The requirements are well reflected.
SUB-oEhqd69Piu,B,1,6,6,4,Applied the requirement.
SUB-VCD4_EFvmo,A,1,6,6,4,"Changed from buildings to plants, and other things changed accordingly."
SUB-VCD4_EFvmo,A,2,6,6,4,
SUB-VCD4_EFvmo,A,3,6,6,3,"A ""Search by common or Latin name"" search bar appeared, but it's in a hard-to-see position with a hard-to-see design."
SUB-VCD4_EFvmo,B,1,6,6,4,"Buildings changed to plants nicely, but the categorization disappeared."
SUB-VCD4_EFvmo,B,2,6,6,4,Keeps the existing layout while switching to date order.
SUB-VCD4_EFvmo,B,3,6,6,4,
SUB-lkubF8jS4M,A,1,6,6,2,"It did become desktop-oriented, but rather than being redesigned for desktop, it's more like the responsive version stretched out horizontally."
SUB-lkubF8jS4M,B,1,6,6,4,"Redesigned well for desktop. Created a sidebar on the left, content on the right, and changed it so elements sit on a background color."
SUB-YJhau5Eu3B,A,1,7,7,4,The requirement is well reflected
SUB-YJhau5Eu3B,A,2,7,7,4,The requirement is well reflected
SUB-YJhau5Eu3B,A,3,7,7,4,The requirement is well reflected
SUB-YJhau5Eu3B,B,1,6,6,4,The requirement was applied.
SUB-YJhau5Eu3B,B,2,6,6,4,The requirement was applied.
SUB-YJhau5Eu3B,B,3,7,7,4,The requirement was applied.
SUB-cNfhEE4PHC,A,1,6,6,4,"Created a left sidebar, put the content on the right. Split the content area into two parts and organized it (designed while making good use of the fact that it's desktop)."
SUB-cNfhEE4PHC,A,2,6,6,4,
SUB-cNfhEE4PHC,A,3,6,6,4,
SUB-cNfhEE4PHC,B,1,6,6,4,Redesigned for desktop. There's a GNB bar at the top.
SUB-cNfhEE4PHC,B,2,6,6,4,
SUB-cNfhEE4PHC,B,3,6,6,4,"It's indicated by color, and that color itself appears to be the overall color of the method."
SUB--SO828OW5m,A,1,7,7,4,The requirement is well reflected
SUB--SO828OW5m,B,1,7,7,4,The requirement is well reflected
SUB-qU1JWBVOFP,A,1,6,6,4,The name of the calendar itself changed.
SUB-qU1JWBVOFP,A,2,6,6,4,"Created a short sidebar on the left, placed the calendar/box side by side."
SUB-qU1JWBVOFP,A,3,6,6,4,
SUB-qU1JWBVOFP,B,1,6,6,3,
SUB-qU1JWBVOFP,B,2,6,6,4,"Basically redesigned to fit the larger screen. The booked-related cards are in a horizontally long 3*n form, so it's designed with the instruction well applied."
SUB-qU1JWBVOFP,B,3,6,6,4,
SUB-HbeA4aC1ks,A,1,6,7,4,"It presents the brand name first, then groups the check icon and the confirmed order into one row, restructuring it in a different order from the original. The connection between the success state and the title is also clear."
SUB-HbeA4aC1ks,A,2,7,7,4,Changed the peach background to white and applied a thin light-gray border.
SUB-HbeA4aC1ks,A,3,7,7,4,Shrank the button that filled the screen width down to half the content width. Right alignment is a common form in a Z layout.
SUB-HbeA4aC1ks,B,1,6,6,4,"Placing the confirmed order first and moving the check icon to the right clearly differentiates it from the original. Putting the brand name below the title isn't a common arrangement, though."
SUB-HbeA4aC1ks,B,2,6,6,4,Turned the order summary area into a card with a white background and a thin border. Accurately reflects the instruction.
SUB-HbeA4aC1ks,B,3,7,6,5,"The button width shrank slightly, but moving it inside the card has the effect of making the overall order CTA look like an action subordinate to the delivery info."
SUB-Nhsq07aSzE,A,1,6,6,4,
SUB-Nhsq07aSzE,A,2,6,6,4,"Maintains things well while using light gray. Not just plain light gray — it's borrowed from the button and desaturated to gray, so there's overall design consistency."
SUB-Nhsq07aSzE,B,1,6,6,4,The title itself makes it look like a coupon tied to something.
SUB-Nhsq07aSzE,B,2,6,6,4,"Maintains things well and only adds color — a bluish light gray, a cohesive color."
SUB-FhogUwGQM9,A,1,6,6,3,Changed the original's strong magenta to a calm teal family. (But the green used also feels bright; it should probably be a darker muted tone.)
SUB-FhogUwGQM9,B,1,6,6,4,Changed the main color to a low-saturation deep blue with almost no color feel.
SUB-GMbjB1CLW7,A,1,6,6,4,"It became 2 lines, with the content being organization name / time remaining."
SUB-GMbjB1CLW7,A,2,6,6,4,Added the button without damaging the design.
SUB-GMbjB1CLW7,B,1,6,6,4,
SUB-GMbjB1CLW7,B,2,6,6,4,
SUB-KpmVtj3wza,A,1,6,6,4,Eastern Time (reference time) was added.
SUB-KpmVtj3wza,A,2,5,5,4,"It went into a color box. Whereas before it was white/gray-based with an accent color, now the color is the main element."
SUB-KpmVtj3wza,B,1,5,5,4,
SUB-KpmVtj3wza,B,2,5,5,3,Overall more color was added and it got a bit darker. But as for whether the feel changed that much — the original feel is still strongly present.
SUB-UJ47U7mv-X,A,1,6,7,4,"It removed the travel referral code and rewards, and accurately reflects the intent of an admin screen for inviting team members by entering work email and role."
SUB-UJ47U7mv-X,A,2,6,6,4,"Applied a table made up of name, role, invite status, and updated date, creating a list better suited to management purposes than the previous referral history."
SUB-UJ47U7mv-X,A,3,5,5,4,"Even a human doesn't know how to interpret ""a professional feel""..."
SUB-UJ47U7mv-X,B,1,7,7,5,"It shifted the rewards referral screen to center on workspace invite links. (Good idea!) That said, it bothers me that access policies that weren't requested — approval, expiry, default role, etc. — were also changed."
SUB-UJ47U7mv-X,B,2,6,6,4,"It separates 'awaiting response' and 'Recently joined,' and provides date, role, and resend functions, so you can easily grasp the progress status."
SUB-UJ47U7mv-X,B,3,4,4,4,I don't get the sense that it captured a professional feel.
SUB-sIQeYwKqqr,A,1,6,6,4,
SUB-sIQeYwKqqr,A,2,6,6,4,Reading time was added next to the time/update date (added within the time area).
SUB-sIQeYwKqqr,A,3,6,5,4,It went from lime-dominant with black accents to black-dominant with lime buttons as the accent.
SUB-sIQeYwKqqr,B,1,5,5,6,
SUB-sIQeYwKqqr,B,2,6,6,4,Reading time was also put into the time area.
SUB-sIQeYwKqqr,B,3,3,3,2,
SUB-zeCEWIjPCa,A,1,6,6,4,The guidance section was given a beige color fill. The to-do area was pulled out into a separate section with a white fill.
SUB-zeCEWIjPCa,A,2,6,6,4,Information was placed below the guidance text in the same font design.
SUB-zeCEWIjPCa,A,3,6,6,4,"Placed it beside (since sign up is already a button, it was made in the same design)."
SUB-zeCEWIjPCa,B,1,6,6,5,Only the guidance items were pulled out separately to convey the information (only the information that needs to be conveyed was pulled out with a fill — consistent).
SUB-zeCEWIjPCa,B,2,6,6,4,The relevant information was included together and pulled out with a FILL to convey the information.
SUB-zeCEWIjPCa,B,3,5,5,5,Both were designed in button form (with a line) and arranged horizontally. But I'm not sure whether that design is the right fit here (keeping the existing design seems better).
SUB-fGIgknMTfI,A,1,3,3,2,"The subheading for email/password was applied as requested, but the recent account and the two lines below the 'or' are not grouped."
SUB-fGIgknMTfI,A,2,7,7,4,'Browse without signing in' was nicely applied as center-aligned text right below the Sign in button.
SUB-fGIgknMTfI,A,3,7,7,4,The text field background was changed to white and the border was also nicely applied as a thin gray border.
SUB-fGIgknMTfI,B,1,3,3,2,"The 'Use email and password' heading was added, but as in option A, the recent account and the two lines below the 'or' are not clustered."
SUB-fGIgknMTfI,B,2,7,7,4,'Browse without signing in' was nicely applied as center-aligned text right below the Sign in button.
SUB-fGIgknMTfI,B,3,7,7,4,The text field background was changed to white and the border was also nicely applied as a thin gray border.
SUB-U0fVrnK1CY,A,1,6,6,3,
SUB-U0fVrnK1CY,A,2,6,6,4,"There's a GNB bar at the very top, the area for setting detailed filters is in the left sidebar, and the content is in the largest area on the right."
SUB-U0fVrnK1CY,A,3,6,6,4,Photo / title content / button -> an appropriate card design.
SUB-U0fVrnK1CY,B,1,6,6,4,
SUB-U0fVrnK1CY,B,2,6,6,4,"There's a small sidebar at the far left, with the main content and filters on the right."
SUB-U0fVrnK1CY,B,3,1,1,1,It's not a card design.
SUB-Rmp0ma4dsF,A,1,6,6,4,
SUB-Rmp0ma4dsF,B,1,6,6,5,"The title changed, and the content inside also changed to food."
SUB-9XAfroBeud,A,1,6,6,4,
SUB-9XAfroBeud,A,2,6,6,4,
SUB-9XAfroBeud,A,3,6,6,4,
SUB-9XAfroBeud,B,1,6,6,4,
SUB-9XAfroBeud,B,2,6,6,4,Only the items that need fixing have red markers on the left.
SUB-9XAfroBeud,B,3,6,6,4,How many people are viewing is shown on the right. Saved items and 'in stock' are displayed.
SUB-YIF8Le6ZLe,A,1,6,5,4,"The author info shows the date, update time, and reading time in a single line, so you can check them all together."
SUB-YIF8Le6ZLe,A,2,5,6,4,"It seems like an appropriate change per the request, but it's hard to call it a typical blog structure. Wouldn't it be more appropriate for the key visual to come all the way to the top..."
SUB-YIF8Le6ZLe,B,1,6,6,5,"The information is displayed, but turning the author area into a card format is excessive. If that layout were used, there should have been enough spacing between each column."
SUB-YIF8Le6ZLe,B,2,5,4,3,It's unclear whether the visual context was interpreted as adding emphasis marks to 'keep it to three lines.'
SUB-sYbD0zS56G,A,1,7,7,4,The white card extends to the left and right edges of the screen and the margins are well maintained — the request was applied well.
SUB-sYbD0zS56G,B,1,5,5,7,"The request was applied well, but since there's no context in the request about restructuring it as a bottom sheet type, I can't judge whether that's a correct change."
SUB-ax6pI9FIfD,A,1,6,6,4,The explanation became more helpful.
SUB-ax6pI9FIfD,A,2,6,6,4,"A box was made in a connected color (much lighter than the button), making it into one cohesive block."
SUB-ax6pI9FIfD,A,3,6,6,4,
SUB-ax6pI9FIfD,B,1,6,6,4,"By dividing it into boxes, one line covering the overall purpose -> details below it + icons added. It became clearer (though visually it got clunkier)."
SUB-ax6pI9FIfD,B,2,6,6,4,It created a box that bundles those two pieces of content entirely.
SUB-ax6pI9FIfD,B,3,6,6,4,It removed the 6 boxes and created a bottom bar nicely.
SUB-BJJsubM5eA,A,1,6,6,4,
SUB-BJJsubM5eA,A,2,6,6,1,
SUB-BJJsubM5eA,A,3,6,6,4,Pulled out separately and shown together with the progress percentage.
SUB-BJJsubM5eA,B,1,6,6,4,
SUB-BJJsubM5eA,B,2,6,6,4,
SUB-BJJsubM5eA,B,3,6,6,4,
SUB-69f2xZ6n71,A,1,6,6,4,Overall converted into a horizontally long form (a typical desktop modal design).
SUB-69f2xZ6n71,A,2,6,6,4,A button was added.
SUB-69f2xZ6n71,A,3,6,6,4,"It moved to the very top and is thick within the modal, but it's so far at the top and the remaining portion isn't visible, so it doesn't seem easy to recognize it as a progress bar."
SUB-69f2xZ6n71,B,1,6,6,4,A large horizontally long desktop modal design (no phone width).
SUB-69f2xZ6n71,B,2,6,6,4,"It was placed at the bottom right, and a subtle color was given to that area so it blends in without the whitespace feeling out of place."
SUB-69f2xZ6n71,B,3,6,6,4,"It went nicely to the very top, sits inside the card, and became thicker / it's explained in text, so you recognize it as a progress bar."
SUB-eXDhMrKhNt,A,1,7,6,4,It seems to have applied the requested part well.
SUB-eXDhMrKhNt,A,2,7,7,4,
SUB-eXDhMrKhNt,A,3,7,6,4,
SUB-eXDhMrKhNt,B,1,7,6,5,"Visual hierarchy was established, but the use of color seems to lack purpose."
SUB-eXDhMrKhNt,B,2,5,7,4,
SUB-eXDhMrKhNt,B,3,7,5,3,
SUB-ap7oi-3Rvb,A,1,6,6,4,The main color changed from white/pink -> black/lime/purple. Overall it became heavier and more neon-like. Icons were also added.
SUB-ap7oi-3Rvb,B,1,6,6,4,"From white-pink to beige/yellow, orange, green accents — overall a warmer feel."
SUB-B0anwO7WId,A,1,7,6,4,
SUB-B0anwO7WId,B,1,7,7,4,"With the elements competing with the title gone, the header is organized into two lines, and the divider below clearly cuts off the header area, so it feels like a header."
SUB-nfENZ71hnP,A,1,6,6,4,It's written right below.
SUB-nfENZ71hnP,A,2,6,6,4,
SUB-nfENZ71hnP,A,3,6,6,4,That part was applied well.
SUB-nfENZ71hnP,B,1,6,6,4,It was added in.
SUB-nfENZ71hnP,B,2,6,6,3,
SUB-nfENZ71hnP,B,3,6,6,4,Applied it well.
SUB-2ICEUENqQj,A,1,5,5,4,The requirement was applied.
SUB-2ICEUENqQj,B,1,6,6,4,The requirement was applied.
SUB-9aOL9ftbga,A,1,5,5,4,"Ordered by which needs to be examined first, with the person waiting at the very top."
SUB-9aOL9ftbga,A,2,6,5,4,
SUB-9aOL9ftbga,B,1,6,6,4,"First divided into completed/incomplete, then within each, ordered from oldest first."
SUB-9aOL9ftbga,B,2,6,6,4,
SUB-Ircs1ZrmHr,A,1,6,6,4,The tab bar was removed.
SUB-Ircs1ZrmHr,B,1,6,6,4,
SUB-pBzHCoWZX9,A,1,6,6,4,"The title changed, and the content below changed from location to pickup point."
SUB-pBzHCoWZX9,A,2,6,6,4,Added a filter - in button form.
SUB-pBzHCoWZX9,B,1,6,6,4,The title changed.
SUB-pBzHCoWZX9,B,2,6,6,4,A filter was added (dropdown form).
SUB-ejzFbdSdFH,A,1,6,6,4,The requirement was applied.
SUB-ejzFbdSdFH,A,2,6,6,4,The requirement was applied.
SUB-ejzFbdSdFH,A,3,6,6,4,The requirement was applied.
SUB-ejzFbdSdFH,B,1,6,6,4,The requirement was applied.
SUB-ejzFbdSdFH,B,2,6,6,4,The requirement was applied.
SUB-ejzFbdSdFH,B,3,6,6,4,The requirement was applied.
SUB-Y34axKLWWa,A,1,6,6,4,The detailed info about the coach was moved down and the information appears more clearly.
SUB-Y34axKLWWa,A,2,6,6,4,Changed from yellow to black.
SUB-Y34axKLWWa,B,1,6,6,4,"Profile box removed,"
SUB-Y34axKLWWa,B,2,6,6,5,Uses red in a completely different feel - doesn't fit this page. There's no red among the colors currently used.
SUB-WHgWn1SKRY,A,1,6,6,5,It applied the request exactly.
SUB-WHgWn1SKRY,B,1,7,6,5,
SUB-ZoaKttP9ZG,A,1,7,7,4,"It seems to have applied it well, just as requested."
SUB-ZoaKttP9ZG,A,2,7,6,4,"Rather than fully separating them, it seems to have separated the functions by color."
SUB-ZoaKttP9ZG,B,1,7,6,4,It was applied as requested.
SUB-ZoaKttP9ZG,B,2,7,7,5,"Separating the functions doubly with cards in addition to color might feel slightly excessive. However, it should prevent situations where you accidentally tap the two functions."
SUB-7hXqRKxdB6,A,1,7,7,4,"A new button appeared at the very bottom of the card, so the request was applied exactly. The share icon and label are together, so you immediately read what the button is."
SUB-7hXqRKxdB6,A,2,7,7,4,It applied the request exactly.
SUB-7hXqRKxdB6,B,1,7,7,4,It applied the request exactly.
SUB-7hXqRKxdB6,B,2,5,5,5,"The photo got smaller and was placed to the left of the title, which is correct, but it was changed to a circular thumbnail rather than the 'square' clearly stated in the request."
SUB-veAPTAl_0G,A,1,7,7,3,"It's easy to recognize who the staff member in charge is. As for the part requesting the summary be by department budget, I don't quite understand it either."
SUB-veAPTAl_0G,A,2,7,6,5,"It applied the request exactly. However, since it sits under the subheading, the image size probably should have gotten bigger too — it doesn't feel aesthetically good."
SUB-veAPTAl_0G,A,3,7,5,4,The text definitely catches the eye better than before.
SUB-veAPTAl_0G,B,1,7,7,4,It applied the request exactly.
SUB-veAPTAl_0G,B,2,7,6,4,It applied the request exactly.
SUB-veAPTAl_0G,B,3,7,7,5,The text catches the eye better than before.
SUB-At-kiBfwTd,A,1,7,4,4,It applied the request exactly.
SUB-At-kiBfwTd,A,2,7,7,4,It applied the request exactly.
SUB-At-kiBfwTd,A,3,7,6,4,It applied the request exactly.
SUB-At-kiBfwTd,B,1,7,6,4,It applied the request exactly.
SUB-At-kiBfwTd,B,2,7,7,5,It applied the request exactly.
SUB-At-kiBfwTd,B,3,7,6,4,It applied the request exactly.
SUB-PjZcCI6ck3,A,1,7,7,4,It applied the request exactly.
SUB-PjZcCI6ck3,A,2,7,7,4,It applied the request exactly.
SUB-PjZcCI6ck3,A,3,7,7,3,It doesn't feel properly applied. The hierarchy looks the same.
SUB-PjZcCI6ck3,B,1,7,6,4,It applied the request exactly.
SUB-PjZcCI6ck3,B,2,7,6,3,
SUB-PjZcCI6ck3,B,3,7,6,5,
SUB-4Eu4nFOL3_,A,1,6,5,4,It made the change without considering the image size.
SUB-4Eu4nFOL3_,B,1,4,4,7,"It did crop the image. It cropped it into a vertically long arch shape, placed it on the left, and attached the title on the right. It feels like a new design attempt."
SUB-gGa63cd5jK,A,1,7,7,5,It seems to have applied it sufficiently as requested. The color appears to have been chosen on its own.
SUB-gGa63cd5jK,A,2,7,6,4,It applied the request exactly.
SUB-gGa63cd5jK,A,3,7,7,4,"It applied the request exactly. The color seems to have been chosen by the AI on its own, and I'm curious what the intent behind this color was."
SUB-gGa63cd5jK,B,1,6,5,4,It applied the request exactly.
SUB-gGa63cd5jK,B,2,7,6,5,"The to-dos are well distinguished, but it feels like a lot is bundled into cards."
SUB-gGa63cd5jK,B,3,7,7,4,"Red disappeared from the screen and green is used as the main color, which feels appropriately distributed."
SUB-cl-5xgAxt_,A,1,7,7,4,It applied the request exactly.
SUB-cl-5xgAxt_,A,2,7,7,4,It applied the request exactly.
SUB-cl-5xgAxt_,B,1,4,4,6,It looks more like a settings screen than a settings guide.
SUB-cl-5xgAxt_,B,2,7,6,5,It applied the request exactly.
SUB-VlRYP2Vwg_,A,1,7,7,4,It applied the request exactly.
SUB-VlRYP2Vwg_,B,1,6,6,5,
SUB-mvDuCPruoZ,A,1,7,7,4,It applied the request exactly.
SUB-mvDuCPruoZ,B,1,6,5,5,"It applied the request well, but I'm doubtful whether the new design attempt works."
SUB-3DeLUzF4Ut,A,1,7,7,4,It applied the request exactly.
SUB-3DeLUzF4Ut,A,2,7,7,5,"I think the request was accurately reflected, but it seems like the question should have specified what to prioritize showing. I'm doubtful whether the changed design turned out the way the designer intended."
SUB-3DeLUzF4Ut,B,1,7,7,5,It applied the request exactly.
SUB-3DeLUzF4Ut,B,2,6,5,6,It applied the request exactly.
SUB-cl6W0V3xUd,A,1,7,7,4,It applied the request exactly.
SUB-cl6W0V3xUd,A,2,7,7,4,It applied the request exactly.
SUB-cl6W0V3xUd,B,1,7,6,5,It applied the request exactly.
SUB-cl6W0V3xUd,B,2,7,7,4,It applied the request exactly.
SUB-TPzkkB9mXF,A,1,7,6,4,The request was well reflected.
SUB-TPzkkB9mXF,B,1,7,7,6,"Even though the question wasn't specific, it seems to have been changed appropriately."
SUB-PhprIaSg7w,A,1,6,6,4,
SUB-PhprIaSg7w,B,1,6,6,4,
SUB-M2ukbs7-y7,A,1,7,7,3,"It changed the first impression of the header by making the first element of the header a breadcrumb, but it only made the change itself and didn't really follow the context of changing what is seen first."
SUB-M2ukbs7-y7,B,1,7,7,5,"It changed the very top of the header to the payment amount and due date, clearly shifting to a different context."
SUB-Ix8fquEYRt,A,1,7,7,4,"It separated the guidance and the task into individual cards, dividing them well visually."
SUB-Ix8fquEYRt,A,2,7,7,4,"Since it's supporting text to refer to during the sequence of entering an email address and receiving a code, it was appropriately inserted below the input without any separate styling."
SUB-Ix8fquEYRt,A,3,7,7,4,"A text button was appropriately added next to sign in, in the same hierarchical style."
SUB-Ix8fquEYRt,B,1,7,3,3,"You can see an attempt to separate the guidance and the task, but the title element gets emphasized more, giving the strong impression that it got bundled back into the title instead."
SUB-Ix8fquEYRt,B,2,7,7,5,"Placing it below the email address input is appropriate, but there was no real need to bundle it into a card again. That said, keeping the text as compact as possible is a positive."
SUB-Ix8fquEYRt,B,3,7,6,5,"Adding the button was good, but there probably was no need to change the button hierarchy."
SUB-Cl-9mUwvCe,A,1,7,5,5,It applied the request exactly.
SUB-Cl-9mUwvCe,A,2,7,6,4,Showing the serving amount first and then letting the user choose the size seems to fit the user flow.
SUB-Cl-9mUwvCe,A,3,7,7,4,It applied the request exactly.
SUB-Cl-9mUwvCe,B,1,7,7,4,"The request was accurately reflected. It gives a clear sense of warning, which should help older users recognize it."
SUB-Cl-9mUwvCe,B,2,7,6,5,"It reads as asking to change the order in which sections appear, but in addition to the visible order, the design was changed too."
SUB-Cl-9mUwvCe,B,3,7,6,4,I wonder if it came out darker than the request to lay down a light background for the card.
SUB-4D4extKgep,A,1,7,6,5,"The next session and later sessions are distinguished, but it feels lacking from a UI standpoint."
SUB-4D4extKgep,A,2,7,6,4,It applied the request exactly.
SUB-4D4extKgep,A,3,7,7,4,It seems to have been changed to a cover design where the tone and manner blend well.
SUB-4D4extKgep,B,1,7,7,4,It applied the request exactly.
SUB-4D4extKgep,B,2,7,7,4,It applied the request exactly.
SUB-4D4extKgep,B,3,7,6,5,"The cover was changed into a completely different form, but it harmonizes well with the service and actually comes across positively."
SUB-cBq7qFMWU9,A,1,7,7,3,"The request was well reflected, but the distinction from the existing prices feels slight."
SUB-cBq7qFMWU9,B,1,7,7,3,The request was well reflected but it feels excessive.
SUB-M4Dq4NALT4,A,1,7,7,4,It applied the request exactly.
SUB-M4Dq4NALT4,B,1,7,6,6,"Too much is grouped by function below chapters, so it feels excessive."
SUB-UwpJer6dkn,A,1,7,7,4,It applied the request exactly.
SUB-UwpJer6dkn,B,1,7,6,6,The spacing between the text and the card doesn't match and the color is overwhelming.
SUB-xkGxuCC66F,A,1,7,6,5,"A summary block titled 'IN THIS EPISODE' was placed right below the title and subtitle, above the playback bar. In two sentences — 'The Fed held rates a third straight meeting. Inside: the bond reaction, bank earnings Friday, and levels to watch.' — it separately states what this episode covers and what you'll hear inside, and it's set apart from the body text with a vertical bar on the left and a light background, so it catches the eye before playing. Its position above the play button also matches the underlying intent of 'telling you before you play.' However, it bothers me that the top structure was changed along with adding the summary. The large cover image that filled the card's width in the original was shrunk to a small square thumbnail placed to the left of the title. I can understand it as an adjustment to make room, but a request to add a summary didn't mean shrink the cover. The date in the subtitle also shrank from 'April 18, 2025' to 'Apr 18,' losing the year."
SUB-xkGxuCC66F,A,2,7,7,4,It applied the request exactly.
SUB-xkGxuCC66F,B,1,7,7,5,It applied the request exactly.
SUB-xkGxuCC66F,B,2,7,7,4,It applied the request exactly.
SUB-Hnb1skxYjF,A,1,7,7,4,"It changed the existing deep black area to a bright cream, greatly reducing the visual weight at the top of the screen while also readjusting the overall color scheme."
SUB-Hnb1skxYjF,A,2,7,7,4,"It reorganized the existing table format into a timeline while retaining the start time, duration, and activity content of each schedule item."
SUB-Hnb1skxYjF,B,1,7,6,3,"It changed the impression by switching the deep black area to a green tone, but it's a shame the color is somewhat low in readability from an accessibility standpoint."
SUB-Hnb1skxYjF,B,2,7,4,5,"It changed the existing table format into something like a timeline, but the start times disappeared, which actually hurts usability for schedule management."
SUB-wSIjm7ODUe,A,1,7,7,4,"It changed the mobile bottom navigation into a left sidebar, creating a desktop application structure. Navigation is easier, but the downside is the content area is narrow."
SUB-wSIjm7ODUe,A,2,7,7,4,"It changed the existing vertical card into a two-column layout, presenting the number of correct answers, study time, and next lesson info needed for the completion notice in a list format."
SUB-wSIjm7ODUe,B,1,7,7,4,"It changed the mobile bottom navigation into a top header navigation. Navigating is less convenient than with a sidebar, but the content can use more width."
SUB-wSIjm7ODUe,B,2,7,7,4,"It arranged the four key learning metrics as cards, making clear the points users should recognize upon completing their study."
SUB-1u7pw0Nayj,A,1,7,7,4,The two requested sections were created as asked.
SUB-1u7pw0Nayj,A,2,6,5,3,"The expiration date was included, but I question whether it should be styled the same as the existing text, and whether it should be emphasized relative to the text next to it."
SUB-1u7pw0Nayj,B,1,7,7,4,It applied the request exactly.
SUB-1u7pw0Nayj,B,2,7,7,4,It applied the request exactly.
SUB-iLXQ-wFOZ1,A,1,7,7,4,"It changed both the paid plan header and the payment details, and I understand the intent to pitch Core as the popular plan. However, the plans are at the same level yet the payment details component structure is handled differently, which breaks the consistency of the comparison screen."
SUB-iLXQ-wFOZ1,B,1,7,7,4,"It separates the annual total from the monthly equivalent and organizes the payment details for Core and Fluent with the same structure. Core is emphasized with a Popular label and a green column, so the product strategy isn't lost either."
SUB-szmnaeJJuZ,A,1,7,7,4,"It splits into expiring this week and expiring at the end of the month, and shows the count for each group. Showing soon-to-expire benefits — easy to miss on a coupon screen — first is a grouping criterion that drives actual usage."
SUB-szmnaeJJuZ,A,2,7,7,4,"It puts the entire credit area on a light gray rounded panel with ample inner padding. The amount and the Use button colors are kept as is, accurately reflecting the request."
SUB-szmnaeJJuZ,B,1,7,7,4,"It divides coupons into exams and visits/memberships, letting users find benefits based on the service they'll receive. For users who have already decided on a service, this may be faster."
SUB-szmnaeJJuZ,B,2,7,7,4,"It puts the entire credit area on a light gray rounded panel and arranges the amount, point progress status, and button within generous padding. The existing amount and button colors are kept."
SUB-HVIm3yyY7i,A,1,7,7,4,It applied the request exactly.
SUB-HVIm3yyY7i,A,2,7,6,4,It applied the request exactly.
SUB-HVIm3yyY7i,B,1,7,7,5,
SUB-HVIm3yyY7i,B,2,7,7,4,It applied the request exactly.
SUB-LFF3tX2Uqj,A,1,7,5,4,
SUB-LFF3tX2Uqj,A,2,7,7,5,
SUB-LFF3tX2Uqj,B,1,7,6,5,"The request seems to have been well reflected, but it feels like a dedicated reactions screen rather than an account screen."
SUB-LFF3tX2Uqj,B,2,7,6,5,
SUB-E1Ppy16Ry-,A,1,6,6,4,"It seems to have interpreted the expression ""almost black"" well."
SUB-E1Ppy16Ry-,B,1,6,5,5,"In UI terms, it feels like the AI added more detail. It broke the progress bar down into a concrete number of steps."
SUB-i8EWCT1sg7,A,1,7,7,4,It applied the request exactly.
SUB-i8EWCT1sg7,A,2,7,7,4,It applied the request exactly.
SUB-i8EWCT1sg7,A,3,7,7,4,It applied the request exactly.
SUB-i8EWCT1sg7,B,1,7,7,4,It applied the request exactly.
SUB-i8EWCT1sg7,B,2,7,7,4,It applied the request exactly.
SUB-i8EWCT1sg7,B,3,7,7,4,It applied the request exactly.
SUB-EDKuXXKgI1,A,1,7,7,5,
SUB-EDKuXXKgI1,A,2,7,7,3,"Where the text above was swapped around, it gave ""cancel"" a red color to convey a warning feel — it comes across as a simple change."
SUB-EDKuXXKgI1,B,1,7,7,5,It conveys the sense of warning in a big way on a single screen.
SUB-EDKuXXKgI1,B,2,7,7,4,"If it's a warning screen, it's good because it seems to give the button a sense of immersion."
SUB-5Al2NVRs2W,A,1,7,5,3,"Enlarging the date on the black background would look good on a watch face, but I'm not sure what I'm supposed to look at first."
SUB-5Al2NVRs2W,B,1,7,6,4,It applied the request exactly.
SUB-z923F8PkLz,A,1,3,1,7,
SUB-z923F8PkLz,B,1,3,2,6,"(A thought that occurred to me while doing this task: choosing ""the change is excessive"" under ""appropriateness of the scope of change"" ultimately seems to mean the same thing as ""changes that weren't requested"" in the question below. As I answered in a previous set, since some duplicated questions like this are included, from a participant's perspective repeating and repeating the same answers over and over is somewhat tiring.)"
SUB-mzXyDg-afz,A,1,7,7,4,It applied the request exactly.
SUB-mzXyDg-afz,B,1,7,7,5,The request was well reflected.
SUB-ZOwC-g-3LP,A,1,3,2,7,
SUB-ZOwC-g-3LP,A,2,1,1,6,"(The ""appropriateness of the scope of change"" question is sometimes not appropriate. In this situation it's not that ""the change is insufficient, adequate, or excessive"" but that ""the change is unsuitable,"" and there's no such option in the current question."
SUB-ZOwC-g-3LP,A,3,7,7,4,It changed the brand symbol color appropriately as requested.
SUB-ZOwC-g-3LP,B,1,5,5,6,
SUB-ZOwC-g-3LP,B,2,1,1,6,
SUB-ZOwC-g-3LP,B,3,7,7,4,I don't think the color change feels particularly out of place.
SUB-wle6efDpVz,A,1,7,7,4,It applied the request exactly.
SUB-wle6efDpVz,A,2,7,5,4,A reschedule button was added inside the lesson card. I wonder whether the designer wanted this — what was the intent?
SUB-wle6efDpVz,A,3,7,5,2,"I suspect the intent was to keep the button color for ""keep lesson"" but move it down."
SUB-wle6efDpVz,B,1,7,6,5,It applied the request exactly.
SUB-wle6efDpVz,B,2,7,7,4,A time-change button was added to the lesson card.
SUB-wle6efDpVz,B,3,7,6,3,"I think it was supposed to be a top-bottom swap, but the left-right move doesn't feel bad either."
SUB-6NEp5V19E_,A,1,7,5,4,It feels like it was made at tablet portrait size.
SUB-6NEp5V19E_,A,2,7,7,4,It applied the request exactly.
SUB-6NEp5V19E_,B,1,7,7,5,It applied the request exactly.
SUB-6NEp5V19E_,B,2,7,7,4,It applied the request exactly.
SUB-nVP1BXbKvk,A,1,6,6,4,I think the request to change the mobile resolution to a responsive PC version was reflected appropriately.
SUB-nVP1BXbKvk,A,2,6,4,4,"Actually, in the original design the input fields were already grouped and divided appropriately, so I'm not sure what was changed in variant A."
SUB-nVP1BXbKvk,A,3,1,1,7,"After looking at this design, I was reminded of the GenUI interface I'm using to respond to this set right now. What the two UI interfaces have in common is that they try to deliver more information than necessary to the user all at once. Users have a limit on how much information they can process at each step, but neither interface acknowledges this at all — if there's information about steps 1 through 5, they dump all of it on you starting from the first step.

There's a UX/UI law that the person who designed the GenUI interface and the researchers in this study absolutely must check: ""Hick's Law."" According to Hick's Law, ""to reduce cognitive load, break complex tasks into smaller pieces, and when decision time is heavily affected by reaction time, minimize the number of options."" I've gotten the impression that the GenUI interface and all the desktop-version designs shown in these sets so far give no consideration whatsoever to that law.

On top of that, I've felt all along that, paradoxically, an interface designed by people who research UX/UI is a design that gives no thought to UX/UI at all. There's a UT site called 'Maze' with a similar task-progression format to GenUI, and if you look at that UT tool, you can see that whenever it explains a task to the user, each screen focuses on just one goal. And when it explains things, it doesn't demand 'explanation / task completion / summarizing results' all at once; it shows them step by step, providing an appropriate amount of information as you move to 'next.' By contrast, the current variant A and the GenUI interface seem to have far too many design choices that induce information overload."
SUB-nVP1BXbKvk,B,1,5,5,7,It understood the request to change the mobile resolution into a responsive desktop version well.
SUB-nVP1BXbKvk,B,2,1,1,7,"It has the same problems as variant A — unnecessary duplicated information placement, delivering far too much information on one screen — and variant B seems to have even more of them."
SUB-nVP1BXbKvk,B,3,5,5,7,"I see this as a problem with the prompt the designer requested. In this design, I don't think there was any need to ""put more information into the step indicator."" I see it as a case where the output came out unsuitable because the designer made the request in the wrong direction."
SUB-mqtPU2AxPa,A,1,7,7,4,
SUB-mqtPU2AxPa,A,2,7,6,4,
SUB-mqtPU2AxPa,A,3,7,6,4,
SUB-mqtPU2AxPa,B,1,7,7,4,
SUB-mqtPU2AxPa,B,2,7,7,4,
SUB-mqtPU2AxPa,B,3,7,7,4,
SUB-meX26DFLnd,A,1,7,6,4,It was built as a modal popup over a desktop background. The size and information were beefed up to suit desktop.
SUB-meX26DFLnd,B,1,5,4,4,It abandoned the popup format itself and restructured it as one step of a full page with breadcrumbs.
SUB--oOBaKdkMA,A,1,7,7,4,"It fills the space without unnecessary whitespace, in line with the wide-screen criterion."
SUB--oOBaKdkMA,A,2,7,7,4,It classified the types well using card titles.
SUB--oOBaKdkMA,A,3,7,7,4,It clearly indicates the number selected as a percentage.
SUB--oOBaKdkMA,B,1,7,7,4,The way it grouped the GNB at the top and used the full content area stands out.
SUB--oOBaKdkMA,B,2,7,7,4,Classified with card backgrounds and titles so it's easy to take in at a glance
SUB--oOBaKdkMA,B,3,7,7,4,Reflected well so that it's easy to grasp.
SUB-Iw29hCQote,A,1,6,6,4,Reflected as an appropriately standard environment.
SUB-Iw29hCQote,A,2,7,7,4,"With the switch to a PC environment, the end-call button area was enlarged so you can find it at a glance."
SUB-Iw29hCQote,A,3,7,7,4,Reflected at an appropriate level.
SUB-Iw29hCQote,B,1,6,6,3,"It was reflected in a popup- or modal-like structure, which raises questions about its appropriateness."
SUB-Iw29hCQote,B,2,5,5,3,"When using a large screen, the end-call button is too far away, and as mentioned earlier, it looks too similar to the close button of a modal/popup."
SUB-Iw29hCQote,B,3,6,6,4,An appropriate level of change for the requirements
SUB-Pe4BOiOJFp,A,1,7,7,2,"Maybe it's the font of the grand total, but the difference in text size is barely noticeable."
SUB-Pe4BOiOJFp,B,1,6,6,5,"Perhaps because the difference in text size is small, the line and the total title were placed right next to each other."
SUB-da84cXi_wn,A,1,7,7,3,"It was reflected at an appropriate level for a PC environment, but the alignment of the image-title / top and bottom of the episodes is a bit disappointing."
SUB-da84cXi_wn,A,2,7,7,4,The way the episodes are laid out in order with an indicator is convincing.
SUB-da84cXi_wn,B,1,7,7,4,"It looks like it was done with the user's usability in mind. (Adding a play button, separating seasons, etc.)"
SUB-da84cXi_wn,B,2,1,4,1,It looks like they added an indicator showing viewing history rather than something that follows the season order.
SUB-D2l0MCS3sq,A,1,7,7,4,"They understood what screen this is, and adding a print button suited to the PC environment greatly improves usability."
SUB-D2l0MCS3sq,B,1,7,7,4,"They understood the screen type, and it's impressive that they added a download function and an add-to-calendar function; splitting out the booking summary section makes it easy to grasp at a glance."
SUB-XgRdal3ZZE,A,1,7,7,4,It applied the request exactly.
SUB-XgRdal3ZZE,A,2,6,6,3,
SUB-XgRdal3ZZE,A,3,7,1,5,The request was well reflected.
SUB-XgRdal3ZZE,B,1,7,5,5,
SUB-XgRdal3ZZE,B,2,7,6,5,"The distinction between videos was applied, but I'm curious why they classified them as goal, active, and queued."
SUB-XgRdal3ZZE,B,3,7,6,5,"The request was well applied, but everything is grouped individually into rounded rectangles, so they feel disconnected from each other."
SUB-ez-iTLEw2V,A,1,7,7,3,"It was applied as an input form, so multiple buttons are exposed, which raises the possibility of mis-taps."
SUB-ez-iTLEw2V,B,1,7,7,4,Appropriately applied in line with the meaning of adding an item (new list) and the screen composition.
SUB-WtAROhs4in,A,1,7,3,7,"They turned the horizontal bar into a left vertical line, which isn't commonly used."
SUB-WtAROhs4in,B,1,7,7,4,It applied the request exactly.
SUB-1OsQlEpXnz,A,1,7,6,5,All three requests were applied.
SUB-1OsQlEpXnz,B,1,7,6,6,"All three requests applied; the header contrasts in purple, but the scope of change is broader than A and the connection with the previous screen is weakened."
SUB-Q3WW-J2794,A,1,7,7,4,It applied the request exactly.
SUB-Q3WW-J2794,B,1,7,6,5,"When you press the category button, chips appear in yet another form, which looks inconsistent."
SUB-OW73Geev9O,A,1,7,7,4,
SUB-OW73Geev9O,A,2,6,6,4,"In both parts, the title/date became larger."
SUB-OW73Geev9O,B,1,7,6,5,Numbers were added to each category.
SUB-OW73Geev9O,B,2,6,6,4,"The text got bigger and bolder, and the date is positioned on the right."
SUB-ORpK7xgLqi,A,1,6,6,3,"Applied at a one-dimensional, basic level."
SUB-ORpK7xgLqi,B,1,5,5,4,An appropriate application that considers the usability of the watch screen.
SUB-LJ37yn2ppY,A,1,6,6,4,"Three areas were created by adding vertical lines, with the remaining storage space at the far right."
SUB-LJ37yn2ppY,B,1,6,6,4,
SUB-zVblx_oyKp,A,1,7,7,4,It applied the request exactly.
SUB-zVblx_oyKp,B,1,7,6,5,"The row of icons was changed into a sidebar, and the overall layout was changed too."
SUB-PshqTpHzJu,A,1,6,6,4,
SUB-PshqTpHzJu,A,2,6,6,4,
SUB-PshqTpHzJu,A,3,6,6,4,
SUB-PshqTpHzJu,B,1,6,6,4,
SUB-PshqTpHzJu,B,2,6,6,4,
SUB-PshqTpHzJu,B,3,6,6,4,
SUB-plWn3kqeaL,A,1,6,6,4,"Rather than simply shortening the top text, they also adapted the block titles and content to match the meaning, in line with the request."
SUB-plWn3kqeaL,A,2,6,6,4,It follows a familiar UI style for a standard comment feature.
SUB-plWn3kqeaL,B,1,6,6,5,"As the content changed, it was converted into a list format different from before, so the layout differs from the original."
SUB-plWn3kqeaL,B,2,6,6,7,Separating users into buttons or chips increases the chance of mis-taps and breaks the natural flow.
SUB-eRGuZduYIR,A,1,6,6,4,
SUB-eRGuZduYIR,B,1,6,6,4,
SUB-nP8wRg8IJt,A,1,7,7,4,It applied the request exactly.
SUB-nP8wRg8IJt,B,1,7,5,6,It feels like they took on a challenge with the layout structure.
SUB-YlqBI1ib_A,A,1,7,5,5,"Too many colors were added, which is tiring on the eyes."
SUB-YlqBI1ib_A,B,1,7,7,5,"The request seems well applied, but I think the hierarchy of the price is over-emphasized."
SUB-txL4a91u2l,A,1,6,6,4,The department/title was placed under the person's name; there's no room.
SUB-txL4a91u2l,A,2,6,6,4,
SUB-txL4a91u2l,A,3,6,6,4,
SUB-txL4a91u2l,B,1,6,6,4,
SUB-txL4a91u2l,B,2,6,6,4,Built with two boxes. At the top of each box: category name / number selected.
SUB-txL4a91u2l,B,3,6,6,4,
SUB-KVdv8Wokul,A,1,7,7,4,"Each part is clearly separated into cards, applied differently at an appropriate level."
SUB-KVdv8Wokul,A,2,6,6,4,The usage period was applied appropriately without harming the hierarchy.
SUB-KVdv8Wokul,B,1,7,7,4,"Subscription details are bundled into one and invoice history is changed into a timeline, resulting in a completely different composition."
SUB-KVdv8Wokul,B,2,7,7,4,Adding a separate service title conveys the meaning much better.
SUB-4nXjaDku-h,A,1,6,6,4,Appropriately applied
SUB-4nXjaDku-h,B,1,7,7,4,Applied even beyond the request.
SUB-dtSI5Xi0FD,A,1,7,6,4,The request was well reflected.
SUB-dtSI5Xi0FD,B,1,7,7,6,"It distinguishes between what's added and what isn't, and additionally differentiates the background, so the layout changed a bit."
SUB-p5DgttFvBE,A,1,7,5,5,"The request was well applied, but it would be better if the text were condensed further or expressed in a different way."
SUB-p5DgttFvBE,B,1,7,5,5,"The request was well applied, but the layout is disappointing."
SUB-HviV8ebfm6,A,1,6,6,4,
SUB-HviV8ebfm6,A,2,6,6,4,
SUB-HviV8ebfm6,B,1,6,6,4,
SUB-HviV8ebfm6,B,2,6,6,4,
SUB-f57o4BacHf,A,1,7,7,4,Accurately converted into a top badge text and a guidance message.
SUB-f57o4BacHf,A,2,7,7,4,Changed to a section title and hid the 3 completed items. A hidden-items notice and a restore button are placed together at the bottom.
SUB-f57o4BacHf,A,3,6,6,4,The two upcoming cards at the bottom were toned down with a dashed border + light gray so they're less noticeable.
SUB-f57o4BacHf,B,1,7,7,4,Converted into a top badge text and a guidance message.
SUB-f57o4BacHf,B,2,5,5,4,"There's only the section title and a notice about the hidden state, with no button to view the completed items again."
SUB-f57o4BacHf,B,3,7,7,4,"Made the drop shadow darker and added a profile color, buttons, etc. to make it stand out more."
SUB-RBjJS086qU,A,1,7,6,5,"The request is well reflected, but I wonder why the incidental details were added."
SUB-RBjJS086qU,B,1,7,7,5,It applied the request exactly.
SUB-e9ACa2PZsD,A,1,6,5,4,A reasonable change.
SUB-e9ACa2PZsD,B,1,6,4,5,"If anything, visibility got worse."
SUB-27WwMH8g-c,A,1,7,7,4,The requirements are well reflected and the improvement is highly polished.
SUB-27WwMH8g-c,A,2,7,7,4,The requirements are well reflected.
SUB-27WwMH8g-c,A,3,6,6,4,The necessary information is laid out according to hierarchy.
SUB-27WwMH8g-c,B,1,7,7,4,It reflects the request well and is highly polished.
SUB-27WwMH8g-c,B,2,7,7,4,Reflects the requirements well.
SUB-27WwMH8g-c,B,3,7,7,4,Reflects the requirements well.
SUB-uD42jZBHt9,A,1,7,6,5,"The request is well reflected, and it feels like the add-to-cart button and card-style design you often see in commerce. The category filter feels excessive."
SUB-uD42jZBHt9,B,1,7,6,5,"The filter structure comes across as unusual, and while the default product list gets shorter, space is wasted on the filter area, which is disappointing from a layout standpoint."
SUB-VCuFh2Uuvm,A,1,5,5,3,"The order changed, but there's no clear hierarchy."
SUB-VCuFh2Uuvm,B,1,5,5,3,"The order changed, but there's no clear hierarchy and the layout is ambiguous."
SUB-VKQ15rbQ4V,A,1,7,7,4,"A save button was attached to the right of the linked product row. With the button in place, the product name gets cut off."
SUB-VKQ15rbQ4V,A,2,7,6,4,"Reduced the height of the top photo, pulling the conversation area upward. As a result, the chair is hard to see on screen."
SUB-VKQ15rbQ4V,B,1,7,7,4,A full-width save button is placed below the linked product. It even specifies the name of the collection it was saved to.
SUB-VKQ15rbQ4V,B,2,7,7,4,Removed the large photo area and greatly enlarged the product card thumbnail so the chair is clearly visible. The conversation area is moved much higher.
SUB-zh_YIVEJf5,A,1,6,6,4,Well reflected as requested.
SUB-zh_YIVEJf5,A,2,7,7,4,Well reflected as requested.
SUB-zh_YIVEJf5,B,1,7,6,4,Need to pay attention to the text line breaks.
SUB-zh_YIVEJf5,B,2,7,7,4,The requirements are well reflected.
SUB-qMZhRKzY6n,A,1,7,7,4,"The topic was completely changed to membership cancellation, with a consistent shift to the new context from the category label to the guidance text and button copy."
SUB-qMZhRKzY6n,A,2,7,7,4,The color change the user requested is well reflected.
SUB-qMZhRKzY6n,B,1,5,4,3,"The topic was changed to canceling a ferry boarding, but it's still essentially a ""reservation cancellation"" type screen. The category label has practically the same meaning as the original and the button copy is kept as is."
SUB-qMZhRKzY6n,B,2,4,3,5,The emphasis on the button that was highlighted in the original and the button below has been switched.
SUB-XfobIUi5nw,A,1,6,6,4,
SUB-XfobIUi5nw,B,1,6,6,4,
SUB-Xk5VTCLKMC,A,1,7,6,4,It applied the request exactly.
SUB-Xk5VTCLKMC,B,1,7,6,7,"It seems that selecting one of the four items leads to picking a detailed reason next, but I'm curious how the user will recognize that a selection was made."
SUB-2ej7cCjDvr,A,1,7,7,4,"Consecutive messages from the same person are grouped under a single name, with times shown individually."
SUB-2ej7cCjDvr,B,1,5,4,5,"Beyond grouping, it merges the speech bubbles themselves into one large box and appends the number grouped. The top header is hidden behind the first message box."
SUB-Z0gwGb-7Lt,A,1,7,6,3,"The request seems well reflected, but I think it would be nice to have something like a view-all."
SUB-Z0gwGb-7Lt,B,1,7,5,5,It feels like a detailed description of the photo.
SUB-d0AILbWNHR,A,1,7,7,4,"Uses a top label and headline to state the living-apart situation, and lists three coordination items below."
SUB-d0AILbWNHR,A,2,7,7,4,"Changed to a pill-shaped button in dark green on a light yellow background, with an arrow attached."
SUB-d0AILbWNHR,B,1,7,7,4,"Converted to a top label and headline, showing three day-of-the-week assignee chips in a weekly visit duty roster."
SUB-d0AILbWNHR,B,2,7,7,4,"Changed to an angular button with a black border and heavy shadow on a white background, using uppercase text with wider letter spacing."
SUB-jQKutdiCx6,A,1,6,6,4,It's a tablet aspect ratio. Created a sidebar on the left and put the content on the right. The box is placed below.
SUB-jQKutdiCx6,A,2,6,6,4,
SUB-jQKutdiCx6,A,3,6,6,4,The title size got very large.
SUB-jQKutdiCx6,B,1,6,6,4,It's a tablet screen ratio.
SUB-jQKutdiCx6,B,2,6,6,4,
SUB-jQKutdiCx6,B,3,6,6,4,"Increased the font size of 1, 2, 3; the numbers are changed to color."
SUB-aynl9PFRpz,A,1,7,6,5,Separating out the texts that should be distinguished makes the content read better.
SUB-aynl9PFRpz,B,1,7,6,5,It applied the request exactly.
SUB-c67kq6XCzM,A,1,7,7,4,Removed the list from the completed items and added a top filter toggle so you can switch. A hidden-items notice is shown below.
SUB-c67kq6XCzM,A,2,5,4,4,
SUB-c67kq6XCzM,B,1,7,6,4,Removed the completed items and put in a switch toggle. The supposedly hidden items remain as checkbox + gray rows.
SUB-c67kq6XCzM,B,2,7,7,4,
SUB-VFqXGB_TgR,A,1,7,7,4,
SUB-VFqXGB_TgR,A,2,7,6,4,"Placed the rating chips in a single row below the title. The instruction said next to it, but they were placed below."
SUB-VFqXGB_TgR,A,3,7,7,4,Maintains the original design style while appropriately reflecting the user's request.
SUB-VFqXGB_TgR,B,1,6,6,4,
SUB-VFqXGB_TgR,B,2,6,4,4,Placed as a dropdown filter next to the title.
SUB-VFqXGB_TgR,B,3,6,6,5,"It reflects the user's request well, but it doesn't keep the original design — it changed the design arbitrarily."
SUB-7SN390HJjd,A,1,7,7,4,Changed the labels to an internal-company context and swapped out the title and copy well.
SUB-7SN390HJjd,A,2,6,6,4,Removed the photo and changed it to a single vertical column layout. Kept the design close to the original.
SUB-7SN390HJjd,A,3,7,7,4,Reflected the user's request well.
SUB-7SN390HJjd,B,1,7,7,4,"Changed the topic to an internal-company context nicely, and swapped out the copy and boxes well too."
SUB-7SN390HJjd,B,2,7,7,4,Removed the photo and changed it to a single centered line. Even reflected the visual characteristics of a smartwatch screen with the dark background.
SUB-7SN390HJjd,B,3,7,7,4,Reflected the user's request well.
SUB-NdoT4b7khV,A,1,5,5,4,"300dpi for print, poster"
SUB-NdoT4b7khV,A,2,5,5,4,Provides Guides and Delivery options
SUB-NdoT4b7khV,B,1,4,4,3,Can't quite tell who the target user for 'Trim your photo' is
SUB-NdoT4b7khV,B,2,5,5,4,Simple control layout
SUB-pdLycaOuk_,A,1,5,5,4,Created a Join call button
SUB-pdLycaOuk_,B,1,5,5,4,Created a Join video call button
SUB-loniQiHLJR,A,1,5,5,4,A modification that matches the request.
SUB-loniQiHLJR,B,1,5,5,4,The book title and chapter progress are clearly expressed
SUB-KoAXMTc2CD,A,1,7,7,4,The requirements are well reflected.
SUB-KoAXMTc2CD,A,2,6,6,4,Applied the requirement.
SUB-KoAXMTc2CD,B,1,7,7,4,The requirement was applied.
SUB-KoAXMTc2CD,B,2,6,6,4,The requirement was applied.
SUB-Wrc9763mCQ,A,1,7,7,4,It applied the request exactly.
SUB-Wrc9763mCQ,A,2,7,7,3,"It reflects the request well, but the original serving size is 2 servings while the revised one is 4 servings, yet the calories etc. are the same."
SUB-Wrc9763mCQ,A,3,7,7,4,The request was well reflected.
SUB-Wrc9763mCQ,B,1,7,7,5,The request was well reflected.
SUB-Wrc9763mCQ,B,2,7,5,4,"The button is there, but it's still composed with the information for 2 servings."
SUB-Wrc9763mCQ,B,3,7,5,6,"Emphasizing the protein is good, but I wonder whether the designer really wanted protein information to be prioritized."
SUB-iLGCVcK-Zx,A,1,5,5,4,The reason for deletion is shown
SUB-iLGCVcK-Zx,A,2,5,5,4,Placed a guidance message under the deletion list title
SUB-iLGCVcK-Zx,B,1,5,5,4,Provides the deletion reason
SUB-iLGCVcK-Zx,B,2,5,5,4,Placed a guidance message under the deletion list
SUB-2FDIy5L812,A,1,6,6,4,The part marked with a capsule chip next to the total time catches the eye at a glance.
SUB-2FDIy5L812,A,2,7,7,4,Arranged in order according to the requirements.
SUB-2FDIy5L812,B,1,7,7,4,"Inserted in banner form, maximizing visibility."
SUB-2FDIy5L812,B,2,7,7,4,"Since the content could be somewhat ambiguous, adding a title and showing it in column form is logical."
SUB-RtHF6Fa9q5,A,1,5,5,4,Created a save button on the right side of the header
SUB-RtHF6Fa9q5,A,2,5,5,4,Modified in line with the request.
SUB-RtHF6Fa9q5,B,1,5,5,4,Added a Save event icon + text button
SUB-RtHF6Fa9q5,B,2,5,5,4,A modification that matches the request.
SUB-0dNSZRPQhF,A,1,7,7,5,"It reflects the request accurately, but the colors were changed too."
SUB-0dNSZRPQhF,A,2,7,7,4,It applied the request exactly.
SUB-0dNSZRPQhF,B,1,7,6,5,"It reflects the request well, but the number of people and the whitespace were reduced, so it feels cramped."
SUB-0dNSZRPQhF,B,2,7,7,5,It applied the request exactly.
SUB-HoD1f9Wsj1,A,1,7,7,4,Changed the input label to a title appropriate for personal use.
SUB-HoD1f9Wsj1,A,2,7,7,4,Divided into numbered steps and reflected at an appropriate level.
SUB-HoD1f9Wsj1,A,3,7,7,4,Makes the button clear according to the step where input has been completed.
SUB-HoD1f9Wsj1,B,1,7,5,4,"By putting text below the input field, you can recognize that it's for personal use."
SUB-HoD1f9Wsj1,B,2,6,5,6,"Dividing it into steps is good, but the explanation of those steps became somewhat thin."
SUB-HoD1f9Wsj1,B,3,7,7,4,Emphasizes the button appropriately along with an icon.
SUB-8681yFDmga,A,1,5,5,4,Added reference information
SUB-8681yFDmga,A,2,5,5,4,Added a label above the header
SUB-8681yFDmga,A,3,5,5,4,
SUB-8681yFDmga,B,1,5,5,4,Added information
SUB-8681yFDmga,B,2,5,5,4,Displays an ACTIVE chip
SUB-8681yFDmga,B,3,3,3,3,It looks like a step indicator rather than an in-progress status
SUB-s3-_qgDnvR,A,1,5,5,4,Gives a color contrast effect
SUB-s3-_qgDnvR,B,1,5,5,3,Definitely doesn't match the request to make it feel weightier.
SUB--MXJHfBHyp,A,1,7,7,4,"Applied at an appropriate level, in keeping with the overall flow of the content."
SUB--MXJHfBHyp,A,2,7,7,4,Showing both the pre-discount price and the post-discount price improves comprehension.
SUB--MXJHfBHyp,A,3,7,7,4,"Indicates at the very top that it's a nonprofit, and uses columns in the table so things can be clearly compared."
SUB--MXJHfBHyp,B,1,7,7,4,"Applied with a good flow, and by separating out the final CTA, usability is secured in line with the user's ultimate goal."
SUB--MXJHfBHyp,B,2,7,7,4,"By telling you the remaining period first, it minimizes the burden of the payment amount and nudges you toward paying by period."
SUB--MXJHfBHyp,B,3,7,7,4,"It indicates at the top that it's a nonprofit, but it's a shame the comparison area has a redundant, duplicated title showing."
SUB-iehYZc_tqD,A,1,7,7,4,"Text labels and such are well applied to suit tutors, and notification history can be handled with a button."
SUB-iehYZc_tqD,B,1,7,7,4,"Changed into a form familiar to tutor users, like a calendar or scheduler, and notifications clearly separate bookings and assignments into cards."
SUB-hOPiRdftm-,A,1,7,7,4,"Appropriately applied using a light red background color, the standard pattern for warnings."
SUB-hOPiRdftm-,B,1,7,7,7,"The background color isn't handled properly and is shown at 100% color, so deletion is overly emphasized."
SUB-3Jz9am8-z4,A,1,7,7,4,It applied the request exactly.
SUB-3Jz9am8-z4,A,2,7,7,4,It applied the request exactly.
SUB-3Jz9am8-z4,B,1,7,5,5,The grouping units don't look much different; incidental details have just been added.
SUB-3Jz9am8-z4,B,2,7,6,6,"The PAUSE button takes up the progress bar's space so the progress bar got shorter, and it's so high up that it looks uncomfortable to press."
SUB--GyjX9kMJe,A,1,7,6,4,"It was changed to tablet size, but it feels a lot like just laying out cards that are bigger than on the desktop screen."
SUB--GyjX9kMJe,A,2,7,7,4,It applied the request exactly.
SUB--GyjX9kMJe,B,1,7,7,5,The request was well reflected.
SUB--GyjX9kMJe,B,2,7,6,5,"The request is well applied, but the download function could stand to be less emphasized."
SUB-7CfbjE653X,A,1,3,3,3,Hard to tell whether it's for volunteers.
SUB-7CfbjE653X,B,1,5,5,4,Volunteer waiver signed
SUB-mjVnc3yxJJ,A,1,5,5,4,"Step 2 Update sticker, next-step table"
SUB-mjVnc3yxJJ,B,1,5,4,3,Looks like only the wording was changed from the original.
SUB-W_Nn-FPLe7,A,1,6,6,4,Applied the requirement.
SUB-W_Nn-FPLe7,B,1,5,5,4,The requirement was applied.
SUB-_Hxl8UbYZG,A,1,6,6,4,Applied the requirement.
SUB-_Hxl8UbYZG,A,2,6,6,4,Applied the requirement.
SUB-_Hxl8UbYZG,A,3,5,5,4,Applied the requirement.
SUB-_Hxl8UbYZG,B,1,7,7,4,Applied the requirement.
SUB-_Hxl8UbYZG,B,2,7,7,4,Applied the requirement.
SUB-_Hxl8UbYZG,B,3,7,7,4,Applied the requirement.
SUB-srNgOYcvBz,A,1,5,5,4,Left-right layout on the screen
SUB-srNgOYcvBz,A,2,5,5,4,Added a flow guidance card
SUB-srNgOYcvBz,B,1,5,5,4,Interpreted as a layer screen for desktop
SUB-srNgOYcvBz,B,2,5,5,4,Expresses the steps precisely with numbering
SUB-KMSvKuQY19,A,1,7,7,4,Removing the divider between the product and the payment/refund info groups them into one.
SUB-KMSvKuQY19,A,2,7,5,4,Details are appropriately added below the product name.
SUB-KMSvKuQY19,A,3,7,7,4,Applied so you can select via a dropdown in the requested location.
SUB-KMSvKuQY19,B,1,7,7,4,Separates the product info area substantially and groups the refund info and guidance text together.
SUB-KMSvKuQY19,B,2,7,7,4,"The product's option details are broken out into a table, which is much easier to view."
SUB-KMSvKuQY19,B,3,7,7,4,"You can pick the reason right away via chips, so the flow continues naturally."
SUB-GUOjs827JE,A,1,5,5,4,Two groups: UNREAD ACTIVITY / UP TO DATE
SUB-GUOjs827JE,A,2,5,5,4,Added a close button on the right
SUB-GUOjs827JE,A,3,5,5,4,The header area is rendered in purple
SUB-GUOjs827JE,B,1,5,5,4,"Changed ""newly arrived"" -> ""unread"""
SUB-GUOjs827JE,B,2,5,5,4,Added a close button
SUB-GUOjs827JE,B,3,5,5,4,Rendered in light purple
SUB-uDZaw9p17u,A,1,7,6,6,It feels like it was changed nicely into a test center selection screen.
SUB-uDZaw9p17u,A,2,7,7,4,It applied the request exactly.
SUB-uDZaw9p17u,A,3,7,7,4,"It was applied as intended, but I question whether the distinction between selected and unselected centers should be structured the way it is here."
SUB-uDZaw9p17u,B,1,7,7,4,It applied the request exactly.
SUB-uDZaw9p17u,B,2,7,6,4,It applied the request exactly.
SUB-uDZaw9p17u,B,3,7,7,4,"It reflects the request exactly, so it's easy to recognize which part is selected."
SUB-YozMWuU87v,A,1,5,5,4,Created an attachment icon
SUB-YozMWuU87v,B,1,5,5,4,Indicates the attachment file type
SUB-jOumnPsY9j,A,1,6,6,5,The two groups are nicely separated.
SUB-jOumnPsY9j,B,1,6,5,5,"The two groups are nicely separated, but the caption is long."
SUB-9pZWqUY9TX,A,1,6,6,4,It reflects the requested content well.
SUB-9pZWqUY9TX,B,1,6,6,5,The styling of the process status at the bottom is a bit disappointing.
SUB-mrrv65619l,A,1,7,7,4,It reflects the requested content well.
SUB-mrrv65619l,B,1,7,6,4,It reflects the requested content well.
SUB-v6eyNsskHw,A,1,6,6,4,It applied the request well.
SUB-v6eyNsskHw,A,2,6,5,3,Layout and alignment aren't optimized.
SUB-v6eyNsskHw,B,1,6,6,4,Reflects the requirements well.
SUB-v6eyNsskHw,B,2,6,6,4,The improvement goes beyond what was requested.
SUB-FvubGqee3f,A,1,5,5,4,Created a summary card for dangerous allergen foods.
SUB-FvubGqee3f,A,2,5,5,4,Displays the ingredient list.
SUB-FvubGqee3f,A,3,4,4,3,Displays the 3 allergy-risk ingredients.
SUB-FvubGqee3f,B,1,5,5,3,The summary info isn't consolidated into a single card.
SUB-FvubGqee3f,B,2,5,5,4,"The ingredient list is grouped together, and allergy risks are marked."
SUB-FvubGqee3f,B,3,5,5,3,Sawp2 — can't tell what this feature is.
SUB-4UmwnsC4da,A,1,7,5,6,The use of yellow fits the mental model well.
SUB-4UmwnsC4da,B,1,7,6,5,The red feels a bit excessive.
SUB-GbXZIFBEw_,A,1,7,7,5,"It places the next-action card right below the completion confirmation and pushes the purchase details down, creating exactly the flow that was requested."
SUB-GbXZIFBEw_,B,1,7,7,6,It bundles the completion confirmation and the next action into one green block so purchase info can't get wedged in between. It's a shame that the order number and date got scattered to different places.
SUB-2BJU5m-WKY,A,1,6,6,4,The requirements are well reflected.
SUB-2BJU5m-WKY,A,2,6,6,4,The requirements are well reflected.
SUB-2BJU5m-WKY,A,3,6,5,3,It would have been better to align the button order more with a desktop environment.
SUB-2BJU5m-WKY,B,1,7,7,4,Optimized for the desktop environment.
SUB-2BJU5m-WKY,B,2,7,6,4,The requirements are well reflected.
SUB-2BJU5m-WKY,B,3,7,7,4,The arrangement is well suited to the desktop environment.
SUB-J6NmhUjmKA,A,1,7,7,4,Reflects the requirements well.
SUB-J6NmhUjmKA,B,1,6,5,5,Splitting it up by season is an unnecessary change.
SUB-Y0igSnHPWT,A,1,5,5,4,The Attached readings block is placed below the title section.
SUB-Y0igSnHPWT,A,2,3,3,2,Same as the original.
SUB-Y0igSnHPWT,B,1,5,5,4,Places the Attached readings block ahead of the body text and lays it out in three columns.
SUB-Y0igSnHPWT,B,2,5,5,4,Provided as a separate card.
SUB-NfWuoL5fu0,A,1,7,7,4,The requirements are well reflected.
SUB-NfWuoL5fu0,B,1,6,5,5,Not optimized for the mobile environment.
SUB-zOKLZ0moTG,A,1,6,6,4,Makes use of the full screen width.
SUB-zOKLZ0moTG,A,2,5,5,4,Groups the benefits list.
SUB-zOKLZ0moTG,A,3,5,5,4,Changed to yellow.
SUB-zOKLZ0moTG,B,1,5,5,4,Content restructured to suit desktop.
SUB-zOKLZ0moTG,B,2,5,5,4,"Grouping, use of icons."
SUB-zOKLZ0moTG,B,3,5,5,4,Red.
SUB-ctiok5sGk_,A,1,7,7,4,"Changed the subject from a product retail shop to a home repair service company. Changed it consistently, down to the company name, introduction, stats, and tab structure."
SUB-ctiok5sGk_,A,2,6,5,4,"Service items are laid out in two columns to use the horizontal space. The company info area at the top leaves empty space on the right, so horizontal space is used less well."
SUB-ctiok5sGk_,A,3,7,7,4,Splits it into two bundles — same-day visits and scheduled jobs — and adds a one-line description next to each heading.
SUB-ctiok5sGk_,B,1,7,7,4,Changed from a product retail shop to a service business. The platform brand and company name at the top are also named differently. A title for the service booking screen was also added.
SUB-ctiok5sGk_,B,2,7,7,4,"Splits it into a two-pane structure with a left sidebar and a right main area, laid out nicely for a tablet screen."
SUB-ctiok5sGk_,B,3,7,7,4,Splits it into the same two bundles and adds descriptions next to the headings. Also shows additional info on the right.
SUB-BCZeQwxROt,A,1,7,7,5,"On top of the request, a business-use badge was added and two extra buttons were created."
SUB-BCZeQwxROt,A,2,7,7,4,It applied the request exactly.
SUB-BCZeQwxROt,B,1,7,7,6,"It's clearly for business users, but I wonder whether building a whole new login form might not have been the user's intent."
SUB-BCZeQwxROt,B,2,7,5,3,"If only the three regions are available then it's an appropriate change, but there seems to be a lack of consideration for what to do in the case of other countries."
SUB-ONhS-r0B5D,A,1,7,7,4,"Changed the goal card to a weekly reading goal and the list to this week's assignments. Each item has a subject, amount, and due date attached, and it borrows the original's design elements such as the goal card background color and list structure as-is."
SUB-ONhS-r0B5D,B,1,7,7,4,Changed the goal card to a 25-minutes-of-reading-per-day goal and added check marks for each day of the week. The list is split into due today and later this week. The design was changed.
SUB-EDIbWft9Oz,A,1,6,5,4,"It bundles the payment info into a pink highlighted card and renames the subscription details, moving them down, but the overall flow isn't much different from the original."
SUB-EDIbWft9Oz,A,2,7,7,4,Added the usage period under each invoice date.
SUB-EDIbWft9Oz,B,1,7,7,4,"Reorganized overall — header title, added back button, plan name, status badge placed at the very top — clearly creating a different structure."
SUB-EDIbWft9Oz,B,2,7,7,4,Displayed under each item in the format service: date.
SUB-YfFEiNaN1l,A,1,6,6,4,The two chunks — product & refund / info & selection — feel natural.
SUB-YfFEiNaN1l,A,2,6,6,5,The cancel item is easy to find.
SUB-YfFEiNaN1l,A,3,6,5,4,Well made.
SUB-YfFEiNaN1l,B,1,6,5,4,The bottom looks heavy.
SUB-YfFEiNaN1l,B,2,6,6,5,Well arranged so the detailed info is easy to skim.
SUB-YfFEiNaN1l,B,3,6,6,5,"The left and right margins shrank, so it feels cramped."
SUB-RRGCS4UFDE,A,1,7,7,5,It applied the request exactly.
SUB-RRGCS4UFDE,A,2,7,6,5,"The instruction is well reflected, but it feels excessive."
SUB-RRGCS4UFDE,A,3,7,7,4,It applied the request exactly.
SUB-RRGCS4UFDE,B,1,7,6,5,"The instruction is well reflected, but it gives the impression of already being selected even though it wasn't clicked."
SUB-RRGCS4UFDE,B,2,7,6,5,"The instruction is well reflected, but the text size feels excessive both at the top and the bottom."
SUB-RRGCS4UFDE,B,3,7,7,4,"The instruction is well reflected, but it feels like there's a lot of purple spread throughout."
SUB-DI-r1NGE0v,A,1,7,6,4,"Added a delivery address card containing the delivery address, gate code, estimated arrival time, and recipient notes. Also added the stop number, number of attempts, and route to the sender info."
SUB-DI-r1NGE0v,A,2,7,7,4,"Put the sender info on the left, and the delivery address and call controls on the right. The top navigation is laid out as horizontal tabs."
SUB-DI-r1NGE0v,A,3,7,6,4,"Of the three buttons that were side by side in the original, the speaker is emphasized at the top and the rest are placed below."
SUB-DI-r1NGE0v,B,1,7,7,4,"It shows the call history log in chronological order in the delivery info, making it easy to grasp how the coordination has progressed so far."
SUB-DI-r1NGE0v,B,2,7,7,4,Added a vertical sidebar navigation on the left and newly added a contact button at the top.
SUB-DI-r1NGE0v,B,3,7,7,4,Varies the hierarchy depending on status. Made mic mute an orange warning banner and arranged the rest as toggles and links.
SUB-Vj-gF5t7LS,A,1,7,7,4,Changed it to property tour editing while keeping the existing features. Even the content is well reflected.
SUB-Vj-gF5t7LS,A,2,7,7,4,"Placed the photo viewport on the left and the editing features on the right, restructuring it to suit desktop resolution."
SUB-Vj-gF5t7LS,A,3,7,7,4,Handled the requested categorization and order exactly.
SUB-Vj-gF5t7LS,B,1,7,7,5,Changed it to property tour editing while keeping the existing features. A scene thumbnail list feature that wasn't requested was added on the left.
SUB-Vj-gF5t7LS,B,2,7,7,5,"Laid out a desktop editor with a scene list on the left, a large preview in the center, and controls at the bottom. It uses the wide width well to fit the editing workflow."
SUB-Vj-gF5t7LS,B,3,7,7,4,Handled the requested categorization exactly.
SUB-MlNuWOTPy-,A,1,7,7,4,"Reorganized into a circular timer on the left, a status list on the right, and rounds in two columns, and spread the per-minute bar wide at the bottom, making good use of the horizontal space."
SUB-MlNuWOTPy-,A,2,7,7,4,"Added an extend-time button between the two existing buttons, and added an explanation in the bottom note that extending will delay the break."
SUB-MlNuWOTPy-,A,3,7,7,4,"Changed the original's simple progress bar into a circular gauge and per-minute blocks, and added a running badge and round indicator at the top."
SUB-MlNuWOTPy-,B,1,7,6,4,"Placed a dark sidebar on the left and split the right side as the main area. However, the left dark sidebar is too wide and some empty space is left at the bottom of the main area on the right."
SUB-MlNuWOTPy-,B,2,7,6,4,"Added an extend-time button between the two existing buttons. The text isn't vertically centered and breaks into two lines, so the alignment is a letdown."
SUB-MlNuWOTPy-,B,3,7,7,4,"In the sidebar the round dots within the whole session are shown as green dots, and in the main area a speech bubble marks the current position on the per-minute bar, making it easy to see where you are in the overall plan."
SUB-e5y03vWVTw,A,1,6,6,2,
SUB-e5y03vWVTw,A,2,6,6,4,
SUB-e5y03vWVTw,B,1,6,6,2,
SUB-e5y03vWVTw,B,2,6,6,4,
SUB-6QBMyUlSsk,A,1,7,7,4,Reflected the instruction to an appropriate degree.
SUB-6QBMyUlSsk,A,2,7,7,4,Added the button consistently with the design system.
SUB-6QBMyUlSsk,A,3,7,7,4,A separate strip-banner-like card block was added that blends with the existing design.
SUB-6QBMyUlSsk,B,1,7,6,6,The amount of information on the card became somewhat excessive.
SUB-6QBMyUlSsk,B,2,7,7,4,"Matched the design system and arranged the buttons as two buttons, reducing unnecessary scrolling."
SUB-6QBMyUlSsk,B,3,7,7,4,"Clearly separates check-in and check-out. However, ""4 nights"" could be mistaken for a button."
SUB-6VjxFaWNPT,A,1,7,7,4,Placed it as a semi-transparent dark circle in the upper right corner inside the photo.
SUB-6VjxFaWNPT,B,1,6,6,5,"Circular, dark background, and the X is fine, but the button is half hanging off outside the photo. It also has a white border."
SUB-JDy__IkEuF,A,1,7,6,4,Added a dark brown hero card at the top and changed the background to a beige tone. Changed to an impression with stronger contrast than the original.
SUB-JDy__IkEuF,A,2,7,7,4,"Puts the two section headers, company and legal, together and groups each into a separate card."
SUB-JDy__IkEuF,A,3,7,7,4,
SUB-JDy__IkEuF,B,1,7,7,4,"Changed center alignment to left alignment, shrank the logo and enlarged the app name. Uses alignment and typographic hierarchy instead of color contrast for a modern impression, a bigger change than the original."
SUB-JDy__IkEuF,B,2,7,7,4,"Puts the two section headers, company and legal, together and separates them with a divider line. Additional info is attached on the right, so you can grasp the content just by looking at the list."
SUB-JDy__IkEuF,B,3,7,7,4,
SUB-9fPjNKuT1u,A,1,7,6,5,"The order of the guidance and the tool selection part was changed, and one sentence of task guidance info was split into two, making it visually easier to take in."
SUB-9fPjNKuT1u,A,2,7,6,4,
SUB-9fPjNKuT1u,A,3,7,7,5,
SUB-9fPjNKuT1u,B,1,7,7,6,
SUB-9fPjNKuT1u,B,2,7,7,4,
SUB-9fPjNKuT1u,B,3,7,7,5,"A thick border was added on cream-colored paper, but the stroke feels a bit excessive."
SUB-HcDlLSQ4CD,A,1,5,5,4,Oldest first select
SUB-HcDlLSQ4CD,A,2,5,5,4,Empty trash · Delete all 3 items button
SUB-HcDlLSQ4CD,B,1,5,5,4,Added buttons like Name A–Z
SUB-HcDlLSQ4CD,B,2,5,5,4,"Select, delete"
SUB-XP9ZK7IyN4,A,1,7,7,4,Added an arrow
SUB-XP9ZK7IyN4,B,1,7,7,4,Added an arrow
SUB-ynGwX-nedD,A,1,7,7,4,It applied the request exactly.
SUB-ynGwX-nedD,A,2,7,7,5,"The instruction is well reflected, but I question whether listing it out step by step is right. Unlike the chapters part in the original, it looks like sequential steps."
SUB-ynGwX-nedD,B,1,7,6,5,"The instruction is well reflected, but I question whether the attending clinician and the due date are the same topic, and whether 'logged' should also be grouped together with them."
SUB-ynGwX-nedD,B,2,7,6,5,It's unclear what meaning the listing order has; the items look individual rather than connected.
SUB--PcDlYF6D3,A,1,7,7,4,"The top tab text and title are well reflected, and the thumbnail preview excluding the image is well reflected."
SUB--PcDlYF6D3,A,2,7,7,4,Clearly indicates the removed team member's name and 'deleted'.
SUB--PcDlYF6D3,B,1,7,7,4,"The text is well reflected, and for formats like PDF the preview is well reflected."
SUB--PcDlYF6D3,B,2,7,6,4,Clearly reflects the name of the removed team member.
SUB-uLWV8oXRqu,A,1,6,6,4,The requirements are well reflected.
SUB-uLWV8oXRqu,A,2,6,6,4,An additional filter was added
SUB-uLWV8oXRqu,A,3,6,6,4,The requirements are well reflected.
SUB-uLWV8oXRqu,B,1,6,5,3,Needs to be indicated more clearly
SUB-uLWV8oXRqu,B,2,6,6,4,Combining the additional filter functions is also a good approach
SUB-uLWV8oXRqu,B,3,6,6,4,An appropriate improvement.
SUB-mEIjXK8wYT,A,1,6,5,4,"A light green badge was added to the right of the average sleep time. However, it isn't clear what value it's being compared to, and the badge is small so visibility is low."
SUB-mEIjXK8wYT,A,2,7,6,4,"In each row of the nightly detail, total sleep time was moved to the top left and made bigger and bolder, with the date moved below it in small gray text, so the order of time then date reads naturally."
SUB-mEIjXK8wYT,B,1,7,7,4,"Right below the average sleep time, a pink band was used to put the direction, amount of change, and comparison basis in one line, using pink as a color implying a decrease."
SUB-mEIjXK8wYT,B,2,6,7,4,"Changed the nightly detail to a two-column display of total sleep time and date, placing the time column on the left to structure the reading order."
SUB-uT6ANskF-y,A,1,6,6,4,Improved as requested
SUB-uT6ANskF-y,A,2,6,6,4,The requirements are well reflected.
SUB-uT6ANskF-y,B,1,6,6,4,The requirements are well reflected.
SUB-uT6ANskF-y,B,2,6,6,4,The requirements are well reflected.
SUB--zgWefV7-B,A,1,5,5,4,Added Northside Physio label
SUB--zgWefV7-B,A,2,5,5,4,Text button
SUB--zgWefV7-B,A,3,5,5,4,"Applied gray background, removed lines"
SUB--zgWefV7-B,B,1,5,5,4,Added Harbor Physio Clinic label
SUB--zgWefV7-B,B,2,5,5,4,Text button
SUB--zgWefV7-B,B,3,5,5,4,Changed to a color other than gray
SUB-tb63QWBbvb,A,1,7,7,4,"The stage name, color, and order are shown together, so you can immediately find urgent items."
SUB-tb63QWBbvb,A,2,7,7,4,The header filters fit on one line and the selected state is well distinguished.
SUB-tb63QWBbvb,A,3,7,6,4,"The button shape is kept, but the red border is a bit faint."
SUB-tb63QWBbvb,B,1,7,5,4,"Urgent items come to the top and are distinguished in red, but there are no stage names."
SUB-tb63QWBbvb,B,2,7,6,5,"You can choose the type via underlined tabs, but there's little breathing room on the line."
SUB-tb63QWBbvb,B,3,7,7,4,Keeps the button shape while changing the border and text to red.
SUB-D5LLxjpfGn,A,1,6,6,4,The requirements are well reflected.
SUB-D5LLxjpfGn,B,1,6,5,5,Moving it to the very top for emphasis actually lowers recognition.
SUB-40lyDYJLtJ,A,1,7,7,4,"The two pieces of info are placed side by side as left and right cards, making it easy to check the amount and payment method together."
SUB-40lyDYJLtJ,B,1,7,6,6,"The two pieces of info are grouped into two lines within one card, so the value positions are consistent."
SUB-vVFecOUXqN,A,1,6,6,4,The requested items are well reflected.
SUB-vVFecOUXqN,A,2,6,6,4,The requirements are well reflected.
SUB-vVFecOUXqN,A,3,7,7,4,The requirements are well reflected.
SUB-vVFecOUXqN,B,1,6,6,4,The requirements are well reflected.
SUB-vVFecOUXqN,B,2,6,6,4,The requirements are well reflected.
SUB-vVFecOUXqN,B,3,6,5,3,Was it really necessary to put a button inside the progress bar...?
SUB-fRnKu6QQ11,A,1,7,7,4,"Well reflected. The photo ratio changed, though I'm not sure whether that has any impact."
SUB-fRnKu6QQ11,B,1,7,6,5,"The photo ratio changed excessively. Adding the label seems unnecessary. It was said to be one line each, but it arbitrarily turned things into cards -> looks good layout-wise."
SUB-TkbKGwnRdo,A,1,6,5,3,Layout optimization is lacking.
SUB-TkbKGwnRdo,A,2,6,5,3,The placement is ambiguous.
SUB-TkbKGwnRdo,B,1,6,6,4,Nicely optimized for the desktop environment.
SUB-TkbKGwnRdo,B,2,6,6,4,The change is well reflected.
SUB-Jd1cCWKZk2,A,1,7,7,4,It applied the request exactly.
SUB-Jd1cCWKZk2,A,2,7,7,6,"The request is well reflected, but placing the check icon together with the toggle creates a duplicated meaning."
SUB-Jd1cCWKZk2,B,1,7,7,5,It applied the request exactly.
SUB-Jd1cCWKZk2,B,2,7,6,5,"You can now check the following status right away, but since the toggle button is gone entirely, it makes me wonder how the screen is composed before following."
SUB-Kz3nUo7KDW,A,1,6,5,4,"It's well reflected on a full PC screen, but when considering responsiveness, the width limitation is expected to be a shortcoming."
SUB-Kz3nUo7KDW,A,2,7,7,4,Appropriately reflected by inserting a dropdown-type filter.
SUB-Kz3nUo7KDW,A,3,5,3,2,Only some text labels were added; hard to find any distinctly different feel.
SUB-Kz3nUo7KDW,B,1,7,7,4,"The mobile navigation is naturally resolved at the top of the GBB. Otherwise, the layout is worked out as a familiar PC screen form."
SUB-Kz3nUo7KDW,B,2,7,7,4,The detailed filters are grouped into one line and appropriately implemented.
SUB-Kz3nUo7KDW,B,3,7,7,5,"The different outward feel from before is well reflected, but I'm not sure whether the colors needed to be extended that far."
SUB-UYwsN8rPHi,A,1,5,5,4,The graphic values should clearly correspond to the numbers.
SUB-UYwsN8rPHi,B,1,5,5,4,The graphic values should clearly correspond to the numbers.
SUB-E_oT9jR_Tu,A,1,7,7,4,"It removed the food photo and used the whole screen as a black rounded-rectangle watch form, laying it out well in line with the user's request."
SUB-E_oT9jR_Tu,B,1,7,7,4,"It removed the photo and laid things out well as the user requested. However, the brand header remains as-is on the white card."
SUB-Ee2l3VpdTW,A,1,5,5,5,"Circles and borders were added, so the style changed."
SUB-Ee2l3VpdTW,B,1,7,5,6,It over-interpreted the intent of the requested part and made design changes beyond what was asked.
SUB-PAGQxszoKE,A,1,7,7,4,Reflects the requirements well.
SUB-PAGQxszoKE,A,2,6,6,4,Reflects the requirements well.
SUB-PAGQxszoKE,A,3,7,7,4,Reflects the requirements well.
SUB-PAGQxszoKE,B,1,6,6,4,Well applied.
SUB-PAGQxszoKE,B,2,6,6,5,Well applied.
SUB-PAGQxszoKE,B,3,7,7,4,Well applied.
SUB-ogIkWu5xkH,A,1,7,7,4,The requirements are well reflected.
SUB-ogIkWu5xkH,A,2,6,6,4,The requirements are well reflected.
SUB-ogIkWu5xkH,A,3,7,7,4,The requirements are well reflected.
SUB-ogIkWu5xkH,B,1,6,6,5,There's no need to split the card into two.
SUB-ogIkWu5xkH,B,2,6,6,5,It doesn't give the important information a higher hierarchy.
SUB-ogIkWu5xkH,B,3,6,6,6,The position changes are excessive.
SUB-okpQf_4bEs,A,1,5,5,4,Makes the amount large and shows the label small.
SUB-okpQf_4bEs,B,1,5,5,4,Reflects the request and reorganizes the panel's information.
SUB-wupVt0lpMg,A,1,6,6,4,The requested content is well reflected
SUB-wupVt0lpMg,B,1,6,5,6,The information hierarchy collapses.
SUB-7fKKf4gB7e,A,1,5,5,4,Changed to a desktop screen.
SUB-7fKKf4gB7e,A,2,5,5,4,Arbitrary brand color assignment.
SUB-7fKKf4gB7e,B,1,5,5,5,It even develops the detail page screen.
SUB-7fKKf4gB7e,B,2,5,5,4,Arbitrary brand color assignment.
SUB-brmYFbaC59,A,1,7,7,4,Well reflected to suit the desktop environment.
SUB-brmYFbaC59,A,2,6,6,4,Reflected by creating grouping.
SUB-brmYFbaC59,A,3,6,6,4,"The requirements aren't clear, but it's reflected."
SUB-brmYFbaC59,B,1,6,6,4,Made so that desktop can give an experience similar to mobile.
SUB-brmYFbaC59,B,2,6,6,5,"Well reflected, but there probably was a better direction."
SUB-brmYFbaC59,B,3,6,6,4,"What was requested isn't clear, but it's reflected."
SUB-A8pXjxTbcP,A,1,6,6,4,The text in the claim component isn't tidied up.
SUB-A8pXjxTbcP,A,2,2,2,2,Making it read in order surely didn't just mean adding numbering — the design execution is disappointing.
SUB-A8pXjxTbcP,A,3,6,5,5,"The circle component showing something like ""Legibility good"" doesn't seem all that important from the user's perspective."
SUB-A8pXjxTbcP,B,1,6,6,6,"The open claim component is a bit excessive, but during the process of attaching a bill it's content that helps cognitively."
SUB-A8pXjxTbcP,B,2,7,5,7,The stage ended up changing.
SUB-A8pXjxTbcP,B,3,5,5,1,"While adding the score bar, there wasn't enough consideration for the layout or the background. Design completeness is lacking."
SUB-NJJpqH3BmW,A,1,7,7,4,The requirements are well reflected.
SUB-NJJpqH3BmW,B,1,6,6,4,The requirements are well reflected.
SUB-e0LHYE1nHn,A,1,5,5,4,"The request was applied, but it's unsuitable as a desktop chat screen."
SUB-e0LHYE1nHn,B,1,5,5,4,Expressed the main menu as a left rail and placed the conversation list on the left.
SUB-CLY9L_CqFH,A,1,7,7,4,It applied the request exactly.
SUB-CLY9L_CqFH,A,2,7,7,4,It applied the request exactly.
SUB-CLY9L_CqFH,B,1,7,7,4,It applied the request exactly.
SUB-CLY9L_CqFH,B,2,7,7,4,It applied the request exactly.
SUB--LEDFog48c,A,1,6,6,5,The 'start tracking' label feels somewhat unnecessary.
SUB--LEDFog48c,A,2,7,7,4,Applied it well.
SUB--LEDFog48c,B,1,3,4,6,"It seems to not understand the UX of this screen at all.
The composition itself was changed more aggressively to 2 columns, but the design completeness is lacking.
Unnecessarily grouped into boxes, making it feel cramped."
SUB--LEDFog48c,B,2,7,7,4,Applied it well.
SUB-UUqBkapsi_,A,1,5,5,4,Modified in line with the request.
SUB-UUqBkapsi_,A,2,5,5,4,Modified in line with the request.
SUB-UUqBkapsi_,A,3,5,5,4,Changed the hover background color and dimmed the secondary text.
SUB-UUqBkapsi_,B,1,5,5,4,Displays the morning shift time in the main content.
SUB-UUqBkapsi_,B,2,5,5,4,Reduced the horizontal size of the indented part and set a background color.
SUB-UUqBkapsi_,B,3,5,5,4,Changed the hover background color and dimmed the secondary text.
SUB-tjqn1Z8S_W,A,1,7,7,4,The requirements are well reflected.
SUB-tjqn1Z8S_W,A,2,6,6,4,The requirements are well reflected.
SUB-tjqn1Z8S_W,A,3,7,7,4,The requirements are well reflected.
SUB-tjqn1Z8S_W,B,1,7,7,4,The requirements are well reflected.
SUB-tjqn1Z8S_W,B,2,7,7,4,The requirements are well reflected.
SUB-tjqn1Z8S_W,B,3,7,7,4,The requirements are well reflected.
SUB-MCmHzBE3WF,A,1,7,7,5,A separate left panel was created.
SUB-MCmHzBE3WF,A,2,7,6,4,Only the necessary guidance elements were added.
SUB-MCmHzBE3WF,B,1,7,7,6,The degree of restructuring is large. But it's plausible.
SUB-MCmHzBE3WF,B,2,7,6,4,"Only the necessary flow guidance was added, so the scope of the modification is appropriate."
SUB-zlgIrhxV7z,A,1,6,6,5,
SUB-zlgIrhxV7z,A,2,6,6,5,
SUB-zlgIrhxV7z,A,3,6,6,4,"The request is ambiguous. I thought it meant to change it to a disabled style, but it literally changed the button's style."
SUB-zlgIrhxV7z,B,1,1,1,1,There's no information indicating it's a teacher sign-up.
SUB-zlgIrhxV7z,B,2,7,5,4,"It used a horizontal stepper UI, but it doesn't catch the eye well and overlaps a bit with the tabs above."
SUB-zlgIrhxV7z,B,3,6,6,4,Applied it well.
SUB-eayXfq9l37,A,1,5,5,4,Content changed in line with the request.
SUB-eayXfq9l37,A,2,4,4,3,Only the horizontal size changed.
SUB-eayXfq9l37,A,3,5,5,4,Added a flag button.
SUB-eayXfq9l37,B,1,5,5,4,Content changed in line with the request.
SUB-eayXfq9l37,B,2,5,5,4,UI restructured for tablet only.
SUB-eayXfq9l37,B,3,5,5,4,Flag button.
SUB-hx1eWlFdNz,A,1,5,5,3,"The requirement was applied, but it's hard to see."
SUB-hx1eWlFdNz,A,2,3,3,3,"Maybe because the top area is empty, nothing seems to have changed."
SUB-hx1eWlFdNz,A,3,5,5,3,"The requirement was applied, but there are stronger focal points at the top and bottom, so it's hard to see."
SUB-hx1eWlFdNz,B,1,5,5,5,Are the skip and leave-as-is buttons different in function? Confusing.
SUB-hx1eWlFdNz,B,2,5,5,4,Is this the care plan part? Confusing.
SUB-hx1eWlFdNz,B,3,6,6,4,The pin guidance stands out well as a focal point.
SUB-ZVW8NktyGp,A,1,7,7,4,Applied it well.
SUB-ZVW8NktyGp,A,2,7,7,4,Applied it well.
SUB-ZVW8NktyGp,A,3,6,6,4,"It was applied as requested, but the button is hard to see."
SUB-ZVW8NktyGp,B,1,6,6,4,It's a shame that it's simply expressed in a single line.
SUB-ZVW8NktyGp,B,2,6,5,4,"I can't tell which step I'm currently on, and the ""THEN"" label seems unnecessary."
SUB-ZVW8NktyGp,B,3,6,6,6,"The marking takes up a very large proportion of the video area.
Saved moments are placed separately below."
SUB-V-AhoPA-zf,A,1,6,6,4,The requirement was applied.
SUB-V-AhoPA-zf,B,1,5,5,4,The requirement was applied.
SUB-q8qxdvkm2Z,A,1,5,5,4,"Layout changed in line with the request, screen split left and right."
SUB-q8qxdvkm2Z,A,2,5,5,5,"The composition was changed, but it doesn't look tidy."
SUB-q8qxdvkm2Z,A,3,5,5,4,Button shape changed.
SUB-q8qxdvkm2Z,B,1,5,5,4,Expressed the main menu as a rail.
SUB-q8qxdvkm2Z,B,2,5,5,4,"Expressed the steps, payment/shipping info, and payment info in three columns."
SUB-q8qxdvkm2Z,B,3,5,5,5,Placed the payment button at the bottom of the screen.
SUB-9EM5Pex2U5,A,1,6,6,4,"The beige seems a bit dark, but the requirement was applied."
SUB-9EM5Pex2U5,B,1,5,5,4,The requirement was applied.
SUB-HhXfUGkA0T,A,1,6,6,4,Applied it well.
SUB-HhXfUGkA0T,A,2,6,6,4,"Going with a search approach seems fine. Putting the score in the profile area instead of the initials made me wonder at first, but it might actually be a change that fits the context well."
SUB-HhXfUGkA0T,A,3,6,6,4,"I don't quite understand the instruction, but it seems well applied."
SUB-HhXfUGkA0T,B,1,6,6,4,Applied it well.
SUB-HhXfUGkA0T,B,2,6,7,3,Grouping by grade status feels like an easier way to do the grading. Removing the initials or moving them to the right seems like an incomplete change.
SUB-HhXfUGkA0T,B,3,6,6,4,Seems to have applied it well.
SUB-6sWUO6Qff2,A,1,6,6,4,Applied the requirement.
SUB-6sWUO6Qff2,B,1,5,5,4,The requirement was applied.
SUB-Ri8qeViAEn,A,1,5,5,4,Horizontal size expanded.
SUB-Ri8qeViAEn,A,2,5,5,4,Added a View blocked sellers button.
SUB-Ri8qeViAEn,B,1,5,5,4,The horizontal size was expanded.
SUB-Ri8qeViAEn,B,2,5,5,4,Added a Report seller button.
SUB-U2UX_8h5wl,A,1,5,5,4,Applied the requirement.
SUB-U2UX_8h5wl,B,1,6,6,4,The requirement was applied.
SUB-sINT1382JZ,A,1,7,6,4,"Displays the total amount at the very top in the most emphasized form, and also shows the selected amount for each list item, so the instruction is appropriately reflected."
SUB-sINT1382JZ,B,1,7,6,5,Showing the total for what's left over in addition to what's selected feels like too much information.
SUB-A9Nvus3_Rr,A,1,4,4,4,Hard to tell exactly what changed.
SUB-A9Nvus3_Rr,A,2,4,4,4,Added a View full tracking button.
SUB-A9Nvus3_Rr,B,1,4,4,4,Hard to figure out exactly what was replaced.
SUB-A9Nvus3_Rr,B,2,4,4,4,Track packag
SUB-Gx3SVtn3ly,A,1,6,6,4,The requirements are well reflected.
SUB-Gx3SVtn3ly,A,2,5,5,4,The requirement was applied.
SUB-Gx3SVtn3ly,B,1,6,6,4,The requirement was applied.
SUB-Gx3SVtn3ly,B,2,6,6,4,The requirement is well reflected
SUB-eJ-0HTDHzI,A,1,7,7,4,"Shows the workspace admin at the top and changes the screen's purpose with an explanation about restoring team documents on behalf of members. Each document also has its owning space added, so the context of it being an admin screen is immediately visible."
SUB-eJ-0HTDHzI,A,2,7,7,5,"Moved the action that was at the far right to below the document name and deletion info, so the document content and the action read as one block. In addition to Restore, Delete forever and Move to trash were added, which suits admin functionality, but the range of actions goes a bit beyond the requested position change."
SUB-eJ-0HTDHzI,A,3,7,7,4,"Placed a Restore all button to the right of the Trash title and document count. You can check the fact that there are two documents and the restore-all action in a single line, so it reflects the instruction exactly."
SUB-eJ-0HTDHzI,B,1,7,7,4,"Shows workspace admin and All team spaces at the top and attaches Product, Marketing, and Design spaces to each document, clearly turning it into a screen where an admin handles all team documents."
SUB-eJ-0HTDHzI,B,2,7,6,5,"Added a checkbox to each row and moved the Restore button below the thumbnail, so the previous far-right placement is definitely changed. A selection and bulk-processing flow now exists, but since the individual restore button sits under the image, its connection to the document info is a bit weak."
SUB-eJ-0HTDHzI,B,3,6,6,5,"Added Restore 2 selected to the Trash title row, and since both documents are currently selected they can be restored at once. However, if more documents appear or some get deselected it becomes selective restore rather than restore all, so this is a design that broadens the Restore all request into a selection-based feature."
SUB-osaoNwiTbQ,A,1,5,4,6,"The direction was right, but the video doesn't go full screen."
SUB-osaoNwiTbQ,A,2,6,6,5,The order got mixed up.
SUB-osaoNwiTbQ,B,1,6,4,5,Only the area surrounding the shared screen got wider; the screen itself stays at its original size.
SUB-osaoNwiTbQ,B,2,5,5,5,"The positions changed, but the two that are turned on still catch the eye first."
SUB-chBTFc5rey,A,1,6,6,3,
SUB-chBTFc5rey,B,1,7,6,3,
SUB-ro0qTplOPK,A,1,6,6,4,"Everything changed, from the store name to the colors, typeface, and tabs."
SUB-ro0qTplOPK,A,2,6,6,4,The role saving process is well explained.
SUB-ro0qTplOPK,B,1,6,6,5,"With rounded buttons on a navy top bar, it's clearly different from the original's angular, black-and-white impression."
SUB-ro0qTplOPK,B,2,5,5,5,The description became like a checklist.
SUB-SUuVN_v5Y3,A,1,7,7,5,
SUB-SUuVN_v5Y3,B,1,7,7,4,
SUB-WE5tbU4Qee,A,1,7,7,4,"Changed the date under the title into a dropdown, allowing four periods to be selected."
SUB-WE5tbU4Qee,A,2,7,7,4,"Put Friday, 820 on the left and moved Most active day to the right."
SUB-WE5tbU4Qee,A,3,7,7,4,"Changed the blue bars to red, orange, and yellow tones."
SUB-WE5tbU4Qee,B,1,7,7,4,Placed the three date ranges under the title like tabs and marked the current period as selected.
SUB-WE5tbU4Qee,B,2,7,7,4,"Put Friday, 820 on the left and moved Most active day to the right."
SUB-WE5tbU4Qee,B,3,7,7,4,Changed the bars to purple and two shades of teal.
SUB-dy0K4odRo0,A,1,7,7,4,Changed the minus and plus buttons into a single control on a dark brown background.
SUB-dy0K4odRo0,B,1,7,7,4,Changed the white square buttons into light gray circular buttons.
SUB-0QCYY2iqa6,A,1,7,6,3,Shows the Visa ending in 4242 on the Card charged row. The existing renewal date is dropped.
SUB-0QCYY2iqa6,B,1,7,7,5,"On the Payment successful card at the top, it shows the Visa ending in 4242 along with the amount and payment date."
SUB-Qo6WECwBqR,A,1,6,6,5,"On the wide screen the top nav is laid out small, but the content is split into two columns left and right."
SUB-Qo6WECwBqR,A,2,6,6,4,The settings are split into tabs.
SUB-Qo6WECwBqR,A,3,6,6,4,Generated well.
SUB-Qo6WECwBqR,B,1,6,6,4,On the wide screen the top nav sits small and the content is placed in a single centered column.
SUB-Qo6WECwBqR,B,2,5,5,4,Designed as a dropdown setting.
SUB-Qo6WECwBqR,B,3,6,6,5,The usage portion out of the total is what differs from A.
SUB-ELy1KWp4-n,A,1,6,6,4,"Nicely changed to business-trip info, including company, employee number, approver, and policy limit."
SUB-ELy1KWp4-n,A,2,6,6,4,The underlined tabs were changed to numbered steps.
SUB-ELy1KWp4-n,A,3,6,6,4,Nicely created as a small pill button to the right of the section title.
SUB-ELy1KWp4-n,B,1,6,6,4,Nicely changed to company/policy information.
SUB-ELy1KWp4-n,B,2,6,6,4,The tabs were changed to a tappable segmented control and step-indicator text was added.
SUB-ELy1KWp4-n,B,3,6,6,4,"Nicely created as a small outlined button to the right of the title. The button label even mentions the file, so its purpose reads clearly."
SUB-t6EvCrcvb2,A,1,5,5,4,"The main menu is placed on the right, and Today's Review is emphasized."
SUB-t6EvCrcvb2,B,1,5,5,4,"The main menu is placed at the top, and Today's Review is emphasized."
SUB-vKQNl1-t5X,A,1,5,5,4,Title and list heading changed.
SUB-vKQNl1-t5X,A,2,5,5,4,Date display.
SUB-vKQNl1-t5X,B,1,5,5,4,Title changed.
SUB-vKQNl1-t5X,B,2,5,5,4,Remaining time display.
SUB-4R8L83idP3,A,1,7,7,4,The Transfer reference is inserted as a single line below the time info. It isn't long and the card flow stays the same.
SUB-4R8L83idP3,A,2,7,7,4,"The ""transfer in progress"" status is moved to the very top and the main title is set large. The status reads before the account name."
SUB-4R8L83idP3,A,3,7,7,4,"The same green is used for the status label, the circular progress, and the progress bar, so the current progress is immediately distinguishable."
SUB-4R8L83idP3,B,1,7,7,4,The transfer reference number is placed right below the orange area containing the time and progress. The placement fits well too.
SUB-4R8L83idP3,B,2,7,7,4,"The ""transfer in progress"" title and the Active badge are placed at the very top of the black header, so the status is seen first."
SUB-4R8L83idP3,B,3,7,7,5,"The orange in-progress badge, the stepped bar, and the time area are all emphasized together, so the current status is clearly distinguishable. That said, having both a continuous progress rate and a stepped indicator overlaps a bit."
SUB-LPnJ2WKy4a,A,1,7,7,4,"The entire top intro area is filled with dark navy, with teal contrast on the title and resume button. It definitely reads before the episode list below."
SUB-LPnJ2WKy4a,B,1,7,6,6,"Below the large title, an intro sentence, three metric cells, and a black resume button are stacked, increasing the weight of the top area. It gains presence, but it changes the structure a lot for what was just a request for emphasis."
SUB-6Mz12yxbVj,A,1,7,6,4,The bottom tab bar is moved up into a left vertical navigation. The body is split into two columns so the horizontal width is used.
SUB-6Mz12yxbVj,A,2,7,7,4,"The unread list, which was all mixed together, is split into two blocks: personal chats and group chats. Unread counts are attached next to the block titles, so you can immediately see what's piled up."
SUB-6Mz12yxbVj,A,3,7,7,4,"The area that only listed avatars is changed to a vertical list on the right with names, and under each name it spells out on a call, away, and last seen time."
SUB-6Mz12yxbVj,B,1,5,4,4,"The unread messages and circle list are placed in two left/right columns. With the bottom tab bar and the overall restructuring being similar to mobile, it feels closer to a mobile screen stretched horizontally."
SUB-6Mz12yxbVj,B,2,7,7,4,"Personal chats and group chats are placed side by side in two columns, with count badges on each title."
SUB-6Mz12yxbVj,B,3,7,6,4,"It keeps the original horizontal arrangement while putting a status indicator and text in each cell, plus a last-updated note on the right. The cells are narrow, so the status text ends up small."
SUB-xrT0Xan6Zk,A,1,7,6,4,"A comparison-city chip is placed above the time list, and the selected city's time is attached as a second line to each of the four time buttons, so you can scan at a glance what time each slot is in that region."
SUB-xrT0Xan6Zk,B,1,7,6,4,"The reference time zone is noted next to the subheading, and for the selected time a per-city conversion table is expanded, showing the UTC offset and even cases where the date rolls over."
SUB-KMx3shszON,A,1,7,7,4,"The screen for editing a single clip was changed so that multiple clips can be adjusted in the export queue, and the title and buttons were handled accordingly across the board."
SUB-KMx3shszON,A,2,7,7,4,"The three presets are left as they are and only the order is changed to most-used-in-this-program order, with the sort criterion noted at the head of the list to clarify the basis for the order."
SUB-KMx3shszON,A,3,7,7,4,"The spot that showed the one applied filter and its intensity is replaced with a ""My Looks"" distribution, and the bar is split into three segments with colors and a legend so you can read how many clips have which look."
SUB-KMx3shszON,B,1,7,6,4,"It was changed to a situation where the filter used during pre-publish review has been deprecated, and even states the deprecation time in a sentence."
SUB-KMx3shszON,B,2,7,6,5,"The order is changed by similarity to the deprecated filter, with the match rate noted alongside."
SUB-KMx3shszON,B,3,7,7,4,"With the filter removed, the spot that showed the applied filter and intensity was changed, striking through the existing value and leaving the bar empty, visually expressing that no filter is currently applied."
SUB-BEIZ_Pq0ug,A,1,7,7,4,It applied the request exactly.
SUB-BEIZ_Pq0ug,A,2,7,6,5,
SUB-BEIZ_Pq0ug,B,1,7,7,4,It applied the request exactly.
SUB-BEIZ_Pq0ug,B,2,7,7,6,
SUB-t43KIZoNS3,A,1,7,7,4,It applied the request exactly.
SUB-t43KIZoNS3,A,2,7,7,4,It was moved one level further up per the instruction.
SUB-t43KIZoNS3,A,3,7,7,3,I think applying it a bit more subtly would have been sufficient.
SUB-t43KIZoNS3,B,1,7,6,5,
SUB-t43KIZoNS3,B,2,7,6,4,"I'm not sure moving it up two levels is right, but it seems to reflect the instruction well."
SUB-t43KIZoNS3,B,3,7,6,3,
SUB-cQN5zNuSvo,A,1,7,7,4,"Changed the entire screen into a dark rounded-rectangle watch face. Removed the email notice sentence, the accommodation card, and the free-cancellation text, then combined the check-in and check-out dates into one line and put them at the top in the largest size. The time and confirmation code are attached below in small type."
SUB-cQN5zNuSvo,B,1,6,5,4,"Removed the email notice sentence and the accommodation icon and tidied things up by shortening the labels to in, out, code, but the three rows still split label and value left-to-right for reading, and the dates still come out separately on two lines."
SUB-cc9qT2UIcD,A,1,7,7,4,Put a < arrow inside a white circle.
SUB-cc9qT2UIcD,B,1,7,7,4,Put a <- arrow inside a dark-colored circle.
SUB-A9FP2jIjhC,A,1,7,7,5,"The instruction was applied well, but it would be better to design it taking into account that on desktop it would appear as a popup."
SUB-A9FP2jIjhC,A,2,6,5,3,
SUB-A9FP2jIjhC,B,1,7,7,6,"Adding the sidebar is fine, but I feel the colors were changed excessively."
SUB-A9FP2jIjhC,B,2,7,5,3,The gradient background feels unnecessary.
SUB-qxyxc1gct6,A,1,5,4,6,"Grouped messages from the same author into bubbles that continue under a single name and profile. However, it didn't just merge consecutive posts — it also moved later remarks up into the earlier group."
SUB-qxyxc1gct6,B,1,5,4,7,Gathered messages and a time range into a per-author card so it reads as one contribution. It's closer to re-merging each person's entire conversation rather than going by whether messages were consecutive.
SUB-9SQFiAuW8M,A,1,7,7,5,It feels less like a sending screen and more like a screen shown while it's in the middle of sending.
SUB-9SQFiAuW8M,A,2,7,6,4,"The instruction seems to have been structured appropriately, but the large amount of whitespace at the bottom is disappointing."
SUB-9SQFiAuW8M,A,3,7,7,4,
SUB-9SQFiAuW8M,B,1,7,7,5,"The instruction was applied well, but it's disappointing that things were bundled into cards that all feel similar."
SUB-9SQFiAuW8M,B,2,7,7,4,It applied the request exactly.
SUB-9SQFiAuW8M,B,3,7,7,4,It applied the request exactly.
SUB-09Um6Pi1Gv,A,1,7,7,4,"Both the title and subcopy are applied with appropriate meaning, and the bottom button area also reflects buttons with functions closer to a classroom environment."
SUB-09Um6Pi1Gv,A,2,7,7,4,The profile box was changed to a form using a variety of colors.
SUB-09Um6Pi1Gv,B,1,7,7,5,"It's good that you can check the attendance rate via the strip banner, but I can't find any benefit to changing the grid to a 2-column arrangement."
SUB-09Um6Pi1Gv,B,2,7,7,4,Uses a variety of colors and applies the initials well.
SUB-0kBfR58QOg,A,1,6,6,4,"Changed the screen from a community post filter to a local event filter, created a new date section, and aligned the results button to event-based criteria as well."
SUB-0kBfR58QOg,A,2,7,7,4,"Changed the first preset slot into a low row where the calendar icon, selected date, and status label all fit on one line. The two presets below were left as the original radio list, so only the requested part was touched precisely."
SUB-0kBfR58QOg,A,3,7,7,4,Placed four chips on one line right below the section title.
SUB-0kBfR58QOg,B,1,7,7,4,"Moved the date section to the very top and had the guidance text tell you to pick a date first. Built a screen structure that goes in order of narrowing down by date, and even wrote out the search range."
SUB-0kBfR58QOg,B,2,7,6,4,"Stood the calendar icon up as a green badge and bundled the date, day of the week, and change link into one block."
SUB-0kBfR58QOg,B,3,7,7,4,A form where the single line right below the title is divided evenly into four cells.
SUB-8MkN7bC1bV,A,1,7,7,4,It applied the request exactly.
SUB-8MkN7bC1bV,B,1,7,5,5,
SUB-xmYyqymrOR,A,1,7,7,4,"The main title, button copy, etc. are applied in line with the purpose."
SUB-xmYyqymrOR,A,2,6,6,4,"The guidance text is applied at an appropriate volume, not excessive."
SUB-xmYyqymrOR,B,1,7,7,4,"With intuitive elements such as badges, it comes across as a more professional screen than before."
SUB-xmYyqymrOR,B,2,7,7,4,"Well applied at an appropriate level, with borders removed, sizes reduced, etc."
SUB-5BoZN5jsUW,A,1,5,5,4,GenUI seems to handle requests to convert a mobile version into a responsive desktop version well.
SUB-5BoZN5jsUW,A,2,5,3,3,"Above, I answered in the sense of 'inappropriate' regarding the appropriateness of the scope of change."
SUB-5BoZN5jsUW,A,3,7,7,4,Nothing particularly wrong. Seems like a simple edit task based on a simple prompt.
SUB-5BoZN5jsUW,B,1,5,3,5,Overall GenUI seems to do well at converting a mobile version into a desktop version.
SUB-5BoZN5jsUW,B,2,6,6,4,"I think it applied the request to group lessons by section well, without any major issues."
SUB-5BoZN5jsUW,B,3,7,7,4,"A very simple prompt, so no particular comment. Applied well."
SUB-5e58iwyre9,A,1,7,7,4,Picked out only the deleted lines and emphasized them with a light red background plus a darker-colored line.
SUB-5e58iwyre9,B,1,7,7,4,"Designed as a filled style in a deep brick color, making it stand out with white text."
SUB-nCxPQxmcL6,A,1,7,7,4,"Removed the travel destination collection and the per-night rate, and put the hospital-designated card at the very end. Sorted by accommodation list and commute time, attaching the time and hourly rate to each item."
SUB-nCxPQxmcL6,A,2,7,5,4,"Moved the bottom tab bar to a left vertical navigation and spread the body out into one wide column, reworking it into a tablet structure."
SUB-nCxPQxmcL6,B,1,7,6,4,"Placed the assignment info and three summary metrics at the top and captured the travel nurse context, e.g. comparing neighborhoods based on night shifts."
SUB-nCxPQxmcL6,B,2,6,5,4,"Divided the width into a 3-column grid, fitting accommodations, neighborhood comparison, and common conditions each into one row, using the wide screen evenly. The bottom tab bar remains as is, giving the impression that the mobile screen was just stretched out."
SUB-wdQxdwCgq8,A,1,5,3,6,
SUB-wdQxdwCgq8,B,1,2,1,7,I said I'd like to be able to easily check the lesson before sharing — I never asked for the screen's main action to change from 'share' to 'verify'.
SUB-mgLeaW5OXM,A,1,6,6,4,Applied so as to accommodate a typical PC environment.
SUB-mgLeaW5OXM,A,2,6,6,4,Clearly expressed with a progress bar.
SUB-mgLeaW5OXM,B,1,7,7,4,"It applies an environment with a pattern familiar to users, and putting a separate panel on the right seems like it could increase convenience."
SUB-mgLeaW5OXM,B,2,7,7,4,It's excellent that a separate Speed column was added so you can compare the speed of all the items.
SUB-O7fts2_GUh,A,1,7,7,4,"Keeps the original's center-aligned format and just changes the content to appointment confirmation. Adds the attending doctor and appointment cards, and places the pre-visit checklist where the two lines of shared info used to be."
SUB-O7fts2_GUh,A,2,7,7,4,The steps are stacked vertically with number badges so they read in order.
SUB-O7fts2_GUh,B,1,7,6,4,"The screen changed to appointment confirmation. The date and time are filled in as a bold block, and with the duration and room number added it's clear when and where you need to go."
SUB-O7fts2_GUh,B,2,7,6,4,"The numbered circles are connected by a vertical line, so the sense of the steps flowing along is stronger."
SUB-canjv81JZv,A,1,7,7,4,Added the message count to each group title.
SUB-canjv81JZv,A,2,7,7,4,"Moves the filters up into top tabs and places the pinned cards below, making the hierarchy clear."
SUB-canjv81JZv,A,3,7,6,4,Resolves the visual clash by changing the pink to a neutral tone.
SUB-canjv81JZv,B,1,7,7,4,You can check messages by group.
SUB-canjv81JZv,B,2,7,7,4,Clarifies the intent by specifying the scope the filter applies to and placing the pinned card below.
SUB-canjv81JZv,B,3,7,7,4,"Uses pink only on small accents, effectively toning down the intensity."
SUB-hZ2ma57wim,A,1,7,6,4,Understood the request and applied it well.
SUB-hZ2ma57wim,B,1,7,6,5,Understood the request and applied it well.
SUB-LC9mDOIPTu,A,1,7,7,4,"While changing the lodging list into a restaurant reservation screen, it also changed the top menu into a booking flow, and laid out today's available time buttons under each restaurant so guests can pick a time."
SUB-LC9mDOIPTu,A,2,7,7,4,"Moved the bottom tab bar up to a horizontal top menu, with a filter sidebar on the left and a 3-column card grid on the right, reworking it into a desktop search screen."
SUB-LC9mDOIPTu,A,3,7,7,4,"Changed the horizontal rows, where text sat next to a left thumbnail, into vertical cards with a large photo on top and the information stacked below."
SUB-LC9mDOIPTu,B,1,7,7,4,"Changed the list title to ""Available today"" and shows the number of remaining seats along with a list of time buttons for each restaurant, so you can grasp in one line which places have openings."
SUB-LC9mDOIPTu,B,2,6,5,4,"A dark icon navigation bar on the left and the search conditions grouped as pills at the top on the right make for a clean layout. The results are laid out one per row so it feels like there's a lot of whitespace, and the gap between the restaurant name and the button feels large."
SUB-LC9mDOIPTu,B,3,7,6,4,Keeps the horizontal row format and adds a vertical red strip on the left to indicate status. Changed the thumbnail to a square and added a booking-frequency phrase and outlined time buttons.
SUB-pwtbLx2MHK,A,1,6,6,3,"It was converted to desktop, but it feels a bit wide and stretched out. This happens because all the elements have similar widths."
SUB-pwtbLx2MHK,A,2,6,6,4,Changed from a 1*n arrangement to 2*n.
SUB-pwtbLx2MHK,A,3,6,6,5,
SUB-pwtbLx2MHK,B,1,6,6,4,Changed for desktop; doesn't look overly stretched.
SUB-pwtbLx2MHK,B,2,6,6,4,"Changed from a 1*n arrangement to 3*n, and the category name for how each column is grouped is written at the very top."
SUB-pwtbLx2MHK,B,3,6,6,4,
SUB-TE3nIXQi88,A,1,7,6,4,"Changed the bottom tab bar into a top horizontal menu and a wide search bar. Moved the filters to a left sidebar, designed to fit a desktop screen."
SUB-TE3nIXQi88,A,2,5,4,4,Split the list that stacked one per row into two-column cards. The composition of each individual card is the same as the original.
SUB-TE3nIXQi88,A,3,7,6,4,Placed a yellow save-search button between the results title and the sort control so you can save right from the header.
SUB-TE3nIXQi88,B,1,7,7,4,"Spreads the top menu and search bar out horizontally and changes the results into a full-width table, so the amount of information that fits on one screen increases to suit a desktop display."
SUB-TE3nIXQi88,B,2,7,7,4,"Breaks the list into four columns — item name, status, location & delivery, and price — and adds a column header row at the top, changing it into a typical table format."
SUB-TE3nIXQi88,B,3,7,7,4,"Places a save-search button on the results title row, along with a note on the left saying you'll be notified when new listings are posted."
SUB-o9Mh3oNfWL,A,1,7,7,4,It applied the request exactly.
SUB-o9Mh3oNfWL,A,2,6,5,3,
SUB-o9Mh3oNfWL,B,1,7,7,4,It applied the request exactly.
SUB-o9Mh3oNfWL,B,2,7,7,5,
SUB-MFlt_wZwpl,A,1,6,6,4,
SUB-MFlt_wZwpl,B,1,6,6,4,"It was added. But there's no way to say exactly where the appropriateness lies — it's neither too much nor too little, just plopped right in the middle with no rhyme or reason."
SUB-g2vRb4RVHg,A,1,7,7,4,"Reconstructed by switching to a medical context — doctor, clinic, appointment info, etc."
SUB-g2vRb4RVHg,A,2,7,7,4,Applied the request by adding a note button consistent with the existing call controls.
SUB-g2vRb4RVHg,B,1,7,7,4,Switched to a telemedicine screen context.
SUB-g2vRb4RVHg,B,2,7,6,3,The scope of the button structure change is large.
SUB-D982TV63-T,A,1,7,7,4,"Shrinks the Following button, which used to span the full card width, to half, and places a purple-filled button with a white outlined button on the right side by side for the message button."
SUB-D982TV63-T,A,2,7,7,4,"Moved the follower and shared board counts that were below the bio up to just under the name and handle, so it reads in order from the name down to the bio. The cluster next to the avatar is brought inside and blends naturally into the profile info."
SUB-D982TV63-T,A,3,5,5,3,Changed the notification line's wording to a friendly tone so it reads like a soft suggestion rather than a stiff notice. The tone changed but the design stayed the same.
SUB-D982TV63-T,B,1,7,4,4,"While adding the message button, changed the left button to a purple filled button and made the Following button a light purple secondary button, differentiating the hierarchy."
SUB-D982TV63-T,B,2,6,5,4,"Moves the two stat cards to the very top, organizing them with large numbers, labels, and a vertical divider, then places the profile below. The order changed, but since the numbers come before the name, the numbers read first even though it's a card introducing a person."
SUB-D982TV63-T,B,3,7,7,4,"Changed the card design so the notification line is wrapped in a separate box on a light gray background, and also changed the wording toward saying it reduces interruptions."
SUB-q20xk7eC1m,A,1,7,7,4,Added a small Save button on the right of the linked item row. You can save right in the flow of browsing the product.
SUB-q20xk7eC1m,A,2,7,6,5,"Changed Comments to Discussion and strengthened the conversation area by adding a sort filter and comments. However, the chair image size is almost unchanged, so the post at the top still takes up a lot of weight."
SUB-q20xk7eC1m,B,1,7,7,4,Placed a wide 'Save to Living Room Finds' button below the product info. Both the save function and where it will be saved are visible together.
SUB-q20xk7eC1m,B,2,7,7,4,Keeps the chair photo small within the product card and places the Owner discussion widely right below it. User conversation flows on faster than the product itself.
SUB-zY1_yhHQA4,A,1,6,6,4,
SUB-zY1_yhHQA4,A,2,6,6,4,"Went with a desktop version, and in terms of flow put the information on the left and the sidebar on the right."
SUB-zY1_yhHQA4,A,3,6,6,4,
SUB-zY1_yhHQA4,B,1,6,6,4,
SUB-zY1_yhHQA4,B,2,6,6,4,"Converted well for desktop, with a fixed sidebar created on the left."
SUB-zY1_yhHQA4,B,3,6,6,5,
SUB-ydbIoAjJhf,A,1,7,7,4,
SUB-ydbIoAjJhf,A,2,7,7,3,"The instruction was applied well, though I wonder whether the designer would have wanted a similar color tone."
SUB-ydbIoAjJhf,B,1,7,6,5,
SUB-ydbIoAjJhf,B,2,7,6,3,The font's readability is worse than before.
SUB-efXvZkNN02,A,1,6,6,4,The requirement was applied.
SUB-efXvZkNN02,B,1,6,6,4,Applied the requirement.
SUB-x_DkZCYp3K,A,1,7,7,4,It applied the request exactly.
SUB-x_DkZCYp3K,A,2,7,7,4,It applied the request exactly.
SUB-x_DkZCYp3K,B,1,7,7,4,It applied the request exactly.
SUB-x_DkZCYp3K,B,2,7,7,4,It applied the request exactly.
SUB-8Mn0dMeZUF,A,1,6,6,4,
SUB-8Mn0dMeZUF,A,2,6,6,4,
SUB-8Mn0dMeZUF,A,3,6,6,4,
SUB-8Mn0dMeZUF,B,1,6,6,5,
SUB-8Mn0dMeZUF,B,2,6,6,4,
SUB-8Mn0dMeZUF,B,3,5,5,7,
SUB-C12ktkPMBE,A,1,5,5,4,"The instruction is a bit unclear. But since it changed the layout order within the confirmation header, I judge it appropriate."
SUB-C12ktkPMBE,A,2,7,7,4,Modified in exact accordance with the instruction.
SUB-C12ktkPMBE,A,3,5,5,4,"Since there was no precise instruction on how the structure should be changed, I judge the change made to be appropriate."
SUB-C12ktkPMBE,B,1,6,6,4,The layout order within the header was changed.
SUB-C12ktkPMBE,B,2,7,7,4,"The instruction was applied well. The emoji next to the title was changed from a square to a circle, but since that's not a big change in the end, it's fine."
SUB-C12ktkPMBE,B,3,4,3,5,"The instruction is somewhat unclear. But since order detail isn't a sub-item of what happens next, it probably shouldn't be inside the same frame."
SUB-FaOV_K0Gfw,A,1,7,7,4,A natural desktop layout.
SUB-FaOV_K0Gfw,A,2,7,7,4,Reads well as a three-column card layout.
SUB-FaOV_K0Gfw,B,1,7,7,4,A natural desktop layout.
SUB-FaOV_K0Gfw,B,2,7,7,4,Emphasizes the key points with a dark panel.
SUB-lUWgrcXun0,A,1,6,6,4,Well divided.
SUB-lUWgrcXun0,A,2,2,2,1,"Same as before, the total is above the button at the very bottom."
SUB-lUWgrcXun0,B,1,6,6,4,Nicely divided up.
SUB-lUWgrcXun0,B,2,6,6,4,
SUB-ZnBHrobeZe,A,1,7,7,4,It applied the request exactly.
SUB-ZnBHrobeZe,B,1,7,6,4,It applied the request exactly.
SUB-VhjrQMAqpL,A,1,4,4,3,
SUB-VhjrQMAqpL,B,1,6,6,4,
SUB-BEWfOCB9cs,A,1,7,7,4,Changed the icons to match the new purpose and clearly laid out the steps the user needs to take.
SUB-BEWfOCB9cs,A,2,7,7,4,Keeps the existing style and applies just the main color in a navy tone as requested.
SUB-BEWfOCB9cs,B,1,5,4,6,"I get the intent, but the screen was changed too much into something like a scheduling app, so it somewhat loses the functional purpose."
SUB-BEWfOCB9cs,B,2,7,7,4,Applied the navy tone without significantly harming the existing style.
SUB-bIb3wMn7Ip,A,1,5,5,4,The requirement was applied.
SUB-bIb3wMn7Ip,A,2,6,6,4,The requirement was applied.
SUB-bIb3wMn7Ip,B,1,5,5,4,The requirement was applied.
SUB-bIb3wMn7Ip,B,2,6,6,4,The requirement was applied.
SUB-9IIUC2jMTc,A,1,7,7,4,Made the changes well to suit a desktop screen.
SUB-9IIUC2jMTc,A,2,5,5,4,"Since it's a two-column vertical arrangement, it's hard to say the horizontal space is well used. The content and next steps are clearly visible, though."
SUB-9IIUC2jMTc,A,3,7,7,4,"A saved stays button was added, and it's clearly visible as a clickable button."
SUB-9IIUC2jMTc,B,1,7,7,4,The UI change for desktop was applied well.
SUB-9IIUC2jMTc,B,2,7,7,4,Applied well per the instruction — uses the horizontal space well and shows the content and next steps together on screen.
SUB-9IIUC2jMTc,B,3,7,7,4,"A saved stays button was added to the top bar, and it's clearly recognizable as a button."
SUB-wCKDC2fkUT,A,1,6,6,4,
SUB-wCKDC2fkUT,B,1,6,6,4,
SUB-CJFYopjdEf,A,1,6,6,4,
SUB-CJFYopjdEf,A,2,6,6,4,
SUB-CJFYopjdEf,B,1,6,6,4,
SUB-CJFYopjdEf,B,2,6,6,5,
SUB-1CLGCoWRJJ,A,1,7,7,4,The expected desktop screen is well reflected. Separating the right panel out makes it stable.
SUB-1CLGCoWRJJ,A,2,7,7,4,Applied well with buttons to select front and back.
SUB-1CLGCoWRJJ,B,1,7,7,4,"The GNB is placed at the top and tool panels on the left and right, giving it a professional structure."
SUB-1CLGCoWRJJ,B,2,7,7,4,"Very intuitive, placing the front and back thumbnails as buttons."
SUB-m_-ZzxywIw,A,1,7,6,4,The panel is somewhat narrow for a desktop.
SUB-m_-ZzxywIw,A,2,7,7,4,Clearly added a button at the bottom of the card.
SUB-m_-ZzxywIw,A,3,7,7,4,Moved the progress bar to the very top of the card and increased its thickness so progress is noticeable.
SUB-m_-ZzxywIw,B,1,7,7,4,Changed to fit desktop well.
SUB-m_-ZzxywIw,B,2,7,7,4,Applied it well.
SUB-m_-ZzxywIw,B,3,7,7,4,Applied well.
SUB-GpkT7SqFJ2,A,1,7,7,4,"Changed the screen for tutors, and applied it well so that notifications show student bookings or assignment alerts."
SUB-GpkT7SqFJ2,B,1,5,6,5,"It's been changed to the tutor version, and student bookings and assignment notifications do show up, but it's become too complicated."
SUB-vCIV_xZrlN,A,1,7,7,4,The content within the mockup is well adapted for the artist version.
SUB-vCIV_xZrlN,A,2,7,7,4,Applied step by step so the purpose is easy to get to.
SUB-vCIV_xZrlN,B,1,7,7,4,Everything is well adapted to artist content.
SUB-vCIV_xZrlN,B,2,5,4,6,"Creating a step-by-step order is good, but putting it in horizontal card form scatters the eye — the change is excessive."
SUB-xhQz7XL3lb,A,1,7,7,4,Clearly implements a structure where the detailed reason is asked at the next step.
SUB-xhQz7XL3lb,B,1,7,7,4,Structured as the item following the category.
SUB-AF32_SuBQw,A,1,7,7,4,The requirement was applied.
SUB-AF32_SuBQw,A,2,7,7,4,The requirement was applied.
SUB-AF32_SuBQw,A,3,7,7,4,The requirement was applied.
SUB-AF32_SuBQw,B,1,7,7,4,The requirement was applied.
SUB-AF32_SuBQw,B,2,7,7,4,The requirement was applied.
SUB-AF32_SuBQw,B,3,7,7,4,The requirement was applied.
SUB-2q8946Pvr4,A,1,7,7,4,Understood it very well.
SUB-2q8946Pvr4,A,2,7,7,4,"Uses the same color as the button, making it clearly distinguishable — nicely done."
SUB-2q8946Pvr4,B,1,7,7,5,"The request is well reflected and it's tidy, but the lines don't really seem necessary."
SUB-2q8946Pvr4,B,2,6,4,6,"It understood the request, but it's so excessive that attention gets scattered. In particular, changing the icon -> selected is way too much. It actually hurts readability."
SUB-7ZIDj0CES5,A,1,7,6,3,
SUB-7ZIDj0CES5,A,2,7,7,5,
SUB-7ZIDj0CES5,B,1,7,7,3,
SUB-7ZIDj0CES5,B,2,7,7,4,
SUB-VYjgdUyBJI,A,1,6,6,4,
SUB-VYjgdUyBJI,B,1,6,6,4,
SUB-Mq8nm9EAYf,A,1,7,7,4,Added a seller badge and summarized the information sellers need at the top.
SUB-Mq8nm9EAYf,A,2,7,7,4,"Clearly separates the sections, like a to-do list."
SUB-Mq8nm9EAYf,A,3,7,7,4,"Save count and read count are clearly placed on the right, and the popular list is separately laid out in card form, so it's emphasized even more."
SUB-Mq8nm9EAYf,B,1,7,5,4,"Like option A, the seller badge makes it clear, but the summary information looks weak in terms of importance."
SUB-Mq8nm9EAYf,B,2,7,6,4,"Separating things with a filter at the top and labeling importance are good, but the cognitive load for understanding it at a glance seems high."
SUB-Mq8nm9EAYf,B,3,7,6,4,"A progress bar, read count, save count, etc. are shown, so it's intuitively easy to understand."
SUB-N66sUNSAR0,A,1,6,6,4,The requirement was applied.
SUB-N66sUNSAR0,B,1,7,7,4,The requirement was applied.
SUB-aaDRmGWwuP,A,1,7,7,4,A familiar UI form. The request is appropriately well reflected.
SUB-aaDRmGWwuP,B,1,5,4,6,Too much change. There's no real need to show it as a full profile either.
SUB-l09I4Z0Ocy,A,1,7,7,5,"The request is well reflected, but the card design in the middle feels excessive."
SUB-l09I4Z0Ocy,A,2,7,7,6,"The request is well reflected, but it would have been better if it had been changed to be emphasized while still harmonizing with the surrounding features."
SUB-l09I4Z0Ocy,B,1,7,7,5,"The request is well reflected, but it looks like the hierarchy of the price is emphasized a bit too much."
SUB-l09I4Z0Ocy,B,2,7,5,3,
SUB-HErMU7cBMw,A,1,6,6,4,The request is well reflected.
SUB-HErMU7cBMw,A,2,6,6,3,"It's well reflected, but the button position is not user-friendly."
SUB-HErMU7cBMw,B,1,6,6,4,You can see it didn't just apply the request as-is but changed things on its own to pursue better usability.
SUB-HErMU7cBMw,B,2,7,7,4,"Appropriately added. Unlike option A, it's not purely a button form, so its current placement makes sense."
SUB-5dTN80IW8q,A,1,6,7,4,The request was well reflected.
SUB-5dTN80IW8q,B,1,7,7,5,
SUB-SPoHZ3ih-0,A,1,7,7,4,The requirement was applied.
SUB-SPoHZ3ih-0,A,2,6,6,4,The requirement was applied.
SUB-SPoHZ3ih-0,A,3,1,1,1,The requirement is not reflected.
SUB-SPoHZ3ih-0,B,1,7,7,4,The requirement was applied.
SUB-SPoHZ3ih-0,B,2,6,6,4,The requirement was applied.
SUB-SPoHZ3ih-0,B,3,7,7,4,The requirement was applied.
SUB-6QkormVJVh,A,1,7,7,4,"Shows the publication date, Updated date, and reading time together on one line below the author info. You can immediately see how recent the article is."
SUB-6QkormVJVh,A,2,7,7,4,"Puts the image and caption right below the summary, then the author and date after that — the order is changed exactly as requested."
SUB-6QkormVJVh,B,1,7,7,4,"Groups Published, Updated, and reading time on one line inside the source card. The last modified time is also distinguished in purple."
SUB-6QkormVJVh,B,2,7,7,4,"Places the image and visual context first after the summary, and puts Article provenance below it as a separate card."
SUB-d5EARVenQG,A,1,7,6,4,"Expands the single-line member discount into a discount breakdown section, listing how much the member discount and promo code each are. It also includes the total discount amount, making the flow easy to follow."
SUB-d5EARVenQG,B,1,7,7,4,"Shows the total savings at the top of the card first, then below it breaks out the two discounts applied as separate amounts. You can read at a glance how much the promo code saved and why the amount is what it is."
SUB-Jha42S5ubF,A,1,7,7,4,It applied the request exactly.
SUB-Jha42S5ubF,A,2,4,4,4,"It's ambiguous what ""filter strength"" is supposed to mean."
SUB-Jha42S5ubF,A,3,7,7,4,It applied the request exactly.
SUB-Jha42S5ubF,B,1,7,7,4,It applied the request exactly.
SUB-Jha42S5ubF,B,2,7,7,4,It applied the request exactly.
SUB-Jha42S5ubF,B,3,7,6,3,
SUB-pKgAynN3fP,A,1,5,5,3,Only changed the content.
SUB-pKgAynN3fP,A,2,6,5,3,"Only changed the content, with no design change."
SUB-pKgAynN3fP,A,3,5,5,3,"It did reflect it, but only half-heartedly."
SUB-pKgAynN3fP,B,1,5,5,4,"Only changed the content, with almost no design change."
SUB-pKgAynN3fP,B,2,5,4,4,"Only changed the content, with almost no design change."
SUB-pKgAynN3fP,B,3,5,5,4,"Only changed the content, with almost no design change."
SUB-9o9znfk_oo,A,1,7,6,4,"The title is changed to a sentence asking whether it's a place you can go with a mobility aid. It adds an overall verdict of ""partially accessible"" as a colored badge, then organizes the three items — parking, surface, and maximum slope — in table form."
SUB-9o9znfk_oo,B,1,7,7,5,"Divides the route from the accessible parking lot to the observation deck into three segments and specifies the distance, surface condition, and passability for each. It also makes whether you can get through easy to check with icons."
SUB-6MFiDYvEHW,A,1,6,6,4,The requirement was applied.
SUB-6MFiDYvEHW,A,2,6,6,4,The requirements are reflected.
SUB-6MFiDYvEHW,B,1,6,6,4,The requirement was applied.
SUB-6MFiDYvEHW,B,2,5,5,4,The requirement was applied.
SUB-9FVixJuqCe,A,1,7,7,4,It applied the request exactly.
SUB-9FVixJuqCe,A,2,7,7,4,
SUB-9FVixJuqCe,A,3,7,7,4,It applied the request exactly.
SUB-9FVixJuqCe,B,1,7,7,4,It applied the request exactly.
SUB-9FVixJuqCe,B,2,7,5,3,I feel like the existing text was cut down too much.
SUB-9FVixJuqCe,B,3,7,7,4,It applied the request exactly.
SUB-nA3CXEU8k3,A,1,5,5,4,Detailed description added.
SUB-nA3CXEU8k3,A,2,5,5,4,The entry button is emphasized.
SUB-nA3CXEU8k3,A,3,5,5,4,The color was changed.
SUB-nA3CXEU8k3,B,1,5,5,4,Shows specifically what items are being shared.
SUB-nA3CXEU8k3,B,2,5,5,4,The entry button is emphasized.
SUB-nA3CXEU8k3,B,3,5,5,4,The color was changed.
SUB-1I3oPMHAKA,A,1,6,5,4,"Only changed the content, with almost no design change."
SUB-1I3oPMHAKA,A,2,5,5,4,Understood the color and typography aspects and applied them.
SUB-1I3oPMHAKA,B,1,5,5,4,Seems to have understood the instruction and applied it to some extent.
SUB-1I3oPMHAKA,B,2,5,5,4,Understood the color aspect and applied it.
SUB-FVdsq21mhb,A,1,5,5,4,Distinguished them by choosing different colors.
SUB-FVdsq21mhb,A,2,5,4,4,Understood the instruction and applied it.
SUB-FVdsq21mhb,B,1,6,6,4,Understood the instruction and applied it. Seems to have tried to add design improvements and variation.
SUB-FVdsq21mhb,B,2,6,5,4,Understood the instruction and applied it. The design variation raised the level of polish.
SUB-Ail0HGGQv3,A,1,5,6,4,"Since the request was very abstract, I think changing the overall layout composition counts as sufficiently reflecting the instruction."
SUB-Ail0HGGQv3,B,1,4,5,4,"Rather than changing the structure, it changed the UI design concept to something like a playlist. But since the instruction was very abstract, it seems like a decent take."
SUB-BJYoD4uAEA,A,1,7,7,4,"Moved the bottom tab bar to a left vertical navigation, put the logo and account at the top, and split the body into two columns — curriculum and supporting info — rearranging it as a desktop learning screen."
SUB-BJYoD4uAEA,A,2,7,6,4,"Set up a stage/level column to the left of the lesson list to group the lessons belonging to each stage, and the learning path card on the right summarizes the three stages in order once more. Reading order is top to bottom."
SUB-BJYoD4uAEA,B,1,7,7,4,Moved the navigation to a horizontal top bar and attached a course search field. Designed to make use of the wide screen with a full-width course banner and a 3-column layout by stage.
SUB-BJYoD4uAEA,B,2,7,7,4,"Above the curriculum there's a progress indicator with three numbered stages connected by a line, and below it cards for each stage placed side by side laying out each stage's goal and lessons. Reading order is left to right."
SUB-SHwMrSqaw5,A,1,6,6,4,"Understood the instruction and applied it. The content itself also changed (photos, finally...!), so it feels more polished."
SUB-SHwMrSqaw5,A,2,6,6,4,Understood the instruction and applied it.
SUB-SHwMrSqaw5,A,3,6,7,4,Understood the instruction and applied it.
SUB-SHwMrSqaw5,B,1,6,6,4,Understood the instruction and applied it.
SUB-SHwMrSqaw5,B,2,6,6,4,Understood the instruction and applied it.
SUB-SHwMrSqaw5,B,3,6,6,4,Understood the instruction and applied it.
SUB-wUnwz6NUZt,A,1,5,5,4,The instruction is well reflected.
SUB-wUnwz6NUZt,A,2,5,5,4,The instruction is well reflected.
SUB-wUnwz6NUZt,A,3,5,5,4,The instruction is well reflected.
SUB-wUnwz6NUZt,B,1,5,5,4,The instruction is well reflected.
SUB-wUnwz6NUZt,B,2,5,5,4,The instruction is well reflected.
SUB-wUnwz6NUZt,B,3,5,5,4,The instruction is well reflected.
SUB-OLKL2MCHlM,A,1,7,7,4,Changed the GNB and layout in a way suited to PC.
SUB-OLKL2MCHlM,A,2,6,6,4,Nicely grouped the benefits into cards by related content.
SUB-OLKL2MCHlM,A,3,7,7,5,Changed the button color while applying a suitable accent color.
SUB-OLKL2MCHlM,B,1,7,7,6,Reworked the UI around price and added information.
SUB-OLKL2MCHlM,B,2,6,6,5,It went a bit overboard by adding icons and descriptions that weren't there.
SUB-OLKL2MCHlM,B,3,7,7,5,The choice of red is a bit disappointing.
SUB-DJCUJVHZ1L,A,1,5,5,4,The request was applied well.
SUB-DJCUJVHZ1L,A,2,5,5,4,The request was applied well.
SUB-DJCUJVHZ1L,A,3,5,5,4,The request was applied well.
SUB-DJCUJVHZ1L,B,1,5,5,4,The request was applied well.
SUB-DJCUJVHZ1L,B,2,5,5,4,The request was applied well.
SUB-DJCUJVHZ1L,B,3,5,5,4,The request was applied well.
SUB-ElGhsjNJ1h,A,1,7,6,4,Understood the instruction and applied it.
SUB-ElGhsjNJ1h,A,2,6,6,4,Understood the instruction and applied it.
SUB-ElGhsjNJ1h,A,3,6,6,4,Understood the instruction and applied it.
SUB-ElGhsjNJ1h,B,1,6,6,4,Understood the instruction and applied it.
SUB-ElGhsjNJ1h,B,2,6,6,4,Understood the instruction and applied it.
SUB-ElGhsjNJ1h,B,3,6,6,4,Switch button added.
SUB-n-dQ4EhZqw,A,1,7,7,5,It seems they not only simply widened the width but also accounted for the card section dropping down when the width shrinks responsively.
SUB-n-dQ4EhZqw,A,2,7,7,4,Added a button for performing a different action.
SUB-n-dQ4EhZqw,B,1,7,7,7,Widened the card so it uses the full width.
SUB-n-dQ4EhZqw,B,2,7,7,4,Inserted a button prompting another action along with a description at the bottom.
SUB--Il_wMO3kj,A,1,6,5,4,"Vertical navigation placed on the left. On the right, a web dashboard — it followed the desktop transfer panel request well."
SUB--Il_wMO3kj,A,2,7,7,4,"Above the progress bar, transferred amount, current speed, remaining time, and destination are placed side by side in four cells, so information can be checked in an organized way."
SUB--Il_wMO3kj,B,1,7,7,4,"Placed a window title bar, with the transfer list on the left below and a detail panel on the right, rearranging it as a desktop transfer panel."
SUB--Il_wMO3kj,B,2,7,7,4,"A new speed column in the list lets you check per file, and the detail panel on the right separately shows current speed, average speed, etc., making the information richer."
SUB-7BFlXcbtBk,A,1,5,5,4,The instruction is well reflected.
SUB-7BFlXcbtBk,A,2,4,4,3,"A save button was added, but it's icon-only with no label, so it's less intuitive."
SUB-7BFlXcbtBk,A,3,5,5,4,The instruction is well reflected.
SUB-7BFlXcbtBk,B,1,5,5,4,The instruction is well reflected.
SUB-7BFlXcbtBk,B,2,5,5,4,Added as an intuitive button.
SUB-7BFlXcbtBk,B,3,6,6,4,The instruction is well reflected.
SUB-djUC9WH93G,A,1,7,7,5,"It seems to have been reasonably well converted into a panel UI, but the details are lacking."
SUB-djUC9WH93G,B,1,6,6,5,It looks like only what's literally visible on screen was converted for desktop; grasping the finer context is somewhat lacking.
SUB-KGAaAb71Ec,A,1,7,7,4,The time/intensity indicator on the recommendation card is attached inside the card below the title.
SUB-KGAaAb71Ec,B,1,7,6,4,They laid a dark band over the image and put the text on it.
SUB-iIGIPRxYeD,A,1,7,7,4,"Added management info such as block date, scope, active orders, and report status."
SUB-iIGIPRxYeD,B,1,7,7,4,The content is sufficiently supplemented.
SUB-02Era5LfOX,A,1,7,7,4,It applied the request exactly.
SUB-02Era5LfOX,A,2,7,7,5,"I feel the request was well reflected, but it seems the close button is made larger than in the original."
SUB-02Era5LfOX,A,3,7,7,4,"The request was reflected exactly, but the purple color chosen feels excessive."
SUB-02Era5LfOX,B,1,7,7,3,"There's way too much empty space left at the bottom, so it feels unfinished."
SUB-02Era5LfOX,B,2,7,7,4,
SUB-02Era5LfOX,B,3,7,7,4,It applied the request exactly.
SUB-n5PoN_FQpJ,A,1,6,6,4,The title and content were changed to reflect the requested content.
SUB-n5PoN_FQpJ,A,2,6,6,5,"Put the menu on the left, but the menu labels and items were changed."
SUB-n5PoN_FQpJ,A,3,4,4,4,I also couldn't quite grasp the intent of the request..?
SUB-n5PoN_FQpJ,B,1,7,6,5,"Chose content and a layout that shows ""revenue"" well."
SUB-n5PoN_FQpJ,B,2,6,6,5,"Again, the menu was changed."
SUB-n5PoN_FQpJ,B,3,6,5,4,"If the request means the menu should be seen first, then it seems they changed the background color to improve visibility."
SUB-xmOIOAQ2kL,A,1,7,6,4,"Changed the title to Artist Help Center, and expressed the topic by attaching upload/settlement badges to the three questions. Inquiries were also split into two lines — release support and settlement support — and the Broadcast item in the bottom tab was replaced with Released Tracks."
SUB-xmOIOAQ2kL,A,2,7,7,4,Reordered the help article list to match the first-release sequence and put numbers in front of each line.
SUB-xmOIOAQ2kL,B,1,7,7,4,"Changed the hero to an artist-only label with a sentence asking how it can help with your release, and even matched the search box guidance to upload/settlement. Overall changed the character to that of an artist portal."
SUB-xmOIOAQ2kL,B,2,6,5,4,"Turned the article list into 3-step path cards — upload, review, revenue — and put arrows between the cards so the order stands out most clearly."
SUB-UP6NZ6yauj,A,1,7,7,4,Changed the list that stacked one person per row into two columns. The very way it's displayed is different.
SUB-UP6NZ6yauj,A,2,7,7,4,"Attached the number of people to follow back to the right of the section title, while keeping the original follower count."
SUB-UP6NZ6yauj,B,1,6,5,4,"Changed each row's subtitle from the bio text to the time they followed, and added a bulk follow-back guidance line. It responded to the word ""recent,"" but the list format is no different from the original."
SUB-UP6NZ6yauj,B,2,7,6,5,"The total follower count display is gone, and a follow-back count was added. The banner added below states the number of accounts I'm not following."
SUB-goc1mJlfvj,A,1,6,6,4,All the requests were appropriately reflected; the position of the price tab bar is a bit disappointing.
SUB-goc1mJlfvj,A,2,7,7,4,"Added feature categories in the feature table, grouping things nicely."
SUB-goc1mJlfvj,B,1,6,6,4,The requested changes are well reflected. The top menu structure is a bit disappointing.
SUB-goc1mJlfvj,B,2,7,7,4,"Grouped nicely by category as requested. But since the table is split up, it's not convenient for seeing all the features at a glance."
SUB-YnekJTeiJG,A,1,7,7,4,The requirement was applied.
SUB-YnekJTeiJG,B,1,6,6,4,The requirement was applied.
SUB-evaj0VAJYi,A,1,7,7,4,"Even with the vague phrase ""almost black,"" I think it was reflected well in line with the request."
SUB-evaj0VAJYi,A,2,3,5,7,"The request was to swap the positions. However, the actual edit also shrank the size and added an icon, so I judged it doesn't fully match the request."
SUB-evaj0VAJYi,B,1,7,7,4,"Even with the vague phrase ""almost black,"" it seems to reflect the overall request well."
SUB-evaj0VAJYi,B,2,5,5,3,"The request says to swap the positions, but the actual change was that an icon was added."
SUB-dCVut-g6yC,A,1,7,7,4,"Placed the pending items, by a certain criterion on the right, at the top of the list."
SUB-dCVut-g6yC,A,2,7,6,4,Appropriately placed the needed extra info such as validity period and reward summary.
SUB-dCVut-g6yC,B,1,7,7,4,"Besides the reordering, it also clearly labels things like pending enrollment and reward completed."
SUB-dCVut-g6yC,B,2,7,7,4,Set up a clear two-column layout so the items have good visibility.
SUB-a9KU-d5s4K,A,1,7,7,4,It applied the request exactly.
SUB-a9KU-d5s4K,B,1,7,7,4,
SUB-xZ9cDmBOQs,A,1,7,5,5,"The request was well reflected, but the distinction isn't very strong, and by covering it with brown it actually feels a bit stuffy."
SUB-xZ9cDmBOQs,B,1,7,6,3,"The request was well reflected, but the color distinction between the two buttons doesn't feel clear."
SUB-IWAI7Zamt_,A,1,5,5,4,Reflects the request well
SUB-IWAI7Zamt_,A,2,5,5,4,Reflects the request well
SUB-IWAI7Zamt_,A,3,5,5,4,Reflects the request well
SUB-IWAI7Zamt_,B,1,5,5,4,Reflects the request well
SUB-IWAI7Zamt_,B,2,5,5,4,Reflects the request well
SUB-IWAI7Zamt_,B,3,5,5,4,Reflects the request well
SUB-EnK-ld6q1l,A,1,7,7,4,Only the bottom Continue to review button was changed to a dark navy background with white text; no other changes.
SUB-EnK-ld6q1l,B,1,6,5,6,"The color was changed, but a lock and arrow icon were added, causing confusion."
SUB-fy1Ia3_ZQP,A,1,5,5,4,The requirement was applied.
SUB-fy1Ia3_ZQP,B,1,6,6,4,The requirement was applied.
SUB-Q1KTaRzW41,A,1,7,7,4,Reflected appropriately for the small screen characteristics and proportions of a smartwatch.
SUB-Q1KTaRzW41,A,2,7,7,4,"Center alignment, CTA button insertion, etc. — reflected appropriately per the requirements."
SUB-Q1KTaRzW41,B,1,6,6,4,Overall the proportions were adapted appropriately for the watch environment.
SUB-Q1KTaRzW41,B,2,7,7,4,"Split the surface area into two, changing the grouping of information."
SUB-uc18ffSQbA,A,1,6,6,4,"The scope of the change is appropriate, and the UI style is maintained to a reasonable degree."
SUB-uc18ffSQbA,B,1,6,6,6,"The intent was well understood, but the design style was changed excessively."
SUB-_J8jVZDPjA,A,1,7,7,4,It applied the request exactly.
SUB-_J8jVZDPjA,B,1,7,7,4,It applied the request exactly.
SUB-wANbIOwisg,A,1,7,7,4,"Visualizes breakfast's share as a bar graph, placed naturally in the position of the existing table."
SUB-wANbIOwisg,B,1,7,7,5,"Uses a pie chart with the percentage in the center, showing that meal's share of daily calories more intuitively."
SUB-3i9h2J7b6j,A,1,7,7,3,"Adds a line ""Card charged (...) 4242"" to the order information so you can immediately check the card used for payment."
SUB-3i9h2J7b6j,B,1,6,5,6,"It separates out the card payment area so the card can be checked, but it emphasizes more payment information than was requested."
SUB-7PwHgECcg9,A,1,7,7,4,Changed the target to family travelers and accordingly reflected benefits suited to family composition as label chips.
SUB-7PwHgECcg9,B,1,7,7,4,Reflected the target as business travelers and applied copy suited to that target.
SUB-1EpudEBg1a,A,1,7,6,4,Nicely reflects the request to vertically align the setting items with the selected items and left-align them.
SUB-1EpudEBg1a,B,1,7,7,4,The vertical alignment and left alignment are applied well.
SUB-JV6HrQcj5o,A,1,5,5,4,The requirement was applied.
SUB-JV6HrQcj5o,A,2,6,6,4,The requirement was applied.
SUB-JV6HrQcj5o,B,1,5,5,4,The requirement was applied.
SUB-JV6HrQcj5o,B,2,6,6,4,The requirement was applied.
SUB-kkZTvQVHE7,A,1,5,5,4,The requirement was applied.
SUB-kkZTvQVHE7,B,1,5,5,5,Understood the intent but the change is excessive.
SUB-Ft4C4lm5PA,A,1,5,5,4,The request was applied well.
SUB-Ft4C4lm5PA,A,2,5,5,4,Guides it as a separate area on the left.
SUB-Ft4C4lm5PA,A,3,5,5,4,The request was applied well.
SUB-Ft4C4lm5PA,B,1,5,5,4,The request was applied well.
SUB-Ft4C4lm5PA,B,2,5,5,4,Guides it as a separate area at the top.
SUB-Ft4C4lm5PA,B,3,5,5,4,The request was applied well.
SUB-tBxNRuALF1,A,1,6,6,4,"The switch to a reservation confirmation screen with a checklist is done well, but the reservation information is bundled fairly compactly, so important content could be overlooked."
SUB-tBxNRuALF1,A,2,6,6,4,"The checklist is organized by number and time order so the flow is clear, but the emphasis on each step is relatively weak."
SUB-tBxNRuALF1,B,1,6,6,5,"Shows the reservation date, time, and place large at the top with the checklist below, so important information can be checked right away. The change is a bit excessive and the layout isn't tidy, but it emphasizes the information clearly."
SUB-tBxNRuALF1,B,2,7,6,5,"Uses numbered steps and vertical connecting lines to make the preparation process easy to follow in order. However, unnecessary phrases like ""plan ahead"" seem like an excessive change."
SUB-JZtt92LiuE,A,1,6,6,4,"Personally I've never designed a watch screen before, so I don't think I can give as detailed feedback on this set as on the earlier mobile/PC sets. At first glance, though, the structural layout seems well done for a watch design."
SUB-JZtt92LiuE,A,2,6,6,4,
SUB-JZtt92LiuE,B,1,2,1,7,This result looks like it has no basic understanding at all of watch design.
SUB-JZtt92LiuE,B,2,6,4,3,"Decent. That said, if the typographic hierarchy had been considered more carefully as in variant A, I think a lower-hierarchy grayscale color would have been used."
SUB-OcNoQwBukh,A,1,5,5,4,Reflects the request well
SUB-OcNoQwBukh,B,1,5,5,4,Reflects the request well
SUB-mXkB-ZvMHM,A,1,5,5,4,Reflects the request well
SUB-mXkB-ZvMHM,A,2,5,5,4,Added the button accurately and well.
SUB-mXkB-ZvMHM,B,1,5,5,4,Reflects the request well
SUB-mXkB-ZvMHM,B,2,5,5,3,"The button was added, but the button label is awkward."
SUB-c027l_Sirj,A,1,5,5,4,The requirement was applied.
SUB-c027l_Sirj,A,2,5,5,4,Added below rather than beside.
SUB-c027l_Sirj,A,3,7,7,4,Applied the requirement.
SUB-c027l_Sirj,B,1,5,5,4,Applied the requirement.
SUB-c027l_Sirj,B,2,7,7,4,Applied the requirement.
SUB-c027l_Sirj,B,3,5,5,5,"The requirement is reflected, but the style also changed."
SUB-6Gss2LM08g,A,1,5,5,4,Reflects the request well
SUB-6Gss2LM08g,B,1,5,5,4,Reflects the request well
SUB-DZgSUn4b23,A,1,7,7,4,"Placing ""Attached readings"" below the title and tags increases visual stability, and having the summary at the top puts the key point first, improving usability."
SUB-DZgSUn4b23,A,2,7,7,4,"Giving the top a black background makes it clearly look like a separate area. On a screen where orange is the primary color, the black anchors it well and raises the UI's level of polish."
SUB-DZgSUn4b23,B,1,7,5,6,"It's placed below the title and above the tags and changed to horizontal alignment, but with the subtext as well, the top looks saturated with content."
SUB-DZgSUn4b23,B,2,6,5,1,"It gives the top a light orange background and something like an orange shadow as if it were a separate area, but the content section was also changed to light orange, so it's even harder to tell whether it's a separate area."
SUB-0otjV_DQDK,A,1,5,5,4,The instruction is well reflected.
SUB-0otjV_DQDK,B,1,5,5,4,The instruction is well reflected.
SUB-HKN7SyWGx5,A,1,6,6,3,"Adds navigation on the left and a content area on the right, naturally expanding the mobile screen into a desktop structure."
SUB-HKN7SyWGx5,A,2,6,6,4,Splitting the completion status / learning results and next lesson info into left and right areas seems to group the information more clearly than the previous single card.
SUB-HKN7SyWGx5,B,1,7,6,3,Expands well into a desktop screen using top navigation and a horizontal content area. Feels like a conservative change that sticks to the existing design as much as possible.
SUB-HKN7SyWGx5,B,2,6,6,5,"Rearranges the completion info, learning metrics, and next lesson info inside a horizontal card, forming a layout different from the existing mobile card."
SUB-E3XP7EFQZG,A,1,5,5,4,The instruction is well reflected.
SUB-E3XP7EFQZG,B,1,5,5,4,The instruction is well reflected.
SUB-zvNPlAc8Vu,A,1,5,5,4,Reflects the request well
SUB-zvNPlAc8Vu,A,2,5,5,4,Reflects the request well
SUB-zvNPlAc8Vu,A,3,5,5,4,Reflects the request well
SUB-zvNPlAc8Vu,B,1,5,5,4,Reflects the request well
SUB-zvNPlAc8Vu,B,2,5,4,4,Reflects the request well
SUB-zvNPlAc8Vu,B,3,6,6,4,Reflects the request well
SUB-Q2Kli3amXG,A,1,6,5,3,It's hard to predict exactly how it will behave.
SUB-Q2Kli3amXG,A,2,6,6,4,The requirements are reflected.
SUB-Q2Kli3amXG,A,3,7,7,4,The requirements are well reflected.
SUB-Q2Kli3amXG,B,1,6,5,3,Can't tell whether the requirement was properly reflected.
SUB-Q2Kli3amXG,B,2,6,6,4,The requirements are well reflected.
SUB-Q2Kli3amXG,B,3,6,5,5,The usability isn't intuitive.
SUB-ghdib8d688,A,1,5,5,4,Reflects the request well
SUB-ghdib8d688,A,2,5,5,4,Added a progress bar.
SUB-ghdib8d688,A,3,5,5,4,Emphasized by placing it at the top.
SUB-ghdib8d688,B,1,5,5,4,Reflects the request well
SUB-ghdib8d688,B,2,5,5,4,Added a progress bar.
SUB-ghdib8d688,B,3,5,5,4,Emphasized by laying it out large horizontally.
SUB-xg5iwrYWZF,A,1,6,6,4,Reflects the requirements well.
SUB-xg5iwrYWZF,B,1,7,6,5,"The requirement is well reflected, but the style change is rather large."
SUB-bMtcAIUvXB,A,1,5,5,4,The title is what you see first.
SUB-bMtcAIUvXB,A,2,5,5,4,The request was applied well.
SUB-bMtcAIUvXB,B,1,5,5,4,The status (checking availability) is the first thing you see.
SUB-bMtcAIUvXB,B,2,5,5,4,The request was applied well.
SUB-iNBr6zzYdi,A,1,7,7,5,"The instruction was applied well, but I feel the warning text was changed excessively."
SUB-iNBr6zzYdi,A,2,7,5,4,"The instruction was applied well, but the card's whitespace feels cramped."
SUB-iNBr6zzYdi,A,3,7,7,4,It feels ambiguous what the action area at the top is supposed to mean.
SUB-iNBr6zzYdi,B,1,7,7,4,It applied the request exactly.
SUB-iNBr6zzYdi,B,2,7,7,4,"It applied the instruction well while adding aesthetic detail, but the whitespace feels lacking."
SUB-iNBr6zzYdi,B,3,4,4,4,It's ambiguous what the action function is supposed to mean.
SUB-yOV20Vlok1,A,1,5,5,4,Distinguished by color
SUB-yOV20Vlok1,B,1,5,5,5,The groups are separated entirely
SUB-IdhY9TCGAZ,A,1,5,5,4,Reflects the request well
SUB-IdhY9TCGAZ,A,2,5,5,4,Reflects the request well
SUB-IdhY9TCGAZ,A,3,5,5,4,Reflects the request well
SUB-IdhY9TCGAZ,B,1,5,5,4,Reflects the request well
SUB-IdhY9TCGAZ,B,2,5,5,4,Reflects the request well
SUB-IdhY9TCGAZ,B,3,5,5,4,Reflects the request well
SUB-Al11tx3fiQ,A,1,5,5,3,Excessive amount of whitespace
SUB-Al11tx3fiQ,B,1,5,5,4,Improved by adding a left-side menu
SUB-O4c5rpWi1F,A,1,7,5,3,
SUB-O4c5rpWi1F,A,2,7,7,4,It applied the request exactly.
SUB-O4c5rpWi1F,A,3,7,7,4,It applied the request exactly.
SUB-O4c5rpWi1F,B,1,7,5,3,
SUB-O4c5rpWi1F,B,2,7,7,4,
SUB-O4c5rpWi1F,B,3,7,6,3,
SUB-yAvQzMQK9y,A,1,7,7,4,It applied the request exactly.
SUB-yAvQzMQK9y,A,2,7,7,4,
SUB-yAvQzMQK9y,B,1,7,7,4,It applied the request exactly.
SUB-yAvQzMQK9y,B,2,7,6,5,
SUB-X5BNolm7k2,A,1,5,5,4,Bookmark button added
SUB-X5BNolm7k2,A,2,5,5,4,Reflects the request well
SUB-X5BNolm7k2,B,1,5,5,4,Save event button added
SUB-X5BNolm7k2,B,2,5,5,4,Reflects the request well
SUB-mw2Xpe2zLi,A,1,7,6,4,"The UX writing was changed appropriately per the request. Also, the intent is made clear by adding things like calendar / care circle, which imply the meaning of coordinating care."
SUB-mw2Xpe2zLi,A,2,7,7,4,"It gives more corner radius to the existing screen, changing it to a rounded shape, and the text inside the button was also changed to match request 1, so it's appropriate."
SUB-mw2Xpe2zLi,B,1,6,7,4,"The text was changed appropriately from the existing screen so as to satisfy the keywords 'apart/long-distance,' 'family,' and 'care.'"
SUB-mw2Xpe2zLi,B,2,7,6,4,"The default button style was changed to an outline style, and the text inside also matches request 1, so it's judged appropriate."
SUB-IxtJzFtOJE,A,1,5,5,4,The request was applied well.
SUB-IxtJzFtOJE,A,2,5,5,5,"The instruction was applied well, but the colors feel a bit excessive."
SUB-IxtJzFtOJE,B,1,5,5,4,The request was applied well.
SUB-IxtJzFtOJE,B,2,5,5,4,Reflects the request well
SUB-_XiRR837i-,A,1,7,6,5,
SUB-_XiRR837i-,A,2,7,7,4,
SUB-_XiRR837i-,A,3,7,7,4,
SUB-_XiRR837i-,B,1,7,7,3,
SUB-_XiRR837i-,B,2,7,7,4,
SUB-_XiRR837i-,B,3,7,7,4,
SUB-egs3eJaH15,A,1,5,5,4,The request was applied well.
SUB-egs3eJaH15,A,2,5,5,4,The request was applied well.
SUB-egs3eJaH15,A,3,5,5,4,The request was applied well.
SUB-egs3eJaH15,B,1,5,5,4,The request was applied well.
SUB-egs3eJaH15,B,2,5,5,4,The request was applied well.
SUB-egs3eJaH15,B,3,5,5,4,The request was applied well.
SUB-Aw1SfHIz12,A,1,5,5,4,Reflects the request well
SUB-Aw1SfHIz12,A,2,5,5,4,Reflects the request well
SUB-Aw1SfHIz12,A,3,5,5,4,Reflects the request well
SUB-Aw1SfHIz12,B,1,5,5,4,Reflects the request well
SUB-Aw1SfHIz12,B,2,5,5,4,Reflects the request well
SUB-Aw1SfHIz12,B,3,5,5,5,Unnecessarily changed into a progress bar
SUB-itHJko1fE4,A,1,7,7,4,Applied the requirement.
SUB-itHJko1fE4,B,1,7,7,4,The requirement was applied.
SUB-JoNU1ciWJv,A,1,7,7,4,It applied the request exactly.
SUB-JoNU1ciWJv,B,1,7,6,5,"The instruction was applied well, but I'm concerned since some users may not know what the 's' means."
SUB-irlL-JV_LO,A,1,5,4,3,It goes in the middle rather than beside it
SUB-irlL-JV_LO,A,2,7,7,4,The requirement was applied.
SUB-irlL-JV_LO,B,1,6,6,4,The requirement was applied.
SUB-irlL-JV_LO,B,2,6,6,4,The requirement was applied.
SUB-MxLuN_SOOA,A,1,7,7,4,It applied the request exactly.
SUB-MxLuN_SOOA,B,1,7,7,4,It applied the request exactly.
SUB-YnSuwvqXJB,A,1,6,6,4,The requirement was applied.
SUB-YnSuwvqXJB,A,2,4,4,4,The content changed so much that I can't tell whether the order changed or the content changed
SUB-YnSuwvqXJB,A,3,6,6,4,The requirement was applied.
SUB-YnSuwvqXJB,B,1,6,6,4,The requirement was applied.
SUB-YnSuwvqXJB,B,2,4,4,4,I can't tell which part is the credit summary
SUB-YnSuwvqXJB,B,3,6,6,4,The requirement was applied.
SUB-RJGUT7GdrF,A,1,7,7,4,The requirement is well reflected
SUB-RJGUT7GdrF,B,1,6,6,4,The requirement was applied.
SUB-xgSL0KaMAX,A,1,7,7,4,The requirement was applied.
SUB-xgSL0KaMAX,A,2,6,6,4,The requirement was applied.
SUB-xgSL0KaMAX,A,3,5,5,4,The requirement was applied.
SUB-xgSL0KaMAX,B,1,7,7,4,The requirement was applied.
SUB-xgSL0KaMAX,B,2,6,6,4,Applied the requirement.
SUB-xgSL0KaMAX,B,3,6,6,4,Applied the requirement.
SUB-1N8HUCSq8o,A,1,5,5,4,The requirement was applied.
SUB-1N8HUCSq8o,A,2,6,6,4,The requirement was applied.
SUB-1N8HUCSq8o,A,3,6,6,4,The requirement was applied.
SUB-1N8HUCSq8o,B,1,6,6,4,Applied the requirement.
SUB-1N8HUCSq8o,B,2,6,6,4,Applied the requirement.
SUB-1N8HUCSq8o,B,3,5,5,4,Applied the requirement.
SUB-2Obg00hg4O,A,1,5,5,4,Understood the instruction and applied it well.
SUB-2Obg00hg4O,A,2,6,5,4,Understood the instruction and applied it well.
SUB-2Obg00hg4O,A,3,6,6,4,Understood the instruction and applied it well.
SUB-2Obg00hg4O,B,1,6,5,3,"Understood the instruction and applied it well. However, the design output is disappointing."
SUB-2Obg00hg4O,B,2,6,5,4,"Understood the instruction and applied it well. However, the design output is disappointing."
SUB-2Obg00hg4O,B,3,5,4,4,"Understood the instruction and applied it well. However, the design output is disappointing."
SUB-h4WlbV_raP,A,1,6,5,4,Understood the instruction and applied it well. The design output itself is a bit disappointing.
SUB-h4WlbV_raP,B,1,5,5,4,"Understood and applied the instruction, and made a difference design-wise."
SUB-bgOsMx4sQT,A,1,6,6,4,Seems to have understood and applied the instruction well. A satisfying result.
SUB-bgOsMx4sQT,B,1,6,5,3,"Understood and applied the instruction well, but the result is somewhat disappointing."
SUB-Rx_-dV5v3D,A,1,6,6,4,Applied the requirement.
SUB-Rx_-dV5v3D,B,1,6,6,4,The requirement was applied.
SUB-y6JSNNMony,A,1,6,5,5,"Understood and applied the instruction. However, it was supposed to look strong, and the lower part of the design is a bit disappointing."
SUB-y6JSNNMony,A,2,6,6,4,Understood and applied the instruction.
SUB-y6JSNNMony,B,1,6,6,4,Understood and applied the instruction. Design-wise it feels more stable than the earlier example.
SUB-y6JSNNMony,B,2,6,6,4,Understood and applied the instruction. Design-wise it feels more stable than the earlier example.
SUB-piVV9ln7Yp,A,1,6,6,4,Understood and applied the instruction well.
SUB-piVV9ln7Yp,A,2,5,6,4,Understood and applied the instruction well.
SUB-piVV9ln7Yp,B,1,6,5,4,Understood and applied the instruction well.
SUB-piVV9ln7Yp,B,2,6,5,4,Understood and applied the instruction well.
SUB-egjM4geOGf,A,1,6,6,5,Clearly understood the instruction and applied it well.
SUB-egjM4geOGf,A,2,6,5,4,Clearly understood the instruction and applied it well.
SUB-egjM4geOGf,B,1,6,5,4,Clearly understood the instruction and applied it well.
SUB-egjM4geOGf,B,2,6,5,6,I don't understand why this part was done this way.
SUB-wnBDR5a1n0,A,1,7,7,4,The requirement is applied
SUB-wnBDR5a1n0,A,2,5,5,3,The border is so thick that the image is even less visible.
SUB-wnBDR5a1n0,A,3,6,6,4,The requirement was applied.
SUB-wnBDR5a1n0,B,1,7,7,4,The requirement was applied.
SUB-wnBDR5a1n0,B,2,5,5,3,"The image area is emphasized, but the image is less visible than before"
SUB-wnBDR5a1n0,B,3,6,6,4,The requirement was applied.
SUB-0Ff2kJ-eVg,A,1,6,6,4,Understood the prompt content and applied it well.
SUB-0Ff2kJ-eVg,A,2,6,5,4,Understood the prompt content and applied it well.
SUB-0Ff2kJ-eVg,A,3,5,6,3,Understood the prompt content and applied it well. Not sure whether it's actually clearly visible though.
SUB-0Ff2kJ-eVg,B,1,5,4,6,The addition of a header feels awkward.
SUB-0Ff2kJ-eVg,B,2,6,5,3,Understood the prompt and applied it well. Though the application feels a bit timid.
SUB-0Ff2kJ-eVg,B,3,5,5,4,The expression is somewhat timid.
SUB-zbnLZYPXiV,A,1,6,6,4,Understood the request and applied it well.
SUB-zbnLZYPXiV,A,2,6,5,4,Understood the request and applied it well.
SUB-zbnLZYPXiV,B,1,6,5,4,Understood the request and applied it well.
SUB-zbnLZYPXiV,B,2,5,5,3,Understood the request and applied it well. It does make it show up first.
SUB-Y--fgqL6WI,A,1,6,6,4,Understood the request and applied it.
SUB-Y--fgqL6WI,B,1,6,6,4,Understood the request and applied it.
SUB-fTVLo8QIbV,A,1,7,7,4,Understood the request and applied it.
SUB-fTVLo8QIbV,B,1,7,6,6,Understood the request and applied it. But it over-edited and became awkward.
SUB-Ea8HrA9pdu,A,1,6,6,4,Understood the intent and reflected it on the screen.
SUB-Ea8HrA9pdu,A,2,6,5,4,Understood the intent and reflected it on the screen.
SUB-Ea8HrA9pdu,A,3,6,5,4,Understood the intent and reflected it on the screen.
SUB-Ea8HrA9pdu,B,1,5,5,3,Understood the intent and reflected it on the screen. But the design outcome is a bit disappointing.
SUB-Ea8HrA9pdu,B,2,6,5,4,Understood the intent and reflected it on the screen.
SUB-Ea8HrA9pdu,B,3,6,4,2,Not sure whether the card design was actually changed.
SUB-UjucuUIQJ1,A,1,7,7,4,It applied the request exactly.
SUB-UjucuUIQJ1,A,2,7,6,4,It applied the request exactly.
SUB-UjucuUIQJ1,B,1,7,5,4,
SUB-UjucuUIQJ1,B,2,7,7,4,It applied the request exactly.
SUB-73UZ6z6BcX,A,1,6,5,3,"Changing it into a watch face shifted the information hierarchy quite a bit, but it seems well applied."
SUB-73UZ6z6BcX,A,2,6,6,4,Understood the intent and reflected it on the screen.
SUB-73UZ6z6BcX,A,3,6,6,4,Understood the intent and reflected it on the screen.
SUB-73UZ6z6BcX,B,1,7,7,4,"Understood the intent and reflected it on the screen. Watch faces usually use a dark face — not sure whether it understands watch OS, but it looks like the better screen."
SUB-73UZ6z6BcX,B,2,7,7,4,Understood the intent and reflected it on the screen.
SUB-73UZ6z6BcX,B,3,7,7,4,Understood the intent and reflected it on the screen.
SUB-xJG5tQoIJU,A,1,5,5,4,Reflects the request well
SUB-xJG5tQoIJU,A,2,5,5,4,Reflects the request well
SUB-xJG5tQoIJU,A,3,5,5,4,Reflects the request well
SUB-xJG5tQoIJU,B,1,5,5,4,Reflects the request well
SUB-xJG5tQoIJU,B,2,5,5,4,Reflects the request well
SUB-xJG5tQoIJU,B,3,5,5,4,Reflects the request well
SUB-B5g-cbvEqv,A,1,7,7,4,Understood the request and changed the content.
SUB-B5g-cbvEqv,B,1,6,5,5,"Understood the request and changed the content. It created a new layout, but that actually makes the information harder to decipher."
SUB-7aZEb2PMQx,A,1,6,7,4,Understood the request well and applied it to the result.
SUB-7aZEb2PMQx,A,2,6,5,4,Understood the request well and applied it to the result.
SUB-7aZEb2PMQx,A,3,6,5,4,Understood the request well and applied it to the result.
SUB-7aZEb2PMQx,B,1,6,6,4,Understood the request well and applied it to the result.
SUB-7aZEb2PMQx,B,2,5,4,4,Understood the request well and applied it to the result.
SUB-7aZEb2PMQx,B,3,5,4,4,Understood the request well and applied it to the result.
SUB-_8ulfGn5_O,A,1,5,5,4,Reflects the request well
SUB-_8ulfGn5_O,A,2,5,5,4,Reflects the request well
SUB-_8ulfGn5_O,A,3,5,5,4,Reflects the request well
SUB-_8ulfGn5_O,B,1,5,5,4,Reflects the request well
SUB-_8ulfGn5_O,B,2,5,5,4,Reflects the request well
SUB-_8ulfGn5_O,B,3,5,5,4,Reflects the request well
SUB-P3Gg339lVn,A,1,2,2,2,"The request was somewhat vague, but I asked to change what gets read first and it's disappointing that only other information was added...?"
SUB-P3Gg339lVn,B,1,6,5,4,"It seems to have understood the request and tried to apply it, but again the request is vague so I'm not sure whether it's an accurate application..."
SUB-uzEIcPqfdd,A,1,5,5,4,Reflects the request well
SUB-uzEIcPqfdd,A,2,5,5,4,Reflects the request well
SUB-uzEIcPqfdd,B,1,5,5,4,Reflects the request well
SUB-uzEIcPqfdd,B,2,5,5,4,Reflects the request well
SUB-cI5yspmxo5,A,1,6,6,4,"The request is... way too broad, but at least it applied something."
SUB-cI5yspmxo5,A,2,5,5,4,"There's no button at the top to begin with, so I don't know what it was supposed to change, but it did change the color."
SUB-cI5yspmxo5,B,1,6,5,4,Understood the request and changed the content.
SUB-cI5yspmxo5,B,2,4,3,1,I asked to change the color but the color didn't change...
SUB-TSjd9CwxL6,A,1,7,7,4,The requirement was applied.
SUB-TSjd9CwxL6,A,2,7,7,4,The requirement was applied.
SUB-TSjd9CwxL6,B,1,5,5,4,The file-type preview application is disappointing. Only PDF is applied.
SUB-TSjd9CwxL6,B,2,7,7,4,The requirement was applied.
SUB-2okRPhpLEt,A,1,7,7,4,It applied the request exactly.
SUB-2okRPhpLEt,B,1,7,7,4,"Applied the request well. It gave it a desktop-appropriate sidebar and stretched the main cards horizontally to suit a tablet form, reducing the empty space."
SUB-YQVgdpvss7,A,1,7,6,4,Applied the request well. But the typography is a bit disappointing.
SUB-YQVgdpvss7,B,1,6,5,3,Applied the request well. But it's disappointing that watch OS's dark theme wasn't applied and that too much information was included.
SUB-ecjWvkDYgM,A,1,6,5,4,It understood the request and reflected it well.
SUB-ecjWvkDYgM,A,2,6,6,4,It understood the request and reflected it well.
SUB-ecjWvkDYgM,A,3,5,5,4,It understood the request and reflected it well.
SUB-ecjWvkDYgM,B,1,6,6,4,It understood the request and reflected it well.
SUB-ecjWvkDYgM,B,2,5,6,4,It understood the request and reflected it well.
SUB-ecjWvkDYgM,B,3,6,5,4,It understood the request and reflected it well.
SUB-WIIBG_Z4VL,A,1,7,7,4,It applied the request exactly.
SUB-WIIBG_Z4VL,B,1,7,7,4,It applied the request exactly.
SUB-4grgGSO0us,A,1,1,1,1,I asked to change the order of the header but nothing changed at all.
SUB-4grgGSO0us,A,2,7,7,4,It understood the request and reflected it well.
SUB-4grgGSO0us,A,3,4,4,3,"It probably can't really understand a remark like ""it'd be nice to change the structure,"" but it seems to have changed something."
SUB-4grgGSO0us,B,1,6,6,3,"It did change the order, but I'm not sure it's the best option."
SUB-4grgGSO0us,B,2,7,7,4,Understood the request and applied it well. Probably because the request was clear...
SUB-4grgGSO0us,B,3,3,3,6,"These aren't pieces of information that belong together, so why were they suddenly grouped together...?"
SUB-93xkFQM9WD,A,1,5,5,4,Tried to apply the request by changing the background color.
SUB-93xkFQM9WD,A,2,6,5,4,Tried to apply the request.
SUB-93xkFQM9WD,B,1,6,6,4,Tried to apply the request by changing both the background color and the font.
SUB-93xkFQM9WD,B,2,6,6,4,Tried to apply the request.
SUB-VekOxRWn6q,A,1,6,5,4,Applied the given request well.
SUB-VekOxRWn6q,A,2,6,5,4,Applied the given request well.
SUB-VekOxRWn6q,A,3,6,5,5,Applied the given request well.
SUB-VekOxRWn6q,B,1,6,6,4,Applied the given request well.
SUB-VekOxRWn6q,B,2,6,6,4,Applied the given request well.
SUB-VekOxRWn6q,B,3,6,5,4,Applied the given request well.
SUB-JVY4l1xvsb,A,1,7,6,4,Understood the request and reflected it well on the screen. Content edited.
SUB-JVY4l1xvsb,A,2,6,5,4,Understood the request and reflected it well on the screen.
SUB-JVY4l1xvsb,B,1,6,6,4,Understood the request and reflected it well on the screen.
SUB-JVY4l1xvsb,B,2,6,5,4,Understood the request and reflected it well on the screen.
SUB-0XsokRokOv,A,1,7,7,4,It applied the request exactly.
SUB-0XsokRokOv,B,1,7,7,4,It applied the request exactly.
SUB-N9xfiQYXLd,A,1,6,6,4,Understood the request and reflected it well on the screen.
SUB-N9xfiQYXLd,A,2,5,4,3,"Shouldn't $120,000 be shown first...? I can't really tell whether the order changed..."
SUB-N9xfiQYXLd,A,3,6,5,4,Understood the request and reflected it well on the screen.
SUB-N9xfiQYXLd,B,1,6,6,4,"Partially applied the request, but rather timidly."
SUB-N9xfiQYXLd,B,2,6,5,4,"Partially applied the request, but rather timidly."
SUB-N9xfiQYXLd,B,3,5,5,4,"Partially applied the request, but rather timidly."
SUB-zu7KbX_nO6,A,1,6,6,4,Seems to have understood and applied the request.
SUB-zu7KbX_nO6,A,2,6,5,4,Seems to have understood and applied the request.
SUB-zu7KbX_nO6,B,1,6,5,4,Seems to have understood and applied the request.
SUB-zu7KbX_nO6,B,2,6,6,4,Seems to have understood and applied the request.
SUB-xfPFOj923S,A,1,6,6,4,Seems to have understood and applied the request. It changed the content.
SUB-xfPFOj923S,A,2,6,5,3,Seems to have understood and applied the request. But the use of horizontal space is somewhat disappointing.
SUB-xfPFOj923S,A,3,6,5,4,Seems to have understood and applied the request.
SUB-xfPFOj923S,B,1,6,6,4,Seems to have understood and applied the instruction. It made better use of the horizontal space than the previous example.
SUB-xfPFOj923S,B,2,6,5,4,Seems to have understood and applied the request.
SUB-xfPFOj923S,B,3,6,5,4,Seems to have understood and applied the request.
SUB-vZWT1ehfno,A,1,6,6,4,Understood and applied the request well.
SUB-vZWT1ehfno,A,2,6,6,4,Understood and applied the request well.
SUB-vZWT1ehfno,B,1,7,6,4,I want to give a lot of credit for understanding this content and designing it as a popup element.
SUB-vZWT1ehfno,B,2,7,6,4,Reflects the request well.
SUB-k3hsHVqLHR,A,1,5,3,2,It looks like a tablet portrait screen rather than landscape.
SUB-k3hsHVqLHR,A,2,6,6,4,It understood and applied the instruction.
SUB-k3hsHVqLHR,A,3,6,5,4,It understood and applied the instruction.
SUB-k3hsHVqLHR,B,1,3,3,2,"Again, it seems to be interpreted as a portrait screen rather than landscape."
SUB-k3hsHVqLHR,B,2,5,6,2,It understood and applied the instruction.
SUB-k3hsHVqLHR,B,3,6,5,4,It understood and applied the instruction.
SUB-U8R3ExTMXd,A,1,7,7,4,It applied the request exactly.
SUB-U8R3ExTMXd,A,2,7,7,4,It applied the request exactly.
SUB-U8R3ExTMXd,B,1,7,7,4,It applied the request exactly.
SUB-U8R3ExTMXd,B,2,7,6,5,"It accurately applied the instruction, and made the notification feature appear as if it's inside the button."
SUB-BwGm7E-2nE,A,1,6,6,4,It understood and applied the instruction.
SUB-BwGm7E-2nE,A,2,6,6,4,It understood and applied the instruction.
SUB-BwGm7E-2nE,B,1,6,6,4,It understood and applied the instruction.
SUB-BwGm7E-2nE,B,2,5,5,4,It understood and applied the instruction.
SUB-6FVlgR0y23,A,1,6,6,4,It understood and applied the requested instruction well.
SUB-6FVlgR0y23,A,2,6,5,4,It understood and applied the requested instruction well.
SUB-6FVlgR0y23,B,1,6,7,4,It understood and applied the requested instruction well.
SUB-6FVlgR0y23,B,2,6,5,4,It understood and applied the requested instruction well.
SUB-lI-NS9FMiC,A,1,6,5,4,It understood and applied the requested instruction well.
SUB-lI-NS9FMiC,B,1,7,6,4,It understood and applied the requested instruction well.
SUB-ntgv0CVgvB,A,1,6,6,4,The instruction was applied.
SUB-ntgv0CVgvB,B,1,5,5,3,"It seems to have understood the instruction, but I'm not sure it changed it well."
SUB-PE0NZfUlSK,A,1,6,5,4,It understood the instruction and applied it to the screen.
SUB-PE0NZfUlSK,A,2,5,5,4,It understood the instruction and applied it to the screen.
SUB-PE0NZfUlSK,A,3,6,5,4,It understood the instruction and applied it to the screen.
SUB-PE0NZfUlSK,B,1,6,5,4,It understood the instruction and applied it to the screen.
SUB-PE0NZfUlSK,B,2,6,5,5,It understood the instruction and applied it to the screen.
SUB-PE0NZfUlSK,B,3,6,5,4,It understood the instruction and applied it to the screen.
SUB-XCGDF0wD7H,A,1,6,6,4,It seems to have understood and applied the request well.
SUB-XCGDF0wD7H,A,2,6,5,4,It seems to have understood and applied the request well.
SUB-XCGDF0wD7H,B,1,6,5,4,It seems to have understood and applied the request well.
SUB-XCGDF0wD7H,B,2,6,5,6,It seems to have understood and applied the request well.
SUB-rUeKhCtA41,A,1,6,5,4,Understood and applied the request well.
SUB-rUeKhCtA41,A,2,6,6,4,Reflects the request well.
SUB-rUeKhCtA41,A,3,6,5,4,Understood and applied the request well.
SUB-rUeKhCtA41,B,1,6,6,4,Understood and applied the request well.
SUB-rUeKhCtA41,B,2,6,6,4,Understood and applied the request well.
SUB-rUeKhCtA41,B,3,5,6,4,Understood and applied the request well.
SUB-rp8ofghCi6,A,1,6,6,4,It seems to have understood and applied the instruction well.
SUB-rp8ofghCi6,B,1,3,4,4,It seems to have understood and applied the instruction well.
SUB-qKH6y7QgY1,A,1,6,6,4,It appears to have applied the instruction.
SUB-qKH6y7QgY1,B,1,6,5,4,Appears to have applied the instruction. Changing the button color made the design clearer.
SUB-1Jsv1Tdnbe,A,1,6,5,4,It appears to have applied the instruction.
SUB-1Jsv1Tdnbe,A,2,6,5,4,It appears to have applied the instruction.
SUB-1Jsv1Tdnbe,B,1,6,6,4,It appears to have applied the instruction.
SUB-1Jsv1Tdnbe,B,2,7,6,6,It appears to have applied the instruction.
SUB-5gv6wA-MJ1,A,1,6,6,4,Reflects the requirements well.
SUB-5gv6wA-MJ1,A,2,6,6,4,Reflects the requirements well.
SUB-5gv6wA-MJ1,B,1,5,5,5,"It applied the requirement, but it doesn't fully suit the mobile environment."
SUB-5gv6wA-MJ1,B,2,6,5,3,"It did make it different, but the aesthetics are worse than the original."
SUB-U8MySqUmK-,A,1,6,6,4,"The instruction was applied. Beyond the basic requested changes, it also made small design improvements."
SUB-U8MySqUmK-,A,2,6,6,4,"The instruction was applied. Beyond the basic requested changes, it also made small design improvements."
SUB-U8MySqUmK-,B,1,6,6,4,The instruction was applied.
SUB-U8MySqUmK-,B,2,6,3,7,"It changed too many colors, so the overall impression seems somewhat different."
SUB-xGJQn7H0vK,A,1,5,5,4,Reflects the request well
SUB-xGJQn7H0vK,A,2,5,5,4,Reflects the request well
SUB-xGJQn7H0vK,A,3,5,5,4,Reflects the request well
SUB-xGJQn7H0vK,B,1,5,5,4,Reflects the request well
SUB-xGJQn7H0vK,B,2,5,5,4,Reflects the request well
SUB-xGJQn7H0vK,B,3,5,5,4,Reflects the request well
SUB-zJfYsHoHm3,A,1,6,6,4,It applied the instruction and achieved design improvements.
SUB-zJfYsHoHm3,A,2,6,5,4,It applied the instruction and achieved design improvements.
SUB-zJfYsHoHm3,B,1,6,5,6,The instruction was applied. It's just a shame that the photo got cropped while changing the layout.
SUB-zJfYsHoHm3,B,2,6,6,4,The instruction was applied.
SUB-IQ1BR0vsuW,A,1,6,5,4,"It understood it, and although it wasn't applied super well, it does seem to have applied it at least."
SUB-IQ1BR0vsuW,A,2,5,5,4,It applied the request.
SUB-IQ1BR0vsuW,A,3,5,5,4,It applied the request. Seems better design-wise too.
SUB-IQ1BR0vsuW,B,1,6,5,4,The instruction seems to have been applied.
SUB-IQ1BR0vsuW,B,2,6,5,4,The instruction seems to have been applied. It's just a shame it was applied rather timidly.
SUB-IQ1BR0vsuW,B,3,4,1,7,"It seems to have... understood the request, but the design turned out really odd."
SUB-U0Rvi0aTxR,A,1,6,6,4,It seems to have understood the instruction well and applied it.
SUB-U0Rvi0aTxR,B,1,7,7,4,"Seems to have understood and applied the instruction well. In particular, it's good that the information was changed to a time rather than how many minutes are left."
SUB-YpyDofKhaJ,A,1,7,7,4,The requirements are well reflected.
SUB-YpyDofKhaJ,A,2,7,7,4,The requirements are well reflected.
SUB-YpyDofKhaJ,A,3,6,6,4,Applied as requested
SUB-YpyDofKhaJ,B,1,6,6,5,"It applied the requirement, but the hierarchy is too strong."
SUB-YpyDofKhaJ,B,2,6,5,3,It's not at the very top.
SUB-YpyDofKhaJ,B,3,6,6,5,There was no need to change it into a pill shape.
SUB-js7yTOtLrL,A,1,6,6,4,It seems to have understood and applied the request well.
SUB-js7yTOtLrL,B,1,6,6,4,It varied the layout while changing the content.
SUB-xT30xJBUpl,A,1,6,6,4,Reflects the request well.
SUB-xT30xJBUpl,A,2,6,5,4,Reflects the request well.
SUB-xT30xJBUpl,B,1,6,7,4,It applied the instruction well by changing the detailed content.
SUB-xT30xJBUpl,B,2,7,7,4,Reflects the request well.
SUB-zTiSfty73G,A,1,5,4,3,"It did emphasize the creator profile and performance, but the effect is weak."
SUB-zTiSfty73G,B,1,5,5,4,It clearly emphasizes the creator profile and performance.
SUB-t1kZ76OArL,A,1,6,6,4,
SUB-t1kZ76OArL,A,2,1,1,1,You'd have to say almost nothing changed from the original.
SUB-t1kZ76OArL,B,1,6,6,4,It changed to a desktop version.
SUB-t1kZ76OArL,B,2,6,6,4,
SUB-MjExsOPm1d,A,1,6,6,4,"While switching to a PC screen, it seems to have appropriately applied the layout and so on."
SUB-MjExsOPm1d,A,2,6,5,3,It seems to have used the horizontal space somewhat poorly (especially the images).
SUB-MjExsOPm1d,A,3,5,5,4,The button was added well.
SUB-MjExsOPm1d,B,1,5,5,4,It seems to have applied the layout etc. well as it switched to a PC screen.
SUB-MjExsOPm1d,B,2,7,7,4,Using the image stretched horizontally feels like it makes better use of the horizontal ratio.
SUB-MjExsOPm1d,B,3,5,5,4,Seems to have reflected the request well.
SUB-S4Oenbbu5n,A,1,6,6,4,Reflects the requirements well.
SUB-S4Oenbbu5n,A,2,7,7,4,Reflects the requirements well.
SUB-S4Oenbbu5n,B,1,6,4,3,"The change was applied, but the order wasn't revisited."
SUB-S4Oenbbu5n,B,2,6,6,5,"The requested content was applied well, but the style change is excessive."
SUB-7AJ9hcdMzb,A,1,6,6,4,Seems to have converted the popup image to Desktop well.
SUB-7AJ9hcdMzb,A,2,5,5,4,Applied the background color well.
SUB-7AJ9hcdMzb,B,1,5,5,6,"It did change to a desktop screen, but I'm not sure whether this UI is good."
SUB-7AJ9hcdMzb,B,2,5,4,5,"The background was applied, but it gives the impression that the fundamental UX has changed."
SUB-tQFRRkTCDI,A,1,5,5,4,Reflected the request.
SUB-tQFRRkTCDI,B,1,6,6,4,Applied the instruction. Design improvement happened along with it.
SUB-zCF0D4E6db,A,1,5,4,3,"Understands the request, applied it to some extent."
SUB-zCF0D4E6db,A,2,5,5,4,"Understands the request, applied it to some extent."
SUB-zCF0D4E6db,A,3,3,3,3,Not sure whether the feel actually changed.
SUB-zCF0D4E6db,B,1,5,5,4,"Understands the request, applied it to some extent. But the design outcome is disappointing."
SUB-zCF0D4E6db,B,2,3,4,3,"Understands the request, applied it to some extent. But the design outcome is disappointing."
SUB-zCF0D4E6db,B,3,3,3,3,"Understands the request, applied it to some extent. But the design outcome is disappointing."
SUB-3ejh5eulwK,A,1,5,5,3,"Understood and applied the request, but it could have been done more aggressively."
SUB-3ejh5eulwK,B,1,6,5,4,"Understood and applied the request, but it could have been done more aggressively. It went further than the previous case, but still a bit disappointing."
SUB-ocpzU3oBq5,A,1,6,6,4,It understood the request and reflected it well.
SUB-ocpzU3oBq5,B,1,6,6,4,It understood the request and reflected it well.
SUB-VrKYsESZSZ,A,1,6,6,3,"Applied it well, but there's an unnecessary divider."
SUB-VrKYsESZSZ,A,2,5,4,3,There's no part that reflects the requirement.
SUB-VrKYsESZSZ,B,1,6,6,4,The requirements are well reflected.
SUB-VrKYsESZSZ,B,2,6,6,4,"Applied as requested, but the information is exposed twice."
SUB-OsUcAgWHPC,A,1,6,6,4,
SUB-OsUcAgWHPC,A,2,6,6,4,Clearly changed.
SUB-OsUcAgWHPC,B,1,6,6,4,
SUB-OsUcAgWHPC,B,2,6,6,4,Overall applied it well.
SUB-EWLi2JTis1,A,1,5,5,4,Reflected the request well - converted to a seller-side status view.
SUB-EWLi2JTis1,A,2,5,5,4,Reflected the request well - separated into its own area.
SUB-EWLi2JTis1,A,3,5,5,4,Reflected the request well - displays views and saves counts.
SUB-EWLi2JTis1,B,1,5,5,4,Reflected the request well - converted to a seller-side status view.
SUB-EWLi2JTis1,B,2,5,5,4,Reflected the request well - separated into its own area.
SUB-EWLi2JTis1,B,3,5,5,4,Reflected the request well - displays views and saves counts.
SUB-N9HrrUg5on,A,1,5,5,4,The request was applied well.
SUB-N9HrrUg5on,A,2,5,5,4,The request was applied well.
SUB-N9HrrUg5on,A,3,5,5,4,Reflected the request well - added a next study session card.
SUB-N9HrrUg5on,B,1,5,5,4,The request was applied well.
SUB-N9HrrUg5on,B,2,5,5,4,The request was applied well.
SUB-N9HrrUg5on,B,3,5,5,4,Reflected the request well - added a next study session card.
SUB-d4qYpmZLiY,A,1,5,5,4,Reflects the request well
SUB-d4qYpmZLiY,A,2,4,3,3,The member list layout is almost unchanged.
SUB-d4qYpmZLiY,A,3,5,5,4,Reflected the request well (added a select all button).
SUB-d4qYpmZLiY,B,1,4,3,3,The screen spreads out too much horizontally.
SUB-d4qYpmZLiY,B,2,5,5,4,Reflected the request well by categorizing according to job role.
SUB-d4qYpmZLiY,B,3,5,5,4,Reflected the request well (added a select all button).
SUB-jds2fnJrPI,A,1,5,5,4,Added a create function.
SUB-jds2fnJrPI,B,1,5,5,4,Added a create function.
SUB-ulFc9PCAYX,A,1,5,5,4,Reflected the request well - added a left-side menu.
SUB-ulFc9PCAYX,A,2,5,4,3,"It did reflect the request, but it's just shown as a plain tab so it doesn't draw much attention."
SUB-ulFc9PCAYX,B,1,5,5,4,Reflected the request well - added a top bar and widened horizontally.
SUB-ulFc9PCAYX,B,2,5,5,4,Reflected the request well - provides previous/next previews on the left.
SUB-76gRMXXixO,A,1,7,7,4,Reflects the requirements well.
SUB-76gRMXXixO,A,2,6,6,4,Reflects the requirements well.
SUB-76gRMXXixO,A,3,6,6,4,Reflects the requirements well.
SUB-76gRMXXixO,B,1,6,6,4,Reflects the requirements well and the style is appropriate too.
SUB-76gRMXXixO,B,2,5,5,3,"The original is a tab too, but going with A's approach is right. A segmented control isn't appropriate."
SUB-76gRMXXixO,B,3,7,7,4,Reflects the requirements well.
SUB-6ZfUUQzYyM,A,1,6,6,4,Visit recording upload and the contact/owner-side content changed overall.
SUB-6ZfUUQzYyM,A,2,6,6,4,"A sidebar was created on the left, and a content area appeared on the right."
SUB-6ZfUUQzYyM,A,3,6,6,4,
SUB-6ZfUUQzYyM,B,1,6,6,4,"The overall terminology changed, and the title changed too."
SUB-6ZfUUQzYyM,B,2,6,6,4,Overall it goes horizontal. A GNB bar is added at the very top.
SUB-6ZfUUQzYyM,B,3,6,6,4,
SUB-QaLriqWwtz,A,1,5,5,4,Removed the card-type info such as ITEMS
SUB-QaLriqWwtz,B,1,5,5,4,Delivery status steps are provided in a new design style
SUB-lfFxI-gn3O,A,1,5,5,4,The design tone changed entirely
SUB-lfFxI-gn3O,B,1,5,5,4,The design tone changed entirely
SUB-d6FfUZ1MoW,A,1,6,6,4,A side panel was created on the left and the content on the right was redesigned to stretch horizontally
SUB-d6FfUZ1MoW,B,1,6,6,4,Content is placed on the left and it goes into the right side
SUB-PGUU_6Igeb,A,1,7,7,4,The requirements are well reflected.
SUB-PGUU_6Igeb,B,1,6,6,4,Applied well as requested
SUB-l5UF9DedeC,A,1,5,5,4,The synced time is displayed
SUB-l5UF9DedeC,B,1,5,5,4,It shows how many minutes ago it was synced
SUB-vLHl5-Q3nw,A,1,6,6,4,
SUB-vLHl5-Q3nw,B,1,6,6,4,
SUB-GCeuHah3Vo,A,1,5,5,4,Team members' activity history was added
SUB-GCeuHah3Vo,A,2,5,5,4,All the content next to the profile is left-aligned
SUB-GCeuHah3Vo,B,1,5,5,4,Team members' activity history was added
SUB-GCeuHah3Vo,B,2,5,5,4,A vertical divider was added
SUB-cgsMIu7cPx,A,1,6,6,4,
SUB-cgsMIu7cPx,B,1,6,6,4,
SUB-wrK4mm2UFH,A,1,5,5,4,"Provides elapsed time, remaining time, and total time"
SUB-wrK4mm2UFH,B,1,5,5,4,Labels 'played' and 'remaining' were added
SUB-8CLaJc3wlf,A,1,5,5,3,A memo was created as a gray card
SUB-8CLaJc3wlf,B,1,4,4,4,Created the 'Note to Mara' memo
SUB-rMlHuWHOJH,A,1,5,5,4,Changed the money transfer screen into a program payout screen
SUB-rMlHuWHOJH,A,2,5,5,4,Added a label
SUB-rMlHuWHOJH,B,1,5,5,4,Changed the money transfer screen into a program payout screen
SUB-rMlHuWHOJH,B,2,5,5,4,Added a label
SUB-f5FkJ5rhnI,A,1,7,6,3,"The existing agenda button was pushed to secondary and joining the meeting was made primary, so the request is well reflected."
SUB-f5FkJ5rhnI,B,1,7,6,5,"By converting the existing button into a join-meeting button and placing it large, it actively encourages the action of joining"
SUB-uQT4NOz7aO,A,1,6,6,4,
SUB-uQT4NOz7aO,A,2,6,6,4,
SUB-uQT4NOz7aO,B,1,3,3,2,
SUB-uQT4NOz7aO,B,2,6,6,4,
SUB-4KPkp7rSfC,A,1,5,5,4,"The main menu was made into a left rail area, and the current track and the track list are laid out left and right"
SUB-4KPkp7rSfC,B,1,5,5,3,"It uses the screen widely to suit desktop, but the list is hard to convey to the user"
SUB-dBw4_DOSpL,A,1,5,5,4,A border and shadow emphasis were added
SUB-dBw4_DOSpL,A,2,5,5,4,A save button was added
SUB-dBw4_DOSpL,B,1,5,5,4,A border and shadow emphasis were added
SUB-dBw4_DOSpL,B,2,5,5,4,A save button was added
SUB-gIZIhG0c3J,A,1,7,7,4,"It was aesthetically nice that they used the primary color from the button to add a border to the card, and the corner radius also got larger"
SUB-gIZIhG0c3J,A,2,7,7,4,"By placing the save button at the top right, it simply reflects the request"
SUB-gIZIhG0c3J,B,1,7,5,6,"It is distinguished from the background compared to the original, but the excessive contrast makes it look somewhat awkward"
SUB-gIZIhG0c3J,B,2,7,5,7,I felt the change was excessive in that the save function replaced the existing 'ask a follow-up' button and 'ask a follow-up' was placed small below
SUB-Azz8cNzg-k,A,1,6,6,4,"A short sidebar was created on the left, and the content, which used to be presented in one column, was changed by splitting the right content area into two"
SUB-Azz8cNzg-k,A,2,6,6,3,
SUB-Azz8cNzg-k,A,3,6,6,4,
SUB-Azz8cNzg-k,B,1,6,6,4,"It gets a bit wider horizontally, and the layout changes from 1*n to 2*n"
SUB-Azz8cNzg-k,B,2,6,6,4,
SUB-Azz8cNzg-k,B,3,6,6,4,
SUB-rgMzS_khPV,A,1,5,5,4,Changed to a tablet layout
SUB-rgMzS_khPV,A,2,5,5,4,Unread messages and circle conversations are provided separately
SUB-rgMzS_khPV,A,3,5,5,4,Shows the connection status with a color chip
SUB-rgMzS_khPV,B,1,4,4,3,The horizontal size is increased compared to the original
SUB-rgMzS_khPV,B,2,5,5,4,Grouped the unread area into personal/circle
SUB-rgMzS_khPV,B,3,4,4,4,Displayed with a color chip
SUB-GdGB1yX9i7,A,1,6,6,4,
SUB-GdGB1yX9i7,A,2,6,6,4,
SUB-GdGB1yX9i7,A,3,6,6,4,Changed from gray to blue
SUB-GdGB1yX9i7,B,1,6,6,4,
SUB-GdGB1yX9i7,B,2,6,6,4,
SUB-GdGB1yX9i7,B,3,6,6,4,The overall color tone changed to red and yellow
SUB-bohz3H6lSH,A,1,7,7,4,It reflects the request to show the flow intuitively by adding a step indicator UI
SUB-bohz3H6lSH,A,2,7,7,4,"The remaining time is shown via a time tag at the top right, and it blends well by using the purple tone used throughout the screen"
SUB-bohz3H6lSH,A,3,7,6,3,"The request was applied by adding a saved button above the answer card, but it doesn't stand out, which is a bit disappointing."
SUB-bohz3H6lSH,B,1,3,3,3,"It just rearranged elements that were already there, and it even got pushed into gray-toned sub-text, so readability is disappointing."
SUB-bohz3H6lSH,B,2,7,5,4,"By placing the circular graph and the remaining time large at the top, it's easy to gauge how much time is left."
SUB-bohz3H6lSH,B,3,6,6,7,"Adding a save button next to next question is intuitive from the user's perspective, but removing the original tab bar altogether is excessive."
SUB-4z7jgByj1F,A,1,5,5,4,The main button position is placed toward the top.
SUB-4z7jgByj1F,A,2,5,5,4,Button style is applied.
SUB-4z7jgByj1F,B,1,5,5,4,NORTHWAY TRIP is placed at the top.
SUB-4z7jgByj1F,B,2,5,5,4,The buttons are grouped.
SUB-suY9HtIujh,A,1,7,7,4,"In line with the request, the CTA button is put into a separate container and pinned as a fixed container, floating and separated."
SUB-suY9HtIujh,B,1,7,7,5,"Floating the button in a callout-style container matches the request, but overriding the button style to black, departing from the yellow primary theme, is a somewhat excessive change."
SUB-PxeFNOLy_q,A,1,6,6,4,"It became wide and desktop-oriented.
Left - to-do list, right - completed items."
SUB-PxeFNOLy_q,A,2,6,6,4,
SUB-PxeFNOLy_q,B,1,6,6,4,A sidebar is created on the left and the content goes on the right. Goals/completed are together on one side so you can see them all at once.
SUB-PxeFNOLy_q,B,2,6,6,4,
SUB-iaQuqJ4zkG,A,1,7,6,4,It simply changed to a desktop view with a two-column horizontal layout.
SUB-iaQuqJ4zkG,A,2,7,5,5,"The time section is placed large in the upper right, making the remaining time visible, but it looks disconnected from the other elements."
SUB-iaQuqJ4zkG,B,1,7,7,5,"A bit excessive, but switching to a desktop view and making the left side feel like an LNB is fresh and fits well."
SUB-iaQuqJ4zkG,B,2,7,7,4,"With a dark background on the left and a time element added, the user can view time and the queue separately, which is intuitive."
SUB-Yw2pSHIYPB,A,1,7,7,4,The screen is applied for desktop.
SUB-Yw2pSHIYPB,A,2,7,7,4,"Folders went from three lines to four, adding one more piece of information."
SUB-Yw2pSHIYPB,B,1,7,7,4,The screen was changed to desktop.
SUB-Yw2pSHIYPB,B,2,5,5,4,"""Shared with"" information was added to each folder row."
SUB-B6elbCf2PL,A,1,5,5,4,An options tab is provided.
SUB-B6elbCf2PL,A,2,5,5,4,The photo banner height is reduced.
SUB-B6elbCf2PL,A,3,5,5,4,Changed to blue tones.
SUB-B6elbCf2PL,B,1,4,4,3,"An ""Available only"" checkbox is provided."
SUB-B6elbCf2PL,B,2,5,5,4,The photo banner height is reduced.
SUB-B6elbCf2PL,B,3,5,5,4,Color changed.
SUB-6Vji5qtsrP,A,1,7,7,4,"As requested, it became a UI that shows the playlist order."
SUB-6Vji5qtsrP,A,2,7,5,4,"The request was applied well, but it somewhat feels just tacked on without considering the surrounding context."
SUB-6Vji5qtsrP,A,3,7,7,5,"By changing the play button to orange, the complementary color of the existing purple, it's clearly distinguished from the other elements."
SUB-6Vji5qtsrP,B,1,7,7,5,"The ""playing next"" text was added like a tag, so the request is applied well."
SUB-6Vji5qtsrP,B,2,7,7,4,"Likewise, it seems to have used the tag UI to insert a dropdown sort button, and it fits well."
SUB-6Vji5qtsrP,B,3,7,6,4,"I don't think the color is aesthetically pleasing, but the request itself was applied well."
SUB-WfiNOf8u4a,A,1,5,5,4,The time is placed below the step number.
SUB-WfiNOf8u4a,B,1,6,6,4,The structure reads with the time coming right after the step number.
SUB-Vn2u9MU57X,A,1,5,5,4,Main menu was moved to a left rail.
SUB-Vn2u9MU57X,A,2,5,5,4,Added supplementary features.
SUB-Vn2u9MU57X,B,1,5,5,4,Selecting from the Stops list shows the details.
SUB-Vn2u9MU57X,B,2,5,5,4,"Provides features like stop, skip back/forward, speed, and map view."
SUB-76fWUITvXV,A,1,5,5,4,Shows the progress step at the top.
SUB-76fWUITvXV,A,2,5,5,4,You can check the remaining time via the 4:12 left at the top.
SUB-76fWUITvXV,A,3,5,5,4,Added a save button
SUB-76fWUITvXV,B,1,5,5,4,"Shows ""Question 3 of 6"" at the top"
SUB-76fWUITvXV,B,2,5,5,4,"You can check the remaining time with ""3:48 left in this quiz"""
SUB-76fWUITvXV,B,3,5,5,4,Added a save button
SUB-UOaNWhbrcO,A,1,5,5,4,Time was added below the step number
SUB-UOaNWhbrcO,B,1,5,5,4,Time was added next to the step number
SUB-8KFWU60_fi,A,1,7,7,4,Changed naturally by applying UI patterns used in tablet views
SUB-8KFWU60_fi,A,2,7,7,4,"It wasn't requested to specify what exactly you can do, but it nicely added predictable functions like stop/script, etc. And by enlarging the section currently being listened to, it's distinguished from what has been / needs to be listened to"
SUB-8KFWU60_fi,B,1,7,7,4,"Converted well to fit a tablet view, but somehow it still has a bit of a web-view feel"
SUB-8KFWU60_fi,B,2,7,7,5,"Instead of reducing the width of the existing stops, it added a detail section on the right to show the functionality."
SUB-1Iji7XxAX7,A,1,7,7,4,The layout that was skewed toward the top is now center-aligned.
SUB-1Iji7XxAX7,B,1,6,6,4,The structure that was skewed toward the top is now vertically centered
SUB-tUQXZiuw-J,A,1,5,5,4,Placed in the center of the screen
SUB-tUQXZiuw-J,B,1,5,5,6,Created new content at the bottom that wasn't requested
SUB-YDL9vYJuw9,A,1,5,5,4,Selection by time required appears at the top
SUB-YDL9vYJuw9,A,2,5,5,4,The Plan - Shop - Prep - Cook flow is shown
SUB-YDL9vYJuw9,A,3,5,5,4,The recommendation card change is reflected
SUB-YDL9vYJuw9,B,1,5,5,4,"Puts the time-required criterion front and center with ""How much time do you have?"""
SUB-YDL9vYJuw9,B,2,5,5,4,The Plan - Shop - Prep - Cook step flow is shown
SUB-YDL9vYJuw9,B,3,5,5,4,The recommendation card style changed
SUB-Zt5H35_eaG,A,1,5,5,4,The composition is different
SUB-Zt5H35_eaG,B,1,5,5,4,The composition is different
SUB-wQ3-cFNBDs,A,1,7,4,5,"Changed the entire composition into step-by-step progress. The attempt to change the composition was good, but address and payment info aren't tasks the user completes in sequence — they're more like prerequisite information for checking the Order Review section, so step-by-step progress doesn't seem like a good choice."
SUB-wQ3-cFNBDs,B,1,7,7,4,"The natural progression of the composition stands out — from the summary at the top to products, shipping/payment, costs, coupons, etc. Not only does it summarize the amount in large type first at the very top so users immediately recognize how much they need to pay, it also neatly packs shipping and payment info into a single section at a glance. Adjusting the proportions of each card and section according to information hierarchy is also a good design direction."
SUB-bJSac6bJ6O,A,1,5,5,4,Label changed to Crop property tour / living room
SUB-bJSac6bJ6O,A,2,5,5,4,Organized the editing area into a right-hand panel
SUB-bJSac6bJ6O,A,3,5,5,4,Separated the areas
SUB-bJSac6bJ6O,B,1,5,5,4,Label changed to 16 Hawthorne Lane / scenes
SUB-bJSac6bJ6O,B,2,5,5,3,The editing panel looks awkward to operate
SUB-bJSac6bJ6O,B,3,5,5,4,Grouped as requested
SUB-dqx2W0HiaK,A,1,6,6,4,The editing content changed to a property tour
SUB-dqx2W0HiaK,A,2,5,5,4,"The screen changed to desktop, but the level of refinement is about the same"
SUB-dqx2W0HiaK,A,3,6,6,4,"Split the crop controls into composition and perspective, bundling Ratio·Zoom and the remaining adjustments separately"
SUB-dqx2W0HiaK,B,1,7,7,4,The editing content was matched to the property tour
SUB-dqx2W0HiaK,B,2,5,5,4,"The screen changed to desktop, but it didn't get more refined"
SUB-dqx2W0HiaK,B,3,6,6,4,"Split the crop controls into composition and perspective, bundling Ratio·Zoom and the remaining adjustments separately"
SUB-HsWWN4uUYV,A,1,5,5,4,Changed to landscape orientation
SUB-HsWWN4uUYV,A,2,5,5,4,Added a download button
SUB-HsWWN4uUYV,A,3,5,5,4,Changed the card color
SUB-HsWWN4uUYV,B,1,5,5,4,Changed to landscape orientation
SUB-HsWWN4uUYV,B,2,5,5,4,Added a download button
SUB-HsWWN4uUYV,B,3,5,5,4,Changed the card color
SUB-T0uPQfo8V2,A,1,5,5,3,The coupon collection card format is inconsistent
SUB-T0uPQfo8V2,B,1,5,5,4,Changed the coupon list to card format
SUB-Hz05tq-Hk8,A,1,5,5,4,"Divided into product, policies and credits"
SUB-Hz05tq-Hk8,A,2,5,5,4,Added a release notes button
SUB-Hz05tq-Hk8,A,3,5,5,4,Modified the logo and key color
SUB-Hz05tq-Hk8,B,1,5,5,4,Separated into People and Documents
SUB-Hz05tq-Hk8,B,2,5,5,4,Added a Check updates button
SUB-Hz05tq-Hk8,B,3,5,5,4,Modified the logo and key color
SUB-fi3aPkvqpI,A,1,7,7,3,"Changed ""keep the page open"" into a status message saying stock is being checked, and added a dot indicator for slightly stronger visual emphasis. However, the emphasis isn't dramatic, which is a bit disappointing."
SUB-fi3aPkvqpI,A,2,7,7,4,"Implemented a neutral style well with the white background, and separating the card area with a shadow is also a good application. The red status is well preserved without being arbitrarily swapped for another color."
SUB-fi3aPkvqpI,B,1,7,7,4,"By moving the ""checking stock"" status label to the very top of the card, the user can see what is currently in progress first — it reflects even the subtext of the instruction well."
SUB-fi3aPkvqpI,B,2,7,7,5,"Building the card layout with a warm-gray-toned background, border, and shadow is a good attempt, but since the icon container background is white, the theme can feel somewhat stuffy, so I think it went a bit too far. Keeping the status value in red is also well reflected."
SUB-WkUPO-mkvV,A,1,6,6,4,The screen is laid out as a tablet screen
SUB-WkUPO-mkvV,A,2,6,6,4,You can get a receipt via the get-receipt button on each invoice row
SUB-WkUPO-mkvV,A,3,7,7,4,Pink remains only as an accent and the card color changed
SUB-WkUPO-mkvV,B,1,7,7,4,The entire payment screen is laid out to fit a wide tablet screen
SUB-WkUPO-mkvV,B,2,7,7,4,You can get a receipt via the download button on each invoice row
SUB-WkUPO-mkvV,B,3,7,7,4,Pink remains only as an accent and the topmost card's color changed
SUB-mhR-Pr-xpu,A,1,5,5,4,Reflects a three-step structure
SUB-mhR-Pr-xpu,A,2,4,4,3,The information brought to the front in the first step is almost identical to the original
SUB-mhR-Pr-xpu,A,3,5,5,4,The shipping address can be changed via Change
SUB-mhR-Pr-xpu,B,1,5,5,4,Reflects a three-step structure
SUB-mhR-Pr-xpu,B,2,5,5,4,Puts the delivery region up front
SUB-mhR-Pr-xpu,B,3,5,5,4,Change address was added
SUB-bCEFUSmTOS,A,1,5,5,4,Added a left-hand menu.
SUB-bCEFUSmTOS,A,2,5,5,4,Separated into different groups
SUB-bCEFUSmTOS,A,3,5,5,4,"Photo attachment, mention, and link features were added"
SUB-bCEFUSmTOS,B,1,5,5,4,Expands horizontally and changed to a two-column layout
SUB-bCEFUSmTOS,B,2,5,5,4,Separated into different cards
SUB-bCEFUSmTOS,B,3,5,5,4,"Add photo, mention, and quote features were added"
SUB-Rjj2hQLJ5l,A,1,6,6,4,The screen is laid out for desktop
SUB-Rjj2hQLJ5l,A,2,7,7,4,Divided into answered and unanswered
SUB-Rjj2hQLJ5l,A,3,6,6,4,"Details, badge, and character count were added to the comment input field"
SUB-Rjj2hQLJ5l,B,1,6,6,4,Laid out the screen for desktop
SUB-Rjj2hQLJ5l,B,2,6,6,4,The comment list is divided into answered and unanswered
SUB-Rjj2hQLJ5l,B,3,6,6,4,"Details, badge, and character count were added"
SUB-gk0rwjXZhA,A,1,5,5,4,The preview area got wider and is emphasized
SUB-gk0rwjXZhA,B,1,5,5,4,The preview area got wider and is emphasized
SUB-2tm1mF70d0,A,1,5,5,4,"Changed the event details into a seller check-in brief, and also changed the booking area at the bottom to Assigned booth / Ready for setup"
SUB-2tm1mF70d0,B,1,5,5,4,"Changed the event details into a seller check-in brief, and changed the booking area at the bottom into an Assigned booth / Setup status area"
SUB-nNXNqp4V7J,A,1,5,5,4,Removed the border and changed the background color
SUB-nNXNqp4V7J,B,1,5,5,4,Removed the border and changed the background color
SUB-M2FaC_6Z-p,A,1,7,6,4,Reflects the requirements well.
SUB-M2FaC_6Z-p,A,2,7,7,4,Reflects the requirements well.
SUB-M2FaC_6Z-p,A,3,6,6,4,The requirements are well reflected.
SUB-M2FaC_6Z-p,B,1,7,7,4,"Reflects the requirements well, and the additional features are appropriate too"
SUB-M2FaC_6Z-p,B,2,7,7,4,Reflects the requirements well.
SUB-M2FaC_6Z-p,B,3,7,5,3,The requirements aren't sufficiently reflected
SUB--60lGqc8n4,A,1,6,6,4,"The event details changed into a seller check-in brief, and the booking area at the bottom changed to assigned booth / setup status"
SUB--60lGqc8n4,B,1,6,6,4,"The event details changed into a seller check-in brief, and the booking area at the bottom changed to assigned booth / setup status"
SUB-BSCCRTzKZv,A,1,5,5,4,Changed to a two-column layout with a left-side menu
SUB-BSCCRTzKZv,A,2,5,5,4,Applies the left-right step layout well
SUB-BSCCRTzKZv,A,3,5,5,4,Changed the amount-entry step's style into a separate card with a dark background
SUB-BSCCRTzKZv,B,1,5,5,4,Changed to a 2-column layout
SUB-BSCCRTzKZv,B,2,5,5,4,Applies the left-right step layout well
SUB-BSCCRTzKZv,B,3,5,5,4,Changed the amount input area into a UI centered on a large amount inside a light card
SUB-GzcVYQzlKo,A,1,7,7,4,Changed to a nutrition guide screen by pregnancy stage
SUB-GzcVYQzlKo,B,1,6,6,4,Content revised to nutrition guidance by pregnancy stage
SUB-Txlf-CQPqc,A,1,5,5,4,Widened horizontally through a two-column layout
SUB-Txlf-CQPqc,A,2,5,5,4,Accurately reflected the left and right areas
SUB-Txlf-CQPqc,A,3,5,5,4,Modified the storage summary card as requested
SUB-Txlf-CQPqc,B,1,5,5,4,Widened horizontally through a two-column layout
SUB-Txlf-CQPqc,B,2,5,5,4,Accurately reflected the left and right areas
SUB-Txlf-CQPqc,B,3,5,5,4,Modified the storage summary card as requested
SUB-q0N-VrY1Vz,A,1,5,5,4,The request is well reflected (bookmark button added)
SUB-q0N-VrY1Vz,A,2,5,5,4,The request is well reflected (in green)
SUB-q0N-VrY1Vz,B,1,5,5,4,The request is well reflected (save button added)
SUB-q0N-VrY1Vz,B,2,5,5,4,The request is well reflected (in purple)
SUB-FZMItg9dyI,A,1,5,5,4,Reflects the request well
SUB-FZMItg9dyI,A,2,5,5,4,Reflects the request well (2-column layout)
SUB-FZMItg9dyI,A,3,5,5,4,Reflects the request well (the information under the title has been restructured)
SUB-FZMItg9dyI,B,1,5,5,4,Reflects the request well
SUB-FZMItg9dyI,B,2,5,5,4,Reflects the request well (left menu added)
SUB-FZMItg9dyI,B,3,5,5,4,Reflects the request well (the information under the title has been restructured))
SUB-kXhW7FFMrp,A,1,5,5,4,Reflects the request well (expanded horizontally)
SUB-kXhW7FFMrp,A,2,5,5,4,Reflects the request well (step-by-step flow added)
SUB-kXhW7FFMrp,A,3,5,5,4,Reflects the request well (green)
SUB-kXhW7FFMrp,B,1,5,5,4,Reflects the request well (expanded horizontally)
SUB-kXhW7FFMrp,B,2,5,5,4,Reflects the request well (step-by-step flow added)
SUB-kXhW7FFMrp,B,3,5,5,4,Reflects the request well (purple)
SUB-tkKdwAJ6gs,A,1,7,7,4,Changed to a desktop view screen with a left sidebar. Suitable for use with a mouse in a typical desktop environment
SUB-tkKdwAJ6gs,A,2,7,7,4,Added voice input support with a mic button to the left of the send button in the input field
SUB-tkKdwAJ6gs,A,3,7,7,4,"Last night's info and the sleep score appear as a card you can check right in the chat flow. However, there's no way to view detailed sleep information."
SUB-tkKdwAJ6gs,B,1,7,7,4,"Changed to a desktop view screen using top navigation. Supplementary info for the current conversation additionally appears in a right panel. The top-nav structure isn't really a layout suited to desktop, especially for a management tool like a sleep management web service, but the right supplementary side panel is useful."
SUB-tkKdwAJ6gs,B,2,7,7,4,Added voice input support with a mic button to the left of the send button in the input field
SUB-tkKdwAJ6gs,B,3,7,7,4,Last night's info and the sleep score appear as a card you can check right in the chat flow. Only that info is visible; to see details you have to tap the card to open the right panel.
SUB-udBa6_K5Fz,A,1,7,7,4,"Changes the long card screen to a round watch ratio and stacks the arrival time, progress bar, and status in the center. The order number and update time are also dropped"
SUB-udBa6_K5Fz,A,2,6,6,4,"The remaining stops show first under the progress bar, so the order in which you check the status changes"
SUB-udBa6_K5Fz,B,1,7,7,4,"Changes the long card screen to a round watch ratio and stacks the arrival time, progress bar, and status in the center. The order number and update time are also dropped"
SUB-udBa6_K5Fz,B,2,7,7,4,Shortens the 'picked up' and 'in transit' statuses from the original description and shows them most prominently
SUB-PqbRxDIZ4Z,A,1,6,6,4,"Seller balance, expected payout date, and fee statistics are clearly visible"
SUB-PqbRxDIZ4Z,A,2,6,6,4,Points changed into a balance summary
SUB-PqbRxDIZ4Z,A,3,6,5,4,A Statement pill button was created nicely on the right of the header. But it's not clear whether it's a download
SUB-PqbRxDIZ4Z,B,1,7,6,4,"The settlement flow — pending payout and in-settlement amounts, plus transfer history in the activity list — is shown cleanly"
SUB-PqbRxDIZ4Z,B,2,6,6,5,Restructured so the payout date caption comes first and the amount goes to the right
SUB-PqbRxDIZ4Z,B,3,6,6,4,"The arrow can be mistaken for a sort filter. Still, the file name hints that it's a download button"
SUB-afJR_ZHUjn,A,1,6,6,4,Unified into the @ format
SUB-afJR_ZHUjn,A,2,6,6,4,The tabs become equal width in a 2-part grid
SUB-afJR_ZHUjn,B,1,6,6,4,Unified into the Daymark ID format.
SUB-afJR_ZHUjn,B,2,6,6,4,"With a segmented control, the two tabs take up equal space"
SUB-L1KPraa9s7,A,1,5,5,4,"The screen does fit the tablet, but the elements aren't composed for the tablet size — it feels like the mobile screen was applied as is and other elements were just added into the empty space. Awkward"
SUB-L1KPraa9s7,B,1,7,7,4,The screen was changed to a tablet version.
SUB-ziPLYsRdsR,A,1,7,7,4,"Tab buttons — all week / 15 / 30 / 45 min — were added at the top, giving the impression that you can view things broken out by time."
SUB-ziPLYsRdsR,A,2,7,7,3,"In the journey section, numbering was added so it reads as a flow."
SUB-ziPLYsRdsR,A,3,7,7,4,"By giving the recommendation card a deep green background, it's differentiated from the other elements and stands out."
SUB-ziPLYsRdsR,B,1,7,7,5,"Divided by time, with those buttons placed large at the top, intuitively presenting 'ideas by time required' to the user."
SUB-ziPLYsRdsR,B,2,7,7,4,"The 1>2>3>4 step flow is shown as a kind of progress bar, so the flow reads well."
SUB-ziPLYsRdsR,B,3,6,6,4,"Within the recommendation card, layers are differentiated too, creating a sense of depth so things are distinguished."
SUB-Vn_j7obJw9,A,1,7,5,4,"Whereas the original was a neutral tone similar to the background, giving it a high-contrast inverted tone makes it clearly distinct. However, the selected card doesn't stand out as much as before."
SUB-Vn_j7obJw9,A,2,7,7,4,Placing sub-text at both ends of the slider reinforces the meaning of the slider.
SUB-Vn_j7obJw9,B,1,7,4,4,"They tried to adjust the tone by creating one more section surrounding the icon area within the filter and sticker fields, but it doesn't feel like a big improvement."
SUB-Vn_j7obJw9,B,2,7,6,5,"It's a shame that as the sub-text at both ends of the slider went into the same row, the slider width became narrower than before."
SUB-FeV701xAh6,A,1,7,7,4,"Restructured to suit the watch screen, and the progress rate is emphasized so it's easy to grasp."
SUB-FeV701xAh6,A,2,7,7,4,You can check the latest status.
SUB-FeV701xAh6,B,1,7,7,4,"Laid out to suit the watch, and shows progress rate and estimated arrival time so you can check the status."
SUB-FeV701xAh6,B,2,7,7,4,Added an update time at the bottom so you can check the latest status.
SUB-tanAiNWioZ,A,1,7,7,4,Changed to an overseas supplier context.
SUB-tanAiNWioZ,A,2,7,7,4,Grouped the information and restructured it into a detailed card structure.
SUB-tanAiNWioZ,B,1,7,7,4,"Reflects the overseas supplier context, appropriately changed."
SUB-tanAiNWioZ,B,2,7,7,4,"Separated the supplier information into its own area, changed to fit the payment flow."
SUB-1avrZlrk8m,A,1,7,7,4,It applied the request exactly.
SUB-1avrZlrk8m,A,2,7,7,4,Accurately reflected the instruction. It's set up so that saved items can be edited/deleted.
SUB-1avrZlrk8m,A,3,7,6,4,Reflected the instruction well. It distinguished the cards that needed to be differentiated by making each function's card design slightly different.
SUB-1avrZlrk8m,B,1,7,7,4,Reflected the instruction well. It used radio buttons to differentiate them.
SUB-1avrZlrk8m,B,2,7,6,4,
SUB-1avrZlrk8m,B,3,7,6,5,"The contrast does come across well, but it doesn't feel clean — it actually looks cluttered."
SUB-KoyqbgTGKJ,A,1,7,7,4,Changed to suit book club discovery.
SUB-KoyqbgTGKJ,A,2,7,7,4,Shows the next meeting's day and time so you can check the schedule.
SUB-KoyqbgTGKJ,A,3,7,7,4,"Well reflected, with recommendations on the left, details in the center, and the join button on the right."
SUB-KoyqbgTGKJ,B,1,7,7,4,Consistently shifted to a region-based book club discovery context.
SUB-KoyqbgTGKJ,B,2,7,7,4,Clearly displays the next meeting's day and time.
SUB-KoyqbgTGKJ,B,3,6,5,3,"The recommended book clubs at the bottom changed to two-column cards, not following the requested single-row structure."
SUB-UNhJcyQ8mQ,A,1,7,7,4,Makes active use of the desktop width.
SUB-UNhJcyQ8mQ,B,1,7,7,4,"Lays out the image, event info, schedule, and route in multiple columns, making full use of the desktop's horizontal width."
SUB-xAJCZzmlr9,A,1,7,7,4,It applied the request exactly.
SUB-xAJCZzmlr9,A,2,7,7,5,"Accurately reflected the instruction. That said, I don't think the selected filter's color needed to be set to pink as well."
SUB-xAJCZzmlr9,B,1,7,7,4,It applied the request exactly.
SUB-xAJCZzmlr9,B,2,7,6,5,
SUB-pSgZyMAwyz,A,1,7,7,4,The request was reflected well.
SUB-pSgZyMAwyz,B,1,7,6,4,"The target information was moved down, but it's laid out as a separate bar, so it has somewhat more visual weight than the requested 'small, at the very bottom'."
SUB-RPBQzL4uo1,A,1,1,1,1,I'm not sure which part was additionally applied.
SUB-RPBQzL4uo1,A,2,7,7,4,It applied the request exactly.
SUB-RPBQzL4uo1,B,1,7,7,3,
SUB-RPBQzL4uo1,B,2,7,7,5,
SUB-cPTzhp2jya,A,1,7,7,4,Clearly reflected so that a saved email address can be deleted right away.
SUB-cPTzhp2jya,A,2,7,7,4,"Changed only the background to navy and the text to white, accurately reflecting the instruction."
SUB-cPTzhp2jya,B,1,7,7,4,Clearly provides the function to delete a saved email address.
SUB-cPTzhp2jya,B,2,6,5,3,"The navy background and white text were reflected exactly, but the addition of the delete button moved the Send button down from its original position."
SUB-zyciSx3Dkl,A,1,7,6,4,"It's impressive that in converting to a desktop version, the element that used to serve as the filter was repurposed as an LNB."
SUB-zyciSx3Dkl,A,2,7,5,4,"Presented with sections divided by price range, and in particular applied a 'best value' tag to recommend naturally."
SUB-zyciSx3Dkl,A,3,7,7,4,"Delivery information that wasn't there before was added, which is positive since it's info users would be curious about."
SUB-zyciSx3Dkl,B,1,7,6,4,Existing UI elements were appropriately modified to convert to a desktop view.
SUB-zyciSx3Dkl,B,2,7,7,4,"The main section is split into roughly three parts, showing products by price range."
SUB-zyciSx3Dkl,B,3,7,7,4,"As with A, delivery information that wasn't there before was added, which is positive since it's info users would be curious about."
SUB-5Tkf6AkLcF,A,1,7,7,4,The screen was changed to suit desktop.
SUB-5Tkf6AkLcF,A,2,6,6,4,The learning flow is grouped by step.
SUB-5Tkf6AkLcF,B,1,6,6,4,The screen was changed to desktop.
SUB-5Tkf6AkLcF,B,2,6,6,4,The learning flow is visible step by step.
SUB-05H-eoasGW,A,1,6,5,3,
SUB-05H-eoasGW,A,2,7,7,4,It applied the request exactly.
SUB-05H-eoasGW,A,3,7,7,4,
SUB-05H-eoasGW,B,1,7,6,2,
SUB-05H-eoasGW,B,2,7,5,5,
SUB-05H-eoasGW,B,3,7,5,5,
SUB-uPg9sTjxn0,A,1,7,7,4,The UX writing was appropriately changed to target sellers.
SUB-uPg9sTjxn0,A,2,6,5,4,"Moving Contact Support to the top feels a bit awkward, since by UI convention it's more natural for it to go at the very bottom."
SUB-uPg9sTjxn0,A,3,7,7,4,"By adding a view with the FAQ section expanded, it's clear that it can be collapsed/expanded."
SUB-uPg9sTjxn0,B,1,7,7,4,"As with A, the UX writing was appropriately changed to target sellers."
SUB-uPg9sTjxn0,B,2,7,7,4,"It was moved to the very bottom, which is the expected pattern, so positive."
SUB-uPg9sTjxn0,B,3,5,3,5,"The +/- buttons seem to have been added for the expand function, but it feels awkward."
SUB-20wTEZ-8Fm,A,1,7,6,4,A table-of-contents sidebar appears on the left and the body is laid out wide. All the original content is preserved.
SUB-20wTEZ-8Fm,B,1,6,6,5,"It changed to a structure with a global menu, document cards, and a right-hand info panel."
SUB-NnIEEb4ul_,A,1,6,5,4,Appropriate elements are placed in the intended positions.
SUB-NnIEEb4ul_,A,2,6,6,4,Arranged as a sequence UI as intended.
SUB-NnIEEb4ul_,A,3,7,7,4,The text and background colors were changed as requested.
SUB-NnIEEb4ul_,B,1,6,5,4,"Placed appropriately in the intended position. That said, it would have been nice if the Next Step section—though not part of the request—had also been moved to fit the two-column layout."
SUB-NnIEEb4ul_,B,2,5,2,3,"Numbering was added as requested, but the vertical connecting line wasn't applied at all."
SUB-NnIEEb4ul_,B,3,7,7,4,The text and background colors were changed appropriately per the request.
SUB-uy15z0caYV,A,1,7,7,4,"The UI, which had been nothing more than an existing card element, was appropriately converted to a desktop view."
SUB-uy15z0caYV,A,2,7,6,4,"What used to be combined into a single bar graph is now broken out in detail into three graphs, which is convenient from the user's perspective."
SUB-uy15z0caYV,B,1,7,7,5,An LNB area was added in converting to the desktop view.
SUB-uy15z0caYV,B,2,7,5,4,"Along with the bar graph, it shows the remaining amount and the monthly plan—neither of which existed before—all at once, making it intuitive."
SUB-y3R0pQzXDi,A,1,7,7,4,The article topic and target audience changed.
SUB-y3R0pQzXDi,A,2,7,7,4,"The practice list is neatly divided into three groups—before, during, and after the discussion—with activities placed under each stage."
SUB-y3R0pQzXDi,A,3,5,5,4,The style is the same but the shape changed.
SUB-y3R0pQzXDi,B,1,7,7,4,The article topic and target audience changed.
SUB-y3R0pQzXDi,B,2,5,4,3,"The practice list is neatly divided into three groups—before, during, and after the discussion—with activities placed under each stage, but each group's area is small so the content inside has poor readability."
SUB-y3R0pQzXDi,B,3,6,6,4,The feel of the hero illustration changed.
SUB-NTpi_zToK9,A,1,7,7,4,"Checking that the title was changed, the request was accurately applied."
SUB-NTpi_zToK9,A,2,7,7,4,
SUB-NTpi_zToK9,B,1,7,7,5,"The request was accurately applied, but it's set up with two routes shown at once. I'm curious about the intent—whether it assumed that the route I chose was two routes."
SUB-NTpi_zToK9,B,2,7,7,4,
SUB-EfAuRwIuLx,A,1,7,7,4,Information about who the reply author is was added.
SUB-EfAuRwIuLx,A,2,5,5,3,"The requirement was applied, but the image area draws the eye a lot."
SUB-EfAuRwIuLx,B,1,6,6,4,Information about who the reply author is was added.
SUB-EfAuRwIuLx,B,2,5,5,4,The requirement was applied.
SUB-vtdSWFXWnt,A,1,7,7,5,
SUB-vtdSWFXWnt,B,1,7,7,4,
SUB-3GPaz3hwXp,A,1,6,6,4,Modified to look like a tablet login screen.
SUB-3GPaz3hwXp,A,2,7,7,4,The account name and last login time are reflected below the greeting.
SUB-3GPaz3hwXp,A,3,7,7,4,The two-line arrangement of the other login options changed from horizontal to vertical.
SUB-3GPaz3hwXp,B,1,6,6,4,Modified into a tablet login screen.
SUB-3GPaz3hwXp,B,2,7,7,4,The account name and last login time were added next to the greeting.
SUB-3GPaz3hwXp,B,3,5,5,4,"The arrangement changed, but the layout doesn't seem to match the other items."
SUB-Fx21D8PEB1,A,1,7,7,4,Naturally scales up to a desktop layout
SUB-Fx21D8PEB1,A,2,7,7,4,Information separation is clear
SUB-Fx21D8PEB1,A,3,7,7,4,"Placed an Export report button, accurately reflecting the request"
SUB-Fx21D8PEB1,B,1,7,7,4,Switched to a desktop screen that makes use of the horizontal space
SUB-Fx21D8PEB1,B,2,7,7,4,Splits information clearly by separating the KPI cards at the top from the metrics below the chart
SUB-Fx21D8PEB1,B,3,7,7,4,Provides the export function clearly by laying out the PDF/CSV/PNG options together
SUB-4z99GdjQC4,A,1,7,7,4,Switched to a wide screen
SUB-4z99GdjQC4,B,1,7,7,4,"By placing the product selection area and the summary/next CTA side by side, you can check both on one screen"
SUB-IeuA9b7ZmN,A,1,4,7,4,It understood the context of the original design well and used appropriate components
SUB-IeuA9b7ZmN,A,2,5,5,4,Makes me wonder if it understood switching to dark mode as a style change
SUB-IeuA9b7ZmN,B,1,7,7,4,The requirements were well reflected
SUB-IeuA9b7ZmN,B,2,4,7,4,"Rather than a style change, it feels more like it tidied up the information inside the cards"
SUB-m2hrrcovAa,A,1,7,7,4,"Changed the progress rate into a circular graph and separated out the amount info, clearly reworking the internal structure of the card"
SUB-m2hrrcovAa,B,1,7,7,3,"Divided it into a vertical progress bar and an amount info area, greatly reworking the internal structure of the card"
SUB-6H4HB6mvsD,A,1,5,3,3,"Detailed content changes such as Album, episode, etc. did not happen."
SUB-6H4HB6mvsD,B,1,6,6,4,"It clearly changed the audience performance, and 'Ambient Composer' stands out more."
SUB-zFAjqos7vm,A,1,6,5,4,Understood and reflected the request well. The feel has definitely changed. I like that the color and typography were made more modern.
SUB-zFAjqos7vm,B,1,6,6,6,"Understood and reflected the request well. The feel has definitely changed, but the aesthetic execution is lacking."
SUB-4nGsrSP-us,A,1,6,6,4,"Changed the brand, menu, and notification content overall into a language learning service"
SUB-4nGsrSP-us,A,2,7,7,4,Clearly implements a desktop structure with left navigation and a wide content area
SUB-4nGsrSP-us,A,3,7,7,4,"Adds ample per-notification details such as course, score, topic, and study time"
SUB-4nGsrSP-us,B,1,7,7,4,"Changed the brand, navigation, and notification content overall into a language learning service"
SUB-4nGsrSP-us,B,2,7,7,4,Actively uses the horizontal desktop space with top navigation and a 2-column card structure
SUB-4nGsrSP-us,B,3,7,7,4,"Adds ample per-notification details such as course, score, study time, and streak"
SUB-zFJxdH3PaR,A,1,4,7,5,"The request was reflected well, but it touched too many other things too — is that okay? Especially the content.

Usually when writing UI documents, designers carefully input text with writing in mind. Sometimes it even gets reviewed by the legal team or another proofreading vendor. And the AI just casually changes text written that way? There's bound to be a particular language and nuance the app or service uses, so given my working environment I find it hard to judge this part favorably."
SUB-zFJxdH3PaR,A,2,7,4,4,"The other lists use folder names, but the new folder gets the title 'Action', so consistency suffers. It would've been better as guide text instead"
SUB-zFJxdH3PaR,B,1,6,4,5,"Things that weren't requested, like text information, all changed too"
SUB-zFJxdH3PaR,B,2,7,3,6,"It seems to have understood the requirement, but the way it's applied seems to head in a direction with worse usability"
SUB-bjTjEk3Hty,A,1,6,5,4,"It added the sort text on the right, but the button form and dark gray emphasis weren't reflected"
SUB-bjTjEk3Hty,A,2,7,7,4,"Removed the dividers and separated each course into rounded warm-gray cards, accurately reflecting the request"
SUB-bjTjEk3Hty,B,1,6,5,4,"It added the sort function at the far right, but it's expressed as text rather than a dark gray button"
SUB-bjTjEk3Hty,B,2,7,5,3,"Removed the dividers and separated into warm-gray cards, but the image position was also moved to the right"
SUB-GE19_rJ_-f,A,1,7,7,4,"I judge that it reflected the request well, fitting the desktop size."
SUB-GE19_rJ_-f,A,2,7,6,4,
SUB-GE19_rJ_-f,B,1,7,7,4,I judge that changing the layout structure to fit the screen size reflected the request well.
SUB-GE19_rJ_-f,B,2,7,6,5,"It bundled things into a card so it can be seen at a glance, but the button looks better in the center."
SUB-afxX49LgX9,A,1,7,7,4,"Changed the title, description, and even the member info to suit the member removal situation"
SUB-afxX49LgX9,A,2,7,7,4,Places 'keep member' as the emphasized CTA at the top and removal as a weak button at the bottom
SUB-afxX49LgX9,A,3,7,7,4,"Clearly presents immediate application, loss of access, exclusion from the project, and irreversibility in the warning area"
SUB-afxX49LgX9,B,1,7,7,4,Clearly changed the overall context to member info and removal confirmation content
SUB-afxX49LgX9,B,2,7,7,4,Emphasizes the keep-member CTA first and handles removal weakly as text at the bottom
SUB-afxX49LgX9,B,3,7,7,4,The top warning and the results list let you immediately grasp what changes when you remove it
SUB-P0IDelxPOg,A,1,6,6,4,The screen was changed to a desktop version
SUB-P0IDelxPOg,A,2,7,7,4,A button was added to download the PDF directly from each invoice row
SUB-P0IDelxPOg,A,3,6,6,4,"The title block was pulled out to full width at the very top, and the name was made larger than the amount"
SUB-P0IDelxPOg,B,1,6,6,4,The screen was changed to a desktop version
SUB-P0IDelxPOg,B,2,7,7,4,A button to download the PDF directly from each invoice row was added
SUB-P0IDelxPOg,B,3,5,5,4,"All the requirements were applied, but the amount became smaller than before."
SUB-7c21-phJat,A,1,7,7,4,
SUB-7c21-phJat,A,2,7,6,3,"It does feel right for the ""show starting rate publicly"" part to go together with the content currently grouped in the card, but I'm curious why, when asked to change it, they put two toggles below and left a toggle that matches the one above."
SUB-7c21-phJat,A,3,7,6,3,
SUB-7c21-phJat,B,1,7,7,4,
SUB-7c21-phJat,B,2,7,6,4,"Only one item from the group was removed; I'm not sure whether that matches the designer's intent, but I'd judge that the request was reflected to some extent."
SUB-7c21-phJat,B,3,7,7,4,
SUB-C8BPmUaxDt,A,1,7,7,4,"The screen was changed to a desktop version, and the drag handle at the top was removed"
SUB-C8BPmUaxDt,A,2,7,7,4,The Send to list is split into people it was sent to and people it wasn't.
SUB-C8BPmUaxDt,A,3,7,7,4,The expiration date is also shown on the link row
SUB-C8BPmUaxDt,B,1,7,7,4,"The screen was changed to a desktop version, and the drag handle at the top was removed"
SUB-C8BPmUaxDt,B,2,7,7,4,The Send to list is split into people it was sent to and people it wasn't
SUB-C8BPmUaxDt,B,3,7,7,4,The expiration date is also shown on the link row
SUB-HNIjYRm8Ps,A,1,7,7,4,"Switched to a structure of saved listings and client folders, with each folder showing the client's name"
SUB-HNIjYRm8Ps,A,2,7,7,4,Split clients currently on tours and quiet clients into two groups with clear labels
SUB-HNIjYRm8Ps,A,3,7,7,4,"The top card emphasizes the price first, then places the address and listing information in sequence"
SUB-HNIjYRm8Ps,B,1,7,7,4,"Switched to a structure of saved listings and client folders, with each folder showing the client's name"
SUB-HNIjYRm8Ps,B,2,7,7,4,Clearly separates clients on tours from quiet clients and also shows priority well
SUB-HNIjYRm8Ps,B,3,7,7,4,"Shows sale status, days listed, and price first, so the information needed to judge a listing comes across quickly"
SUB-g6VRC-a-Ok,A,1,7,7,4,Implemented a desktop detail screen with top navigation and a horizontal content structure
SUB-g6VRC-a-Ok,A,2,7,7,4,"Episodes are organized with numbers and connecting lines, so the season order flows clearly"
SUB-g6VRC-a-Ok,B,1,7,6,4,Appropriately converted to a desktop detail screen with side nav and a horizontal layout
SUB-g6VRC-a-Ok,B,2,7,6,4,"Emphasized the season order with numbers and a progress line, but the sense of continuous flow is a bit weak"
SUB-7SGnslhiqo,A,1,6,6,4,"The end time was added, but it's placed on the same line rather than below the remaining time"
SUB-7SGnslhiqo,B,1,7,7,4,Clearly added the scheduled end time as a separate line below the remaining time
SUB-MW4T3iE8ys,A,1,7,5,4,"It's a shame the format wasn't kept the same and was changed instead.
It would have been better to leave the filter buttons as all, unread, money, security"
SUB-MW4T3iE8ys,A,2,7,5,4,It would have been better to differentiate the body text and the style
SUB-MW4T3iE8ys,A,3,7,7,4,The search bar's position and the guide text are also well expressed
SUB-MW4T3iE8ys,B,1,7,7,4,"I like that the content composition within a single card looks much more organized. The way the accent color is used, and providing a dot to distinguish new from old notifications, are both good — there's a lot of information but it looks tidy and the necessary information catches the eye well."
SUB-MW4T3iE8ys,B,2,7,7,4,"Good that the design distinguishes the different types of information.
All caps, accent color, font style, etc."
SUB-MW4T3iE8ys,B,3,7,7,4,The search bar design is clean. I don't think the title is really necessary. It wasn't in the request and it's unnecessary information.
SUB-fZkFqPSq82,A,1,7,7,4,Clearly shifted the context from a shopping saved list to a service for saving job roles
SUB-fZkFqPSq82,A,2,7,6,4,"Explains the save, compare, and change-alert process first, then places the browse CTA"
SUB-fZkFqPSq82,B,1,7,7,4,Clearly shifted from a shopping service to a service for saving and managing job postings
SUB-fZkFqPSq82,B,2,7,7,4,"Gives concrete guidance on what information is saved, whether it's public, and change tracking, then places the CTA"
SUB-Gx3tXEzWqm,A,1,7,7,4,Appropriately converted the mobile vertical structure into a wide desktop layout
SUB-Gx3tXEzWqm,A,2,7,7,4,"Places the intro and image side by side and shows the browse CTA together, using the horizontal space efficiently"
SUB-Gx3tXEzWqm,A,3,7,7,4,Clearly added a Saved stays button and the saved count at the top
SUB-Gx3tXEzWqm,B,1,7,7,4,Clearly implemented a desktop screen with a wide horizontal layout
SUB-Gx3tXEzWqm,B,2,7,7,4,"Places the body content and the next-steps area side by side, directly reflecting the request"
SUB-Gx3tXEzWqm,B,3,7,7,4,Clearly added a Saved stays button and the saved count in the top bar
SUB-q_Jl4XBDFX,A,1,7,7,4,"The payment item to be moved is placed first in a separate area, so the order is clear"
SUB-q_Jl4XBDFX,A,2,7,7,4,"A background color and emphasis line are applied to the entire selected folder, making it easy to distinguish"
SUB-q_Jl4XBDFX,B,1,7,7,4,"The payment item is placed at the very top of the screen, so it's seen before the folder list"
SUB-q_Jl4XBDFX,B,2,7,7,4,"A strong background color is applied to the entire selected folder, so the state is clearly distinguished"
SUB-WQSWQ-txJB,A,1,7,7,4,The information order was changed so the remaining period is shown after the deletion date
SUB-WQSWQ-txJB,A,2,7,7,4,A function to delete all 3 items at once was clearly added
SUB-WQSWQ-txJB,B,1,7,6,4,"Both requests were clearly applied, and the deletion management flow is easy to understand."
SUB-WQSWQ-txJB,B,2,7,7,3,Provides a function to select all and permanently delete at once
SUB-FmIkDMUZzs,A,1,7,7,4,"A different background color is applied to each user profile, creating distinction between people"
SUB-FmIkDMUZzs,B,1,7,7,4,"Profile images with different colors and figure shapes are applied for each user, so individuality is clear"
SUB-o3mdddQfxo,A,1,7,7,4,"The desktop structure is well reflected with a center panel, horizontal content, and top/bottom navigation"
SUB-o3mdddQfxo,A,2,7,7,4,"The 3 steps are connected in a horizontal flow, so the progress order is clear"
SUB-o3mdddQfxo,A,3,7,7,4,"Orange and green are differentiated, so before and after the transition are easy to tell apart"
SUB-o3mdddQfxo,B,1,7,7,4,Well suited to desktop with a wide horizontal panel and top progress navigation
SUB-o3mdddQfxo,B,2,7,7,4,Clearly shows the order and current step with step numbers and connecting lines
SUB-o3mdddQfxo,B,3,7,7,4,"Using blue, purple, and orange makes the difference before and after the transition distinct"
SUB-BFmTB26-Ia,A,1,6,6,4,"An accessibility card appears at the top, allowing judgment via the status summary and a table of values per item"
SUB-BFmTB26-Ia,B,1,7,6,6,"At the very top, what the problem is comes out in one line first, so it gets read first"
SUB-_jS9J52keT,A,1,7,6,4,
SUB-_jS9J52keT,B,1,7,7,4,
SUB-QijzvJmYGC,A,1,7,7,4,You can check the proportion right away
SUB-QijzvJmYGC,B,1,7,7,4,"Shows the 15% proportion together with consumed and remaining calories, so you can immediately understand the current state"
SUB-gPyyqle3-5,A,1,7,7,4,A filter is placed to the right of the date header so the activity type can be selected
SUB-gPyyqle3-5,A,2,7,7,4,"The number row is grouped in a light gray band, with numbers in black and labels in gray, and blue is used only for the interactive area"
SUB-gPyyqle3-5,B,1,7,7,4,A filter was added to the right of the date header so the activity type can be selected
SUB-gPyyqle3-5,B,2,7,7,4,A filter was added to the right of the date header so the activity type can be selected
SUB-ArjoEhcuG1,A,1,7,7,4,A one-line description of what the template is was added under the title
SUB-ArjoEhcuG1,A,2,6,6,4,The vertical height of the pink image area at the top was reduced
SUB-ArjoEhcuG1,A,3,6,6,5,The tone of the two unselected license lines was weakened
SUB-ArjoEhcuG1,B,1,7,7,4,A one-line description of what the template is was added under the title at the very top
SUB-ArjoEhcuG1,B,2,6,6,4,The vertical height of the pink image area at the top was reduced
SUB-ArjoEhcuG1,B,3,6,6,4,The tone of the two unselected license lines was weakened
SUB-QrpQfQ2EBl,A,1,7,5,3,Only the text was changed; everything else is the same as before.
SUB-QrpQfQ2EBl,A,2,7,6,4,
SUB-QrpQfQ2EBl,B,1,7,6,4,
SUB-QrpQfQ2EBl,B,2,7,6,6,
SUB-CsAU5oLc21,A,1,7,7,4,
SUB-CsAU5oLc21,A,2,7,7,4,The instruction was accurately applied by changing the subheading.
SUB-CsAU5oLc21,A,3,7,7,4,"Compared to the previous screen, it uses a trustworthy dark blue, giving a professional feel."
SUB-CsAU5oLc21,B,1,7,7,3,"Rather than an invitation screen, it's structured so that you provide your own information to someone else to invite them, so I think it may differ slightly from the intent of the instruction."
SUB-CsAU5oLc21,B,2,7,7,4,It applied the request exactly.
SUB-CsAU5oLc21,B,3,7,6,3,"Since mostly light colors are used, there's less of a sense of an anchoring focal point."
SUB-CnNAzsVTIJ,A,1,7,7,4,Divided into oday/this week/earlier with gray labels above
SUB-CnNAzsVTIJ,B,1,6,6,4,The Your spaces list is divided into today/this week/earlier with gray labels above
SUB-q4EKuff_qI,A,1,7,7,4,"The row that used to be laid out left-to-right was changed into three cells with vertical dividers, each cell labeled, and the 3.8GB remaining after installation was put in the third cell."
SUB-q4EKuff_qI,B,1,7,6,4,A sentence in purple saying 3.8GB will remain after installation was added right below the capacity row.
SUB-TB9yW4gsTV,A,1,6,5,4,"A button was added to allow filtering the order of the recommended groups.
But it feels a bit forced into the cell"
SUB-TB9yW4gsTV,B,1,5,6,5,"Compared to option 1, it doesn't feel as forcibly squeezed in and does feel like a single cohesive design, but it removed a function that was originally there. Presumably an additional function was wanted...
Also, this filtering-button approach may feel more awkward than option 1's approach.
It seems like a component used more for literal filtering than for sorting."
SUB-rf_0maQpJh,A,1,7,7,4,"It was properly changed to physical therapy appointment cancellation, and properly changed to the cancellation fee notice"
SUB-rf_0maQpJh,A,2,7,7,4,Changed well as the prompt requested
SUB-rf_0maQpJh,A,3,7,7,4,Changed nicely as requested
SUB-rf_0maQpJh,B,1,7,7,4,Reflects the prompt content well
SUB-rf_0maQpJh,B,2,7,7,4,Well reflected as requested
SUB-rf_0maQpJh,B,3,7,7,4,Well reflected as requested
SUB-xGXLkZiWA9,A,1,7,7,4,"Applies a light gray rounded background to the three coupons and removes the divider, accurately reflecting the request"
SUB-xGXLkZiWA9,B,1,7,7,4,"Separates all three coupons with light gray rounded backgrounds and removes the dividers, accurately reflecting the request"
SUB-8kWl1lHeV8,A,1,7,6,4,Splits the list of episodes you were continuing into two groups — episodes available now and episodes releasing weekly going forward — and also separates the dates on each row into already released and upcoming.
SUB-8kWl1lHeV8,A,2,7,7,4,"Groups everything from season, genre, and rating to title, episode count, year, and rating into a bordered box on a brown background, making the boundary with the continue-watching area below clear."
SUB-8kWl1lHeV8,B,1,7,7,4,"Renamed the section to Episode Calendar, divided it by airing month on the left, and grouped the episodes released in that month — nicely follows the user's request to group by airing period."
SUB-8kWl1lHeV8,B,2,7,6,4,"Adds an orange vertical strip on the left and a background color to the title area, clearly separating it from the black area below. Moved the title to the first line so you read what the show is first — the order was changed."
SUB-z0j6GERV9N,A,1,7,7,4,Well reflected as requested
SUB-z0j6GERV9N,A,2,7,7,4,Well reflected as requested
SUB-z0j6GERV9N,A,3,7,7,4,Well reflected as requested
SUB-z0j6GERV9N,B,1,7,7,4,Well applied as requested.
SUB-z0j6GERV9N,B,2,7,7,4,The recovery form stands out well
SUB-z0j6GERV9N,B,3,7,7,4,Appropriately well reflected
SUB-WGOs8OuQRT,A,1,7,7,4,Widens the screen for tablets and restructures it into a two-column layout
SUB-WGOs8OuQRT,A,2,7,7,4,Adds a servings selector and changes ingredient amounts to match the selected servings
SUB-WGOs8OuQRT,A,3,7,7,4,"Moves protein to the first item in the nutrition info, clearly changing the order"
SUB-WGOs8OuQRT,B,1,7,7,4,"Restructured into a wide layout split into left and right areas, suited to a tablet environment"
SUB-WGOs8OuQRT,B,2,7,7,4,"Provides both a servings selector and guidance on ingredient amount changes, clearly reflecting the feature"
SUB-WGOs8OuQRT,B,3,7,7,4,"Highlights protein first, clearly changing the priority of the nutrition info"
SUB--1aOe2L6fN,A,1,6,7,4,"Reflected with clear targeting of the desired feature. It might have been better if it showed that entering the workspace ID is required and that you only receive the email in that case (e.g., by splitting into pages...)"
SUB--1aOe2L6fN,A,2,6,6,4,"Well reflected as requested. But the main title + the text below still take up a lot of weight, so the boundary with the recovery form part is ambiguous"
SUB--1aOe2L6fN,A,3,6,7,4,The recovery code button would have been cleaner at the hierarchy level of a text button or a hyperlink. Right now the two buttons have the same width but different heights... which makes the design feel less polished. The request itself is well reflected
SUB--1aOe2L6fN,B,1,7,7,4,Reflected so you can tell at a glance that it's the input field for the 'workspace ID'
SUB--1aOe2L6fN,B,2,7,7,4,"Not only made the main title smaller, but also addressed the request to 'make the recovery form stand out' by shortening the body text below and turning the recovery form into a card"
SUB--1aOe2L6fN,B,3,7,7,4,"The guidance for the case of using a recovery code is clear, and the hierarchy relative to the button above is clear"
SUB-sSDsDrVcDg,A,1,7,7,4,Nicely separates and organizes the people and the trip information
SUB-sSDsDrVcDg,B,1,7,7,4,Appropriately reflects the request.
SUB-oobGo4VzU3,A,1,6,5,3,"I'm not sure what the content shown first is supposed to mean, but if it meant the red text at the very bottom, it seems they tried to make a change, though I don't see much difference."
SUB-oobGo4VzU3,A,2,7,6,3,
SUB-oobGo4VzU3,B,1,6,5,2,It's a shame that the element resembling a progress bar around the box icon in the original seems to have disappeared with nothing replacing it.
SUB-oobGo4VzU3,B,2,7,7,4,"The overall background color change feels more stable than before and the red emphasis at the very bottom is kept, but the red text at the bottom would have been fine left as it originally was."
SUB--jMv5tKUA4,A,1,6,6,4,Content changed for caregivers
SUB--jMv5tKUA4,A,2,5,5,4,The time setting row was moved right below the large time display and above the recipient/dosage row
SUB--jMv5tKUA4,A,3,5,5,4,A small button was added at the end of the medication recipient row
SUB--jMv5tKUA4,B,1,7,7,4,Changed into a medication management screen for caregivers
SUB--jMv5tKUA4,B,2,6,6,4,The time setting row was moved right below the large time display and above the recipient/dosage row
SUB--jMv5tKUA4,B,3,5,5,4,A small button to switch the person was added at the end of the medication recipient row
SUB-nkMmfn19uV,A,1,7,7,4,"Rearranged into program info, title, then episode info, clearly changing the information flow around the title"
SUB-nkMmfn19uV,A,2,7,7,4,"Adds numbers 1, 2, 3 to the list so the play order is immediately clear"
SUB-nkMmfn19uV,A,3,7,6,4,"Changed the existing teal palette to pink, but since it's applied mainly to accent elements the change isn't big"
SUB-nkMmfn19uV,B,1,7,7,4,Clearly restructures the information order around the title
SUB-nkMmfn19uV,B,2,7,7,4,Clearly expresses the play order with numbers and connecting lines
SUB-nkMmfn19uV,B,3,7,7,4,Definitely changes the color scheme with a dark background and mint accents
SUB-vPZmeBVak9,A,1,7,7,4,"Replaces the title, description, people, and actions all to fit nursing school alumni mentoring"
SUB-vPZmeBVak9,A,2,7,7,4,"Applies numbers 1, 2, 3 to the thumbnails to clearly express the step order"
SUB-vPZmeBVak9,B,1,7,7,4,Content and profile info were appropriately swapped out to fit the nursing school alumni mentoring.
SUB-vPZmeBVak9,B,2,7,7,4,"The step flow is clearly expressed with the numbers 1, 2, 3 and a vertical layout."
SUB-XvbgyYSN5y,A,1,7,7,4,Applied appropriately.
SUB-XvbgyYSN5y,A,2,7,7,4,Applied appropriately.
SUB-XvbgyYSN5y,B,1,7,7,4,Reflects the request well
SUB-XvbgyYSN5y,B,2,7,7,4,Reflects the request well
SUB-T6iTwjazW4,A,1,7,7,4,"While changing the personal order confirmation into a wholesale purchase order confirmation, it puts the supplier, name, phone number, and trade terms at the head of the card. It adds a notice that warehouse picking starts tomorrow at 6 AM."
SUB-T6iTwjazW4,A,2,7,6,4,It changed the format where label and value ran one line at a time into layers: supplier header + 2-column grid + full-width single line.
SUB-T6iTwjazW4,A,3,5,7,4,"It removed the green circle that sparkled as if celebrating and replaced it with an outlined badge containing a check plus the purchase order approval text, PO number, and approval date."
SUB-T6iTwjazW4,B,1,7,7,4,"It splits shipping and billing, holding the delivery window, quantity, origin, invoice total, and payment terms, and even writes out the payment due date, so it conveys the settlement info the boss needs to keep track of better."
SUB-T6iTwjazW4,B,2,7,7,4,It keeps the line format while adding labels for shipping and billing. Values are aligned in a single right-hand column.
SUB-T6iTwjazW4,B,3,5,4,4,It removed the sparkle and attached a small green check to the box icon. The icon reads more like an item icon than a sign of celebration.
SUB-Wa7Itw50YP,A,1,6,7,4,"The request to ""re-arrange the top and bottom lines"" is a bit ambiguous, but it seems to have caught it well as meaning to change them.
"
SUB-Wa7Itw50YP,A,2,6,7,4,"It does indicate order, but rather than feeling like the steps flow one after another, it comes across strongly as just a list."
SUB-Wa7Itw50YP,A,3,6,7,4,"It changed the overall mood by changing the background tone and the accent color, but I'm not sure whether it goes better with things like the album covers."
SUB-Wa7Itw50YP,B,1,7,7,4,"From the request to re-arrange the line order, it seems to have applied its own hierarchy and UX considerations."
SUB-Wa7Itw50YP,B,2,7,7,4,"Beyond just providing the order, the sense of ""continuing on"" is expressed with a thin line."
SUB-Wa7Itw50YP,B,3,7,7,4,"The overall mood isn't just an accent color change — it's been changed like a different branding piece. Not sure if it's changed the way they wanted, though..."
SUB-cWdA-XmNtu,A,1,7,7,4,"The header puts the main title first, the description right below, and the target info at the very bottom in small text."
SUB-cWdA-XmNtu,B,1,5,5,5,"The main title first in the header and the description right below were applied, but the target info placed small at the very bottom gets cut off."
SUB-KBY3GqoyLP,A,1,7,7,4,Both the cancellation deadline and refund eligibility were clearly added to the confirmation summary.
SUB-KBY3GqoyLP,B,1,7,7,4,The cancellation deadline and refund eligibility were both clearly added to the confirmation summary.
SUB-cK7fN05Z5G,A,1,7,7,4,
SUB-cK7fN05Z5G,A,2,7,7,4,I think the overall size and layout were appropriately changed for a desktop screen.
SUB-cK7fN05Z5G,B,1,7,7,4,
SUB-cK7fN05Z5G,B,2,7,7,4,I'd say the request was well reflected at desktop size.
SUB-kmimCD6DLe,A,1,7,7,4,The instruction is well reflected.
SUB-kmimCD6DLe,A,2,7,7,6,"The request was well reflected, but the join/participate button disappeared, causing confusion about how to participate."
SUB-kmimCD6DLe,B,1,7,7,4,Well applied as requested.
SUB-kmimCD6DLe,B,2,7,7,7,Having the inquiry content entered on this page too makes the screen far too cluttered.
SUB-voCtAIyEue,A,1,7,7,4,It moved the target label that was at the very top down and made the title the first line. The target info is placed small in gray uppercase beneath a thin divider.
SUB-voCtAIyEue,B,1,7,4,4,"It followed the request to move the title and description up and place the target info last at the bottom, but by adding a badge form and a note on the right, the content gets cut off."
SUB-tIfPG6GnAV,A,1,6,6,4,"I'm not sure I understood what the requirement was... (what does ""replace the people line"" mean?)
I can tell the list contents of the people list(?) changed, so I take it as having been applied."
SUB-tIfPG6GnAV,A,2,6,6,4,"It reflects exactly what was wanted. It feels like the order was just slapped on, but anyway the intent is reflected."
SUB-tIfPG6GnAV,B,1,6,6,4,"It was changed as requested, and shortening the wording so it doesn't get too long is a convenient touch too."
SUB-tIfPG6GnAV,B,2,7,6,4,"You can tell the order was meant to be reflected, and it's explained again in text so it's easy to understand. But the number color overlaps with the image so it doesn't stand out well."
SUB-IMWp2N--MA,A,1,7,7,4,Nicely converted for desktop.
SUB-IMWp2N--MA,A,2,7,7,4,Well reflected as requested.
SUB-IMWp2N--MA,A,3,7,7,4,Appropriately and well changed.
SUB-IMWp2N--MA,B,1,7,7,4,Well applied.
SUB-IMWp2N--MA,B,2,7,7,4,The request is well reflected.
SUB-IMWp2N--MA,B,3,7,7,7,The panel got so big that none of the map is visible.
SUB-hAaPVacrbE,A,1,7,7,4,"It solidly strengthens the distinction of the group titles by adding a background area, accent icon, and result count."
SUB-hAaPVacrbE,B,1,7,7,4,"It clearly emphasizes the group titles using a bold title, accent bar, result count, and divider."
SUB-ztDP2VdZ9s,A,1,7,7,4,The request is well reflected.
SUB-ztDP2VdZ9s,B,1,7,7,4,The instruction is well reflected.
SUB-nyqNxwGlU2,A,1,7,7,4,The total amount of the selected accounts and the number selected were clearly added at the top.
SUB-nyqNxwGlU2,B,1,7,7,4,It clearly shows the number of selected accounts and the combined amount at the bottom.
SUB-kTS-Y-Khkm,A,1,7,7,4,Well reflected as requested
SUB-kTS-Y-Khkm,B,1,7,7,7,"It even shows the combined amount of unselected accounts, which is confusing."
SUB-QuRu_hgTMA,A,1,7,5,3,"Compared to the original, the card got bigger and the layout inside the card changed, making the image larger."
SUB-QuRu_hgTMA,B,1,7,6,4,Visibility of information is improved by displaying time / distance / remaining seats separately within the card.
SUB-QIdcV7djjv,A,1,7,7,4,"It changed to a vertical layout, but for a smartwatch screen it's large and has a lot of information."
SUB-QIdcV7djjv,A,2,7,7,4,Project and stage info were clearly added to the task details.
SUB-QIdcV7djjv,A,3,7,7,4,The end-session CTA is placed large at the bottom so it can be executed immediately.
SUB-QIdcV7djjv,B,1,7,7,4,Clearly restructured with a watch-style screen ratio and large touch areas.
SUB-QIdcV7djjv,B,2,7,7,4,The project name and stage info were concisely added under the task name.
SUB-QIdcV7djjv,B,3,6,7,4,An end-session CTA is placed large at the bottom so it can be run right away.
SUB-wE2gJ6l4Vg,A,1,7,7,4,"Moved the bottom tab bar to a left navigation icon set and expanded the map to full screen. Put the zoom in/out buttons at the bottom left, making it the typical frame of a desktop map app. Filters and session info are separated into panels floating over the map."
SUB-wE2gJ6l4Vg,A,2,7,6,4,"Drew a vertical line and placed the times on it as pill shapes. Starting from the session in progress, the schedules below are arranged shifted slightly to the right one by one."
SUB-wE2gJ6l4Vg,A,3,7,7,4,"The map is toned down to light gray and laid across the whole screen, with the filter card at the top left and the session panel on the right floating over it as white cards. The map's location dots and time pins stay visible between the panels."
SUB-wE2gJ6l4Vg,B,1,7,6,4,Moved navigation up into a horizontal top bar and attached the date and headcount info on the right to fit the wide screen. It looks more like a general web top bar than a map.
SUB-wE2gJ6l4Vg,B,2,7,7,4,"Drew a horizontal line and placed the four times on it as dots and pills, so it reads left to right. The card heights step gradually downward, nicely implementing the staircase order the user requested."
SUB-wE2gJ6l4Vg,B,3,7,5,4,"Laid the map as a background and floated a large panel in the center, creating a front/back relationship. The panel covers a wide part of the screen center, so the map is largely hidden."
SUB-JbXnhtU4Ux,A,1,7,7,4,Nicely changed to a smartwatch resolution.
SUB-JbXnhtU4Ux,A,2,7,7,4,Appropriately reflects the request.
SUB-JbXnhtU4Ux,A,3,7,7,4,The end button was added well.
SUB-JbXnhtU4Ux,B,1,7,7,4,Appropriately changed.
SUB-JbXnhtU4Ux,B,2,7,7,4,The request was appropriately reflected.
SUB-JbXnhtU4Ux,B,3,7,7,4,Appropriately applied
SUB-JYCyzRatjd,A,1,6,6,4,The cancellation deadline and refund eligibility were added to the confirmation summary.
SUB-JYCyzRatjd,B,1,6,6,4,The cancellation deadline and refund eligibility were added to the confirmation summary.
SUB-8E6eeimAXY,A,1,5,5,4,BUYER INTEREST NOW — 3 people are viewing.
SUB-8E6eeimAXY,A,2,5,5,4,Button created.
SUB-8E6eeimAXY,B,1,5,5,4,Live / provides real-time info.
SUB-8E6eeimAXY,B,2,5,5,4,Provides options.
SUB-t-3qPobpXp,A,1,7,4,4,Well reflected as requested.
SUB-t-3qPobpXp,B,1,7,7,5,"The information hierarchy seems off — it should come below ""218 episodes~"" rather than above it."
SUB-_Pdlhh4Z2Z,A,1,7,7,4,"Split into two groups, unread activity and read, with counts attached to each label. The unread group is on top with a 'mark all as read' on the right, so where to start looking is visible from the labels alone."
SUB-_Pdlhh4Z2Z,A,2,7,6,4,"A small close mark was added at the far right outside the join button on the recommendation row. One of the three rows in the original was dropped entirely, leaving only two, so it didn't satisfy the user's request."
SUB-_Pdlhh4Z2Z,A,3,7,7,4,"The top bar, which was white, is filled with deep purple, and the text and icons were changed to white too."
SUB-_Pdlhh4Z2Z,B,1,7,7,4,"Background colors were applied to each of the two groups' label rows, and a vertical strip was placed to the left of unread items, so group boundaries and read/unread status are distinguished by color."
SUB-_Pdlhh4Z2Z,B,2,7,7,4,"All three rows are kept, and close marks are placed side by side just outside the right of each row's join button, keeping the requested count and position exactly. The three-row descriptions get truncated in the middle."
SUB-_Pdlhh4Z2Z,B,3,7,6,4,"The top bar was changed to a light purple background with purple text — a different color from the original, but the brightness difference isn't big, so it doesn't feel very different in tone."
SUB-vm_rWtjhTq,A,1,6,6,4,Changed to a desktop screen.
SUB-vm_rWtjhTq,A,2,7,7,4,A mic button was added to the left of the send button in the input field.
SUB-vm_rWtjhTq,A,3,7,7,4,The sleep score is shown first.
SUB-vm_rWtjhTq,B,1,6,6,4,Changed to a desktop window screen.
SUB-vm_rWtjhTq,B,2,7,7,4,A mic button was added.
SUB-vm_rWtjhTq,B,3,5,5,4,The sleep score is shown first.
SUB-nc8Py_blUc,A,1,5,5,4,Categorized and changed the detail table to a card format.
SUB-nc8Py_blUc,A,2,5,5,4,A Release notes button was added.
SUB-nc8Py_blUc,A,3,5,5,4,Oval shape + illustration.
SUB-nc8Py_blUc,B,1,5,5,3,The list is provided in card form.
SUB-nc8Py_blUc,B,2,5,5,4,Update check.
SUB-nc8Py_blUc,B,3,5,5,4,The illustration and the corner rounding of each corner are applied differently.
SUB-Hsy-oEigFu,A,1,5,2,2,Not the image — only the color changed.
SUB-Hsy-oEigFu,B,1,7,7,4,"An appropriate image is inserted, different for each person."
SUB-iepMVYHUMq,A,1,7,7,4,Appropriately applied
SUB-iepMVYHUMq,A,2,7,7,4,Well applied.
SUB-iepMVYHUMq,B,1,7,7,4,Applied well as requested
SUB-iepMVYHUMq,B,2,7,7,4,Well applied as requested.
SUB-6eh6ojYOS-,A,1,6,5,4,
SUB-6eh6ojYOS-,A,2,7,7,4,
SUB-6eh6ojYOS-,B,1,7,5,5,
SUB-6eh6ojYOS-,B,2,7,7,4,"Not identical to the brand color, but I think it reflects the request well by changing the subheading color to one that goes well with the brand color."
SUB-4WflRW_QfV,A,1,7,7,4,The request is appropriately reflected
SUB-4WflRW_QfV,B,1,7,7,7,"I don't know what the difference is between hidden, wiped, frozen, and erased"
SUB-czqpseGUh_,A,1,7,7,4,"Whereas originally it wasn't very visible that things were divided into groups, in the changed version it clearly becomes visible"
SUB-czqpseGUh_,B,1,7,7,4,It feels like the intent was well reflected while also keeping things minimal without harming the design
SUB-uJDwydAqQI,A,1,5,5,4,"Patient / Ridgeway PT, prescription, pain level, heart rate, sleep duration — the patient's vital information"
SUB-uJDwydAqQI,A,2,3,3,3,"The design is kept for the vertical tablet, and the screen layout is arranged left and right as requested, expressed with a tab rail"
SUB-uJDwydAqQI,A,3,4,4,3,"""4of5"" — a different number comes in first"
SUB-uJDwydAqQI,B,1,5,5,4,"Ridgeway Physical Therapy label changed; prescription, pain level, heart rate, sleep duration — the patient's vital information"
SUB-uJDwydAqQI,B,2,4,4,3,Not landscape format; the screen layout is arranged left and right as requested
SUB-uJDwydAqQI,B,3,5,5,4,Darkening the background gives the yellow numbers a dramatic contrast effect — they catch the eye well
SUB-IESwIV9Sgr,A,1,6,6,4,"The yellow block becomes this week's prescribed sessions, the activity list becomes prescribed exercises, and step count becomes pain"
SUB-IESwIV9Sgr,A,2,5,5,4,"Profile and yellow week block on the left, exercise/account list on the right, and the tabs go in vertically"
SUB-IESwIV9Sgr,A,3,7,7,4,The numbers catch the eye first
SUB-IESwIV9Sgr,B,1,6,6,4,"The yellow block becomes this week's prescribed sessions, the activity list becomes prescribed exercises, and step count becomes pain"
SUB-IESwIV9Sgr,B,2,6,6,4,"Profile and yellow week block on the left, exercise/account list on the right, and the tabs go in vertically"
SUB-IESwIV9Sgr,B,3,7,7,4,The contrast makes the numbers more visible
SUB-QEG6dDuvOW,A,1,7,7,4,Payment Methods was nicely changed into a payout account screen
SUB-QEG6dDuvOW,A,2,7,7,4,The available withdrawal amount and next payout schedule were nicely added to the intro
SUB-QEG6dDuvOW,A,3,7,7,1,
SUB-QEG6dDuvOW,B,1,7,7,4,Payment Methods was nicely changed into a payout account screen
SUB-QEG6dDuvOW,B,2,7,7,4,The available withdrawal amount and next payout schedule are nicely added in the intro
SUB-QEG6dDuvOW,B,3,7,7,7,"The settlement feature was added well, but the main ""add payment method"" button was dropped"
SUB-wwCSF2oPJC,A,1,5,6,3,"Maybe because the original has a wireframe-ish quality, it isn't reflected enough to make you immediately feel that it's a telehealth consultation"
SUB-wwCSF2oPJC,A,2,5,6,4,"The request was added. Design-wise, it could probably have expressed the reason and time better"
SUB-wwCSF2oPJC,B,1,5,6,3,"From the original onward it doesn't really feel like a call screen overall, but text was added that makes it feel more like a telehealth screen"
SUB-wwCSF2oPJC,B,2,6,6,4,"Compared with the earlier design, information like the reason and the date comes across better"
SUB-DZ7qnAbVEb,A,1,6,6,4,The start of the grace period and its disappearance at the end are distinguished
SUB-DZ7qnAbVEb,B,1,7,7,4,The start of the grace period and the part where it disappears at the end are distinguished.
SUB-Am4iI-npAq,A,1,7,7,3,I like that it was reflected via a secondary button (since it's not the main function).
SUB-Am4iI-npAq,B,1,5,6,3,"The button was added, but since it's placed on the right there's a concern it may feel more important than the main function"
SUB-AD8zHuIusR,A,1,7,6,4,
SUB-AD8zHuIusR,B,1,7,6,5,
SUB-zo3cMZLArj,A,1,5,5,4,A title and amount display area were created
SUB-zo3cMZLArj,A,2,5,5,4,Made the available withdrawal amount into a card and added the payout schedule below the amount
SUB-zo3cMZLArj,A,3,5,5,4,Added the settlement function button right below the available withdrawal amount
SUB-zo3cMZLArj,B,1,5,5,4,The title was changed and an amount display area was created
SUB-zo3cMZLArj,B,2,5,5,4,The available withdrawal amount and the next payout schedule were each made into their own card
SUB-zo3cMZLArj,B,3,5,5,4,Added the settlement function button inside the available withdrawal amount area
SUB-8c2wYyFBCR,A,1,5,6,3,"It was reflected, but it doesn't feel like a button function — it looks like plain text"
SUB-8c2wYyFBCR,A,2,6,6,4,"The request is clearly reflected, so the cards are well separated"
SUB-8c2wYyFBCR,B,1,7,7,4,Nicely reflected so that the button reads as a button.
SUB-8c2wYyFBCR,B,2,6,6,4,The request is reflected just as asked. The separation between each card feels stronger than on the left
SUB-WUbAq6HPSm,A,1,6,6,4,"Reflects the request just as asked. The color is faint, so it would be better with some design tweaks"
SUB-WUbAq6HPSm,A,2,6,6,4,"You can tell it's split into two blocks, but it isn't visible at a glance. It's faint overall"
SUB-WUbAq6HPSm,B,1,6,6,4,"Not only is the request reflected, but the left/right separation is also clearer."
SUB-WUbAq6HPSm,B,2,5,5,4,"The use of color feels a bit disappointing (same as before). I also wonder whether putting circular buttons on the numbers was meaningful in a situation where the colors aren't separated. Still, it was applied well, and the attempt to separate each list with a different color, compared to the previous mockup, is good."
SUB-qkw-mCYIyG,A,1,1,1,1,Nothing changed about the payment to be moved.
SUB-qkw-mCYIyG,A,2,6,6,4,Color added to the selected folder row.
SUB-qkw-mCYIyG,B,1,6,6,4,The payment to be moved appears before the folder list.
SUB-qkw-mCYIyG,B,2,7,7,4,Color added to the selected folder row.
SUB---3LaKKTee,A,1,6,6,4,The coach info row layout changed.
SUB---3LaKKTee,A,2,6,6,4,"The color of the 'Yes, cancel session' button at the top changed."
SUB---3LaKKTee,B,1,6,6,4,The coach info row layout changed.
SUB---3LaKKTee,B,2,6,6,4,"The color of the 'Yes, cancel session' button at the top changed."
SUB-GFhpnvXNjP,A,1,7,5,6,
SUB-GFhpnvXNjP,A,2,7,7,4,"The radius was applied to the maximum on the buttons, and the color of the 'show 148 lessons' part was made darker than the original."
SUB-GFhpnvXNjP,B,1,7,6,5,
SUB-GFhpnvXNjP,B,2,7,7,4,I judge that the request was reflected well.
SUB-W7ifmmWVsd,A,1,6,6,4,The coupon list is grouped by expiration date.
SUB-W7ifmmWVsd,A,2,7,7,4,The amount and button colors are unchanged; the credit area at the top is on a light gray rounded panel with generous whitespace applied.
SUB-W7ifmmWVsd,B,1,7,7,4,The coupon list is grouped into two categories.
SUB-W7ifmmWVsd,B,2,7,7,4,The amount and button colors are unchanged; the credit area at the top is on a light gray rounded panel with generous whitespace applied.
SUB-pYGsXlBvrX,A,1,7,7,4,I judge that the request was reflected well.
SUB-pYGsXlBvrX,A,2,7,7,4,
SUB-pYGsXlBvrX,B,1,7,7,4,"I judge that the request was reflected well. The content on the left is simplified so it may feel like there's a lot of whitespace, but the color and text layout structure was applied well."
SUB-pYGsXlBvrX,B,2,7,7,4,
SUB-ZgEn2XMibn,A,1,7,7,4,I judge that the request was reflected well.
SUB-ZgEn2XMibn,A,2,7,7,4,
SUB-ZgEn2XMibn,A,3,7,6,4,I judge that the request was reflected well with the left-right arrangement.
SUB-ZgEn2XMibn,B,1,7,7,4,I judge that the request was reflected well with a desktop layout structure.
SUB-ZgEn2XMibn,B,2,7,7,4,
SUB-ZgEn2XMibn,B,3,7,7,4,
SUB-3Z-cu4GhVI,A,1,6,6,4,Added 4.9 / 96% satisfied / 184 ratings to the class info.
SUB-3Z-cu4GhVI,A,2,5,5,4,Emphasized with a pink background.
SUB-3Z-cu4GhVI,B,1,5,5,4,"Added '96% Learners recommend this class' and '4.9/5, 184 verified ratings' to the class info as a separate area."
SUB-3Z-cu4GhVI,B,2,5,5,4,Emphasized with a dark background.
SUB-9106UUCN6E,A,1,7,6,4,
SUB-9106UUCN6E,A,2,7,5,4,
SUB-9106UUCN6E,B,1,7,6,6,
SUB-9106UUCN6E,B,2,6,5,6,
SUB-a-07bT18aC,A,1,5,5,4,Grouped the filters into two levels.
SUB-a-07bT18aC,A,2,5,5,4,Color change.
SUB-a-07bT18aC,B,1,5,5,4,Grouped the filters into two levels.
SUB-a-07bT18aC,B,2,5,5,4,Color change.
SUB-J8hzKy26Yw,A,1,5,5,4,The UI of the icon area changed.
SUB-J8hzKy26Yw,A,2,5,5,4,The design was modified as requested.
SUB-J8hzKy26Yw,B,1,5,5,4,"The UI of the icon area changed, and the text position changed too."
SUB-J8hzKy26Yw,B,2,5,5,4,The design was modified as requested.
SUB-dDBFLmwj2x,A,1,6,6,4,"It identified the intended point well and made the change, and I highly rate that it also changed the other conditions that follow from International Payment. (e.g., exchange rate display, Purpose, Estimated arrival)"
SUB-dDBFLmwj2x,A,2,5,5,4,"There was no order on ""how"" to change the card composition, so I'm not sure, but the distinction between the card's content items is better, so readability seems improved."
SUB-dDBFLmwj2x,B,1,6,6,4,"By treating Paying Supplier as a separate colored card, it comes across very clearly that this is intended for paying overseas suppliers."
SUB-dDBFLmwj2x,B,2,6,6,4,"Overall the card's bulk was reduced, but the necessary information is more visible."
SUB-ql2Ap-WK0m,A,1,7,6,4,"- Separating 'create account' out of the Sign in / Create account tab structure gives a better composition that lets you focus only on the sign-in task.
- The text input area is clearer, but with the double boxing there's no breathing room and it looks like an old design."
SUB-ql2Ap-WK0m,B,1,6,5,7,"It seems to have only carried out the instruction that the form composition should change, and the design quality within it seems to have suffered. The grouping of information is scattered, and it feels like the original design was over-interpreted."
SUB-_DF57Z9rwl,A,1,5,4,4,It seems to have understood the request but only applied it halfway. The email icon and the guidance text composition don't seem to have been changed.
SUB-_DF57Z9rwl,A,2,7,7,4,Applied appropriately and accurately. Exactly as requested.
SUB-_DF57Z9rwl,B,1,7,7,5,It seems to have better understood the meaning of needing to change the composition. Restructuring it into layers by information type seems well done.
SUB-_DF57Z9rwl,B,2,5,4,7,There's some over-application.
SUB-gMRgwmw0fN,A,1,6,6,4,Each card shows the patient name (bold) with the assigned therapist displayed in muted text on the line below.
SUB-gMRgwmw0fN,A,2,4,4,4,"The bottom tab bar was nicely repositioned as a left sidebar to suit a tablet. Since the wider area can be used, 'new booking' was also nicely improved into a text button. But if you ask how it differs from desktop, there doesn't seem to be much difference. It also feels like they just changed the arrangement a bit within a larger area."
SUB-gMRgwmw0fN,A,3,7,7,4,"Month navigation is displayed well in the main row, and month/week/day switching is provided separately at the bottom."
SUB-gMRgwmw0fN,B,1,7,7,4,Splitting the card into top and bottom makes the patient-therapist matching easier to understand.
SUB-gMRgwmw0fN,B,2,7,7,4,It boldly provides elements that can be shown better on a tablet.
SUB-gMRgwmw0fN,B,3,7,7,4,"By specifying the month on the arrows, it feels like it interpreted and reflected the meaning of going to a specific month beyond just the 'move' action."
SUB-4aiFcWXFMA,A,1,5,5,4,Changed the instructor list from a list format to a card format
SUB-4aiFcWXFMA,A,2,5,5,4,"Changed the shape of the primary button, color applied"
SUB-4aiFcWXFMA,B,1,5,5,4,"When an item is selected, it drops out of the list"
SUB-4aiFcWXFMA,B,2,5,5,4,"Changed the shape of the primary button, color applied"
SUB-FukbOxL75N,A,1,7,4,4,"The request about the layout was understood correctly, but the tablet context doesn't seem to be reflected well."
SUB-FukbOxL75N,A,2,7,5,4,It seems right that the content should be emphasized more than the 'SKILL FOCUS' title
SUB-FukbOxL75N,A,3,4,4,4,The interpretation of 'editorial feel' is ambiguous
SUB-FukbOxL75N,B,1,7,6,4,"The layout request was reflected exactly, and the internal composition was applied appropriately as well."
SUB-FukbOxL75N,B,2,7,6,4,"If anything, it seems expressed better and less out of place than before. The consistent use of color in the text is good too"
SUB-FukbOxL75N,B,3,4,4,4,"Here too, the 'editorial feel' is abstract"
SUB-c-6L8sArRx,A,1,5,5,4,Patient and therapist are shown in the list
SUB-c-6L8sArRx,A,2,5,5,4,Layout restructured into a physical therapy appointment management screen
SUB-c-6L8sArRx,A,3,5,5,4,"Month navigation with previous/next buttons, Month/Week/Day toggle buttons"
SUB-c-6L8sArRx,B,1,5,5,4,"Patient and therapist are shown in the list, therapist info is well presented"
SUB-c-6L8sArRx,B,2,5,5,4,"Layout restructured into a physical therapy appointment management screen, but not a tablet-specific UI"
SUB-c-6L8sArRx,B,3,6,6,4,Month/Week/Agenda toggle buttons
SUB-snsqQU4ErX,A,1,5,5,4,Shooting tips placed below the viewfinder
SUB-snsqQU4ErX,A,2,7,5,4,Adjust button created
SUB-snsqQU4ErX,B,1,5,5,4,Status display merged with the shooting tips and placed at the bottom
SUB-snsqQU4ErX,B,2,5,5,4,Only an icon was added
SUB-34CF_7wVXi,A,1,5,5,4,Numbering added and the list labeled as 'playing next'
SUB-34CF_7wVXi,A,2,5,5,4,'Newest first' sort button created
SUB-34CF_7wVXi,A,3,5,5,3,The color feel is different
SUB-34CF_7wVXi,B,1,5,5,4,Expressed as a 'playing next' chip
SUB-34CF_7wVXi,B,2,5,5,4,'Shortest first' filter added
SUB-34CF_7wVXi,B,3,4,4,5,"Color feel, border color added"
SUB-crbcOFzlXW,A,1,7,7,4,Groceries and preferred products are well reflected as requested
SUB-crbcOFzlXW,B,1,7,6,5,There's way too much text for the additional options
SUB-9S4qcElqwk,A,1,6,6,4,Reads well as a pre-visit medical questionnaire; well reflected
SUB-9S4qcElqwk,A,2,6,6,4,"The meaning is spelled out, reflected with high readability"
SUB-9S4qcElqwk,B,1,6,6,4,Nicely changed into a questionnaire
SUB-9S4qcElqwk,B,2,6,6,5,The style change is excessive
SUB-4gWfqkACiU,A,1,7,7,4,The layout was nicely revised to fit the device environment
SUB-4gWfqkACiU,B,1,7,6,5,"Grasped the requirements well, and the style change is good too"
SUB-JnRJXIwfkt,A,1,6,6,4,Changed the existing style and revised it as requested
SUB-JnRJXIwfkt,B,1,6,5,3,"It made a change, but the direction of the revision isn't appropriate"
SUB-55RCT4Ow1N,A,1,6,6,4,The text is well placed in an appropriate spot
SUB-55RCT4Ow1N,B,1,6,6,4,The requirements are well reflected and additional information is included
SUB-ZASn9EDv6e,A,1,6,6,4,Reflected so that you can see team members' recent activity
SUB-ZASn9EDv6e,A,2,6,6,4,Reflects the requirements well.
SUB-ZASn9EDv6e,B,1,6,6,5,"Reflected the requirements well, but the structure changed completely"
SUB-ZASn9EDv6e,B,2,6,6,4,Grouped and arranged so it reads as one chunk
SUB-5B3YoNS9AL,A,1,6,6,3,"The requirements were reflected well, but the layout isn't optimized."
SUB-5B3YoNS9AL,B,1,6,5,3,Not optimized for a desktop environment.
SUB-40muxw-ZPJ,A,1,6,6,3,Alignment is quite off depending on the elements and text sizes.
SUB-40muxw-ZPJ,A,2,6,5,3,"The edit was made, but it's not optimized."
SUB-40muxw-ZPJ,A,3,6,5,2,The feature is hard to see.
SUB-40muxw-ZPJ,B,1,6,5,3,"The requirements were applied, but it doesn't suit the mobile environment well."
SUB-40muxw-ZPJ,B,2,6,5,3,"The requirements were applied, but it's not optimal."
SUB-40muxw-ZPJ,B,3,6,6,4,Reflected the requirements well and placed the feature with high visibility.
SUB-eK7wOmMQo_,A,1,2,2,2,"Rather than a team plan, it just feels like they increased the number of items you can pay for at once."
SUB-eK7wOmMQo_,B,1,5,4,4,The UI was provided in a way similar to the context of typical subscription or purchase services \u2014 both the pricing structure varying by team size and the way the service is split up by scale tiers.
SUB-G5UBSn9oJl,A,1,7,7,4,"The main item was placed large, so it reflects the request well."
SUB-G5UBSn9oJl,B,1,7,7,4,Reflected the requirements well and also gave a style change.
SUB-8Lf0Y580nM,A,1,7,7,4,Changed the color and used the lines exactly as specified in the requested spec.
SUB-8Lf0Y580nM,B,1,7,6,5,The background color is too dark.
SUB-gpsJPfExwW,A,1,6,5,3,"The requirements were applied, but it should indicate the steps more clearly."
SUB-gpsJPfExwW,B,1,6,6,3,"The requirements were applied, but the step indicator is poorly executed."
SUB-TFWoWA1aMo,A,1,6,6,4,"Reflected the layout as requested, suited to the device environment."
SUB-TFWoWA1aMo,B,1,6,5,5,"The requirements were applied, but the layout isn't appropriate."
SUB-K9_4kIpNa9,A,1,6,6,4,The layout change is appropriate for the device environment.
SUB-K9_4kIpNa9,A,2,7,7,4,"Reflected the layout and the sizing between elements well, in line with the requirements."
SUB-K9_4kIpNa9,A,3,7,7,4,"Used color, sizing between elements, and color contrast well in line with the request."
SUB-K9_4kIpNa9,B,1,6,6,5,"Reflected the requirements well for the device environment, but moving the bottom tab was unnecessary."
SUB-K9_4kIpNa9,B,2,7,7,4,"Reflected the sizing between elements, the layout, and the positioning well."
SUB-K9_4kIpNa9,B,3,7,7,4,"Color, content sizing, color contrast, etc. are all done well."
SUB-sW47aWNgZ5,A,1,6,6,4,Reflected the layout well for the device environment.
SUB-sW47aWNgZ5,A,2,6,6,4,Applied so that the project information is clearly visible.
SUB-sW47aWNgZ5,A,3,7,7,4,Reflected it well by treating the end-session function as the most important action.
SUB-sW47aWNgZ5,B,1,7,6,4,"Reflected it well for the device environment, but some element sizes are problematic."
SUB-sW47aWNgZ5,B,2,6,5,4,Appropriately placed the project information as secondary information.
SUB-sW47aWNgZ5,B,3,7,7,4,"Appropriately reflected the button's size, position, etc."
SUB-jZzfCdzUfw,A,1,6,6,4,"Laid out the key data the owner looks at well, in line with the requirements."
SUB-jZzfCdzUfw,A,2,6,6,4,Used a two-column layout so more information can be seen at once.
SUB-jZzfCdzUfw,A,3,6,5,5,There's too much additional text information and little impact \u2014 there must have been a better direction.
SUB-jZzfCdzUfw,B,1,6,6,4,Applied so that important information can be seen with hierarchy.
SUB-jZzfCdzUfw,B,2,6,6,4,Improved readability through grouping.
SUB-jZzfCdzUfw,B,3,6,5,3,"The center alignment was right, but there must have been a better direction for the element styling."
SUB-Ri2nH_f23a,A,1,7,7,4,Showing the student satisfaction score large helps with taking in the information.
SUB-Ri2nH_f23a,A,2,6,6,4,Improved so that the application area appears larger.
SUB-Ri2nH_f23a,B,1,6,6,4,Laid out so the requested information can be appropriately recognized.
SUB-Ri2nH_f23a,B,2,6,6,5,The style change is too excessive.
SUB-P3ZfTQnuh6,A,1,7,7,4,The layout and element placement are well adapted to the desktop environment.
SUB-P3ZfTQnuh6,B,1,6,6,4,The layout and the arrangement between elements are appropriate for the desktop environment.
SUB-3hQPy4-rU_,A,1,6,6,4,It grouped the input fields on its own and applied the change well.
SUB-3hQPy4-rU_,B,1,6,5,3,"I understood the intent, but the way it groups them isn't the best."
SUB-HgR0nibcRB,A,1,7,7,4,"All the requested changes to the background, title, body text, and button were applied."
SUB-HgR0nibcRB,A,2,7,7,4,Moved the nearby circles chip from below the image to an overlay position at the bottom right of the image.
SUB-HgR0nibcRB,B,1,7,7,4,"Applied a white title and light gray body text, keeping only the CTA button and links in the accent color."
SUB-HgR0nibcRB,B,2,7,7,5,"Moved the nearby circles chip to the very top of the card. It even swapped the order of the image and title, so the scope of change is a bit wide."
SUB-X9uJtWhIx2,A,1,7,7,4,The request was applied exactly.
SUB-X9uJtWhIx2,A,2,4,4,5,"Arbitrarily adding the text ""Adjust"" doesn't seem like a better direction."
SUB-X9uJtWhIx2,B,1,7,5,4,"The merging was done well, but with the white bg at the bottom there's less contrast with the overall frame color, so it stands out less. This content should be provided together at the bottom of the view frame for the information grouping to look right."
SUB-X9uJtWhIx2,B,2,7,7,4,"Only the necessary elements were applied, appropriately and accurately."
SUB-sOzsEopmH2,A,1,6,6,5,It understood the intent and changed accordingly. But do we really need the tabs at the top...?
SUB-sOzsEopmH2,A,2,3,3,6,"The items changed well, but ""available now"" says 412 while the result shows ""view 694 rentals,"" so the filter doesn't seem to be working properly."
SUB-sOzsEopmH2,A,3,6,6,3,Same as above..
SUB-sOzsEopmH2,B,1,5,5,5,"Not a familiar UI, but the three items are clearly visible and it's clear that the final action is on the left. Still, if the action were on the right it probably would have been more visible in terms of information flow."
SUB-sOzsEopmH2,B,2,5,5,5,"Since there's a description next to each item, it seems to have understood well."
SUB-sOzsEopmH2,B,3,5,5,3,"Again the grouping was done well, but.. I'm not sure whether the filter actually took effect."
SUB-mvdpzGaimM,A,1,6,6,4,"The event info area is split into two groups, when and where, with a title attached to each group."
SUB-mvdpzGaimM,B,1,6,6,5,The event info area was changed to a four-cell grid and the date and time were separated.
SUB-j_lDVeTG50,A,1,7,7,4,Restructured with an information density suited to the screen.
SUB-j_lDVeTG50,A,2,7,7,4,"Changed the badge into a circular icon and placed it centered above the title, so the badge and ""Trusted Reviewer"" read as one top group."
SUB-j_lDVeTG50,B,1,7,7,5,"Kept only the core information and converted it to a watch screen. It changed the colors and card structure significantly, so the extent of change is large."
SUB-j_lDVeTG50,B,2,6,4,5,"It rearranged the position of ""BADGE EARNED"" and the title, but removed the existing badge and replaced it with a check icon next to the earned date. The request to place the badge together with the title isn't sufficiently reflected."
SUB-wOezb1klwr,A,1,5,5,4,The request was applied well - a vertical line was added to each of the three terms clauses.
SUB-wOezb1klwr,A,2,5,5,4,"The request was applied well - a ""Decline and Exit"" button was added."
SUB-wOezb1klwr,B,1,5,5,4,The request was applied well - a number icon was added to each of the three terms clauses.
SUB-wOezb1klwr,B,2,5,5,4,"The request was applied well - added a ""Decline & Exit"" button."
SUB-X_X_0HfEIb,A,1,6,6,4,The layout and the arrangement between elements are well adapted to the device environment.
SUB-X_X_0HfEIb,A,2,6,5,3,It should be possible to control options beyond the serving sizes shown on screen.
SUB-X_X_0HfEIb,A,3,6,6,4,It pulled the necessary information to the front and applied it.
SUB-X_X_0HfEIb,B,1,6,6,4,The layout is appropriately arranged for the device environment and the design style is good too.
SUB-X_X_0HfEIb,B,2,6,5,3,It should be possible to select party sizes beyond those displayed on screen.
SUB-X_X_0HfEIb,B,3,6,6,4,It highlights and shows the necessary information more prominently.
SUB-znu_aXTBKr,A,1,5,5,4,"Converted it to a screen for paying overseas suppliers, and changed ""memo"" to ""Invoice reference."""
SUB-znu_aXTBKr,A,2,5,5,4,Organized the payment details into a new structure.
SUB-znu_aXTBKr,B,1,5,5,4,"Converted it to a screen for paying overseas suppliers, and changed ""memo"" to ""Invoice reference."""
SUB-znu_aXTBKr,B,2,5,5,4,Newly restructured the payment details.
SUB-ZIqsxzKia8,A,1,5,5,4,The request was applied well - an Apply button was added to each coupon.
SUB-ZIqsxzKia8,B,1,5,5,4,"The request was applied well - an ""Apply Coupon"" button was added at the bottom of the screen."
SUB-L27A8Q14GX,A,1,7,7,7,Well applied.
SUB-L27A8Q14GX,A,2,7,7,7,"Well applied. The status values are also clearly visible — active, pending."
SUB-L27A8Q14GX,A,3,7,7,4,Nicely applied with the primary color.
SUB-L27A8Q14GX,B,1,7,6,5,"Seems like it understood the intent, but somehow ""fill your team seats"" isn't very visible."
SUB-L27A8Q14GX,B,2,7,6,5,Did permissions really need to be distinguished by color?
SUB-L27A8Q14GX,B,3,6,4,3,Changing the UI as well is excessive..
SUB-qpYcX-KhBy,A,1,6,5,4,The overall requirements were well reflected — it changed the order of element placement and added styling — but there's an alignment problem in the header area.
SUB-qpYcX-KhBy,B,1,6,6,4,The header alignment is spot on and the style changes in the details are good too.
SUB-LrBeVcKq7r,A,1,5,5,4,Information grouped and laid out in three columns for desktop.
SUB-LrBeVcKq7r,A,2,5,5,4,"Label shown under the header: Long-term homes, 12-month leases and up."
SUB-LrBeVcKq7r,A,3,5,5,4,Three-column layout of Budget / Home requirements / Availability.
SUB-LrBeVcKq7r,B,1,5,5,4,"The screen is split left and right, with Budget / Home requirements / Availability in three columns on the right."
SUB-LrBeVcKq7r,B,2,5,5,4,The description text under the header was changed.
SUB-LrBeVcKq7r,B,3,5,5,4,Three-column layout of Budget / Home requirements / Availability.
SUB-zGDC0r73Yl,A,1,7,5,5,"Fixed appropriately per the intent. But since it's all 12 people, fitting them all on one line doesn't seem workable, so it doesn't feel great."
SUB-zGDC0r73Yl,A,2,5,5,4,"Not amazing, but when I think about how it should be fixed, I'm not sure either."
SUB-zGDC0r73Yl,B,1,4,3,3,The instruction to change the selection order seems to have been applied to the inner options.. but maybe that's right too.
SUB-zGDC0r73Yl,B,2,5,4,4,"Again, the intent is reflected, but I'm not sure if it's the best."
SUB-p_QzmSUnhk,A,1,5,5,4,Course progress list placed at the top.
SUB-p_QzmSUnhk,A,2,4,4,3,3 active
SUB-p_QzmSUnhk,B,1,5,5,4,Moved to the top of the list.
SUB-p_QzmSUnhk,B,2,5,5,4,"Shown as badge 3, Active course tab."
SUB-P0d_w3b8mI,A,1,7,7,4,The scheduling card was changed to tutoring booking for parents.
SUB-P0d_w3b8mI,A,2,4,3,3,The date order didn't change.
SUB-P0d_w3b8mI,A,3,6,6,4,Shows the student's name and grade in a simple single line under the tutoring summary.
SUB-P0d_w3b8mI,B,1,7,7,4,The scheduling card was changed to tutoring booking for parents.
SUB-P0d_w3b8mI,B,2,7,7,4,The requirement was applied.
SUB-P0d_w3b8mI,B,3,7,7,4,Shows the student's name and grade in a simple single line under the tutoring summary.
SUB-A-qPBgLntn,A,1,7,7,4,The screen was changed to desktop.
SUB-A-qPBgLntn,A,2,7,7,4,An element was added to judge whether it matches your skill level before signing up.
SUB-A-qPBgLntn,B,1,7,7,4,The screen was changed to desktop.
SUB-A-qPBgLntn,B,2,7,7,4,An element was added to judge whether it matches your skill level before signing up.
SUB-AMueV7zCFz,A,1,6,6,4,"Changed to be for nurses, so it was modified into a screen for choosing lodging near the hospital."
SUB-AMueV7zCFz,A,2,5,5,4,The screen was changed to a tablet version.
SUB-AMueV7zCFz,B,1,7,7,4,"Changed to be for nurses, so it was modified into a screen for choosing lodging near the hospital."
SUB-AMueV7zCFz,B,2,6,6,4,The screen was changed to a tablet version.
SUB-aIHddBysu9,A,1,6,6,4,The target user changed.
SUB-aIHddBysu9,A,2,6,6,4,The controls in the Crop panel were reorganized.
SUB-aIHddBysu9,B,1,6,6,4,The target user changed.
SUB-aIHddBysu9,B,2,6,6,4,The controls in the Crop panel were reorganized.
SUB-KpQ1-6A1ZA,A,1,7,7,4,The requirement was applied.
SUB-KpQ1-6A1ZA,B,1,6,6,4,The requirement was applied.
SUB-VGWescQv7K,A,1,6,6,4,The requirement was applied.
SUB-VGWescQv7K,A,2,7,7,4,The feel of the Key Points panel was changed.
SUB-VGWescQv7K,B,1,7,7,4,The requirement was applied.
SUB-VGWescQv7K,B,2,6,6,4,The feel of the Key Points panel was changed.
SUB-Q72JL5JbUD,A,1,6,6,4,Changed to a desktop screen.
SUB-Q72JL5JbUD,A,2,6,6,4,The list under Open for funding is grouped by property type.
SUB-Q72JL5JbUD,A,3,6,6,4,A single line was added under the distribution text showing the average target return of the currently selected properties.
SUB-Q72JL5JbUD,B,1,7,7,4,Changed to a desktop screen.
SUB-Q72JL5JbUD,B,2,6,6,4,The list under Open for funding is grouped by property type.
SUB-Q72JL5JbUD,B,3,6,6,4,A single line was added under the distribution text showing the average target return of the currently selected properties.
SUB-_9y0Hlvif3,A,1,7,7,4,Only the delete row at the very bottom had its background color changed.
SUB-_9y0Hlvif3,B,1,6,6,4,Only the delete row at the very bottom had its background color changed.
SUB-H7T3iFFopw,A,1,7,6,6,"Giving priority is good, but I don't know what will appear when ""3 active"" is opened as a dropdown."
SUB-H7T3iFFopw,A,2,4,4,4,I don't understand it either.
SUB-H7T3iFFopw,B,1,7,6,6,"It bundles priority and progress together, so you think you should proceed first according to priority."
SUB-H7T3iFFopw,B,2,4,4,4,I have no idea what this is..
SUB-T_OVVPCrs4,A,1,5,5,4,A round back button was added at the top left of the top photo.
SUB-T_OVVPCrs4,B,1,5,5,4,A round back button was added at the top left of the top photo.
SUB-t2jM1egoLU,A,1,6,6,4,You can see how much the group host earned and whether they've been paid out.
SUB-t2jM1egoLU,A,2,5,5,4,A function was added to the filter row.
SUB-t2jM1egoLU,A,3,6,6,4,The total under the title was made larger.
SUB-t2jM1egoLU,B,1,6,6,4,You can see how much the group host earned and whether they've been paid out.
SUB-t2jM1egoLU,B,2,5,5,4,A function was added to the filter row.
SUB-t2jM1egoLU,B,3,6,6,4,The total under the title was made larger.
SUB-AkD8EHG3yS,A,1,7,7,7,Understood the request accurately
SUB-AkD8EHG3yS,A,2,7,7,7,Understood the request accurately
SUB-AkD8EHG3yS,B,1,7,7,7,Changed appropriately
SUB-AkD8EHG3yS,B,2,7,7,5,"It changed from the original UI, but it looks better"
SUB-I2YyBYxa0p,A,1,7,6,6,"The request was properly reflected, but the notes under ""related"" all feel like different pieces of information..."
SUB-I2YyBYxa0p,A,2,7,7,7,Appropriately reflected
SUB-I2YyBYxa0p,B,1,7,7,7,"In A the information didn't feel grouped together, but it was changed appropriately"
SUB-I2YyBYxa0p,B,2,7,7,7,Changed appropriately
SUB-ab9ssYKAgI,A,1,7,7,7,"If the point is that the title is more visible, then it seems to have understood well"
SUB-ab9ssYKAgI,B,1,7,7,7,"It clearly understood the intent, and the parts that were lacking in A are reflected in B (information grouping)"
SUB-lP98UxoggI,A,1,7,7,4,It read the chapter information and changed the structure
SUB-lP98UxoggI,B,1,7,7,4,"If the intent was not grouping but only changing how the chapter list is structured, then this feels like the better change"
SUB-GBnykoT6aA,A,1,6,6,4,
SUB-GBnykoT6aA,A,2,6,6,4,The top is filled with navy and the text is white
SUB-GBnykoT6aA,B,1,6,6,4,
SUB-GBnykoT6aA,B,2,6,6,4,It's filled with color and the rest is put in white
SUB-btV-YIgTcq,A,1,6,6,4,
SUB-btV-YIgTcq,A,2,6,6,4,
SUB-btV-YIgTcq,B,1,6,6,4,
SUB-btV-YIgTcq,B,2,6,6,4,
SUB-JN7T7IZ0ig,A,1,6,6,4,
SUB-JN7T7IZ0ig,B,1,6,6,4,
SUB-oBysRyplGP,A,1,6,6,4,
SUB-oBysRyplGP,B,1,6,6,4,
SUB-wCJkTY4vyn,A,1,6,6,4,
SUB-wCJkTY4vyn,A,2,6,6,4,
SUB-wCJkTY4vyn,B,1,6,6,4,"The sidebar is created in black, and on the right it's split into a status bar at the top and a content area"
SUB-wCJkTY4vyn,B,2,6,6,4,
SUB-DOnD4T2U5J,A,1,6,5,5,"Popular and best-value badges are attached to the header, and a strikethrough appears on the original price. The payment details turn into a single card"
SUB-DOnD4T2U5J,B,1,7,6,4,"The header shows the annual total large and the monthly equivalent small, and in the payment details the two plan cards are placed side by side"
SUB-M3nLxCb2eH,A,1,6,6,5,"A featured-article badge is attached to the first card, the headline moves to the very top, and the outlet and time move below the divider"
SUB-M3nLxCb2eH,A,2,6,6,4,"In the intro section, the date comes in large text where the brand name was, and the number of updates is highlighted in orange"
SUB-M3nLxCb2eH,B,1,6,6,5,"An orange vertical line is added to the left of the first card, the headline comes to the top, and the field, region, and time are changed to pill labels"
SUB-M3nLxCb2eH,B,2,6,6,5,"The intro section title changes from the brand name to a summary sentence of the content, and the update time moves down"
SUB-YJQALt6qrl,A,1,5,5,4,Changed the screen size to desktop and presented it as a layer popup
SUB-YJQALt6qrl,A,2,5,5,4,Clearly separates the bottom area with a background color and adds a button
SUB-YJQALt6qrl,A,3,5,5,4,"Provides a ""show"" text button"
SUB-YJQALt6qrl,B,1,5,5,4,Splits the screen into left and right areas
SUB-YJQALt6qrl,B,2,4,4,6,Expresses the button area like a banner
SUB-YJQALt6qrl,B,3,3,3,2,Expandable
SUB-fDD-wPbp0l,A,1,5,5,4,A gray X button was added
SUB-fDD-wPbp0l,A,2,5,5,4,Placed at the top of the list
SUB-fDD-wPbp0l,B,1,5,5,4,X button added
SUB-fDD-wPbp0l,B,2,5,5,4,"Moved to a position in the list area that looks like an additional function, placed to the right of the title"
SUB-j0h_PiYANi,A,1,5,5,4,"The menu is placed full-width at the top and the main content is laid out as cards; whether it's a page or a popup — if it's a popup, it would be better to also add a close button"
SUB-j0h_PiYANi,A,2,5,5,4,The warning popup is centered
SUB-j0h_PiYANi,A,3,5,5,4,"A ""Back to Overview"" button was created"
SUB-j0h_PiYANi,B,1,5,5,4,Placed the main menu on the left
SUB-j0h_PiYANi,B,2,5,5,4,Placed in the center as a card
SUB-j0h_PiYANi,B,3,4,4,3,You can't intuitively exit right away; it seems three options were added that lead you to other pages
SUB-MWw1OAClS2,A,1,5,5,4,Places the main menu at the top and lays out episodes and the chapter list on the left and right of the screen
SUB-MWw1OAClS2,A,2,5,5,4,Connects the chapter thumbnails with a divider
SUB-MWw1OAClS2,A,3,5,5,4,Not clearly expressed; added it in the description field
SUB-MWw1OAClS2,B,1,5,5,4,Expresses the main menu as a rail on the left
SUB-MWw1OAClS2,B,2,5,5,4,"It clearly shows the start and end, and accurately links the chapter list to the thumbnails."
SUB-MWw1OAClS2,B,3,5,5,4,Shown in the episode detail.
SUB-qzN29TjhqC,A,1,5,5,3,"Title changed in the header area, content changed."
SUB-qzN29TjhqC,A,2,5,5,4,It displays the next appointment.
SUB-qzN29TjhqC,A,3,4,4,3,The care topic isn't clearly visible.
SUB-qzN29TjhqC,B,1,5,5,4,Changed the title and content to a medical context.
SUB-qzN29TjhqC,B,2,5,5,4,Emphasizes the date and time.
SUB-qzN29TjhqC,B,3,5,5,4,Classifies the list by care topic (questionable whether these care topics match the request).
SUB-zeyPWqLjj1,A,1,5,5,4,The icon was changed.
SUB-zeyPWqLjj1,A,2,4,4,4,Nothing particularly changed catches the eye.
SUB-zeyPWqLjj1,B,1,4,4,4,Changed to an icon indicating there are additional features.
SUB-zeyPWqLjj1,B,2,4,4,3,A menu for handling the list seems to have been added.
SUB-1gPPaoq_ES,A,1,6,5,4,"Left nav, makes use of the wide screen."
SUB-1gPPaoq_ES,A,2,6,5,4,Not much different from the original.
SUB-1gPPaoq_ES,B,1,7,7,4,"Uses the horizontal space widely, changed to a structure suited to tablets."
SUB-1gPPaoq_ES,B,2,7,7,4,Changed the schedule dots to a deep navy and increased their size and spacing sufficiently.
SUB-EnLPw6vtU-,A,1,7,7,4,Top matches moved to the top so it can be checked right away.
SUB-EnLPw6vtU-,B,1,7,7,4,Moved Top matches to the very top so it can be seen before the filters.
SUB-Xycf0q0qBx,A,1,7,7,5,"I think the request to group into 2 stages was reflected well, but I wonder on what basis the titles were named and the classification made."
SUB-Xycf0q0qBx,A,2,7,7,4,
SUB-Xycf0q0qBx,B,1,7,7,4,"Splitting into stage 1 and 2 separates the content of the two cards, and the text was changed to match each item with the toggle position moved."
SUB-Xycf0q0qBx,B,2,7,7,5,"The top banner color was changed to a color similar to before, and instead of the left icon in the original, it was changed to '38% of total' on the right."
SUB-pMOooDRAlv,A,1,7,7,4,Split the layout left and right to suit desktop.
SUB-pMOooDRAlv,A,2,7,6,4,"The order of start and end is clear, but the sense of connection between chapters is somewhat weak."
SUB-pMOooDRAlv,A,3,7,5,4,"The departure location was added, but it's weakly emphasized within the detail panel so it's hard to notice quickly."
SUB-pMOooDRAlv,B,1,7,7,4,"Separated by area, so the desktop structure is clear."
SUB-pMOooDRAlv,B,2,7,7,4,The connection from departure to arrival is clear.
SUB-pMOooDRAlv,B,3,7,7,4,Displays the departure location.
SUB-TYukLW1mdw,A,1,7,7,4,The invite code is centered so it's read first.
SUB-TYukLW1mdw,B,1,6,5,3,"The button is emphasized most strongly, but the invite code itself becomes weaker."
SUB-Vkf0iTAGBO,A,1,7,7,4,I think this reflects the prompt most appropriately among all the set changes I've seen so far. There's nothing awkward or wrong from a UX/UI standpoint either.
SUB-Vkf0iTAGBO,A,2,7,6,5,"It seems the AI followed exactly the prompt the designer requested. The prompt-adherence score is high, but I still think the result itself has UX/UI shortcomings."
SUB-Vkf0iTAGBO,B,1,7,5,5,"Did that filter area really need to be filled with color? It overlaps visually with the filled box in the body, so that area should be more distinguishable design-wise."
SUB-Vkf0iTAGBO,B,2,7,6,6,"First off, I think the AI reflected the prompt's request well. However, once again the top/bottom/left/right margins overall look tight with no breathing room."
SUB-wB6FRtGLPx,A,1,7,7,4,"The top-right button stays in place, clearly applying a pill with a light gray border and dark gray text."
SUB-wB6FRtGLPx,B,1,7,6,4,Even added a check icon.
SUB-jAUM6DLJBs,A,1,7,7,4,"Organized around medical news, clearly reflecting the patient context."
SUB-jAUM6DLJBs,A,2,7,7,4,Displayed large in a separate area so it can be checked immediately.
SUB-jAUM6DLJBs,A,3,7,7,4,Puts the care topic up front and emphasizes it with weight and color so it's noticed first.
SUB-jAUM6DLJBs,B,1,7,7,4,Clearly converted into a screen where the patient checks medical news.
SUB-jAUM6DLJBs,B,2,7,7,4,You can check the next appointment right away.
SUB-jAUM6DLJBs,B,3,7,7,4,The care topic is recognized first in the list structure.
SUB-s5qU4BPRp8,A,1,7,7,3,
SUB-s5qU4BPRp8,A,2,7,4,3,The practice points are gone entirely.
SUB-s5qU4BPRp8,B,1,7,7,4,
SUB-s5qU4BPRp8,B,2,7,6,5,
SUB-NBJ9CN2i8Q,A,1,7,7,4,"Changed to today's performance lineup, replacing the price/stock slot on each row with the performance length."
SUB-NBJ9CN2i8Q,A,2,7,7,4,"Added a CTA at the bottom summarizing the number of performances and times, structuring it differently from the original."
SUB-NBJ9CN2i8Q,B,1,7,7,3,"Changed to today's performance lineup and put the performance length in the price/stock slot on each row, but also added the start time."
SUB-NBJ9CN2i8Q,B,2,7,7,4,"Rearranged the end time and time information, changing the bottom structure."
SUB-xcSUkzpeAr,A,1,7,7,4,Added Clear all.
SUB-xcSUkzpeAr,B,1,7,7,4,Added a Clear 2 action.
SUB-grayfq9agW,A,1,7,4,3,
SUB-grayfq9agW,A,2,7,4,3,
SUB-grayfq9agW,B,1,7,5,4,
SUB-grayfq9agW,B,2,7,5,3,
SUB-mjh01SzFEF,A,1,7,6,4,
SUB-mjh01SzFEF,B,1,7,7,4,"Since you'd expect that pressing the x clear2 button would remove both of the selected items, I judge that the instruction was well applied."
SUB-v6qNYnK3C3,A,1,7,7,4,Changed to a desktop screen with the header in the left panel and the learning tasks in the wide right panel.
SUB-v6qNYnK3C3,A,2,7,6,4,Groups by status are clearly distinguished.
SUB-v6qNYnK3C3,A,3,7,7,4,Expressed as separate cards.
SUB-v6qNYnK3C3,B,1,7,7,4,Changed to a desktop screen with the header in the left panel and the learning tasks in the wide right panel.
SUB-v6qNYnK3C3,B,2,7,7,4,Divides the areas by status.
SUB-v6qNYnK3C3,B,3,7,7,4,Strongly emphasized in the left panel.
SUB-Ock3vYH9L1,A,1,7,6,3,It's a shame that splitting the content into two columns made the review area too narrow. I don't think the rating summary panel needs to be permanently pinned in view.
SUB-Ock3vYH9L1,A,2,7,6,4,"Good that the feel changed through the color change. However, it's a shame that the design style is almost the same."
SUB-Ock3vYH9L1,B,1,7,7,4,Uses a layout optimized for tablet.
SUB-Ock3vYH9L1,B,2,7,7,4,It gives a different feel while not straying far from the original style. Varying the graphs too seems fine.
SUB--X4UUX0Nan,A,1,7,7,4,Concretely indicates whether accessibility is supported.
SUB--X4UUX0Nan,B,1,7,7,4,Shows support status and also distinguishes items that need to be verified.
SUB-aDWtcBxjN1,A,1,7,7,4,Changed to the context of a parent booking tutoring.
SUB-aDWtcBxjN1,A,2,6,4,3,"It's arranged in the order of date, duration, start time, which differs from the requested order."
SUB-aDWtcBxjN1,A,3,7,7,4,Clearly displays it in a single line below the class summary.
SUB-aDWtcBxjN1,B,1,7,7,4,Changed to a tutoring booking context.
SUB-aDWtcBxjN1,B,2,3,2,4,The order isn't clear.
SUB-aDWtcBxjN1,B,3,7,7,4,Displays it in a single line below the class summary.
SUB-Cuiw-3eACO,A,1,7,7,4,"Changed to a two-column desktop layout with details on the left / lineup on the right, and the bottom tabs turned into a vertical menu on the left."
SUB-Cuiw-3eACO,A,2,7,7,4,"Applies purple emphasis and an arrow, giving a different impression from the existing black button."
SUB-Cuiw-3eACO,B,1,7,7,4,"Changed to a two-column desktop layout with details on the left / lineup on the right, and the bottom tabs turned into a vertical menu on the left."
SUB-Cuiw-3eACO,B,2,5,4,3,"Similar to the existing black style, so the change isn't large."
SUB-e0bZY4B22S,A,1,7,7,4,"Since the top-to-bottom structural flow now moves left-to-right, I judge that the instruction was well applied."
SUB-e0bZY4B22S,B,1,7,7,4,"The layout structure feels more stable than before, and I judge that the instruction was well applied."
SUB-bPaLge3WKF,A,1,6,4,3,"The icon size is a bit small, so it should probably be enlarged a bit more."
SUB-bPaLge3WKF,A,2,5,5,3,"For 'appropriateness of the scope of change,' I answered in the sense of 'the change is inappropriate.'"
SUB-bPaLge3WKF,B,1,7,7,4,"The close icon is adequately large, and the outlined circle that makes it clearer that it's a button seems very appropriate too. However, if this mockup is a bottom sheet the icon is appropriate, but if it's not a bottom sheet screen I think it'd be better to remove the circular outline. I also think the designer should have explained this in more detail in the prompt."
SUB-bPaLge3WKF,B,2,7,7,4,"The alternative I just wrote about in variant A is properly reflected in variant B. I think B is a good fix: no matter how long the list gets there's no accessibility difficulty, and even if a new list item is added at the bottom it doesn't feel out of place at all."
SUB-T_cZcyEaeo,A,1,7,3,3,The layout and order of the content differ from the original. It looks like only the arrangement was made desktop-oriented without considering the original intent.
SUB-T_cZcyEaeo,B,1,7,6,4,Nicely converted for desktop.
SUB-x0N3bk_-zZ,A,1,7,7,4,
SUB-x0N3bk_-zZ,B,1,7,7,5,
SUB-qG7hrihhW9,A,1,7,7,4,I judge that the request was reflected well.
SUB-qG7hrihhW9,A,2,7,6,3,"It's placed in the center to draw the eye, with the content behind it hidden, but I wonder how it would have been to apply a dimmed treatment to make the background darker."
SUB-qG7hrihhW9,A,3,7,7,4,
SUB-qG7hrihhW9,B,1,7,7,6,"Adding a sidebar on the left makes it not feel centered, but setting that aside, it's positioned well in the center and content was added on the right."
SUB-qG7hrihhW9,B,2,7,6,4,"It does feel like it draws the eye well, but I don't notice much difference in eye flow from before."
SUB-qG7hrihhW9,B,3,7,5,3,"There's no exit button, but you can navigate to other categories from the left sidebar."
SUB-Rgwvw72svy,A,1,7,7,4,Stretched the original content nicely for tablet without wasting space.
SUB-Rgwvw72svy,A,2,7,6,4,"The request was applied well. However, the layout looks a bit awkward."
SUB-Rgwvw72svy,A,3,7,7,4,Clearly changed it to an activated secondary button style — well done.
SUB-Rgwvw72svy,B,1,7,7,4,Adapted well for tablet; it seems to make good use of the horizontal space by not making the thumbnail area excessively large and using a two-column arrangement.
SUB-Rgwvw72svy,B,2,7,6,4,Increased the thumbnail size while changing to an appropriate layout.
SUB-Rgwvw72svy,B,3,7,7,4,Changed it nicely into an activated secondary button.
SUB-uu4iyFMl6t,A,1,6,4,6,"First off, as soon as I read the prompt I personally had to read it 3-4 times before I understood it. It says 'the button' — I wish the task prompt clearly stated which button it's talking about."
SUB-uu4iyFMl6t,B,1,5,2,7,
SUB-TYNWu3J-Qh,A,1,7,6,5,"I judge that the request was applied well, but it feels like it just scaled things up for tablet size rather than changing the overall layout or style."
SUB-TYNWu3J-Qh,A,2,7,5,3,
SUB-TYNWu3J-Qh,A,3,7,7,4,
SUB-TYNWu3J-Qh,B,1,7,5,7,"It changed the layout of both the top and bottom sections, and the overall alignment is off, so it looks messy."
SUB-TYNWu3J-Qh,B,2,7,5,6,
SUB-TYNWu3J-Qh,B,3,7,6,4,
SUB-QDKnIvgo6T,A,1,5,5,4,"As the invite code area expanded, the invite code font got bigger."
SUB-QDKnIvgo6T,B,1,3,3,3,The invite code text size got smaller and only the copy button was enlarged.
SUB-INcmUSjIbT,A,1,7,6,5,"I judge that the request was applied well, but it deleted the existing cancel function, which makes me think the design was generated without enough thought."
SUB-INcmUSjIbT,B,1,7,6,5,
SUB-u8A8g6Bt1q,A,1,7,7,4,
SUB-u8A8g6Bt1q,A,2,7,7,4,
SUB-u8A8g6Bt1q,B,1,7,7,4,
SUB-u8A8g6Bt1q,B,2,7,6,5,
SUB-uqCSMIJGMb,A,1,5,5,5,
SUB-uqCSMIJGMb,B,1,1,1,7,
SUB-SU7E6-6eQg,A,1,7,7,4,It very well reflected the prompt's request to make the green button look like the main button.
SUB-SU7E6-6eQg,B,1,5,3,6,
SUB-K13M16E1aU,A,1,7,7,4,
SUB-K13M16E1aU,A,2,7,7,4,
SUB-K13M16E1aU,B,1,7,7,5,
SUB-K13M16E1aU,B,2,7,7,4,
SUB-cSVbLDdxVg,A,1,6,6,4,"The time moved to the far left, so the time is read before the thumbnail."
SUB-cSVbLDdxVg,B,1,7,7,3,The time is read earlier than before.
SUB-ki0afn9xY4,A,1,7,7,4,Split the list into Completed/Refunded and kept the year in the dates while removing the redundant status indicator on each row.
SUB-ki0afn9xY4,A,2,7,7,4,Added a Newest sorting function on the same line.
SUB-ki0afn9xY4,B,1,7,7,4,"Split into Completed/Refunded, kept the year in the dates, and removed the per-row status indicators."
SUB-ki0afn9xY4,B,2,7,7,4,Added Date/Price sorting functions.
SUB-MAuziF7cXO,A,1,7,5,4,Attachments are displayed.
SUB-MAuziF7cXO,B,1,7,7,4,Clearly expressed the attachment by adding a clip icon and 'Receipt PDF'.
SUB-1aHlpme14A,A,1,7,7,4,"Shrank the image, put the info in the middle, and placed a large play button on the right."
SUB-1aHlpme14A,B,1,7,7,4,"Shrank the image, info in the middle, large play button placed on the right."
SUB-i2AR3sVYXR,A,1,7,7,4,"Added a deletion reason and a Review function, turning it into an admin review screen,"
SUB-i2AR3sVYXR,A,2,7,7,4,"Placed the guidance text right under the queue title, before the list."
SUB-i2AR3sVYXR,B,1,7,7,3,Converted it into an operations review screen.
SUB-i2AR3sVYXR,B,2,7,7,4,"Placed the guidance text right below the queue title, small and with low emphasis."
SUB-lSaBk4-pri,A,1,5,6,3,"Revenue and settlement are shown as text, but they don't feel distinguishable at a glance from the other lines of text."
SUB-lSaBk4-pri,A,2,4,3,2,The previous version read better... the hierarchy broke as the order changed. Seems like only the order was changed. The hierarchy should have been adjusted along with the reordering.
SUB-lSaBk4-pri,A,3,5,5,3,"The button was added, but it looks like... a sort button. If it's a download button, shouldn't a different icon have been used? The labeling is insufficient."
SUB-lSaBk4-pri,B,1,5,5,3,"By grouping the amount section together, distinguishing by position became relatively easier. But I'm not sure whether the revenue and settlement parts really catch the eye."
SUB-lSaBk4-pri,B,2,6,6,4,It's good that the hierarchy (degree of bold) was adjusted along with the changed order. Changing to a left-right layout is also meaningful. The balance is more visible.
SUB-lSaBk4-pri,B,3,6,6,3,"It looks much more like a button than option 1, but it still doesn't feel like a download button. There's also no explanation of what will be downloaded, so it's ambiguous."
SUB-dzOGpurVXP,A,1,7,7,4,Shows the detailed breakdown clearly by displaying the discount rate and amount for the member discount and the promotion code separately.
SUB-dzOGpurVXP,B,1,7,7,4,Shows the discount conditions and amounts in detail.
SUB-AF9LcS6Hbq,A,1,7,7,4,Accurately reflected the request by adding a region-selection button right below the save button.
SUB-AF9LcS6Hbq,B,1,6,5,4,"It added a button to choose a different region, but placed it beside the save button rather than below it."
SUB-0PtykczueO,A,1,7,7,4,"Added the episode synopsis below the next episode, so you can check the content before playing."
SUB-0PtykczueO,A,2,7,7,4,"Placed the episode number large on the left and the percentage small on the right, keeping the bar and the text at both ends."
SUB-0PtykczueO,B,1,6,5,4,"It added next-episode info, but since it's centered on timestamps it's hard to quickly grasp the overall content."
SUB-0PtykczueO,B,2,7,7,4,"Puts the episode number large on the left and the percentage small on the right, while keeping the bar and the text at both ends."
SUB-C9CmgoHRAU,A,1,7,7,4,Fits the desktop environment well.
SUB-C9CmgoHRAU,A,2,7,7,4,Added a mic button immediately to the left of the send button in the input field.
SUB-C9CmgoHRAU,A,3,7,7,4,Places Sleep score 74 as the largest element on the card so it's seen first.
SUB-C9CmgoHRAU,B,1,7,7,4,Changed it to a desktop environment.
SUB-C9CmgoHRAU,B,2,7,7,4,Added a mic button immediately to the left of the send button.
SUB-C9CmgoHRAU,B,3,7,7,4,"On the Last night card on the right, Sleep score 74 is seen first."
SUB-a514UhXwUV,A,1,7,7,4,"Added a small ""Archive"" button between the ""Delete"" and ""Cancel"" buttons."
SUB-a514UhXwUV,B,1,7,6,3,"It added a small ""Archive"" button between ""Delete"" and ""Cancel"", but it's emphasized as a card."
SUB-mZZnaBLg59,A,1,7,7,4,"It lays out the actual set list screen and dims it, with the confirmation dialog on top. The original situation—getting a confirmation after pressing delete—is preserved as is."
SUB-mZZnaBLg59,A,2,7,6,4,"The card, which was a single white surface, is split into three layers: a light pink background for the title area, white for the body, and light gray for the button row. Feels like surfaces stacked in layers."
SUB-mZZnaBLg59,B,1,7,6,4,"Puts a dark vertical navigation on the left and places the delete area within the set settings page, giving it a desktop settings screen frame. The confirmation dialog is gone and it looks like a section that always sits in the settings tab."
SUB-mZZnaBLg59,B,2,7,7,4,Fills the entire delete area with a light pink background and puts a deep pink vertical strip on the left. A white box is placed inside it to create contrast.
SUB-c8FZCFrcIc,A,1,7,7,4,Changed to focus on team member invites and seat status.
SUB-c8FZCFrcIc,A,2,7,7,4,Shows permissions in a single line under the team member's name.
SUB-c8FZCFrcIc,A,3,7,7,4,Applies blue so it stands out more than other areas.
SUB-c8FZCFrcIc,B,1,7,7,4,Changed to focus on team member invites and seat status.
SUB-c8FZCFrcIc,B,2,7,7,4,Shows permissions under the team member's name.
SUB-c8FZCFrcIc,B,3,7,7,4,Clearly emphasized with a dark background and a bright Copy button.
SUB-1lttZP8xBJ,A,1,6,6,4,"Inside the meetup card, along with a note that the host has verified it, it adds three check chips: step-free entry, accessible restroom, and quiet seating. The screen subtitle was also changed to mean meetups with accessibility info."
SUB-1lttZP8xBJ,B,1,7,7,5,"For each item, the status is written in three levels: available, available on request, and ask the host. Places without information are marked as unverifiable on the map. Lets you pick requirement chips below the search bar."
SUB-Xb5GAS8M81,A,1,5,5,4,"Splits the screen left and right, placing the Series card and Teacher·Episode separately."
SUB-Xb5GAS8M81,A,2,5,5,4,Displays skill focus.
SUB-Xb5GAS8M81,A,3,5,5,4,Turns the What you will learn part into a list.
SUB-Xb5GAS8M81,B,1,5,5,4,"Splits the screen left and right, placing the Series card and Teacher·Episode separately."
SUB-Xb5GAS8M81,B,2,5,5,4,Displays skill focus.
SUB-Xb5GAS8M81,B,3,5,5,4,Expresses the Learning brief area.
SUB-Ab1DVxOwOQ,A,1,7,6,4,"Turned the bottom tab bar into a top horizontal menu, split the body into two columns with the poster on the left and info on the right, and placed the cast and episodes in two sections below."
SUB-Ab1DVxOwOQ,A,2,7,7,4,"Puts a numbered circle to the left of each episode, connected by a vertical line. The flow going down in order from episode 1 is well expressed visually. A note telling you to follow the release order is added to the subheading, so the connected nature is also confirmed in text."
SUB-Ab1DVxOwOQ,B,1,7,7,4,"Puts a vertical navigation on the left containing Home, Browse, and My Library. Adds a back button and breadcrumb at the top, creating a typical desktop structure. The cast uses a horizontal row and the episodes use the full width, so the screen is used evenly."
SUB-Ab1DVxOwOQ,B,2,7,7,4,"States the title as season order, and below it places a five-segment progress bar showing how far along the season has been released. Each episode is given a two-digit number."
SUB-776ar6XBiR,A,1,6,4,3,"The screen width got wider, but the content is laid out long and vertically in the center, so tablet utilization is low."
SUB-776ar6XBiR,A,2,7,7,4,"Clearly changes the color, composition, and information layout of the ratings panel."
SUB-776ar6XBiR,B,1,7,7,4,Changed to suit tablets by using the horizontal width and a 2-column review layout.
SUB-776ar6XBiR,B,2,7,7,4,Restructured the rating summary into a horizontal panel.
SUB-XQcKyNKkAR,A,1,7,7,4,"The top title change, guidance text, etc. are reflected in line with the purpose."
SUB-XQcKyNKkAR,A,2,7,7,4,The carrier delay notice text at the bottom is reflected.
SUB-XQcKyNKkAR,B,1,7,7,4,Reflects a box-type component that can show the phone number and an edit button to fix it if entered incorrectly.
SUB-XQcKyNKkAR,B,2,7,7,4,The delay notice is reflected as a warning box so the user can notice it.
SUB-J4IEFZWJZl,A,1,7,6,4,Splits it into two groups—goal info and funding settings—and puts a blue dot and a green dot before each title to distinguish their nature by color. Only the funding side gets a light green background.
SUB-J4IEFZWJZl,A,2,7,6,4,"Right below the target amount input field, it puts the progress bar along with the amount saved, target amount, and completion rate in one line, so you can see the progress at a glance right where you check the amount."
SUB-J4IEFZWJZl,B,1,7,7,4,"Gives the funding settings area a light green background with a green vertical strip on the left, and adds a sentence explaining which account the monthly deposits come from."
SUB-J4IEFZWJZl,B,2,7,7,4,"Moved the target amount input field into the progress panel so the amount currently raised shows biggest, and placed the achievement rate, remaining amount, and progress bar together with it."
SUB-q2SdWJq-DC,A,1,7,7,4,Changed it into a child wallet management screen with parental approval wording.
SUB-q2SdWJq-DC,A,2,7,7,4,Changed Recent activity to oldest-first order and also displays the sort state.
SUB-q2SdWJq-DC,B,1,7,7,4,"Parent Mode is stated explicitly, and with child switching etc., it's clear it's a child's wallet."
SUB-q2SdWJq-DC,B,2,6,5,3,The order is unchanged.
SUB-1wpQRWLRUG,A,1,7,7,4,"Laid out the test center list and reservation info, turning it into a road driving test center selection screen."
SUB-1wpQRWLRUG,A,2,7,7,4,Changed to a left-right split structure suited to tablets.
SUB-1wpQRWLRUG,A,3,7,7,4,"Applied a light blue background, blue title, and a check mark to the selected first row."
SUB-1wpQRWLRUG,B,1,7,7,4,"Laid out the reservation info and test center list, turning it into a road driving test center selection screen."
SUB-1wpQRWLRUG,B,2,7,7,4,Changed it to suit tablets with a wide landscape screen and a table-style list.
SUB-1wpQRWLRUG,B,3,7,7,4,"Applied a light blue background, blue title, and a check mark to the selected first row."
SUB-UPUQgJz3sp,A,1,6,4,4,Appropriately reflected within the scope the prompt requested.
SUB-UPUQgJz3sp,A,2,4,4,2,
SUB-UPUQgJz3sp,B,1,5,2,7,
SUB-UPUQgJz3sp,B,2,1,1,7,
SUB-XHthOSfoH3,A,1,7,7,4,"Rearranged the vertically stacked cards horizontally, putting the spinner on the left and the info on the right. Separated the two areas with a thin divider."
SUB-XHthOSfoH3,B,1,7,7,5,"Uses the full card width, with the spinner on the left and info on the right; a workspace header was added at the top and a background was added to the spinner area."
SUB-Q4NaBefaC0,A,1,7,7,4,Applied left nav and right content area.
SUB-Q4NaBefaC0,B,1,7,7,4,Actively utilizes the tablet's wide area.
SUB-B79SYeMd4q,A,1,7,7,4,"Placed the share price large right below the fund name, with the gray label small beside it."
SUB-B79SYeMd4q,B,1,7,7,4,Placed the share price large below the fund name with a small gray label beside it.
SUB-0wvhVVPLsn,A,1,6,6,4,
SUB-0wvhVVPLsn,A,2,6,6,5,
SUB-0wvhVVPLsn,B,1,6,6,4,
SUB-0wvhVVPLsn,B,2,6,6,4,"Removed the lines and filled them in with fill.
This part is also warm gray, with a somewhat strong beige tone."
SUB-sNHB6WQ0Sy,A,1,6,6,4,"The share price goes large below the fund name, and the label goes small in gray beside it."
SUB-sNHB6WQ0Sy,B,1,6,6,4,"The share price goes large below the fund name, and the label goes small in gray beside it."
SUB-xncWPla1fJ,A,1,6,6,4,Watch-sized + rounding applied.
SUB-xncWPla1fJ,B,1,6,6,4,"It's a watch ratio, and
the -/+ buttons are clear with the number in between."
SUB-bMcCn9Vnl_,A,1,6,6,4,
SUB-bMcCn9Vnl_,A,2,6,6,4,
SUB-bMcCn9Vnl_,B,1,6,6,4,
SUB-bMcCn9Vnl_,B,2,6,6,4,
SUB-V9xGi1frFW,A,1,7,6,4,
SUB-V9xGi1frFW,A,2,7,6,3,
SUB-V9xGi1frFW,B,1,7,6,2,
SUB-V9xGi1frFW,B,2,7,5,5,
SUB-uDN3l7Q3pq,A,1,6,5,3,"Removed the photo and laid out the number, -/+, and Save."
SUB-uDN3l7Q3pq,B,1,7,7,4,"Photo removed, number centered, -/+ on either side, save button below, and a one-line caption reflected."
SUB-PAg5Ry8WR7,A,1,6,6,4,
SUB-PAg5Ry8WR7,A,2,6,6,4,
SUB-PAg5Ry8WR7,B,1,6,6,4,
SUB-PAg5Ry8WR7,B,2,6,6,4,
SUB-a4kFA-Z7dN,A,1,7,7,4,The request is appropriately reflected
SUB-a4kFA-Z7dN,A,2,7,7,4,The instruction is well reflected.
SUB-a4kFA-Z7dN,A,3,7,7,4,The colors were changed well.
SUB-a4kFA-Z7dN,B,1,7,7,7,"Having the date selection in a tab format is an unfamiliar UI, so it feels awkward."
SUB-a4kFA-Z7dN,B,2,7,7,7,"Decorative elements were added, making it look cluttered."
SUB-a4kFA-Z7dN,B,3,7,7,7,Even the top text color was changed.
SUB-J70FzSSlaa,A,1,6,6,4,"Document-related info reflected under the title, text size adjustment, and insertion of a download button all reflected."
SUB-J70FzSSlaa,A,2,7,7,4,Reflected the subheading color in line with the system color.
SUB-J70FzSSlaa,B,1,7,7,4,"The top area's structure is reflected in a sticky form, and the progress bar, descriptive copy, etc. are reflected at high density."
SUB-J70FzSSlaa,B,2,7,7,4,Reflected the subheadings in dark green so the distinction is clear.
SUB-7_XMKz_NyZ,A,1,7,7,4,Made the date change to a dropdown format.
SUB-7_XMKz_NyZ,A,2,7,7,4,Changed the existing order.
SUB-7_XMKz_NyZ,A,3,7,7,4,Changed blue to an orange family.
SUB-7_XMKz_NyZ,B,1,7,7,4,Range can be selected with tabs.
SUB-7_XMKz_NyZ,B,2,7,7,4,Changed the order.
SUB-7_XMKz_NyZ,B,3,7,7,4,Changed to purple green.
SUB-GxJFJhyX4S,A,1,6,6,3,
SUB-GxJFJhyX4S,A,2,5,5,3,
SUB-GxJFJhyX4S,B,1,6,6,4,
SUB-GxJFJhyX4S,B,2,6,6,4,
SUB-jLVXzWU1Al,A,1,7,7,4,The upload icon was properly changed to pause.
SUB-jLVXzWU1Al,A,2,1,1,1,The feel doesn't seem to have changed.
SUB-jLVXzWU1Al,B,1,7,7,4,The upload icon was nicely changed to a pause button.
SUB-jLVXzWU1Al,B,2,7,7,4,"The upload progress bar was nicely changed, with a different feel."
SUB-n-ZQ_v1Igd,A,1,6,6,4,
SUB-n-ZQ_v1Igd,A,2,6,6,4,
SUB-n-ZQ_v1Igd,A,3,6,6,4,
SUB-n-ZQ_v1Igd,B,1,6,6,4,
SUB-n-ZQ_v1Igd,B,2,6,6,4,
SUB-n-ZQ_v1Igd,B,3,6,6,4,
SUB-3Et9GsVXbB,A,1,7,7,4,The change was made appropriately.
SUB-3Et9GsVXbB,B,1,7,7,4,Reflects the request well
SUB-9aE6WH4Jxj,A,1,7,6,4,
SUB-9aE6WH4Jxj,A,2,6,5,3,
SUB-9aE6WH4Jxj,B,1,7,7,4,
SUB-9aE6WH4Jxj,B,2,7,6,4,
SUB-k3koU1nhzG,A,1,7,7,4,"Only the first news photo card layout was changed differently, and appropriately so."
SUB-k3koU1nhzG,A,2,1,1,1,The instruction wasn't really applied.
SUB-k3koU1nhzG,B,1,7,7,4,The first card's layout was nicely changed to something different.
SUB-k3koU1nhzG,B,2,1,1,1,The instruction wasn't applied.
SUB-Pdwj9548Qn,A,1,7,7,4,The instruction is well reflected.
SUB-Pdwj9548Qn,A,2,7,7,4,Well applied.
SUB-Pdwj9548Qn,A,3,7,7,4,Well applied.
SUB-Pdwj9548Qn,B,1,7,7,4,Well applied as requested.
SUB-Pdwj9548Qn,B,2,7,7,4,Well applied.
SUB-Pdwj9548Qn,B,3,7,7,4,Well reflected as requested
SUB-lscj6XLKOv,A,1,6,6,4,Changed the upload icon to pause.
SUB-lscj6XLKOv,A,2,6,6,4,Split the progress bar into three parts.
SUB-lscj6XLKOv,B,1,7,7,4,"Since the pause button was moved to the right, it follows the typical action button structure."
SUB-lscj6XLKOv,B,2,7,7,4,Made the progress bar circular and separated it into a box form.
SUB-kYUgaI5Vfq,A,1,6,6,4,"Given that ""items"" was changed to ""home,"" it seems to have understood the intent well and made an appropriate change."
SUB-kYUgaI5Vfq,A,2,6,6,5,"The change is appropriate, but the ""new folder"" text feels like a button."
SUB-kYUgaI5Vfq,A,3,5,4,3,The instruction feels ambiguous — I think it should specify exactly what is being referred to.
SUB-kYUgaI5Vfq,B,1,6,5,3,The buyers on tour are clearly visible according to the listing price. But I don't understand why the UI for dormant buyers at the very bottom differs from touring.
SUB-kYUgaI5Vfq,B,2,5,5,4,"Touring / dormant are the same list, so I don't get why the UI is different.. it feels dimmed."
SUB-kYUgaI5Vfq,B,3,5,5,4,Seems to have been nicely changed to information about the listing.
SUB-iwMCoilxvF,A,1,6,4,3,The show button doesn't feel like it's going to expand anything.
SUB-iwMCoilxvF,A,2,3,3,3,Did the main action have to be placed like that~ Moving the left description down and making the button bigger would have made the action more visible.
SUB-iwMCoilxvF,A,3,5,3,3,The show button doesn't feel like it's going to expand anything.
SUB-iwMCoilxvF,B,1,5,4,5,It seems to have understood the intent.. but the scope of change is excessive. The action button also doesn't feel like it controls the whole thing.
SUB-iwMCoilxvF,B,2,4,4,3,"It understood the intent, but it doesn't feel like suitable UI."
SUB-iwMCoilxvF,B,3,5,2,3,The default should probably be +. It should start closed and then expand.
SUB-l4p0snEofG,A,1,5,3,2,"Some elements like the title and filters were revised to match the changed context, but the detail elements of the revised parts seem less updated."
SUB-l4p0snEofG,B,1,6,5,4,The changed context of a buyer inquiry inbox was well reflected.
SUB-2nDV1EbBi1,A,1,7,6,5,"The instruction was to change only the layout, but the tab and list UI also changed slightly."
SUB-2nDV1EbBi1,B,1,7,4,5,"It's a tablet, but an LNB layout would probably be more suitable.. feels like the mobile version was just stretched."
SUB-aQzP8x72fH,A,1,6,5,5,"Overall, GenUI seems to produce decent results when converting mobile resolution to a desktop version."
SUB-aQzP8x72fH,B,1,7,5,6,Overall it applied the responsive desktop version well.
SUB-jk9vFhJnDB,A,1,7,7,4,"Changed the existing work video call screen into a call screen in a medical consultation context. The participants were changed to patient and medical staff, and the addition of the reason for the visit stands out."
SUB-jk9vFhJnDB,A,2,7,7,4,"Displays the visit reason and appointment time as two list items of the same form. Since there are ""Visit reason"" and ""Scheduled time"" labels in the same format, it's easy for users to check the information at a glance."
SUB-jk9vFhJnDB,B,1,7,7,4,"Changed the existing work video call screen into a call screen in a medical consultation context. The participants were changed to patient and medical staff, and the addition of the reason for the visit stands out."
SUB-jk9vFhJnDB,B,2,7,7,4,"By emphasizing the visit reason first in large text and showing the appointment time below it with a calendar icon and divider, it's easy to quickly grasp what symptoms the patient currently in the video consultation came in with."
SUB-Tcp-VRrSKy,A,1,5,5,4,Applied styling to the button — light gray border + background color.
SUB-Tcp-VRrSKy,B,1,5,5,4,A check icon was added beyond the instruction.
